{
  "resourceType" : "CodeSystem",
  "id" : "TRE-R68-FinessAgregatStatutJuridiqueNiv1",
  "text" : {
    "status" : "generated",
    "div" : "<div xmlns=\"http://www.w3.org/1999/xhtml\"><p><b>Properties</b></p><p><b>This code system defines the following properties for its concepts</b></p><table class=\"grid\"><tr><td><b>Code</b></td><td><b>Type</b></td><td><b>Description</b></td></tr><tr><td>dateValid</td><td>dateTime</td><td>date de validité d'un code concept</td></tr><tr><td>dateMaj</td><td>dateTime</td><td>Date de mise à jour d'un code concept</td></tr><tr><td>dateFin</td><td>dateTime</td><td>Date de fin d'exploitation d'un code concept</td></tr></table><p><b>Concepts</b></p><p>This  code system <code>https://mos.esante.gouv.fr/NOS/TRE_R68-FinessAgregatStatutJuridiqueNiv1/FHIR/TRE-R68-FinessAgregatStatutJuridiqueNiv1</code> defines the following codes:</p><table class=\"codes\"><tr><td style=\"white-space:nowrap\"><b>Code</b></td><td><b>Display</b></td><td><b>dateValid</b></td><td><b>dateMaj</b></td></tr><tr><td style=\"white-space:nowrap\">1000<a name=\"TRE-R68-FinessAgregatStatutJuridiqueNiv1-1000\"> </a></td><td>Organismes et Etablissements Publics</td><td>1979-01-01T00:00:00+01:00</td><td>1994-10-18T00:00:00+01:00</td></tr><tr><td style=\"white-space:nowrap\">2000<a name=\"TRE-R68-FinessAgregatStatutJuridiqueNiv1-2000\"> </a></td><td>Organismes Privés</td><td>1979-01-01T00:00:00+01:00</td><td>1994-10-18T00:00:00+01:00</td></tr><tr><td style=\"white-space:nowrap\">3000<a name=\"TRE-R68-FinessAgregatStatutJuridiqueNiv1-3000\"> </a></td><td>Personne Morale de Droit Etranger</td><td>1979-01-01T00:00:00+01:00</td><td>1994-10-18T00:00:00+01:00</td></tr></table></div>"
  },
  "extension" : [{
    "url" : "http://hl7.org/fhir/StructureDefinition/resource-effectivePeriod",
    "valuePeriod" : {
      "start" : "1979-01-01T00:00:00+01:00"
    }
  }],
  "url" : "https://mos.esante.gouv.fr/NOS/TRE_R68-FinessAgregatStatutJuridiqueNiv1/FHIR/TRE-R68-FinessAgregatStatutJuridiqueNiv1",
  "identifier" : [{
    "value" : "urn:oid:1.2.250.1.213.1.6.1.63"
  }],
  "version" : "1.2.0",
  "name" : "TRE_R68-FinessAgregatStatutJuridiqueNiv1",
  "status" : "active",
  "date" : "2023-12-15T12:00:00+01:00",
  "publisher" : "ANS",
  "contact" : [{
    "name" : "ANS",
    "telecom" : [{
      "system" : "url",
      "value" : "https://esante.gouv.fr"
    }]
  }],
  "description" : "Agrégats de statuts juridiques FINESS niveau 1",
  "content" : "complete",
  "property" : [{
    "code" : "dateValid",
    "description" : "date de validité d'un code concept",
    "type" : "dateTime"
  },
  {
    "code" : "dateMaj",
    "description" : "Date de mise à jour d'un code concept",
    "type" : "dateTime"
  },
  {
    "code" : "dateFin",
    "description" : "Date de fin d'exploitation d'un code concept",
    "type" : "dateTime"
  }],
  "concept" : [{
    "code" : "1000",
    "display" : "Organismes et Etablissements Publics",
    "designation" : [{
      "use" : {
        "code" : "LibelleCourt"
      },
      "value" : "Orga Etab. Publics"
    },
    {
      "use" : {
        "code" : "LibelleAdapte"
      },
      "value" : "Organismes et Etablissements publics"
    }],
    "property" : [{
      "code" : "dateValid",
      "valueDateTime" : "1979-01-01T00:00:00+01:00"
    },
    {
      "code" : "dateMaj",
      "valueDateTime" : "1994-10-18T00:00:00+01:00"
    }]
  },
  {
    "code" : "2000",
    "display" : "Organismes Privés",
    "designation" : [{
      "use" : {
        "code" : "LibelleCourt"
      },
      "value" : "Organismes Privés"
    },
    {
      "use" : {
        "code" : "LibelleAdapte"
      },
      "value" : "Organismes privés"
    }],
    "property" : [{
      "code" : "dateValid",
      "valueDateTime" : "1979-01-01T00:00:00+01:00"
    },
    {
      "code" : "dateMaj",
      "valueDateTime" : "1994-10-18T00:00:00+01:00"
    }]
  },
  {
    "code" : "3000",
    "display" : "Personne Morale de Droit Etranger",
    "designation" : [{
      "use" : {
        "code" : "LibelleCourt"
      },
      "value" : "Pers.Moral.Etranger"
    },
    {
      "use" : {
        "code" : "LibelleAdapte"
      },
      "value" : "Personne morale de droit étranger"
    }],
    "property" : [{
      "code" : "dateValid",
      "valueDateTime" : "1979-01-01T00:00:00+01:00"
    },
    {
      "code" : "dateMaj",
      "valueDateTime" : "1994-10-18T00:00:00+01:00"
    }]
  }]
}