{
  "resourceType" : "CodeSystem",
  "id" : "TRE-R69-FinessAgregatStatutJuridiqueNiv2",
  "text" : {
    "status" : "generated",
    "div" : "<div xmlns=\"http://www.w3.org/1999/xhtml\"><p><b>Properties</b></p><p><b>This code system  defines the following properties for its concepts</b></p><table class=\"grid\"><tr><td><b>Code</b></td><td><b>Type</b></td><td><b>Description</b></td></tr><tr><td>dateValid</td><td>dateTime</td><td>date de validité d'un code concept</td></tr><tr><td>dateMaj</td><td>dateTime</td><td>Date de mise à jour d'un code concept</td></tr><tr><td>dateFin</td><td>dateTime</td><td>Date de fin d'exploitation d'un code concept</td></tr></table><p><b>Concepts</b></p><p>This  code system <code>https://mos.esante.gouv.fr/NOS/TRE_R69-FinessAgregatStatutJuridiqueNiv2/FHIR/TRE-R69-FinessAgregatStatutJuridiqueNiv2</code> defines the following codes:</p><table class=\"codes\"><tr><td style=\"white-space:nowrap\"><b>Code</b></td><td><b>Display</b></td><td><b>dateValid</b></td><td><b>dateMaj</b></td></tr><tr><td style=\"white-space:nowrap\">1100<a name=\"TRE-R69-FinessAgregatStatutJuridiqueNiv2-1100\"> </a></td><td>Etat et Collectivités Territoriales</td><td>1979-01-01T00:00:00+01:00</td><td>1979-01-01T00:00:00+01:00</td></tr><tr><td style=\"white-space:nowrap\">1200<a name=\"TRE-R69-FinessAgregatStatutJuridiqueNiv2-1200\"> </a></td><td>Etablissement Public</td><td>1979-01-01T00:00:00+01:00</td><td>1979-01-01T00:00:00+01:00</td></tr><tr><td style=\"white-space:nowrap\">2100<a name=\"TRE-R69-FinessAgregatStatutJuridiqueNiv2-2100\"> </a></td><td>Organisme Privé à But non Lucratif</td><td>1979-01-01T00:00:00+01:00</td><td>1979-01-01T00:00:00+01:00</td></tr><tr><td style=\"white-space:nowrap\">2200<a name=\"TRE-R69-FinessAgregatStatutJuridiqueNiv2-2200\"> </a></td><td>Organisme Privé à Caractère Commercial</td><td>1979-01-01T00:00:00+01:00</td><td>1979-01-01T00:00:00+01:00</td></tr><tr><td style=\"white-space:nowrap\">3100<a name=\"TRE-R69-FinessAgregatStatutJuridiqueNiv2-3100\"> </a></td><td>Personne Morale de Droit Etranger</td><td>1979-01-01T00:00:00+01:00</td><td>1979-01-01T00:00:00+01:00</td></tr></table></div>"
  },
  "extension" : [{
    "url" : "http://hl7.org/fhir/StructureDefinition/resource-effectivePeriod",
    "valuePeriod" : {
      "start" : "1979-01-01T00:00:00+01:00"
    }
  }],
  "url" : "https://mos.esante.gouv.fr/NOS/TRE_R69-FinessAgregatStatutJuridiqueNiv2/FHIR/TRE-R69-FinessAgregatStatutJuridiqueNiv2",
  "identifier" : [{
    "value" : "urn:oid:1.2.250.1.213.1.6.1.64"
  }],
  "version" : "1.1.0",
  "name" : "TRE_R69-FinessAgregatStatutJuridiqueNiv2",
  "status" : "active",
  "date" : "2023-12-15T12:00:00+01:00",
  "publisher" : "ANS",
  "contact" : [{
    "name" : "ANS",
    "telecom" : [{
      "system" : "url",
      "value" : "https://esante.gouv.fr"
    }]
  }],
  "description" : "Agrégats de statuts juridiques FINESS niveau 2",
  "content" : "complete",
  "property" : [{
    "code" : "dateValid",
    "description" : "date de validité d'un code concept",
    "type" : "dateTime"
  },
  {
    "code" : "dateMaj",
    "description" : "Date de mise à jour d'un code concept",
    "type" : "dateTime"
  },
  {
    "code" : "dateFin",
    "description" : "Date de fin d'exploitation d'un code concept",
    "type" : "dateTime"
  }],
  "concept" : [{
    "code" : "1100",
    "display" : "Etat et Collectivités Territoriales",
    "designation" : [{
      "use" : {
        "code" : "LibelleCourt"
      },
      "value" : "Etat & Col.Territ."
    },
    {
      "use" : {
        "code" : "LibelleAdapte"
      },
      "value" : "Etat et Collectivités territoriales"
    }],
    "property" : [{
      "code" : "dateValid",
      "valueDateTime" : "1979-01-01T00:00:00+01:00"
    },
    {
      "code" : "dateMaj",
      "valueDateTime" : "1979-01-01T00:00:00+01:00"
    }]
  },
  {
    "code" : "1200",
    "display" : "Etablissement Public",
    "designation" : [{
      "use" : {
        "code" : "LibelleCourt"
      },
      "value" : "Etablissement Public"
    },
    {
      "use" : {
        "code" : "LibelleAdapte"
      },
      "value" : "Etablissement public"
    }],
    "property" : [{
      "code" : "dateValid",
      "valueDateTime" : "1979-01-01T00:00:00+01:00"
    },
    {
      "code" : "dateMaj",
      "valueDateTime" : "1979-01-01T00:00:00+01:00"
    }]
  },
  {
    "code" : "2100",
    "display" : "Organisme Privé à But non Lucratif",
    "designation" : [{
      "use" : {
        "code" : "LibelleCourt"
      },
      "value" : "Org.Privé non Lucr."
    },
    {
      "use" : {
        "code" : "LibelleAdapte"
      },
      "value" : "Organisme privé à but non lucratif"
    }],
    "property" : [{
      "code" : "dateValid",
      "valueDateTime" : "1979-01-01T00:00:00+01:00"
    },
    {
      "code" : "dateMaj",
      "valueDateTime" : "1979-01-01T00:00:00+01:00"
    }]
  },
  {
    "code" : "2200",
    "display" : "Organisme Privé à Caractère Commercial",
    "designation" : [{
      "use" : {
        "code" : "LibelleCourt"
      },
      "value" : "Org. Privé Commer."
    },
    {
      "use" : {
        "code" : "LibelleAdapte"
      },
      "value" : "Organisme privé à caractère commercial"
    }],
    "property" : [{
      "code" : "dateValid",
      "valueDateTime" : "1979-01-01T00:00:00+01:00"
    },
    {
      "code" : "dateMaj",
      "valueDateTime" : "1979-01-01T00:00:00+01:00"
    }]
  },
  {
    "code" : "3100",
    "display" : "Personne Morale de Droit Etranger",
    "designation" : [{
      "use" : {
        "code" : "LibelleCourt"
      },
      "value" : "Pers.Moral.Etranger"
    },
    {
      "use" : {
        "code" : "LibelleAdapte"
      },
      "value" : "Personne morale de droit étranger"
    }],
    "property" : [{
      "code" : "dateValid",
      "valueDateTime" : "1979-01-01T00:00:00+01:00"
    },
    {
      "code" : "dateMaj",
      "valueDateTime" : "1979-01-01T00:00:00+01:00"
    }]
  }]
}