{
  "resourceType" : "CodeSystem",
  "id" : "TRE-R252-TypeHoraire",
  "text" : {
    "status" : "generated",
    "div" : "<div xmlns=\"http://www.w3.org/1999/xhtml\"><p class=\"res-header-id\"><b>Generated Narrative: CodeSystem TRE-R252-TypeHoraire</b></p><a name=\"TRE-R252-TypeHoraire\"> </a><a name=\"hcTRE-R252-TypeHoraire\"> </a><a name=\"TRE-R252-TypeHoraire-en-US\"> </a><p><b>Properties</b></p><p><b>This code system defines the following properties for its concepts</b></p><table class=\"grid\"><tr><td><b>Name</b></td><td><b>Code</b></td><td><b>Type</b></td><td><b>Description</b></td></tr><tr><td>dateValid</td><td>dateValid</td><td>dateTime</td><td>date de validité d'un code concept</td></tr><tr><td>dateMaj</td><td>dateMaj</td><td>dateTime</td><td>Date de mise à jour d'un code concept</td></tr><tr><td>dateFin</td><td>dateFin</td><td>dateTime</td><td>Date de fin d'exploitation d'un code concept</td></tr></table><p><b>Concepts</b></p><p>This  code system <code>https://mos.esante.gouv.fr/NOS/TRE_R252-TypeHoraire/FHIR/TRE-R252-TypeHoraire</code> defines the following codes:</p><table class=\"codes\"><tr><td style=\"white-space:nowrap\"><b>Code</b></td><td><b>Display</b></td><td><b>Definition</b></td><td><b>dateValid</b></td><td><b>dateMaj</b></td></tr><tr><td style=\"white-space:nowrap\">01<a name=\"TRE-R252-TypeHoraire-01\"> </a></td><td>Horaire d'ouverture</td><td/><td>2018-01-26T12:00:00+01:00</td><td>2018-01-26T12:00:00+01:00</td></tr><tr><td style=\"white-space:nowrap\">02<a name=\"TRE-R252-TypeHoraire-02\"> </a></td><td>Horaire de fonctionnement</td><td/><td>2018-01-26T12:00:00+01:00</td><td>2018-01-26T12:00:00+01:00</td></tr><tr><td style=\"white-space:nowrap\">03<a name=\"TRE-R252-TypeHoraire-03\"> </a></td><td>Horaire de garde</td><td/><td>2018-04-27T12:00:00+01:00</td><td>2018-04-27T12:00:00+01:00</td></tr><tr><td style=\"white-space:nowrap\">04<a name=\"TRE-R252-TypeHoraire-04\"> </a></td><td>Horaire d'ouverture du secrétariat</td><td/><td>2018-04-27T12:00:00+01:00</td><td>2018-04-27T12:00:00+01:00</td></tr><tr><td style=\"white-space:nowrap\">05<a name=\"TRE-R252-TypeHoraire-05\"> </a></td><td>Horaire de visite à domicile</td><td>Horaire d'intervention d'un professionnel de santé au domicile d'un patient ou d'un usager pour assurer une continuité des soins et/ou de la prise en charge, de l'accompagnement</td><td>2018-04-27T12:00:00+01:00</td><td>2024-10-25T12:00:00+01:00</td></tr><tr><td style=\"white-space:nowrap\">06<a name=\"TRE-R252-TypeHoraire-06\"> </a></td><td>Horaire de consultation sans RDV</td><td/><td>2018-04-27T12:00:00+01:00</td><td>2018-04-27T12:00:00+01:00</td></tr><tr><td style=\"white-space:nowrap\">07<a name=\"TRE-R252-TypeHoraire-07\"> </a></td><td>Horaire de consultation sur RDV</td><td/><td>2018-04-27T12:00:00+01:00</td><td>2018-04-27T12:00:00+01:00</td></tr><tr><td style=\"white-space:nowrap\">08<a name=\"TRE-R252-TypeHoraire-08\"> </a></td><td>Horaire de fermeture</td><td/><td>2018-04-27T12:00:00+01:00</td><td>2018-04-27T12:00:00+01:00</td></tr><tr><td style=\"white-space:nowrap\">09<a name=\"TRE-R252-TypeHoraire-09\"> </a></td><td>Horaire à préciser</td><td/><td>2024-06-28T12:00:00+01:00</td><td>2024-06-28T12:00:00+01:00</td></tr><tr><td style=\"white-space:nowrap\">10<a name=\"TRE-R252-TypeHoraire-10\"> </a></td><td>Horaire de téléconsultation</td><td/><td>2024-10-25T12:00:00+01:00</td><td>2024-10-25T12:00:00+01:00</td></tr><tr><td style=\"white-space:nowrap\">11<a name=\"TRE-R252-TypeHoraire-11\"> </a></td><td>Horaire mixte : consultation ou téléconsultation</td><td/><td>2024-10-25T12:00:00+01:00</td><td>2024-10-25T12:00:00+01:00</td></tr></table></div>"
  },
  "extension" : [{
    "url" : "http://hl7.org/fhir/StructureDefinition/resource-effectivePeriod",
    "valuePeriod" : {
      "start" : "2018-01-26T12:00:00+01:00"
    }
  }],
  "url" : "https://mos.esante.gouv.fr/NOS/TRE_R252-TypeHoraire/FHIR/TRE-R252-TypeHoraire",
  "identifier" : [{
    "value" : "urn:oid:1.2.250.1.213.3.3.50"
  }],
  "version" : "1.4.0",
  "name" : "TRE_R252-TypeHoraire",
  "status" : "active",
  "date" : "2024-10-25T12:00:00+01:00",
  "publisher" : "ANS",
  "contact" : [{
    "name" : "ANS",
    "telecom" : [{
      "system" : "url",
      "value" : "https://esante.gouv.fr"
    }]
  }],
  "description" : "Type horaire",
  "content" : "complete",
  "property" : [{
    "code" : "dateValid",
    "description" : "date de validité d'un code concept",
    "type" : "dateTime"
  },
  {
    "code" : "dateMaj",
    "description" : "Date de mise à jour d'un code concept",
    "type" : "dateTime"
  },
  {
    "code" : "dateFin",
    "description" : "Date de fin d'exploitation d'un code concept",
    "type" : "dateTime"
  }],
  "concept" : [{
    "code" : "01",
    "display" : "Horaire d'ouverture",
    "designation" : [{
      "use" : {
        "code" : "LibelleCourt"
      },
      "value" : "Horaire d'ouverture"
    },
    {
      "use" : {
        "code" : "LibelleAdapte"
      },
      "value" : "Horaire d'ouverture"
    }],
    "property" : [{
      "code" : "dateValid",
      "valueDateTime" : "2018-01-26T12:00:00+01:00"
    },
    {
      "code" : "dateMaj",
      "valueDateTime" : "2018-01-26T12:00:00+01:00"
    }]
  },
  {
    "code" : "02",
    "display" : "Horaire de fonctionnement",
    "designation" : [{
      "use" : {
        "code" : "LibelleCourt"
      },
      "value" : "Horaire de fonctionnement"
    },
    {
      "use" : {
        "code" : "LibelleAdapte"
      },
      "value" : "Horaire de fonctionnement"
    }],
    "property" : [{
      "code" : "dateValid",
      "valueDateTime" : "2018-01-26T12:00:00+01:00"
    },
    {
      "code" : "dateMaj",
      "valueDateTime" : "2018-01-26T12:00:00+01:00"
    }]
  },
  {
    "code" : "03",
    "display" : "Horaire de garde",
    "designation" : [{
      "use" : {
        "code" : "LibelleCourt"
      },
      "value" : "Horaire de garde"
    },
    {
      "use" : {
        "code" : "LibelleAdapte"
      },
      "value" : "Horaire de garde"
    }],
    "property" : [{
      "code" : "dateValid",
      "valueDateTime" : "2018-04-27T12:00:00+01:00"
    },
    {
      "code" : "dateMaj",
      "valueDateTime" : "2018-04-27T12:00:00+01:00"
    }]
  },
  {
    "code" : "04",
    "display" : "Horaire d'ouverture du secrétariat",
    "designation" : [{
      "use" : {
        "code" : "LibelleCourt"
      },
      "value" : "Horaire secrétariat"
    },
    {
      "use" : {
        "code" : "LibelleAdapte"
      },
      "value" : "Horaire d'ouverture du secrétariat"
    }],
    "property" : [{
      "code" : "dateValid",
      "valueDateTime" : "2018-04-27T12:00:00+01:00"
    },
    {
      "code" : "dateMaj",
      "valueDateTime" : "2018-04-27T12:00:00+01:00"
    }]
  },
  {
    "code" : "05",
    "display" : "Horaire de visite à domicile",
    "definition" : "Horaire d'intervention d'un professionnel de santé au domicile d'un patient ou d'un usager pour assurer une continuité des soins et/ou de la prise en charge, de l'accompagnement",
    "designation" : [{
      "use" : {
        "code" : "LibelleCourt"
      },
      "value" : "Horaire visite"
    },
    {
      "use" : {
        "code" : "LibelleAdapte"
      },
      "value" : "Horaire de visite à domicile"
    }],
    "property" : [{
      "code" : "dateValid",
      "valueDateTime" : "2018-04-27T12:00:00+01:00"
    },
    {
      "code" : "dateMaj",
      "valueDateTime" : "2024-10-25T12:00:00+01:00"
    }]
  },
  {
    "code" : "06",
    "display" : "Horaire de consultation sans RDV",
    "designation" : [{
      "use" : {
        "code" : "LibelleCourt"
      },
      "value" : "Horaire consult sans RDV"
    },
    {
      "use" : {
        "code" : "LibelleAdapte"
      },
      "value" : "Horaire de consultation sans RDV"
    }],
    "property" : [{
      "code" : "dateValid",
      "valueDateTime" : "2018-04-27T12:00:00+01:00"
    },
    {
      "code" : "dateMaj",
      "valueDateTime" : "2018-04-27T12:00:00+01:00"
    }]
  },
  {
    "code" : "07",
    "display" : "Horaire de consultation sur RDV",
    "designation" : [{
      "use" : {
        "code" : "LibelleCourt"
      },
      "value" : "Horaire consult sur RDV"
    },
    {
      "use" : {
        "code" : "LibelleAdapte"
      },
      "value" : "Horaire de consultation sur RDV"
    }],
    "property" : [{
      "code" : "dateValid",
      "valueDateTime" : "2018-04-27T12:00:00+01:00"
    },
    {
      "code" : "dateMaj",
      "valueDateTime" : "2018-04-27T12:00:00+01:00"
    }]
  },
  {
    "code" : "08",
    "display" : "Horaire de fermeture",
    "designation" : [{
      "use" : {
        "code" : "LibelleCourt"
      },
      "value" : "Horaire de fermeture"
    },
    {
      "use" : {
        "code" : "LibelleAdapte"
      },
      "value" : "Horaire de fermeture"
    }],
    "property" : [{
      "code" : "dateValid",
      "valueDateTime" : "2018-04-27T12:00:00+01:00"
    },
    {
      "code" : "dateMaj",
      "valueDateTime" : "2018-04-27T12:00:00+01:00"
    }]
  },
  {
    "code" : "09",
    "display" : "Horaire à préciser",
    "designation" : [{
      "use" : {
        "code" : "LibelleCourt"
      },
      "value" : "Horaire à préciser"
    },
    {
      "use" : {
        "code" : "LibelleAdapte"
      },
      "value" : "Horaire à préciser"
    }],
    "property" : [{
      "code" : "dateValid",
      "valueDateTime" : "2024-06-28T12:00:00+01:00"
    },
    {
      "code" : "dateMaj",
      "valueDateTime" : "2024-06-28T12:00:00+01:00"
    }]
  },
  {
    "code" : "10",
    "display" : "Horaire de téléconsultation",
    "designation" : [{
      "use" : {
        "code" : "LibelleCourt"
      },
      "value" : "Horaire de téléconsultation"
    },
    {
      "use" : {
        "code" : "LibelleAdapte"
      },
      "value" : "Horaire de téléconsultation"
    }],
    "property" : [{
      "code" : "dateValid",
      "valueDateTime" : "2024-10-25T12:00:00+01:00"
    },
    {
      "code" : "dateMaj",
      "valueDateTime" : "2024-10-25T12:00:00+01:00"
    }]
  },
  {
    "code" : "11",
    "display" : "Horaire mixte : consultation ou téléconsultation",
    "designation" : [{
      "use" : {
        "code" : "LibelleCourt"
      },
      "value" : "Horaire mixte"
    },
    {
      "use" : {
        "code" : "LibelleAdapte"
      },
      "value" : "Horaire mixte : consultation ou téléconsultation"
    }],
    "property" : [{
      "code" : "dateValid",
      "valueDateTime" : "2024-10-25T12:00:00+01:00"
    },
    {
      "code" : "dateMaj",
      "valueDateTime" : "2024-10-25T12:00:00+01:00"
    }]
  }]
}