{
  "resourceType" : "CodeSystem",
  "id" : "TRE-R323-BesoinScolarite",
  "text" : {
    "status" : "generated",
    "div" : "<div xmlns=\"http://www.w3.org/1999/xhtml\"><p class=\"res-header-id\"><b>Generated Narrative: CodeSystem TRE-R323-BesoinScolarite</b></p><a name=\"TRE-R323-BesoinScolarite\"> </a><a name=\"hcTRE-R323-BesoinScolarite\"> </a><a name=\"hcTRE-R323-BesoinScolarite-en-US\"> </a><p><b>Properties</b></p><p><b>This code system defines the following properties for its concepts</b></p><table class=\"grid\"><tr><td><b>Name</b></td><td><b>Code</b></td><td><b>Type</b></td><td><b>Description</b></td></tr><tr><td>dateValid</td><td>dateValid</td><td>dateTime</td><td>date de validité d'un code concept</td></tr><tr><td>dateMaj</td><td>dateMaj</td><td>dateTime</td><td>Date de mise à jour d'un code concept</td></tr><tr><td>dateFin</td><td>dateFin</td><td>dateTime</td><td>Date de fin d'exploitation d'un code concept</td></tr></table><p><b>Concepts</b></p><p>This  code system <code>https://mos.esante.gouv.fr/NOS/TRE_R323-BesoinScolarite/FHIR/TRE-R323-BesoinScolarite</code> defines the following codes:</p><table class=\"codes\"><tr><td style=\"white-space:nowrap\"><b>Code</b></td><td><b>Display</b></td><td><b>Definition</b></td><td><b>dateValid</b></td><td><b>dateMaj</b></td></tr><tr><td style=\"white-space:nowrap\">01<a name=\"TRE-R323-BesoinScolarite-01\"> </a></td><td>Pour lire</td><td>La personne a besoin d'aide pour lire</td><td>2021-09-24T12:00:00+01:00</td><td>2021-09-24T12:00:00+01:00</td></tr><tr><td style=\"white-space:nowrap\">02<a name=\"TRE-R323-BesoinScolarite-02\"> </a></td><td>Pour écrire, prendre des notes</td><td>La personne a besoin d'aide pour écrire, prendre des notes</td><td>2021-09-24T12:00:00+01:00</td><td>2021-09-24T12:00:00+01:00</td></tr><tr><td style=\"white-space:nowrap\">03<a name=\"TRE-R323-BesoinScolarite-03\"> </a></td><td>Pour calculer</td><td>La personne a besoin d'aide pour calculer</td><td>2021-09-24T12:00:00+01:00</td><td>2021-09-24T12:00:00+01:00</td></tr><tr><td style=\"white-space:nowrap\">04<a name=\"TRE-R323-BesoinScolarite-04\"> </a></td><td>Pour comprendre, suivre les consignes</td><td>La personne a besoin d'aide pour comprendre, suivre les consignes</td><td>2021-09-24T12:00:00+01:00</td><td>2021-09-24T12:00:00+01:00</td></tr><tr><td style=\"white-space:nowrap\">05<a name=\"TRE-R323-BesoinScolarite-05\"> </a></td><td>Pour organiser, contrôler son travail</td><td>La personne a besoin d'aide pour organiser, contrôler son travail</td><td>2021-09-24T12:00:00+01:00</td><td>2021-09-24T12:00:00+01:00</td></tr><tr><td style=\"white-space:nowrap\">06<a name=\"TRE-R323-BesoinScolarite-06\"> </a></td><td>Pour l'utilisation du matériel</td><td>La personne a besoin d'aide pour l'utilisation du matériel</td><td>2021-09-24T12:00:00+01:00</td><td>2021-09-24T12:00:00+01:00</td></tr></table></div>"
  },
  "extension" : [{
    "url" : "http://hl7.org/fhir/StructureDefinition/resource-effectivePeriod",
    "valuePeriod" : {
      "start" : "2021-09-24T12:00:00+01:00"
    }
  }],
  "url" : "https://mos.esante.gouv.fr/NOS/TRE_R323-BesoinScolarite/FHIR/TRE-R323-BesoinScolarite",
  "identifier" : [{
    "value" : "urn:oid:1.2.250.1.213.3.3.78"
  }],
  "version" : "1.2.0",
  "name" : "TRE_R323-BesoinScolarite",
  "status" : "active",
  "date" : "2024-03-29T12:00:00+01:00",
  "publisher" : "ANS",
  "contact" : [{
    "name" : "ANS",
    "telecom" : [{
      "system" : "url",
      "value" : "https://esante.gouv.fr"
    }]
  }],
  "description" : "Caractérise les besoins d'aide de la personne en matière de scolarité, en lien avec les apprentissages",
  "content" : "complete",
  "property" : [{
    "code" : "dateValid",
    "description" : "date de validité d'un code concept",
    "type" : "dateTime"
  },
  {
    "code" : "dateMaj",
    "description" : "Date de mise à jour d'un code concept",
    "type" : "dateTime"
  },
  {
    "code" : "dateFin",
    "description" : "Date de fin d'exploitation d'un code concept",
    "type" : "dateTime"
  }],
  "concept" : [{
    "code" : "01",
    "display" : "Pour lire",
    "definition" : "La personne a besoin d'aide pour lire",
    "designation" : [{
      "use" : {
        "code" : "LibelleCourt"
      },
      "value" : "Pour lire"
    },
    {
      "use" : {
        "code" : "LibelleAdapte"
      },
      "value" : "Pour lire"
    }],
    "property" : [{
      "code" : "dateValid",
      "valueDateTime" : "2021-09-24T12:00:00+01:00"
    },
    {
      "code" : "dateMaj",
      "valueDateTime" : "2021-09-24T12:00:00+01:00"
    }]
  },
  {
    "code" : "02",
    "display" : "Pour écrire, prendre des notes",
    "definition" : "La personne a besoin d'aide pour écrire, prendre des notes",
    "designation" : [{
      "use" : {
        "code" : "LibelleCourt"
      },
      "value" : "Pour écrire, prendre des notes"
    },
    {
      "use" : {
        "code" : "LibelleAdapte"
      },
      "value" : "Pour écrire, prendre des notes"
    }],
    "property" : [{
      "code" : "dateValid",
      "valueDateTime" : "2021-09-24T12:00:00+01:00"
    },
    {
      "code" : "dateMaj",
      "valueDateTime" : "2021-09-24T12:00:00+01:00"
    }]
  },
  {
    "code" : "03",
    "display" : "Pour calculer",
    "definition" : "La personne a besoin d'aide pour calculer",
    "designation" : [{
      "use" : {
        "code" : "LibelleCourt"
      },
      "value" : "Pour calculer"
    },
    {
      "use" : {
        "code" : "LibelleAdapte"
      },
      "value" : "Pour calculer"
    }],
    "property" : [{
      "code" : "dateValid",
      "valueDateTime" : "2021-09-24T12:00:00+01:00"
    },
    {
      "code" : "dateMaj",
      "valueDateTime" : "2021-09-24T12:00:00+01:00"
    }]
  },
  {
    "code" : "04",
    "display" : "Pour comprendre, suivre les consignes",
    "definition" : "La personne a besoin d'aide pour comprendre, suivre les consignes",
    "designation" : [{
      "use" : {
        "code" : "LibelleCourt"
      },
      "value" : "Pour comprendre les consignes"
    },
    {
      "use" : {
        "code" : "LibelleAdapte"
      },
      "value" : "Pour comprendre, suivre les consignes"
    }],
    "property" : [{
      "code" : "dateValid",
      "valueDateTime" : "2021-09-24T12:00:00+01:00"
    },
    {
      "code" : "dateMaj",
      "valueDateTime" : "2021-09-24T12:00:00+01:00"
    }]
  },
  {
    "code" : "05",
    "display" : "Pour organiser, contrôler son travail",
    "definition" : "La personne a besoin d'aide pour organiser, contrôler son travail",
    "designation" : [{
      "use" : {
        "code" : "LibelleCourt"
      },
      "value" : "Pour organiser son travail"
    },
    {
      "use" : {
        "code" : "LibelleAdapte"
      },
      "value" : "Pour organiser, contrôler son travail"
    }],
    "property" : [{
      "code" : "dateValid",
      "valueDateTime" : "2021-09-24T12:00:00+01:00"
    },
    {
      "code" : "dateMaj",
      "valueDateTime" : "2021-09-24T12:00:00+01:00"
    }]
  },
  {
    "code" : "06",
    "display" : "Pour l'utilisation du matériel",
    "definition" : "La personne a besoin d'aide pour l'utilisation du matériel",
    "designation" : [{
      "use" : {
        "code" : "LibelleCourt"
      },
      "value" : "Pour l'utilisation du matériel"
    },
    {
      "use" : {
        "code" : "LibelleAdapte"
      },
      "value" : "Pour l'utilisation du matériel"
    }],
    "property" : [{
      "code" : "dateValid",
      "valueDateTime" : "2021-09-24T12:00:00+01:00"
    },
    {
      "code" : "dateMaj",
      "valueDateTime" : "2021-09-24T12:00:00+01:00"
    }]
  }]
}