{
  "resourceType" : "CodeSystem",
  "id" : "TRE-R281-DisciplineEnseignement",
  "text" : {
    "status" : "generated",
    "div" : "<div xmlns=\"http://www.w3.org/1999/xhtml\"><p><b>Properties</b></p><p><b>This code system  defines the following properties for its concepts</b></p><table class=\"grid\"><tr><td><b>Code</b></td><td><b>Type</b></td><td><b>Description</b></td></tr><tr><td>dateValid</td><td>dateTime</td><td>date de validité d'un code concept</td></tr><tr><td>dateMaj</td><td>dateTime</td><td>Date de mise à jour d'un code concept</td></tr><tr><td>dateFin</td><td>dateTime</td><td>Date de fin d'exploitation d'un code concept</td></tr></table><p><b>Concepts</b></p><p>This  code system <code>https://mos.esante.gouv.fr/NOS/TRE_R281-DisciplineEnseignement/FHIR/TRE-R281-DisciplineEnseignement</code> defines the following codes:</p><table class=\"codes\"><tr><td style=\"white-space:nowrap\"><b>Code</b></td><td><b>Display</b></td><td><b>dateValid</b></td><td><b>dateMaj</b></td><td><b>dateFin</b></td></tr><tr><td style=\"white-space:nowrap\">413<a name=\"TRE-R281-DisciplineEnseignement-413\"> </a></td><td>Formation DE Ambulancier</td><td>2018-10-26T12:00:00+01:00</td><td>2018-10-26T12:00:00+01:00</td><td/></tr><tr><td style=\"white-space:nowrap\">414<a name=\"TRE-R281-DisciplineEnseignement-414\"> </a></td><td>Formation DE Infirmier</td><td>2018-10-26T12:00:00+01:00</td><td>2018-10-26T12:00:00+01:00</td><td/></tr><tr><td style=\"white-space:nowrap\">415<a name=\"TRE-R281-DisciplineEnseignement-415\"> </a></td><td>Formation DE Sage-Femme</td><td>2018-10-26T12:00:00+01:00</td><td>2018-10-26T12:00:00+01:00</td><td/></tr><tr><td style=\"white-space:nowrap\">416<a name=\"TRE-R281-DisciplineEnseignement-416\"> </a></td><td>Formation DE Masseur-Kinésithérapeute</td><td>2018-10-26T12:00:00+01:00</td><td>2018-10-26T12:00:00+01:00</td><td/></tr><tr><td style=\"white-space:nowrap\">417<a name=\"TRE-R281-DisciplineEnseignement-417\"> </a></td><td>Formation DE Technicien en laboratoire médical</td><td>2018-10-26T12:00:00+01:00</td><td>2018-10-26T12:00:00+01:00</td><td/></tr><tr><td style=\"white-space:nowrap\">418<a name=\"TRE-R281-DisciplineEnseignement-418\"> </a></td><td>Formation DE Puéricultrice</td><td>2018-10-26T12:00:00+01:00</td><td>2018-10-26T12:00:00+01:00</td><td/></tr><tr><td style=\"white-space:nowrap\">419<a name=\"TRE-R281-DisciplineEnseignement-419\"> </a></td><td>Formation DE Aide-Soignant</td><td>2018-10-26T12:00:00+01:00</td><td>2018-10-26T12:00:00+01:00</td><td/></tr><tr><td style=\"white-space:nowrap\">420<a name=\"TRE-R281-DisciplineEnseignement-420\"> </a></td><td>Formation DE Pédicure-Podologue</td><td>2018-10-26T12:00:00+01:00</td><td>2018-10-26T12:00:00+01:00</td><td/></tr><tr><td style=\"white-space:nowrap\">421<a name=\"TRE-R281-DisciplineEnseignement-421\"> </a></td><td>Formation DE ManipulateurElectro-radiologie médicale</td><td>2018-10-26T12:00:00+01:00</td><td>2018-10-26T12:00:00+01:00</td><td/></tr><tr><td style=\"white-space:nowrap\">422<a name=\"TRE-R281-DisciplineEnseignement-422\"> </a></td><td>Formation DE Conseillère en Économie Sociale et Familiale</td><td>2018-10-26T12:00:00+01:00</td><td>2018-10-26T12:00:00+01:00</td><td/></tr><tr><td style=\"white-space:nowrap\">423<a name=\"TRE-R281-DisciplineEnseignement-423\"> </a></td><td>Formation DE Ergothérapeute</td><td>2018-10-26T12:00:00+01:00</td><td>2018-10-26T12:00:00+01:00</td><td/></tr><tr><td style=\"white-space:nowrap\">424<a name=\"TRE-R281-DisciplineEnseignement-424\"> </a></td><td>Formation DE Psychomotricien</td><td>2018-10-26T12:00:00+01:00</td><td>2018-10-26T12:00:00+01:00</td><td/></tr><tr><td style=\"white-space:nowrap\">425<a name=\"TRE-R281-DisciplineEnseignement-425\"> </a></td><td>Formation DE Infirmier Anesthésiste</td><td>2018-10-26T12:00:00+01:00</td><td>2018-10-26T12:00:00+01:00</td><td/></tr><tr><td style=\"white-space:nowrap\">426<a name=\"TRE-R281-DisciplineEnseignement-426\"> </a></td><td>Formation DE Infirmier Bloc Opératoire</td><td>2018-10-26T12:00:00+01:00</td><td>2018-10-26T12:00:00+01:00</td><td/></tr><tr><td style=\"white-space:nowrap\">427<a name=\"TRE-R281-DisciplineEnseignement-427\"> </a></td><td>Formation Professionnel Secteur Psychiatrique</td><td>2021-11-26T12:00:00+01:00</td><td>2021-11-26T12:00:00+01:00</td><td>2021-11-26T12:00:00+01:00</td></tr><tr><td style=\"white-space:nowrap\">428<a name=\"TRE-R281-DisciplineEnseignement-428\"> </a></td><td>Formation Cadre de santé (Infirmier)</td><td>2018-10-26T12:00:00+01:00</td><td>2018-10-26T12:00:00+01:00</td><td/></tr><tr><td style=\"white-space:nowrap\">429<a name=\"TRE-R281-DisciplineEnseignement-429\"> </a></td><td>Formation Cadres Infirmiers Secteur Psychiatrique</td><td>2021-11-26T12:00:00+01:00</td><td>2021-11-26T12:00:00+01:00</td><td>2021-11-26T12:00:00+01:00</td></tr><tr><td style=\"white-space:nowrap\">430<a name=\"TRE-R281-DisciplineEnseignement-430\"> </a></td><td>Formation Cadre de santé (Masseur-Kinésithérapeute)</td><td>2018-10-26T12:00:00+01:00</td><td>2018-10-26T12:00:00+01:00</td><td/></tr><tr><td style=\"white-space:nowrap\">431<a name=\"TRE-R281-DisciplineEnseignement-431\"> </a></td><td>Formation Cadre de santé (Manip.Electro-Radiologie)</td><td>2018-10-26T12:00:00+01:00</td><td>2018-10-26T12:00:00+01:00</td><td/></tr><tr><td style=\"white-space:nowrap\">432<a name=\"TRE-R281-DisciplineEnseignement-432\"> </a></td><td>Formation DE d'assistant de Service Social</td><td>2018-10-26T12:00:00+01:00</td><td>2018-10-26T12:00:00+01:00</td><td/></tr><tr><td style=\"white-space:nowrap\">433<a name=\"TRE-R281-DisciplineEnseignement-433\"> </a></td><td>Formation DE d'éducateur spécialisé</td><td>2018-10-26T12:00:00+01:00</td><td>2018-10-26T12:00:00+01:00</td><td/></tr><tr><td style=\"white-space:nowrap\">434<a name=\"TRE-R281-DisciplineEnseignement-434\"> </a></td><td>Formation DE technicien de l'intervention sociale familiale</td><td>2018-10-26T12:00:00+01:00</td><td>2018-10-26T12:00:00+01:00</td><td/></tr><tr><td style=\"white-space:nowrap\">435<a name=\"TRE-R281-DisciplineEnseignement-435\"> </a></td><td>Formation DE d'éducateurs Jeunes Enfants</td><td>2018-10-26T12:00:00+01:00</td><td>2018-10-26T12:00:00+01:00</td><td/></tr><tr><td style=\"white-space:nowrap\">436<a name=\"TRE-R281-DisciplineEnseignement-436\"> </a></td><td>Formation DE éducateur technique spécialisé</td><td>2018-10-26T12:00:00+01:00</td><td>2018-10-26T12:00:00+01:00</td><td/></tr><tr><td style=\"white-space:nowrap\">437<a name=\"TRE-R281-DisciplineEnseignement-437\"> </a></td><td>Formation DE moniteur éducateurs</td><td>2018-10-26T12:00:00+01:00</td><td>2018-10-26T12:00:00+01:00</td><td/></tr><tr><td style=\"white-space:nowrap\">438<a name=\"TRE-R281-DisciplineEnseignement-438\"> </a></td><td>Formation DE aide médico psychologique</td><td>2018-10-26T12:00:00+01:00</td><td>2018-10-26T12:00:00+01:00</td><td/></tr><tr><td style=\"white-space:nowrap\">439<a name=\"TRE-R281-DisciplineEnseignement-439\"> </a></td><td>Formation DE fonction d'animation</td><td>2018-10-26T12:00:00+01:00</td><td>2018-10-26T12:00:00+01:00</td><td/></tr><tr><td style=\"white-space:nowrap\">440<a name=\"TRE-R281-DisciplineEnseignement-440\"> </a></td><td>Formation CF Délégué Tutelle aux Prestations Sociales</td><td>2018-10-26T12:00:00+01:00</td><td>2018-10-26T12:00:00+01:00</td><td/></tr><tr><td style=\"white-space:nowrap\">441<a name=\"TRE-R281-DisciplineEnseignement-441\"> </a></td><td>Formation DE Médiateur Familial</td><td>2018-10-26T12:00:00+01:00</td><td>2018-10-26T12:00:00+01:00</td><td/></tr><tr><td style=\"white-space:nowrap\">444<a name=\"TRE-R281-DisciplineEnseignement-444\"> </a></td><td>Formation CA fonction encadrement unité intervention sociale</td><td>2018-10-26T12:00:00+01:00</td><td>2018-10-26T12:00:00+01:00</td><td/></tr><tr><td style=\"white-space:nowrap\">449<a name=\"TRE-R281-DisciplineEnseignement-449\"> </a></td><td>Formation CA fonction directeur établissement social</td><td>2018-10-26T12:00:00+01:00</td><td>2018-10-26T12:00:00+01:00</td><td/></tr><tr><td style=\"white-space:nowrap\">453<a name=\"TRE-R281-DisciplineEnseignement-453\"> </a></td><td>Formation Cadre de Santé (sans autre indication)</td><td>2018-10-26T12:00:00+01:00</td><td>2018-10-26T12:00:00+01:00</td><td/></tr><tr><td style=\"white-space:nowrap\">454<a name=\"TRE-R281-DisciplineEnseignement-454\"> </a></td><td>Formation Cadre de santé (Sage-Femme)</td><td>2018-10-26T12:00:00+01:00</td><td>2018-10-26T12:00:00+01:00</td><td/></tr><tr><td style=\"white-space:nowrap\">456<a name=\"TRE-R281-DisciplineEnseignement-456\"> </a></td><td>Formation DE Auxiliaire Puériculture</td><td>2018-10-26T12:00:00+01:00</td><td>2018-10-26T12:00:00+01:00</td><td/></tr><tr><td style=\"white-space:nowrap\">500<a name=\"TRE-R281-DisciplineEnseignement-500\"> </a></td><td>Formation Personnels Admin.Santé Secteur Social</td><td>2018-10-26T12:00:00+01:00</td><td>2018-10-26T12:00:00+01:00</td><td/></tr><tr><td style=\"white-space:nowrap\">584<a name=\"TRE-R281-DisciplineEnseignement-584\"> </a></td><td>Formation qualification Conseil Conjugal ou Familial</td><td>2018-10-26T12:00:00+01:00</td><td>2018-10-26T12:00:00+01:00</td><td/></tr><tr><td style=\"white-space:nowrap\">585<a name=\"TRE-R281-DisciplineEnseignement-585\"> </a></td><td>Formation diplôme supérieur en Travail social</td><td>2018-10-26T12:00:00+01:00</td><td>2018-10-26T12:00:00+01:00</td><td/></tr><tr><td style=\"white-space:nowrap\">586<a name=\"TRE-R281-DisciplineEnseignement-586\"> </a></td><td>Formation DE auxiliaire de vie sociale</td><td>2018-10-26T12:00:00+01:00</td><td>2018-10-26T12:00:00+01:00</td><td/></tr><tr><td style=\"white-space:nowrap\">587<a name=\"TRE-R281-DisciplineEnseignement-587\"> </a></td><td>Formation DE Assistant Familial</td><td>2018-10-26T12:00:00+01:00</td><td>2018-10-26T12:00:00+01:00</td><td/></tr><tr><td style=\"white-space:nowrap\">588<a name=\"TRE-R281-DisciplineEnseignement-588\"> </a></td><td>Formation DE Ingénierie Sociale</td><td>2018-10-26T12:00:00+01:00</td><td>2018-10-26T12:00:00+01:00</td><td/></tr><tr><td style=\"white-space:nowrap\">590<a name=\"TRE-R281-DisciplineEnseignement-590\"> </a></td><td>Formation DE Accompagnant Éducatif et Social</td><td>2018-10-26T12:00:00+01:00</td><td>2018-10-26T12:00:00+01:00</td><td/></tr><tr><td style=\"white-space:nowrap\">597<a name=\"TRE-R281-DisciplineEnseignement-597\"> </a></td><td>Formation Manipulateur Exploration Fonctionnelle</td><td>2018-10-26T12:00:00+01:00</td><td>2018-10-26T12:00:00+01:00</td><td/></tr><tr><td style=\"white-space:nowrap\">804<a name=\"TRE-R281-DisciplineEnseignement-804\"> </a></td><td>Formation Cadre de santé (technicien LABM)</td><td>2018-10-26T12:00:00+01:00</td><td>2018-10-26T12:00:00+01:00</td><td/></tr><tr><td style=\"white-space:nowrap\">805<a name=\"TRE-R281-DisciplineEnseignement-805\"> </a></td><td>Formation Cadre de santé (ergothérapeute)</td><td>2018-10-26T12:00:00+01:00</td><td>2018-10-26T12:00:00+01:00</td><td/></tr><tr><td style=\"white-space:nowrap\">880<a name=\"TRE-R281-DisciplineEnseignement-880\"> </a></td><td>Formation Préparateur en Pharmacie Hospitalière</td><td>2018-10-26T12:00:00+01:00</td><td>2018-10-26T12:00:00+01:00</td><td/></tr><tr><td style=\"white-space:nowrap\">881<a name=\"TRE-R281-DisciplineEnseignement-881\"> </a></td><td>Formation Cadre de Santé (diététicien)</td><td>2018-10-26T12:00:00+01:00</td><td>2018-10-26T12:00:00+01:00</td><td/></tr><tr><td style=\"white-space:nowrap\">882<a name=\"TRE-R281-DisciplineEnseignement-882\"> </a></td><td>Formation Cadre de Santé (audioprothésiste)</td><td>2018-10-26T12:00:00+01:00</td><td>2018-10-26T12:00:00+01:00</td><td/></tr><tr><td style=\"white-space:nowrap\">883<a name=\"TRE-R281-DisciplineEnseignement-883\"> </a></td><td>Formation Cadre de Santé (pédicure podologue)</td><td>2018-10-26T12:00:00+01:00</td><td>2018-10-26T12:00:00+01:00</td><td/></tr><tr><td style=\"white-space:nowrap\">884<a name=\"TRE-R281-DisciplineEnseignement-884\"> </a></td><td>Formation Cadre de Santé (psychomotricien)</td><td>2018-10-26T12:00:00+01:00</td><td>2018-10-26T12:00:00+01:00</td><td/></tr><tr><td style=\"white-space:nowrap\">885<a name=\"TRE-R281-DisciplineEnseignement-885\"> </a></td><td>Formation Cadre de Santé (opticien)</td><td>2018-10-26T12:00:00+01:00</td><td>2018-10-26T12:00:00+01:00</td><td/></tr><tr><td style=\"white-space:nowrap\">886<a name=\"TRE-R281-DisciplineEnseignement-886\"> </a></td><td>Formation Cadre de Santé (orthophoniste)</td><td>2018-10-26T12:00:00+01:00</td><td>2018-10-26T12:00:00+01:00</td><td/></tr><tr><td style=\"white-space:nowrap\">887<a name=\"TRE-R281-DisciplineEnseignement-887\"> </a></td><td>Formation Cadre de Santé (orthoptiste)</td><td>2018-10-26T12:00:00+01:00</td><td>2018-10-26T12:00:00+01:00</td><td/></tr><tr><td style=\"white-space:nowrap\">888<a name=\"TRE-R281-DisciplineEnseignement-888\"> </a></td><td>Formation Cadre de Santé (préparateur pharmacie hospitalièr)</td><td>2018-10-26T12:00:00+01:00</td><td>2018-10-26T12:00:00+01:00</td><td/></tr></table></div>"
  },
  "extension" : [{
    "url" : "http://hl7.org/fhir/StructureDefinition/resource-effectivePeriod",
    "valuePeriod" : {
      "start" : "2018-10-26T12:00:00+01:00"
    }
  }],
  "url" : "https://mos.esante.gouv.fr/NOS/TRE_R281-DisciplineEnseignement/FHIR/TRE-R281-DisciplineEnseignement",
  "identifier" : [{
    "value" : "urn:oid:1.2.250.1.213.1.6.1.134"
  }],
  "version" : "1.1.0",
  "name" : "TRE_R281-DisciplineEnseignement",
  "status" : "active",
  "date" : "2023-12-15T12:00:00+01:00",
  "publisher" : "ANS",
  "contact" : [{
    "name" : "ANS",
    "telecom" : [{
      "system" : "url",
      "value" : "https://esante.gouv.fr"
    }]
  }],
  "description" : "Disciplines pour l'enseignement",
  "content" : "complete",
  "property" : [{
    "code" : "dateValid",
    "description" : "date de validité d'un code concept",
    "type" : "dateTime"
  },
  {
    "code" : "dateMaj",
    "description" : "Date de mise à jour d'un code concept",
    "type" : "dateTime"
  },
  {
    "code" : "dateFin",
    "description" : "Date de fin d'exploitation d'un code concept",
    "type" : "dateTime"
  }],
  "concept" : [{
    "code" : "413",
    "display" : "Formation DE Ambulancier",
    "designation" : [{
      "use" : {
        "code" : "LibelleCourt"
      },
      "value" : "Form Ambulancier"
    },
    {
      "use" : {
        "code" : "LibelleAdapte"
      },
      "value" : "Formation DE Ambulancier"
    }],
    "property" : [{
      "code" : "dateValid",
      "valueDateTime" : "2018-10-26T12:00:00+01:00"
    },
    {
      "code" : "dateMaj",
      "valueDateTime" : "2018-10-26T12:00:00+01:00"
    }]
  },
  {
    "code" : "414",
    "display" : "Formation DE Infirmier",
    "designation" : [{
      "use" : {
        "code" : "LibelleCourt"
      },
      "value" : "Form Infirmier"
    },
    {
      "use" : {
        "code" : "LibelleAdapte"
      },
      "value" : "Formation DE Infirmier"
    }],
    "property" : [{
      "code" : "dateValid",
      "valueDateTime" : "2018-10-26T12:00:00+01:00"
    },
    {
      "code" : "dateMaj",
      "valueDateTime" : "2018-10-26T12:00:00+01:00"
    }]
  },
  {
    "code" : "415",
    "display" : "Formation DE Sage-Femme",
    "designation" : [{
      "use" : {
        "code" : "LibelleCourt"
      },
      "value" : "Form Sage-Femmes"
    },
    {
      "use" : {
        "code" : "LibelleAdapte"
      },
      "value" : "Formation DE Sage-Femme"
    }],
    "property" : [{
      "code" : "dateValid",
      "valueDateTime" : "2018-10-26T12:00:00+01:00"
    },
    {
      "code" : "dateMaj",
      "valueDateTime" : "2018-10-26T12:00:00+01:00"
    }]
  },
  {
    "code" : "416",
    "display" : "Formation DE Masseur-Kinésithérapeute",
    "designation" : [{
      "use" : {
        "code" : "LibelleCourt"
      },
      "value" : "Form Masseur-Kiné."
    },
    {
      "use" : {
        "code" : "LibelleAdapte"
      },
      "value" : "Formation DE Masseur-Kinésithérapeute"
    }],
    "property" : [{
      "code" : "dateValid",
      "valueDateTime" : "2018-10-26T12:00:00+01:00"
    },
    {
      "code" : "dateMaj",
      "valueDateTime" : "2018-10-26T12:00:00+01:00"
    }]
  },
  {
    "code" : "417",
    "display" : "Formation DE Technicien en laboratoire médical",
    "designation" : [{
      "use" : {
        "code" : "LibelleCourt"
      },
      "value" : "Form Techn LBM"
    },
    {
      "use" : {
        "code" : "LibelleAdapte"
      },
      "value" : "Formation DE Technicien en laboratoire médical"
    }],
    "property" : [{
      "code" : "dateValid",
      "valueDateTime" : "2018-10-26T12:00:00+01:00"
    },
    {
      "code" : "dateMaj",
      "valueDateTime" : "2018-10-26T12:00:00+01:00"
    }]
  },
  {
    "code" : "418",
    "display" : "Formation DE Puéricultrice",
    "designation" : [{
      "use" : {
        "code" : "LibelleCourt"
      },
      "value" : "Form Puéricultrice"
    },
    {
      "use" : {
        "code" : "LibelleAdapte"
      },
      "value" : "Formation DE Puéricultrice"
    }],
    "property" : [{
      "code" : "dateValid",
      "valueDateTime" : "2018-10-26T12:00:00+01:00"
    },
    {
      "code" : "dateMaj",
      "valueDateTime" : "2018-10-26T12:00:00+01:00"
    }]
  },
  {
    "code" : "419",
    "display" : "Formation DE Aide-Soignant",
    "designation" : [{
      "use" : {
        "code" : "LibelleCourt"
      },
      "value" : "Form Aide-Soignant"
    },
    {
      "use" : {
        "code" : "LibelleAdapte"
      },
      "value" : "Formation DE Aide-Soignant"
    }],
    "property" : [{
      "code" : "dateValid",
      "valueDateTime" : "2018-10-26T12:00:00+01:00"
    },
    {
      "code" : "dateMaj",
      "valueDateTime" : "2018-10-26T12:00:00+01:00"
    }]
  },
  {
    "code" : "420",
    "display" : "Formation DE Pédicure-Podologue",
    "designation" : [{
      "use" : {
        "code" : "LibelleCourt"
      },
      "value" : "Form Pédicure-Pod."
    },
    {
      "use" : {
        "code" : "LibelleAdapte"
      },
      "value" : "Formation DE Pédicure-Podologue"
    }],
    "property" : [{
      "code" : "dateValid",
      "valueDateTime" : "2018-10-26T12:00:00+01:00"
    },
    {
      "code" : "dateMaj",
      "valueDateTime" : "2018-10-26T12:00:00+01:00"
    }]
  },
  {
    "code" : "421",
    "display" : "Formation DE ManipulateurElectro-radiologie médicale",
    "designation" : [{
      "use" : {
        "code" : "LibelleCourt"
      },
      "value" : "Form Manip.Elec.Rad"
    },
    {
      "use" : {
        "code" : "LibelleAdapte"
      },
      "value" : "Formation DE ManipulateurElectro-radiologie médicale"
    }],
    "property" : [{
      "code" : "dateValid",
      "valueDateTime" : "2018-10-26T12:00:00+01:00"
    },
    {
      "code" : "dateMaj",
      "valueDateTime" : "2018-10-26T12:00:00+01:00"
    }]
  },
  {
    "code" : "422",
    "display" : "Formation DE Conseillère en Économie Sociale et Familiale",
    "designation" : [{
      "use" : {
        "code" : "LibelleCourt"
      },
      "value" : "Form DCESF"
    },
    {
      "use" : {
        "code" : "LibelleAdapte"
      },
      "value" : "Formation DE Conseillère en Économie Sociale et Familiale"
    }],
    "property" : [{
      "code" : "dateValid",
      "valueDateTime" : "2018-10-26T12:00:00+01:00"
    },
    {
      "code" : "dateMaj",
      "valueDateTime" : "2018-10-26T12:00:00+01:00"
    }]
  },
  {
    "code" : "423",
    "display" : "Formation DE Ergothérapeute",
    "designation" : [{
      "use" : {
        "code" : "LibelleCourt"
      },
      "value" : "Form Ergothérapeute"
    },
    {
      "use" : {
        "code" : "LibelleAdapte"
      },
      "value" : "Formation DE Ergothérapeute"
    }],
    "property" : [{
      "code" : "dateValid",
      "valueDateTime" : "2018-10-26T12:00:00+01:00"
    },
    {
      "code" : "dateMaj",
      "valueDateTime" : "2018-10-26T12:00:00+01:00"
    }]
  },
  {
    "code" : "424",
    "display" : "Formation DE Psychomotricien",
    "designation" : [{
      "use" : {
        "code" : "LibelleCourt"
      },
      "value" : "Form Psychomotric."
    },
    {
      "use" : {
        "code" : "LibelleAdapte"
      },
      "value" : "Formation DE Psychomotricien"
    }],
    "property" : [{
      "code" : "dateValid",
      "valueDateTime" : "2018-10-26T12:00:00+01:00"
    },
    {
      "code" : "dateMaj",
      "valueDateTime" : "2018-10-26T12:00:00+01:00"
    }]
  },
  {
    "code" : "425",
    "display" : "Formation DE Infirmier Anesthésiste",
    "designation" : [{
      "use" : {
        "code" : "LibelleCourt"
      },
      "value" : "Form Inf.Anesthés."
    },
    {
      "use" : {
        "code" : "LibelleAdapte"
      },
      "value" : "Formation DE Infirmier Anesthésiste"
    }],
    "property" : [{
      "code" : "dateValid",
      "valueDateTime" : "2018-10-26T12:00:00+01:00"
    },
    {
      "code" : "dateMaj",
      "valueDateTime" : "2018-10-26T12:00:00+01:00"
    }]
  },
  {
    "code" : "426",
    "display" : "Formation DE Infirmier Bloc Opératoire",
    "designation" : [{
      "use" : {
        "code" : "LibelleCourt"
      },
      "value" : "Form Inf.Bloc Opér."
    },
    {
      "use" : {
        "code" : "LibelleAdapte"
      },
      "value" : "Formation DE Infirmier Bloc Opératoire"
    }],
    "property" : [{
      "code" : "dateValid",
      "valueDateTime" : "2018-10-26T12:00:00+01:00"
    },
    {
      "code" : "dateMaj",
      "valueDateTime" : "2018-10-26T12:00:00+01:00"
    }]
  },
  {
    "code" : "427",
    "display" : "Formation Professionnel Secteur Psychiatrique",
    "designation" : [{
      "use" : {
        "code" : "LibelleCourt"
      },
      "value" : "Form.Prof.S.Psy"
    },
    {
      "use" : {
        "code" : "LibelleAdapte"
      },
      "value" : "Formation Professionnel Secteur Psychiatrique"
    }],
    "property" : [{
      "code" : "dateValid",
      "valueDateTime" : "2021-11-26T12:00:00+01:00"
    },
    {
      "code" : "dateFin",
      "valueDateTime" : "2021-11-26T12:00:00+01:00"
    },
    {
      "code" : "dateMaj",
      "valueDateTime" : "2021-11-26T12:00:00+01:00"
    }]
  },
  {
    "code" : "428",
    "display" : "Formation Cadre de santé (Infirmier)",
    "designation" : [{
      "use" : {
        "code" : "LibelleCourt"
      },
      "value" : "Form Cadre Infirm."
    },
    {
      "use" : {
        "code" : "LibelleAdapte"
      },
      "value" : "Formation Cadre de santé (Infirmier)"
    }],
    "property" : [{
      "code" : "dateValid",
      "valueDateTime" : "2018-10-26T12:00:00+01:00"
    },
    {
      "code" : "dateMaj",
      "valueDateTime" : "2018-10-26T12:00:00+01:00"
    }]
  },
  {
    "code" : "429",
    "display" : "Formation Cadres Infirmiers Secteur Psychiatrique",
    "designation" : [{
      "use" : {
        "code" : "LibelleCourt"
      },
      "value" : "Form Cadre Inf.S.Ps"
    },
    {
      "use" : {
        "code" : "LibelleAdapte"
      },
      "value" : "Formation Cadres Infirmiers Secteur Psychiatrique"
    }],
    "property" : [{
      "code" : "dateValid",
      "valueDateTime" : "2021-11-26T12:00:00+01:00"
    },
    {
      "code" : "dateFin",
      "valueDateTime" : "2021-11-26T12:00:00+01:00"
    },
    {
      "code" : "dateMaj",
      "valueDateTime" : "2021-11-26T12:00:00+01:00"
    }]
  },
  {
    "code" : "430",
    "display" : "Formation Cadre de santé (Masseur-Kinésithérapeute)",
    "designation" : [{
      "use" : {
        "code" : "LibelleCourt"
      },
      "value" : "Form Cadre Mass.Kin"
    },
    {
      "use" : {
        "code" : "LibelleAdapte"
      },
      "value" : "Formation Cadre de santé (Masseur-Kinésithérapeute)"
    }],
    "property" : [{
      "code" : "dateValid",
      "valueDateTime" : "2018-10-26T12:00:00+01:00"
    },
    {
      "code" : "dateMaj",
      "valueDateTime" : "2018-10-26T12:00:00+01:00"
    }]
  },
  {
    "code" : "431",
    "display" : "Formation Cadre de santé (Manip.Electro-Radiologie)",
    "designation" : [{
      "use" : {
        "code" : "LibelleCourt"
      },
      "value" : "Form Cadre M.E.Rad."
    },
    {
      "use" : {
        "code" : "LibelleAdapte"
      },
      "value" : "Formation Cadre de santé (Manip.Electro-Radiologie)"
    }],
    "property" : [{
      "code" : "dateValid",
      "valueDateTime" : "2018-10-26T12:00:00+01:00"
    },
    {
      "code" : "dateMaj",
      "valueDateTime" : "2018-10-26T12:00:00+01:00"
    }]
  },
  {
    "code" : "432",
    "display" : "Formation DE d'assistant de Service Social",
    "designation" : [{
      "use" : {
        "code" : "LibelleCourt"
      },
      "value" : "Form DEASS"
    },
    {
      "use" : {
        "code" : "LibelleAdapte"
      },
      "value" : "Formation DE d'assistant de Service Social"
    }],
    "property" : [{
      "code" : "dateValid",
      "valueDateTime" : "2018-10-26T12:00:00+01:00"
    },
    {
      "code" : "dateMaj",
      "valueDateTime" : "2018-10-26T12:00:00+01:00"
    }]
  },
  {
    "code" : "433",
    "display" : "Formation DE d'éducateur spécialisé",
    "designation" : [{
      "use" : {
        "code" : "LibelleCourt"
      },
      "value" : "Form DEES"
    },
    {
      "use" : {
        "code" : "LibelleAdapte"
      },
      "value" : "Formation DE d'éducateur spécialisé"
    }],
    "property" : [{
      "code" : "dateValid",
      "valueDateTime" : "2018-10-26T12:00:00+01:00"
    },
    {
      "code" : "dateMaj",
      "valueDateTime" : "2018-10-26T12:00:00+01:00"
    }]
  },
  {
    "code" : "434",
    "display" : "Formation DE technicien de l'intervention sociale familiale",
    "designation" : [{
      "use" : {
        "code" : "LibelleCourt"
      },
      "value" : "Form DETISF"
    },
    {
      "use" : {
        "code" : "LibelleAdapte"
      },
      "value" : "Formation DE technicien de l'intervention sociale familiale"
    }],
    "property" : [{
      "code" : "dateValid",
      "valueDateTime" : "2018-10-26T12:00:00+01:00"
    },
    {
      "code" : "dateMaj",
      "valueDateTime" : "2018-10-26T12:00:00+01:00"
    }]
  },
  {
    "code" : "435",
    "display" : "Formation DE d'éducateurs Jeunes Enfants",
    "designation" : [{
      "use" : {
        "code" : "LibelleCourt"
      },
      "value" : "Form DEEJE."
    },
    {
      "use" : {
        "code" : "LibelleAdapte"
      },
      "value" : "Formation DE d'éducateurs Jeunes Enfants"
    }],
    "property" : [{
      "code" : "dateValid",
      "valueDateTime" : "2018-10-26T12:00:00+01:00"
    },
    {
      "code" : "dateMaj",
      "valueDateTime" : "2018-10-26T12:00:00+01:00"
    }]
  },
  {
    "code" : "436",
    "display" : "Formation DE éducateur technique spécialisé",
    "designation" : [{
      "use" : {
        "code" : "LibelleCourt"
      },
      "value" : "Form DE ETS"
    },
    {
      "use" : {
        "code" : "LibelleAdapte"
      },
      "value" : "Formation DE éducateur technique spécialisé"
    }],
    "property" : [{
      "code" : "dateValid",
      "valueDateTime" : "2018-10-26T12:00:00+01:00"
    },
    {
      "code" : "dateMaj",
      "valueDateTime" : "2018-10-26T12:00:00+01:00"
    }]
  },
  {
    "code" : "437",
    "display" : "Formation DE moniteur éducateurs",
    "designation" : [{
      "use" : {
        "code" : "LibelleCourt"
      },
      "value" : "Form DEME"
    },
    {
      "use" : {
        "code" : "LibelleAdapte"
      },
      "value" : "Formation DE moniteur éducateurs"
    }],
    "property" : [{
      "code" : "dateValid",
      "valueDateTime" : "2018-10-26T12:00:00+01:00"
    },
    {
      "code" : "dateMaj",
      "valueDateTime" : "2018-10-26T12:00:00+01:00"
    }]
  },
  {
    "code" : "438",
    "display" : "Formation DE aide médico psychologique",
    "designation" : [{
      "use" : {
        "code" : "LibelleCourt"
      },
      "value" : "Form DE AMP"
    },
    {
      "use" : {
        "code" : "LibelleAdapte"
      },
      "value" : "Formation DE aide médico psychologique"
    }],
    "property" : [{
      "code" : "dateValid",
      "valueDateTime" : "2018-10-26T12:00:00+01:00"
    },
    {
      "code" : "dateMaj",
      "valueDateTime" : "2018-10-26T12:00:00+01:00"
    }]
  },
  {
    "code" : "439",
    "display" : "Formation DE fonction d'animation",
    "designation" : [{
      "use" : {
        "code" : "LibelleCourt"
      },
      "value" : "Form DEFA"
    },
    {
      "use" : {
        "code" : "LibelleAdapte"
      },
      "value" : "Formation DE fonction d'animation"
    }],
    "property" : [{
      "code" : "dateValid",
      "valueDateTime" : "2018-10-26T12:00:00+01:00"
    },
    {
      "code" : "dateMaj",
      "valueDateTime" : "2018-10-26T12:00:00+01:00"
    }]
  },
  {
    "code" : "440",
    "display" : "Formation CF Délégué Tutelle aux Prestations Sociales",
    "designation" : [{
      "use" : {
        "code" : "LibelleCourt"
      },
      "value" : "Form Dél.Tut.Pr.Soc"
    },
    {
      "use" : {
        "code" : "LibelleAdapte"
      },
      "value" : "Formation CF Délégué Tutelle aux Prestations Sociales"
    }],
    "property" : [{
      "code" : "dateValid",
      "valueDateTime" : "2018-10-26T12:00:00+01:00"
    },
    {
      "code" : "dateMaj",
      "valueDateTime" : "2018-10-26T12:00:00+01:00"
    }]
  },
  {
    "code" : "441",
    "display" : "Formation DE Médiateur Familial",
    "designation" : [{
      "use" : {
        "code" : "LibelleCourt"
      },
      "value" : "Form DEMF"
    },
    {
      "use" : {
        "code" : "LibelleAdapte"
      },
      "value" : "Formation DE Médiateur Familial"
    }],
    "property" : [{
      "code" : "dateValid",
      "valueDateTime" : "2018-10-26T12:00:00+01:00"
    },
    {
      "code" : "dateMaj",
      "valueDateTime" : "2018-10-26T12:00:00+01:00"
    }]
  },
  {
    "code" : "444",
    "display" : "Formation CA fonction encadrement unité intervention sociale",
    "designation" : [{
      "use" : {
        "code" : "LibelleCourt"
      },
      "value" : "Form CAFERUIS"
    },
    {
      "use" : {
        "code" : "LibelleAdapte"
      },
      "value" : "Formation CA fonction encadrement unité intervention sociale"
    }],
    "property" : [{
      "code" : "dateValid",
      "valueDateTime" : "2018-10-26T12:00:00+01:00"
    },
    {
      "code" : "dateMaj",
      "valueDateTime" : "2018-10-26T12:00:00+01:00"
    }]
  },
  {
    "code" : "449",
    "display" : "Formation CA fonction directeur établissement social",
    "designation" : [{
      "use" : {
        "code" : "LibelleCourt"
      },
      "value" : "Form CAFDES"
    },
    {
      "use" : {
        "code" : "LibelleAdapte"
      },
      "value" : "Formation CA fonction directeur établissement social"
    }],
    "property" : [{
      "code" : "dateValid",
      "valueDateTime" : "2018-10-26T12:00:00+01:00"
    },
    {
      "code" : "dateMaj",
      "valueDateTime" : "2018-10-26T12:00:00+01:00"
    }]
  },
  {
    "code" : "453",
    "display" : "Formation Cadre de Santé (sans autre indication)",
    "designation" : [{
      "use" : {
        "code" : "LibelleCourt"
      },
      "value" : "Form.Cadr.Santé SAI"
    },
    {
      "use" : {
        "code" : "LibelleAdapte"
      },
      "value" : "Formation Cadre de Santé (sans autre indication)"
    }],
    "property" : [{
      "code" : "dateValid",
      "valueDateTime" : "2018-10-26T12:00:00+01:00"
    },
    {
      "code" : "dateMaj",
      "valueDateTime" : "2018-10-26T12:00:00+01:00"
    }]
  },
  {
    "code" : "454",
    "display" : "Formation Cadre de santé (Sage-Femme)",
    "designation" : [{
      "use" : {
        "code" : "LibelleCourt"
      },
      "value" : "Form Cadres Sag.Fem"
    },
    {
      "use" : {
        "code" : "LibelleAdapte"
      },
      "value" : "Formation Cadre de santé (Sage-Femme)"
    }],
    "property" : [{
      "code" : "dateValid",
      "valueDateTime" : "2018-10-26T12:00:00+01:00"
    },
    {
      "code" : "dateMaj",
      "valueDateTime" : "2018-10-26T12:00:00+01:00"
    }]
  },
  {
    "code" : "456",
    "display" : "Formation DE Auxiliaire Puériculture",
    "designation" : [{
      "use" : {
        "code" : "LibelleCourt"
      },
      "value" : "Form Auxil.Puéric."
    },
    {
      "use" : {
        "code" : "LibelleAdapte"
      },
      "value" : "Formation DE Auxiliaire Puériculture"
    }],
    "property" : [{
      "code" : "dateValid",
      "valueDateTime" : "2018-10-26T12:00:00+01:00"
    },
    {
      "code" : "dateMaj",
      "valueDateTime" : "2018-10-26T12:00:00+01:00"
    }]
  },
  {
    "code" : "500",
    "display" : "Formation Personnels Admin.Santé Secteur Social",
    "designation" : [{
      "use" : {
        "code" : "LibelleCourt"
      },
      "value" : "Form.Pers.San.Soc."
    },
    {
      "use" : {
        "code" : "LibelleAdapte"
      },
      "value" : "Formation Personnels Admin.Santé Secteur Social"
    }],
    "property" : [{
      "code" : "dateValid",
      "valueDateTime" : "2018-10-26T12:00:00+01:00"
    },
    {
      "code" : "dateMaj",
      "valueDateTime" : "2018-10-26T12:00:00+01:00"
    }]
  },
  {
    "code" : "584",
    "display" : "Formation qualification Conseil Conjugal ou Familial",
    "designation" : [{
      "use" : {
        "code" : "LibelleCourt"
      },
      "value" : "Form.Cons.Conj.Fam"
    },
    {
      "use" : {
        "code" : "LibelleAdapte"
      },
      "value" : "Formation qualification Conseil Conjugal ou Familial"
    }],
    "property" : [{
      "code" : "dateValid",
      "valueDateTime" : "2018-10-26T12:00:00+01:00"
    },
    {
      "code" : "dateMaj",
      "valueDateTime" : "2018-10-26T12:00:00+01:00"
    }]
  },
  {
    "code" : "585",
    "display" : "Formation diplôme supérieur en Travail social",
    "designation" : [{
      "use" : {
        "code" : "LibelleCourt"
      },
      "value" : "Form.DSTS."
    },
    {
      "use" : {
        "code" : "LibelleAdapte"
      },
      "value" : "Formation diplôme supérieur en Travail social"
    }],
    "property" : [{
      "code" : "dateValid",
      "valueDateTime" : "2018-10-26T12:00:00+01:00"
    },
    {
      "code" : "dateMaj",
      "valueDateTime" : "2018-10-26T12:00:00+01:00"
    }]
  },
  {
    "code" : "586",
    "display" : "Formation DE auxiliaire de vie sociale",
    "designation" : [{
      "use" : {
        "code" : "LibelleCourt"
      },
      "value" : "Form DEAVS"
    },
    {
      "use" : {
        "code" : "LibelleAdapte"
      },
      "value" : "Formation DE auxiliaire de vie sociale"
    }],
    "property" : [{
      "code" : "dateValid",
      "valueDateTime" : "2018-10-26T12:00:00+01:00"
    },
    {
      "code" : "dateMaj",
      "valueDateTime" : "2018-10-26T12:00:00+01:00"
    }]
  },
  {
    "code" : "587",
    "display" : "Formation DE Assistant Familial",
    "designation" : [{
      "use" : {
        "code" : "LibelleCourt"
      },
      "value" : "Form DEAF"
    },
    {
      "use" : {
        "code" : "LibelleAdapte"
      },
      "value" : "Formation DE Assistant Familial"
    }],
    "property" : [{
      "code" : "dateValid",
      "valueDateTime" : "2018-10-26T12:00:00+01:00"
    },
    {
      "code" : "dateMaj",
      "valueDateTime" : "2018-10-26T12:00:00+01:00"
    }]
  },
  {
    "code" : "588",
    "display" : "Formation DE Ingénierie Sociale",
    "designation" : [{
      "use" : {
        "code" : "LibelleCourt"
      },
      "value" : "D.E.I.S."
    },
    {
      "use" : {
        "code" : "LibelleAdapte"
      },
      "value" : "Formation DE Ingénierie Sociale"
    }],
    "property" : [{
      "code" : "dateValid",
      "valueDateTime" : "2018-10-26T12:00:00+01:00"
    },
    {
      "code" : "dateMaj",
      "valueDateTime" : "2018-10-26T12:00:00+01:00"
    }]
  },
  {
    "code" : "590",
    "display" : "Formation DE Accompagnant Éducatif et Social",
    "designation" : [{
      "use" : {
        "code" : "LibelleCourt"
      },
      "value" : "Form DEAES"
    },
    {
      "use" : {
        "code" : "LibelleAdapte"
      },
      "value" : "Formation DE Accompagnant Éducatif et Social"
    }],
    "property" : [{
      "code" : "dateValid",
      "valueDateTime" : "2018-10-26T12:00:00+01:00"
    },
    {
      "code" : "dateMaj",
      "valueDateTime" : "2018-10-26T12:00:00+01:00"
    }]
  },
  {
    "code" : "597",
    "display" : "Formation Manipulateur Exploration Fonctionnelle",
    "designation" : [{
      "use" : {
        "code" : "LibelleCourt"
      },
      "value" : "Form Mani.Exp.Fonc."
    },
    {
      "use" : {
        "code" : "LibelleAdapte"
      },
      "value" : "Formation Manipulateur Exploration Fonctionnelle"
    }],
    "property" : [{
      "code" : "dateValid",
      "valueDateTime" : "2018-10-26T12:00:00+01:00"
    },
    {
      "code" : "dateMaj",
      "valueDateTime" : "2018-10-26T12:00:00+01:00"
    }]
  },
  {
    "code" : "804",
    "display" : "Formation Cadre de santé (technicien LABM)",
    "designation" : [{
      "use" : {
        "code" : "LibelleCourt"
      },
      "value" : "Form Cadre tech LABM"
    },
    {
      "use" : {
        "code" : "LibelleAdapte"
      },
      "value" : "Formation Cadre de santé (technicien LABM)"
    }],
    "property" : [{
      "code" : "dateValid",
      "valueDateTime" : "2018-10-26T12:00:00+01:00"
    },
    {
      "code" : "dateMaj",
      "valueDateTime" : "2018-10-26T12:00:00+01:00"
    }]
  },
  {
    "code" : "805",
    "display" : "Formation Cadre de santé (ergothérapeute)",
    "designation" : [{
      "use" : {
        "code" : "LibelleCourt"
      },
      "value" : "Form Cadre Ergothér"
    },
    {
      "use" : {
        "code" : "LibelleAdapte"
      },
      "value" : "Formation Cadre de santé (ergothérapeute)"
    }],
    "property" : [{
      "code" : "dateValid",
      "valueDateTime" : "2018-10-26T12:00:00+01:00"
    },
    {
      "code" : "dateMaj",
      "valueDateTime" : "2018-10-26T12:00:00+01:00"
    }]
  },
  {
    "code" : "880",
    "display" : "Formation Préparateur en Pharmacie Hospitalière",
    "designation" : [{
      "use" : {
        "code" : "LibelleCourt"
      },
      "value" : "Form PPH"
    },
    {
      "use" : {
        "code" : "LibelleAdapte"
      },
      "value" : "Formation Préparateur en Pharmacie Hospitalière"
    }],
    "property" : [{
      "code" : "dateValid",
      "valueDateTime" : "2018-10-26T12:00:00+01:00"
    },
    {
      "code" : "dateMaj",
      "valueDateTime" : "2018-10-26T12:00:00+01:00"
    }]
  },
  {
    "code" : "881",
    "display" : "Formation Cadre de Santé (diététicien)",
    "designation" : [{
      "use" : {
        "code" : "LibelleCourt"
      },
      "value" : "Form cadre dietetic"
    },
    {
      "use" : {
        "code" : "LibelleAdapte"
      },
      "value" : "Formation Cadre de Santé (diététicien)"
    }],
    "property" : [{
      "code" : "dateValid",
      "valueDateTime" : "2018-10-26T12:00:00+01:00"
    },
    {
      "code" : "dateMaj",
      "valueDateTime" : "2018-10-26T12:00:00+01:00"
    }]
  },
  {
    "code" : "882",
    "display" : "Formation Cadre de Santé (audioprothésiste)",
    "designation" : [{
      "use" : {
        "code" : "LibelleCourt"
      },
      "value" : "Form cadre audioprot"
    },
    {
      "use" : {
        "code" : "LibelleAdapte"
      },
      "value" : "Formation Cadre de Santé (audioprothésiste)"
    }],
    "property" : [{
      "code" : "dateValid",
      "valueDateTime" : "2018-10-26T12:00:00+01:00"
    },
    {
      "code" : "dateMaj",
      "valueDateTime" : "2018-10-26T12:00:00+01:00"
    }]
  },
  {
    "code" : "883",
    "display" : "Formation Cadre de Santé (pédicure podologue)",
    "designation" : [{
      "use" : {
        "code" : "LibelleCourt"
      },
      "value" : "Form cadre pedi podo"
    },
    {
      "use" : {
        "code" : "LibelleAdapte"
      },
      "value" : "Formation Cadre de Santé (pédicure podologue)"
    }],
    "property" : [{
      "code" : "dateValid",
      "valueDateTime" : "2018-10-26T12:00:00+01:00"
    },
    {
      "code" : "dateMaj",
      "valueDateTime" : "2018-10-26T12:00:00+01:00"
    }]
  },
  {
    "code" : "884",
    "display" : "Formation Cadre de Santé (psychomotricien)",
    "designation" : [{
      "use" : {
        "code" : "LibelleCourt"
      },
      "value" : "Form cadre psychomot"
    },
    {
      "use" : {
        "code" : "LibelleAdapte"
      },
      "value" : "Formation Cadre de Santé (psychomotricien)"
    }],
    "property" : [{
      "code" : "dateValid",
      "valueDateTime" : "2018-10-26T12:00:00+01:00"
    },
    {
      "code" : "dateMaj",
      "valueDateTime" : "2018-10-26T12:00:00+01:00"
    }]
  },
  {
    "code" : "885",
    "display" : "Formation Cadre de Santé (opticien)",
    "designation" : [{
      "use" : {
        "code" : "LibelleCourt"
      },
      "value" : "Form cadre opticien"
    },
    {
      "use" : {
        "code" : "LibelleAdapte"
      },
      "value" : "Formation Cadre de Santé (opticien)"
    }],
    "property" : [{
      "code" : "dateValid",
      "valueDateTime" : "2018-10-26T12:00:00+01:00"
    },
    {
      "code" : "dateMaj",
      "valueDateTime" : "2018-10-26T12:00:00+01:00"
    }]
  },
  {
    "code" : "886",
    "display" : "Formation Cadre de Santé (orthophoniste)",
    "designation" : [{
      "use" : {
        "code" : "LibelleCourt"
      },
      "value" : "Form cadre ophoniste"
    },
    {
      "use" : {
        "code" : "LibelleAdapte"
      },
      "value" : "Formation Cadre de Santé (orthophoniste)"
    }],
    "property" : [{
      "code" : "dateValid",
      "valueDateTime" : "2018-10-26T12:00:00+01:00"
    },
    {
      "code" : "dateMaj",
      "valueDateTime" : "2018-10-26T12:00:00+01:00"
    }]
  },
  {
    "code" : "887",
    "display" : "Formation Cadre de Santé (orthoptiste)",
    "designation" : [{
      "use" : {
        "code" : "LibelleCourt"
      },
      "value" : "Form cadre ortptiste"
    },
    {
      "use" : {
        "code" : "LibelleAdapte"
      },
      "value" : "Formation Cadre de Santé (orthoptiste)"
    }],
    "property" : [{
      "code" : "dateValid",
      "valueDateTime" : "2018-10-26T12:00:00+01:00"
    },
    {
      "code" : "dateMaj",
      "valueDateTime" : "2018-10-26T12:00:00+01:00"
    }]
  },
  {
    "code" : "888",
    "display" : "Formation Cadre de Santé (préparateur pharmacie hospitalièr)",
    "designation" : [{
      "use" : {
        "code" : "LibelleCourt"
      },
      "value" : "Form cadre PPH"
    },
    {
      "use" : {
        "code" : "LibelleAdapte"
      },
      "value" : "Formation Cadre de Santé (préparateur pharmacie hospitalièr)"
    }],
    "property" : [{
      "code" : "dateValid",
      "valueDateTime" : "2018-10-26T12:00:00+01:00"
    },
    {
      "code" : "dateMaj",
      "valueDateTime" : "2018-10-26T12:00:00+01:00"
    }]
  }]
}