{
  "resourceType" : "CodeSystem",
  "id" : "TRE-R206-TypeContact",
  "text" : {
    "status" : "generated",
    "div" : "<div xmlns=\"http://www.w3.org/1999/xhtml\"><p><b>Properties</b></p><p><b>This code system  defines the following properties for its concepts</b></p><table class=\"grid\"><tr><td><b>Code</b></td><td><b>Type</b></td><td><b>Description</b></td></tr><tr><td>dateValid</td><td>dateTime</td><td>date de validité d'un code concept</td></tr><tr><td>dateMaj</td><td>dateTime</td><td>Date de mise à jour d'un code concept</td></tr><tr><td>dateFin</td><td>dateTime</td><td>Date de fin d'exploitation d'un code concept</td></tr></table><p><b>Concepts</b></p><p>This  code system <code>https://mos.esante.gouv.fr/NOS/TRE_R206-TypeContact/FHIR/TRE-R206-TypeContact</code> defines the following codes:</p><table class=\"codes\"><tr><td style=\"white-space:nowrap\"><b>Code</b></td><td><b>Display</b></td><td><b>dateValid</b></td><td><b>dateMaj</b></td></tr><tr><td style=\"white-space:nowrap\">1<a name=\"TRE-R206-TypeContact-1\"> </a></td><td>Téléservice</td><td>2015-03-25T00:00:00+01:00</td><td>2015-03-25T00:00:00+01:00</td></tr><tr><td style=\"white-space:nowrap\">2<a name=\"TRE-R206-TypeContact-2\"> </a></td><td>Téléphonique</td><td>2015-03-25T00:00:00+01:00</td><td>2015-03-25T00:00:00+01:00</td></tr><tr><td style=\"white-space:nowrap\">3<a name=\"TRE-R206-TypeContact-3\"> </a></td><td>Physique</td><td>2015-03-25T00:00:00+01:00</td><td>2015-03-25T00:00:00+01:00</td></tr></table></div>"
  },
  "extension" : [{
    "url" : "http://hl7.org/fhir/StructureDefinition/resource-effectivePeriod",
    "valuePeriod" : {
      "start" : "2015-03-25T00:00:00+01:00"
    }
  }],
  "url" : "https://mos.esante.gouv.fr/NOS/TRE_R206-TypeContact/FHIR/TRE-R206-TypeContact",
  "identifier" : [{
    "value" : "urn:oid:1.2.250.1.213.3.3.7"
  }],
  "version" : "1.2.0",
  "name" : "TRE_R206-TypeContact",
  "status" : "active",
  "date" : "2023-12-15T12:00:00+01:00",
  "publisher" : "ANS",
  "contact" : [{
    "name" : "ANS",
    "telecom" : [{
      "system" : "url",
      "value" : "https://esante.gouv.fr"
    }]
  }],
  "description" : "Type de contact",
  "content" : "complete",
  "property" : [{
    "code" : "dateValid",
    "description" : "date de validité d'un code concept",
    "type" : "dateTime"
  },
  {
    "code" : "dateMaj",
    "description" : "Date de mise à jour d'un code concept",
    "type" : "dateTime"
  },
  {
    "code" : "dateFin",
    "description" : "Date de fin d'exploitation d'un code concept",
    "type" : "dateTime"
  }],
  "concept" : [{
    "code" : "1",
    "display" : "Téléservice",
    "designation" : [{
      "use" : {
        "code" : "LibelleCourt"
      },
      "value" : "SERV"
    },
    {
      "use" : {
        "code" : "LibelleAdapte"
      },
      "value" : "Téléservice"
    }],
    "property" : [{
      "code" : "dateValid",
      "valueDateTime" : "2015-03-25T00:00:00+01:00"
    },
    {
      "code" : "dateMaj",
      "valueDateTime" : "2015-03-25T00:00:00+01:00"
    }]
  },
  {
    "code" : "2",
    "display" : "Téléphonique",
    "designation" : [{
      "use" : {
        "code" : "LibelleCourt"
      },
      "value" : "TEL"
    },
    {
      "use" : {
        "code" : "LibelleAdapte"
      },
      "value" : "Téléphonique"
    }],
    "property" : [{
      "code" : "dateValid",
      "valueDateTime" : "2015-03-25T00:00:00+01:00"
    },
    {
      "code" : "dateMaj",
      "valueDateTime" : "2015-03-25T00:00:00+01:00"
    }]
  },
  {
    "code" : "3",
    "display" : "Physique",
    "designation" : [{
      "use" : {
        "code" : "LibelleCourt"
      },
      "value" : "PHY"
    },
    {
      "use" : {
        "code" : "LibelleAdapte"
      },
      "value" : "Physique"
    }],
    "property" : [{
      "code" : "dateValid",
      "valueDateTime" : "2015-03-25T00:00:00+01:00"
    },
    {
      "code" : "dateMaj",
      "valueDateTime" : "2015-03-25T00:00:00+01:00"
    }]
  }]
}