{
  "resourceType" : "CodeSystem",
  "id" : "TRE-R292-INSEECategorieSocioProfessionnelleAgrNiv1",
  "text" : {
    "status" : "generated",
    "div" : "<div xmlns=\"http://www.w3.org/1999/xhtml\"><p class=\"res-header-id\"><b>Generated Narrative: CodeSystem TRE-R292-INSEECategorieSocioProfessionnelleAgrNiv1</b></p><a name=\"TRE-R292-INSEECategorieSocioProfessionnelleAgrNiv1\"> </a><a name=\"hcTRE-R292-INSEECategorieSocioProfessionnelleAgrNiv1\"> </a><a name=\"TRE-R292-INSEECategorieSocioProfessionnelleAgrNiv1-en-US\"> </a><p><b>Properties</b></p><p><b>This code system defines the following properties for its concepts</b></p><table class=\"grid\"><tr><td><b>Name</b></td><td><b>Code</b></td><td><b>Type</b></td><td><b>Description</b></td></tr><tr><td>dateValid</td><td>dateValid</td><td>dateTime</td><td>date de validité d'un code concept</td></tr><tr><td>dateMaj</td><td>dateMaj</td><td>dateTime</td><td>Date de mise à jour d'un code concept</td></tr><tr><td>dateFin</td><td>dateFin</td><td>dateTime</td><td>Date de fin d'exploitation d'un code concept</td></tr></table><p><b>Concepts</b></p><p>This  code system <code>https://mos.esante.gouv.fr/NOS/TRE_R292-INSEECategorieSocioProfessionnelleAgrNiv1/FHIR/TRE-R292-INSEECategorieSocioProfessionnelleAgrNiv1</code> defines the following codes:</p><table class=\"codes\"><tr><td style=\"white-space:nowrap\"><b>Code</b></td><td><b>Display</b></td><td><b>dateValid</b></td><td><b>dateMaj</b></td></tr><tr><td style=\"white-space:nowrap\">1<a name=\"TRE-R292-INSEECategorieSocioProfessionnelleAgrNiv1-1\"> </a></td><td>Agriculteurs exploitants</td><td>2019-10-25T12:00:00+01:00</td><td>2019-10-25T12:00:00+01:00</td></tr><tr><td style=\"white-space:nowrap\">2<a name=\"TRE-R292-INSEECategorieSocioProfessionnelleAgrNiv1-2\"> </a></td><td>Artisans, commerçants et chefs d'entreprise</td><td>2019-10-25T12:00:00+01:00</td><td>2019-10-25T12:00:00+01:00</td></tr><tr><td style=\"white-space:nowrap\">3<a name=\"TRE-R292-INSEECategorieSocioProfessionnelleAgrNiv1-3\"> </a></td><td>Cadres et professions intellectuelles supérieures</td><td>2019-10-25T12:00:00+01:00</td><td>2019-10-25T12:00:00+01:00</td></tr><tr><td style=\"white-space:nowrap\">4<a name=\"TRE-R292-INSEECategorieSocioProfessionnelleAgrNiv1-4\"> </a></td><td>Professions Intermédiaires</td><td>2019-10-25T12:00:00+01:00</td><td>2019-10-25T12:00:00+01:00</td></tr><tr><td style=\"white-space:nowrap\">5<a name=\"TRE-R292-INSEECategorieSocioProfessionnelleAgrNiv1-5\"> </a></td><td>Employés</td><td>2019-10-25T12:00:00+01:00</td><td>2019-10-25T12:00:00+01:00</td></tr><tr><td style=\"white-space:nowrap\">6<a name=\"TRE-R292-INSEECategorieSocioProfessionnelleAgrNiv1-6\"> </a></td><td>Ouvriers</td><td>2019-10-25T12:00:00+01:00</td><td>2019-10-25T12:00:00+01:00</td></tr><tr><td style=\"white-space:nowrap\">7<a name=\"TRE-R292-INSEECategorieSocioProfessionnelleAgrNiv1-7\"> </a></td><td>Retraités</td><td>2019-10-25T12:00:00+01:00</td><td>2019-10-25T12:00:00+01:00</td></tr><tr><td style=\"white-space:nowrap\">8<a name=\"TRE-R292-INSEECategorieSocioProfessionnelleAgrNiv1-8\"> </a></td><td>Autres personnes sans activité professionnelle</td><td>2019-10-25T12:00:00+01:00</td><td>2019-10-25T12:00:00+01:00</td></tr></table></div>"
  },
  "extension" : [{
    "url" : "http://hl7.org/fhir/StructureDefinition/resource-effectivePeriod",
    "valuePeriod" : {
      "start" : "2019-10-25T12:00:00+01:00"
    }
  }],
  "url" : "https://mos.esante.gouv.fr/NOS/TRE_R292-INSEECategorieSocioProfessionnelleAgrNiv1/FHIR/TRE-R292-INSEECategorieSocioProfessionnelleAgrNiv1",
  "identifier" : [{
    "value" : "urn:oid:1.2.250.1.213.1.6.1.181"
  }],
  "version" : "1.3.0",
  "name" : "TRE_R292-INSEECategorieSocioProfessionnelleAgrNiv1",
  "status" : "active",
  "date" : "2023-12-15T12:00:00+01:00",
  "publisher" : "ANS",
  "contact" : [{
    "name" : "ANS",
    "telecom" : [{
      "system" : "url",
      "value" : "https://esante.gouv.fr"
    }]
  }],
  "description" : "Codes de niveau 1 des catégories socio-professionnelles de l'INSEE",
  "content" : "complete",
  "property" : [{
    "code" : "dateValid",
    "description" : "date de validité d'un code concept",
    "type" : "dateTime"
  },
  {
    "code" : "dateMaj",
    "description" : "Date de mise à jour d'un code concept",
    "type" : "dateTime"
  },
  {
    "code" : "dateFin",
    "description" : "Date de fin d'exploitation d'un code concept",
    "type" : "dateTime"
  }],
  "concept" : [{
    "code" : "1",
    "display" : "Agriculteurs exploitants",
    "designation" : [{
      "use" : {
        "code" : "LibelleCourt"
      },
      "value" : "Agriculteur"
    },
    {
      "use" : {
        "code" : "LibelleAdapte"
      },
      "value" : "Agriculteurs exploitants"
    }],
    "property" : [{
      "code" : "dateValid",
      "valueDateTime" : "2019-10-25T12:00:00+01:00"
    },
    {
      "code" : "dateMaj",
      "valueDateTime" : "2019-10-25T12:00:00+01:00"
    }]
  },
  {
    "code" : "2",
    "display" : "Artisans, commerçants et chefs d'entreprise",
    "designation" : [{
      "use" : {
        "code" : "LibelleCourt"
      },
      "value" : "Artisan chef entrep"
    },
    {
      "use" : {
        "code" : "LibelleAdapte"
      },
      "value" : "Artisans, commerçants et chefs d'entreprise"
    }],
    "property" : [{
      "code" : "dateValid",
      "valueDateTime" : "2019-10-25T12:00:00+01:00"
    },
    {
      "code" : "dateMaj",
      "valueDateTime" : "2019-10-25T12:00:00+01:00"
    }]
  },
  {
    "code" : "3",
    "display" : "Cadres et professions intellectuelles supérieures",
    "designation" : [{
      "use" : {
        "code" : "LibelleCourt"
      },
      "value" : "CPIS"
    },
    {
      "use" : {
        "code" : "LibelleAdapte"
      },
      "value" : "Cadres et professions intellectuelles supérieures"
    }],
    "property" : [{
      "code" : "dateValid",
      "valueDateTime" : "2019-10-25T12:00:00+01:00"
    },
    {
      "code" : "dateMaj",
      "valueDateTime" : "2019-10-25T12:00:00+01:00"
    }]
  },
  {
    "code" : "4",
    "display" : "Professions Intermédiaires",
    "designation" : [{
      "use" : {
        "code" : "LibelleCourt"
      },
      "value" : "Profession interméd"
    },
    {
      "use" : {
        "code" : "LibelleAdapte"
      },
      "value" : "Professions Intermédiaires"
    }],
    "property" : [{
      "code" : "dateValid",
      "valueDateTime" : "2019-10-25T12:00:00+01:00"
    },
    {
      "code" : "dateMaj",
      "valueDateTime" : "2019-10-25T12:00:00+01:00"
    }]
  },
  {
    "code" : "5",
    "display" : "Employés",
    "designation" : [{
      "use" : {
        "code" : "LibelleCourt"
      },
      "value" : "Employé"
    },
    {
      "use" : {
        "code" : "LibelleAdapte"
      },
      "value" : "Employés"
    }],
    "property" : [{
      "code" : "dateValid",
      "valueDateTime" : "2019-10-25T12:00:00+01:00"
    },
    {
      "code" : "dateMaj",
      "valueDateTime" : "2019-10-25T12:00:00+01:00"
    }]
  },
  {
    "code" : "6",
    "display" : "Ouvriers",
    "designation" : [{
      "use" : {
        "code" : "LibelleCourt"
      },
      "value" : "Ouvrier"
    },
    {
      "use" : {
        "code" : "LibelleAdapte"
      },
      "value" : "Ouvriers"
    }],
    "property" : [{
      "code" : "dateValid",
      "valueDateTime" : "2019-10-25T12:00:00+01:00"
    },
    {
      "code" : "dateMaj",
      "valueDateTime" : "2019-10-25T12:00:00+01:00"
    }]
  },
  {
    "code" : "7",
    "display" : "Retraités",
    "designation" : [{
      "use" : {
        "code" : "LibelleCourt"
      },
      "value" : "Retraité"
    },
    {
      "use" : {
        "code" : "LibelleAdapte"
      },
      "value" : "Retraités"
    }],
    "property" : [{
      "code" : "dateValid",
      "valueDateTime" : "2019-10-25T12:00:00+01:00"
    },
    {
      "code" : "dateMaj",
      "valueDateTime" : "2019-10-25T12:00:00+01:00"
    }]
  },
  {
    "code" : "8",
    "display" : "Autres personnes sans activité professionnelle",
    "designation" : [{
      "use" : {
        "code" : "LibelleCourt"
      },
      "value" : "Sans activité pro"
    },
    {
      "use" : {
        "code" : "LibelleAdapte"
      },
      "value" : "Autres personnes sans activité professionnelle"
    }],
    "property" : [{
      "code" : "dateValid",
      "valueDateTime" : "2019-10-25T12:00:00+01:00"
    },
    {
      "code" : "dateMaj",
      "valueDateTime" : "2019-10-25T12:00:00+01:00"
    }]
  }]
}