{
  "resourceType" : "CodeSystem",
  "id" : "TRE-R74-ModeFixationTarifaire",
  "text" : {
    "status" : "generated",
    "div" : "<div xmlns=\"http://www.w3.org/1999/xhtml\"><p><b>Properties</b></p><p><b>This code system  defines the following properties for its concepts</b></p><table class=\"grid\"><tr><td><b>Code</b></td><td><b>Type</b></td><td><b>Description</b></td></tr><tr><td>dateValid</td><td>dateTime</td><td>date de validité d'un code concept</td></tr><tr><td>dateMaj</td><td>dateTime</td><td>Date de mise à jour d'un code concept</td></tr><tr><td>dateFin</td><td>dateTime</td><td>Date de fin d'exploitation d'un code concept</td></tr></table><p><b>Concepts</b></p><p>This  code system <code>https://mos.esante.gouv.fr/NOS/TRE_R74-ModeFixationTarifaire/FHIR/TRE-R74-ModeFixationTarifaire</code> defines the following codes:</p><table class=\"codes\"><tr><td style=\"white-space:nowrap\"><b>Code</b></td><td><b>Display</b></td><td><b>dateValid</b></td><td><b>dateMaj</b></td><td><b>dateFin</b></td></tr><tr><td style=\"white-space:nowrap\">01<a name=\"TRE-R74-ModeFixationTarifaire-01\"> </a></td><td>Etablissement Tarif Libre</td><td>1999-11-02T00:00:00+01:00</td><td>2018-09-28T12:00:00+01:00</td><td/></tr><tr><td style=\"white-space:nowrap\">02<a name=\"TRE-R74-ModeFixationTarifaire-02\"> </a></td><td>Autorité Ministérielle</td><td>1999-11-02T00:00:00+01:00</td><td>2018-09-28T12:00:00+01:00</td><td/></tr><tr><td style=\"white-space:nowrap\">03<a name=\"TRE-R74-ModeFixationTarifaire-03\"> </a></td><td>ARS établissements Publics de santé dotation globale</td><td>1999-11-02T00:00:00+01:00</td><td>1999-09-21T00:00:00+01:00</td><td/></tr><tr><td style=\"white-space:nowrap\">04<a name=\"TRE-R74-ModeFixationTarifaire-04\"> </a></td><td>ARS établissements PSPH dotation globale</td><td>1999-11-02T00:00:00+01:00</td><td>1999-09-21T00:00:00+01:00</td><td/></tr><tr><td style=\"white-space:nowrap\">05<a name=\"TRE-R74-ModeFixationTarifaire-05\"> </a></td><td>ARS établissements médico-soc. non financés dotation globale</td><td>1999-11-02T00:00:00+01:00</td><td>2016-09-01T00:00:00+01:00</td><td/></tr><tr><td style=\"white-space:nowrap\">06<a name=\"TRE-R74-ModeFixationTarifaire-06\"> </a></td><td>Tarif d'autorité</td><td>1999-11-02T00:00:00+01:00</td><td>1999-09-21T00:00:00+01:00</td><td/></tr><tr><td style=\"white-space:nowrap\">07<a name=\"TRE-R74-ModeFixationTarifaire-07\"> </a></td><td>ARS établissements de santé non financés dotation globale</td><td>1999-11-02T00:00:00+01:00</td><td>1999-09-21T00:00:00+01:00</td><td/></tr><tr><td style=\"white-space:nowrap\">08<a name=\"TRE-R74-ModeFixationTarifaire-08\"> </a></td><td>Président du Conseil Départemental ou métropole</td><td>1999-11-02T00:00:00+01:00</td><td>2024-02-23T12:00:00+01:00</td><td/></tr><tr><td style=\"white-space:nowrap\">09<a name=\"TRE-R74-ModeFixationTarifaire-09\"> </a></td><td>ARS PCD mixte (2 arrêtés), habilité aide sociale</td><td>1999-11-02T00:00:00+01:00</td><td>2016-09-01T00:00:00+01:00</td><td/></tr><tr><td style=\"white-space:nowrap\">10<a name=\"TRE-R74-ModeFixationTarifaire-10\"> </a></td><td>Autorité Conjointe Préfet ou ARS/PCD ou métropole (1 arrêté)</td><td>1999-11-02T00:00:00+01:00</td><td>2024-02-23T12:00:00+01:00</td><td/></tr><tr><td style=\"white-space:nowrap\">11<a name=\"TRE-R74-ModeFixationTarifaire-11\"> </a></td><td>Tarifs ARS, PCD, hébergt libre</td><td>1999-11-02T00:00:00+01:00</td><td>2016-09-01T00:00:00+01:00</td><td/></tr><tr><td style=\"white-space:nowrap\">14<a name=\"TRE-R74-ModeFixationTarifaire-14\"> </a></td><td>Organismes Nationaux de Sécurité Sociale</td><td>1999-11-02T00:00:00+01:00</td><td>2018-09-28T12:00:00+01:00</td><td/></tr><tr><td style=\"white-space:nowrap\">15<a name=\"TRE-R74-ModeFixationTarifaire-15\"> </a></td><td>ARS privé hors PSPH sous dotation globale</td><td>1999-11-02T00:00:00+01:00</td><td>1999-01-12T00:00:00+01:00</td><td/></tr><tr><td style=\"white-space:nowrap\">16<a name=\"TRE-R74-ModeFixationTarifaire-16\"> </a></td><td>CRAM homologué préfet de région</td><td>1999-11-02T00:00:00+01:00</td><td>2002-02-07T00:00:00+01:00</td><td>2001-12-31T00:00:00+01:00</td></tr><tr><td style=\"white-space:nowrap\">17<a name=\"TRE-R74-ModeFixationTarifaire-17\"> </a></td><td>Autorité mixte ARS PCD dotation globale</td><td>1999-11-02T00:00:00+01:00</td><td>2016-09-01T00:00:00+01:00</td><td/></tr><tr><td style=\"white-space:nowrap\">18<a name=\"TRE-R74-ModeFixationTarifaire-18\"> </a></td><td>Autorité mixte ARS PCG Etab long séjour conv tripartite</td><td>1999-11-02T00:00:00+01:00</td><td>1999-09-21T00:00:00+01:00</td><td>2001-03-01T00:00:00+01:00</td></tr><tr><td style=\"white-space:nowrap\">19<a name=\"TRE-R74-ModeFixationTarifaire-19\"> </a></td><td>Autorité mixte préfet dpt PCG EHPA conv tripartite</td><td>1999-11-02T00:00:00+01:00</td><td>1999-09-21T00:00:00+01:00</td><td>2001-03-01T00:00:00+01:00</td></tr><tr><td style=\"white-space:nowrap\">20<a name=\"TRE-R74-ModeFixationTarifaire-20\"> </a></td><td>ARS PCG mixte, Accueil de jour PA, HAS</td><td>2001-03-01T00:00:00+01:00</td><td>2015-04-24T00:00:00+01:00</td><td>2015-04-24T00:00:00+01:00</td></tr><tr><td style=\"white-space:nowrap\">21<a name=\"TRE-R74-ModeFixationTarifaire-21\"> </a></td><td>ARS PCD mixte, Accueil de jour PA, HAS</td><td>2001-03-01T00:00:00+01:00</td><td>2016-09-01T00:00:00+01:00</td><td/></tr><tr><td style=\"white-space:nowrap\">22<a name=\"TRE-R74-ModeFixationTarifaire-22\"> </a></td><td>Autorité mixte ARS PCD ESLD tripartite DG global</td><td>2001-03-01T00:00:00+01:00</td><td>2016-09-01T00:00:00+01:00</td><td/></tr><tr><td style=\"white-space:nowrap\">23<a name=\"TRE-R74-ModeFixationTarifaire-23\"> </a></td><td>Autorité mixte ARS PCD ESLD tripartite DG partielle</td><td>2001-03-01T00:00:00+01:00</td><td>2016-09-01T00:00:00+01:00</td><td/></tr><tr><td style=\"white-space:nowrap\">24<a name=\"TRE-R74-ModeFixationTarifaire-24\"> </a></td><td>ARS PCG mixte, Accueil de jour PA, nHAS, hébergement libre</td><td>2001-03-01T00:00:00+01:00</td><td>2015-01-22T00:00:00+01:00</td><td>2015-01-22T00:00:00+01:00</td></tr><tr><td style=\"white-space:nowrap\">25<a name=\"TRE-R74-ModeFixationTarifaire-25\"> </a></td><td>ARS PCD mixte, Accueil de jour PA, nHAS, hébergement libre</td><td>2001-03-01T00:00:00+01:00</td><td>2016-09-01T00:00:00+01:00</td><td/></tr><tr><td style=\"white-space:nowrap\">26<a name=\"TRE-R74-ModeFixationTarifaire-26\"> </a></td><td>Logement Foyer convention partielle PAP (conv. EHPAD part.)</td><td>2011-11-18T00:00:00+01:00</td><td>2014-07-23T00:00:00+01:00</td><td>2014-07-07T00:00:00+01:00</td></tr><tr><td style=\"white-space:nowrap\">30<a name=\"TRE-R74-ModeFixationTarifaire-30\"> </a></td><td>Préfet de région établissements et services sociaux</td><td>2010-11-12T00:00:00+01:00</td><td>2016-09-01T00:00:00+01:00</td><td/></tr><tr><td style=\"white-space:nowrap\">31<a name=\"TRE-R74-ModeFixationTarifaire-31\"> </a></td><td>Pdt Conseil Départemental-Subvention</td><td>2010-11-12T00:00:00+01:00</td><td>2018-09-28T12:00:00+01:00</td><td/></tr><tr><td style=\"white-space:nowrap\">32<a name=\"TRE-R74-ModeFixationTarifaire-32\"> </a></td><td>Echelle tarifaire publique</td><td>2011-05-04T00:00:00+01:00</td><td>2011-05-13T00:00:00+01:00</td><td/></tr><tr><td style=\"white-space:nowrap\">33<a name=\"TRE-R74-ModeFixationTarifaire-33\"> </a></td><td>Echelle tarifaire privée</td><td>2011-05-04T00:00:00+01:00</td><td>2011-05-13T00:00:00+01:00</td><td/></tr><tr><td style=\"white-space:nowrap\">34<a name=\"TRE-R74-ModeFixationTarifaire-34\"> </a></td><td>ARS - DG dotation globale</td><td>2013-01-23T00:00:00+01:00</td><td>2013-01-23T00:00:00+01:00</td><td/></tr><tr><td style=\"white-space:nowrap\">35<a name=\"TRE-R74-ModeFixationTarifaire-35\"> </a></td><td>Préfet de département Subvention</td><td>2016-09-01T00:00:00+01:00</td><td>2016-09-01T00:00:00+01:00</td><td/></tr><tr><td style=\"white-space:nowrap\">36<a name=\"TRE-R74-ModeFixationTarifaire-36\"> </a></td><td>Tarifs conventionnels assurance maladie</td><td>2013-12-19T00:00:00+01:00</td><td>2013-12-19T00:00:00+01:00</td><td/></tr><tr><td style=\"white-space:nowrap\">38<a name=\"TRE-R74-ModeFixationTarifaire-38\"> </a></td><td>Régime spécial de prévoyance</td><td>2021-11-26T12:00:00+01:00</td><td>2021-11-26T12:00:00+01:00</td><td/></tr><tr><td style=\"white-space:nowrap\">40<a name=\"TRE-R74-ModeFixationTarifaire-40\"> </a></td><td>ARS-PCD, Tarif global, habilité aide sociale, recours PUI</td><td>2015-01-01T00:00:00+01:00</td><td>2016-09-01T00:00:00+01:00</td><td/></tr><tr><td style=\"white-space:nowrap\">41<a name=\"TRE-R74-ModeFixationTarifaire-41\"> </a></td><td>ARS-PCD, Tarif global, habilité aide sociale sans PUI</td><td>2015-01-01T00:00:00+01:00</td><td>2016-09-01T00:00:00+01:00</td><td/></tr><tr><td style=\"white-space:nowrap\">42<a name=\"TRE-R74-ModeFixationTarifaire-42\"> </a></td><td>ARS-PCD, Tarif global, non hab.aide sociale, recours PUI</td><td>2015-01-01T00:00:00+01:00</td><td>2016-09-01T00:00:00+01:00</td><td/></tr><tr><td style=\"white-space:nowrap\">43<a name=\"TRE-R74-ModeFixationTarifaire-43\"> </a></td><td>ARS-PCD, Tarif global, non habilité aide sociale sans PUI</td><td>2015-01-01T00:00:00+01:00</td><td>2016-09-01T00:00:00+01:00</td><td/></tr><tr><td style=\"white-space:nowrap\">44<a name=\"TRE-R74-ModeFixationTarifaire-44\"> </a></td><td>ARS-PCD, Tarif partiel, habilité aide sociale, recours PUI</td><td>2015-01-01T00:00:00+01:00</td><td>2016-09-01T00:00:00+01:00</td><td/></tr><tr><td style=\"white-space:nowrap\">45<a name=\"TRE-R74-ModeFixationTarifaire-45\"> </a></td><td>ARS-PCD, Tarif partiel, habilité aide sociale sans PUI</td><td>2015-01-01T00:00:00+01:00</td><td>2016-09-01T00:00:00+01:00</td><td/></tr><tr><td style=\"white-space:nowrap\">46<a name=\"TRE-R74-ModeFixationTarifaire-46\"> </a></td><td>ARS-PCD, Tarif partiel, non hab.aide sociale, recours PUI</td><td>2015-01-01T00:00:00+01:00</td><td>2016-09-01T00:00:00+01:00</td><td/></tr><tr><td style=\"white-space:nowrap\">47<a name=\"TRE-R74-ModeFixationTarifaire-47\"> </a></td><td>ARS-PCD, Tarif partiel, non habilité aide sociale sans PUI</td><td>2015-01-01T00:00:00+01:00</td><td>2016-09-01T00:00:00+01:00</td><td/></tr><tr><td style=\"white-space:nowrap\">48<a name=\"TRE-R74-ModeFixationTarifaire-48\"> </a></td><td>ARS-PCD, EHPA, dot globale de soins, habilité aide sociale</td><td>2015-01-01T00:00:00+01:00</td><td>2016-09-01T00:00:00+01:00</td><td/></tr><tr><td style=\"white-space:nowrap\">49<a name=\"TRE-R74-ModeFixationTarifaire-49\"> </a></td><td>ARS-PCD, EHPA, dot globale soins, non habilité aide sociale</td><td>2015-01-01T00:00:00+01:00</td><td>2016-09-01T00:00:00+01:00</td><td/></tr><tr><td style=\"white-space:nowrap\">50<a name=\"TRE-R74-ModeFixationTarifaire-50\"> </a></td><td>ARS-PCD, PUV, forfait soins, habilité aide sociale</td><td>2015-01-01T00:00:00+01:00</td><td>2016-09-01T00:00:00+01:00</td><td/></tr><tr><td style=\"white-space:nowrap\">51<a name=\"TRE-R74-ModeFixationTarifaire-51\"> </a></td><td>ARS-PCD, PUV, forfait soins, non habilité aide sociale</td><td>2015-01-01T00:00:00+01:00</td><td>2016-09-01T00:00:00+01:00</td><td/></tr><tr><td style=\"white-space:nowrap\">52<a name=\"TRE-R74-ModeFixationTarifaire-52\"> </a></td><td>ARS-PCD, LF, forfait soins, habilité aide sociale</td><td>2015-01-01T00:00:00+01:00</td><td>2016-09-01T00:00:00+01:00</td><td/></tr><tr><td style=\"white-space:nowrap\">53<a name=\"TRE-R74-ModeFixationTarifaire-53\"> </a></td><td>ARS-PCD, LF, forfait soins, non habilité aide sociale</td><td>2015-01-01T00:00:00+01:00</td><td>2016-09-01T00:00:00+01:00</td><td/></tr><tr><td style=\"white-space:nowrap\">54<a name=\"TRE-R74-ModeFixationTarifaire-54\"> </a></td><td>Tarif AM - Services de Soins Infirmiers A Domicile</td><td>2016-09-01T00:00:00+01:00</td><td>2018-09-28T12:00:00+01:00</td><td/></tr><tr><td style=\"white-space:nowrap\">55<a name=\"TRE-R74-ModeFixationTarifaire-55\"> </a></td><td>ARS-PCD, PUV, convention SSIAD, non habilité à l'aide social</td><td>2018-09-28T12:00:00+01:00</td><td>2018-09-28T12:00:00+01:00</td><td/></tr><tr><td style=\"white-space:nowrap\">56<a name=\"TRE-R74-ModeFixationTarifaire-56\"> </a></td><td>ARS-PCD, PUV, convention SSIAD, habilité à l'aide sociale</td><td>2018-09-28T12:00:00+01:00</td><td>2018-09-28T12:00:00+01:00</td><td/></tr><tr><td style=\"white-space:nowrap\">57<a name=\"TRE-R74-ModeFixationTarifaire-57\"> </a></td><td>ARS /ARS PCD Dotation forfait ou prix de journée globalisés (CPOM)</td><td>2018-09-28T12:00:00+01:00</td><td>2020-01-31T12:00:00+01:00</td><td/></tr><tr><td style=\"white-space:nowrap\">58<a name=\"TRE-R74-ModeFixationTarifaire-58\"> </a></td><td>ARS dotation forfait ou prix de journée globalisé hors CPOM</td><td>2018-09-28T12:00:00+01:00</td><td>2018-09-28T12:00:00+01:00</td><td/></tr><tr><td style=\"white-space:nowrap\">99<a name=\"TRE-R74-ModeFixationTarifaire-99\"> </a></td><td>Indéterminé</td><td>2002-01-01T00:00:00+01:00</td><td>2002-04-15T00:00:00+01:00</td><td/></tr></table></div>"
  },
  "extension" : [{
    "url" : "http://hl7.org/fhir/StructureDefinition/resource-effectivePeriod",
    "valuePeriod" : {
      "start" : "1999-11-02T00:00:00+01:00"
    }
  }],
  "url" : "https://mos.esante.gouv.fr/NOS/TRE_R74-ModeFixationTarifaire/FHIR/TRE-R74-ModeFixationTarifaire",
  "identifier" : [{
    "value" : "urn:oid:1.2.250.1.213.1.6.1.46"
  }],
  "version" : "1.2.0",
  "name" : "TRE_R74-ModeFixationTarifaire",
  "status" : "active",
  "date" : "2024-02-23T12:00:00+01:00",
  "publisher" : "ANS",
  "contact" : [{
    "name" : "ANS",
    "telecom" : [{
      "system" : "url",
      "value" : "https://esante.gouv.fr"
    }]
  }],
  "description" : "Mode de fixation tarifaire",
  "content" : "complete",
  "property" : [{
    "code" : "dateValid",
    "description" : "date de validité d'un code concept",
    "type" : "dateTime"
  },
  {
    "code" : "dateMaj",
    "description" : "Date de mise à jour d'un code concept",
    "type" : "dateTime"
  },
  {
    "code" : "dateFin",
    "description" : "Date de fin d'exploitation d'un code concept",
    "type" : "dateTime"
  }],
  "concept" : [{
    "code" : "01",
    "display" : "Etablissement Tarif Libre",
    "designation" : [{
      "use" : {
        "code" : "LibelleCourt"
      },
      "value" : "Tarif libre"
    },
    {
      "use" : {
        "code" : "LibelleAdapte"
      },
      "value" : "Etablissement Tarif Libre"
    }],
    "property" : [{
      "code" : "dateValid",
      "valueDateTime" : "1999-11-02T00:00:00+01:00"
    },
    {
      "code" : "dateMaj",
      "valueDateTime" : "2018-09-28T12:00:00+01:00"
    }]
  },
  {
    "code" : "02",
    "display" : "Autorité Ministérielle",
    "designation" : [{
      "use" : {
        "code" : "LibelleCourt"
      },
      "value" : "Autorité Ministre"
    },
    {
      "use" : {
        "code" : "LibelleAdapte"
      },
      "value" : "Autorité Ministérielle"
    }],
    "property" : [{
      "code" : "dateValid",
      "valueDateTime" : "1999-11-02T00:00:00+01:00"
    },
    {
      "code" : "dateMaj",
      "valueDateTime" : "2018-09-28T12:00:00+01:00"
    }]
  },
  {
    "code" : "03",
    "display" : "ARS établissements Publics de santé dotation globale",
    "designation" : [{
      "use" : {
        "code" : "LibelleCourt"
      },
      "value" : "ARS - DG EPS"
    },
    {
      "use" : {
        "code" : "LibelleAdapte"
      },
      "value" : "ARS établissements publics de santé dotation globale"
    }],
    "property" : [{
      "code" : "dateValid",
      "valueDateTime" : "1999-11-02T00:00:00+01:00"
    },
    {
      "code" : "dateMaj",
      "valueDateTime" : "1999-09-21T00:00:00+01:00"
    }]
  },
  {
    "code" : "04",
    "display" : "ARS établissements PSPH dotation globale",
    "designation" : [{
      "use" : {
        "code" : "LibelleCourt"
      },
      "value" : "ARS - DG PSPH"
    },
    {
      "use" : {
        "code" : "LibelleAdapte"
      },
      "value" : "ARS établissements PSPH dotation globale"
    }],
    "property" : [{
      "code" : "dateValid",
      "valueDateTime" : "1999-11-02T00:00:00+01:00"
    },
    {
      "code" : "dateMaj",
      "valueDateTime" : "1999-09-21T00:00:00+01:00"
    }]
  },
  {
    "code" : "05",
    "display" : "ARS établissements médico-soc. non financés dotation globale",
    "designation" : [{
      "use" : {
        "code" : "LibelleCourt"
      },
      "value" : "ARS - Non DG"
    },
    {
      "use" : {
        "code" : "LibelleAdapte"
      },
      "value" : "ARS établissements médico-sociaux non financés par dotation globale"
    }],
    "property" : [{
      "code" : "dateValid",
      "valueDateTime" : "1999-11-02T00:00:00+01:00"
    },
    {
      "code" : "dateMaj",
      "valueDateTime" : "2016-09-01T00:00:00+01:00"
    }]
  },
  {
    "code" : "06",
    "display" : "Tarif d'autorité",
    "designation" : [{
      "use" : {
        "code" : "LibelleCourt"
      },
      "value" : "AM-Tarif Autorité"
    },
    {
      "use" : {
        "code" : "LibelleAdapte"
      },
      "value" : "Tarif d'autorité"
    }],
    "property" : [{
      "code" : "dateValid",
      "valueDateTime" : "1999-11-02T00:00:00+01:00"
    },
    {
      "code" : "dateMaj",
      "valueDateTime" : "1999-09-21T00:00:00+01:00"
    }]
  },
  {
    "code" : "07",
    "display" : "ARS établissements de santé non financés dotation globale",
    "designation" : [{
      "use" : {
        "code" : "LibelleCourt"
      },
      "value" : "ARS - san pr non DG"
    },
    {
      "use" : {
        "code" : "LibelleAdapte"
      },
      "value" : "ARS établissements de santé non financés par dotation globale"
    }],
    "property" : [{
      "code" : "dateValid",
      "valueDateTime" : "1999-11-02T00:00:00+01:00"
    },
    {
      "code" : "dateMaj",
      "valueDateTime" : "1999-09-21T00:00:00+01:00"
    }]
  },
  {
    "code" : "08",
    "display" : "Président du Conseil Départemental ou métropole",
    "designation" : [{
      "use" : {
        "code" : "LibelleCourt"
      },
      "value" : "PCD ou métropole"
    },
    {
      "use" : {
        "code" : "LibelleAdapte"
      },
      "value" : "Président du Conseil Départemental ou métropole"
    }],
    "property" : [{
      "code" : "dateValid",
      "valueDateTime" : "1999-11-02T00:00:00+01:00"
    },
    {
      "code" : "dateMaj",
      "valueDateTime" : "2024-02-23T12:00:00+01:00"
    }]
  },
  {
    "code" : "09",
    "display" : "ARS PCD mixte (2 arrêtés), habilité aide sociale",
    "designation" : [{
      "use" : {
        "code" : "LibelleCourt"
      },
      "value" : "ARS PCD mixte HAS"
    },
    {
      "use" : {
        "code" : "LibelleAdapte"
      },
      "value" : "ARS PCD mixte (2 arrêtés), habilité aide sociale"
    }],
    "property" : [{
      "code" : "dateValid",
      "valueDateTime" : "1999-11-02T00:00:00+01:00"
    },
    {
      "code" : "dateMaj",
      "valueDateTime" : "2016-09-01T00:00:00+01:00"
    }]
  },
  {
    "code" : "10",
    "display" : "Autorité Conjointe Préfet ou ARS/PCD ou métropole (1 arrêté)",
    "designation" : [{
      "use" : {
        "code" : "LibelleCourt"
      },
      "value" : "Préfet ou ARS/PCD ou métropole"
    },
    {
      "use" : {
        "code" : "LibelleAdapte"
      },
      "value" : "Autorité Conjointe Préfet ou ARS/PCD ou métropole (1 arrêté)"
    }],
    "property" : [{
      "code" : "dateValid",
      "valueDateTime" : "1999-11-02T00:00:00+01:00"
    },
    {
      "code" : "dateMaj",
      "valueDateTime" : "2024-02-23T12:00:00+01:00"
    }]
  },
  {
    "code" : "11",
    "display" : "Tarifs ARS, PCD, hébergt libre",
    "designation" : [{
      "use" : {
        "code" : "LibelleCourt"
      },
      "value" : "ARS-PCD mixte nHAS"
    },
    {
      "use" : {
        "code" : "LibelleAdapte"
      },
      "value" : "Tarifs ARS, PCD, hébergement libre"
    }],
    "property" : [{
      "code" : "dateValid",
      "valueDateTime" : "1999-11-02T00:00:00+01:00"
    },
    {
      "code" : "dateMaj",
      "valueDateTime" : "2016-09-01T00:00:00+01:00"
    }]
  },
  {
    "code" : "14",
    "display" : "Organismes Nationaux de Sécurité Sociale",
    "designation" : [{
      "use" : {
        "code" : "LibelleCourt"
      },
      "value" : "Organ.Nationaux S.S."
    },
    {
      "use" : {
        "code" : "LibelleAdapte"
      },
      "value" : "Organismes Nationaux de Sécurité Sociale"
    }],
    "property" : [{
      "code" : "dateValid",
      "valueDateTime" : "1999-11-02T00:00:00+01:00"
    },
    {
      "code" : "dateMaj",
      "valueDateTime" : "2018-09-28T12:00:00+01:00"
    }]
  },
  {
    "code" : "15",
    "display" : "ARS privé hors PSPH sous dotation globale",
    "designation" : [{
      "use" : {
        "code" : "LibelleCourt"
      },
      "value" : "ARS priv non PSPH DG"
    },
    {
      "use" : {
        "code" : "LibelleAdapte"
      },
      "value" : "ARS privé hors PSPH sous dotation globale"
    }],
    "property" : [{
      "code" : "dateValid",
      "valueDateTime" : "1999-11-02T00:00:00+01:00"
    },
    {
      "code" : "dateMaj",
      "valueDateTime" : "1999-01-12T00:00:00+01:00"
    }]
  },
  {
    "code" : "16",
    "display" : "CRAM homologué préfet de région",
    "designation" : [{
      "use" : {
        "code" : "LibelleCourt"
      },
      "value" : "CRAM homol préf rég"
    },
    {
      "use" : {
        "code" : "LibelleAdapte"
      },
      "value" : "CRAM homologué préfet de région"
    }],
    "property" : [{
      "code" : "dateValid",
      "valueDateTime" : "1999-11-02T00:00:00+01:00"
    },
    {
      "code" : "dateFin",
      "valueDateTime" : "2001-12-31T00:00:00+01:00"
    },
    {
      "code" : "dateMaj",
      "valueDateTime" : "2002-02-07T00:00:00+01:00"
    }]
  },
  {
    "code" : "17",
    "display" : "Autorité mixte ARS PCD dotation globale",
    "designation" : [{
      "use" : {
        "code" : "LibelleCourt"
      },
      "value" : "ARS PCD mixte DG"
    },
    {
      "use" : {
        "code" : "LibelleAdapte"
      },
      "value" : "Autorité mixte ARS PCD dotation globale"
    }],
    "property" : [{
      "code" : "dateValid",
      "valueDateTime" : "1999-11-02T00:00:00+01:00"
    },
    {
      "code" : "dateMaj",
      "valueDateTime" : "2016-09-01T00:00:00+01:00"
    }]
  },
  {
    "code" : "18",
    "display" : "Autorité mixte ARS PCG Etab long séjour conv tripartite",
    "designation" : [{
      "use" : {
        "code" : "LibelleCourt"
      },
      "value" : "ARS PCG mixte LS"
    },
    {
      "use" : {
        "code" : "LibelleAdapte"
      },
      "value" : "Autorité mixte ARS PCG établissement long séjour convention tripartite"
    }],
    "property" : [{
      "code" : "dateValid",
      "valueDateTime" : "1999-11-02T00:00:00+01:00"
    },
    {
      "code" : "dateFin",
      "valueDateTime" : "2001-03-01T00:00:00+01:00"
    },
    {
      "code" : "dateMaj",
      "valueDateTime" : "1999-09-21T00:00:00+01:00"
    }]
  },
  {
    "code" : "19",
    "display" : "Autorité mixte préfet dpt PCG EHPA conv tripartite",
    "designation" : [{
      "use" : {
        "code" : "LibelleCourt"
      },
      "value" : "PD PCG mixte EHPA"
    },
    {
      "use" : {
        "code" : "LibelleAdapte"
      },
      "value" : "Autorité mixte préfet déptartement PCG EHPA convention tripartite"
    }],
    "property" : [{
      "code" : "dateValid",
      "valueDateTime" : "1999-11-02T00:00:00+01:00"
    },
    {
      "code" : "dateFin",
      "valueDateTime" : "2001-03-01T00:00:00+01:00"
    },
    {
      "code" : "dateMaj",
      "valueDateTime" : "1999-09-21T00:00:00+01:00"
    }]
  },
  {
    "code" : "20",
    "display" : "ARS PCG mixte, Accueil de jour PA, HAS",
    "designation" : [{
      "use" : {
        "code" : "LibelleCourt"
      },
      "value" : "ARS-PCG CAJ PA HAS"
    },
    {
      "use" : {
        "code" : "LibelleAdapte"
      },
      "value" : "ARS PCG mixte, Accueil de jour PA, HAS"
    }],
    "property" : [{
      "code" : "dateValid",
      "valueDateTime" : "2001-03-01T00:00:00+01:00"
    },
    {
      "code" : "dateFin",
      "valueDateTime" : "2015-04-24T00:00:00+01:00"
    },
    {
      "code" : "dateMaj",
      "valueDateTime" : "2015-04-24T00:00:00+01:00"
    }]
  },
  {
    "code" : "21",
    "display" : "ARS PCD mixte, Accueil de jour PA, HAS",
    "designation" : [{
      "use" : {
        "code" : "LibelleCourt"
      },
      "value" : "ARS-PCD CAJ PA HAS"
    },
    {
      "use" : {
        "code" : "LibelleAdapte"
      },
      "value" : "ARS PCD mixte, Accueil de jour PA, HAS"
    }],
    "property" : [{
      "code" : "dateValid",
      "valueDateTime" : "2001-03-01T00:00:00+01:00"
    },
    {
      "code" : "dateMaj",
      "valueDateTime" : "2016-09-01T00:00:00+01:00"
    }]
  },
  {
    "code" : "22",
    "display" : "Autorité mixte ARS PCD ESLD tripartite DG global",
    "designation" : [{
      "use" : {
        "code" : "LibelleCourt"
      },
      "value" : "ARS-PCD ESLD global"
    },
    {
      "use" : {
        "code" : "LibelleAdapte"
      },
      "value" : "Autorité mixte ARS PCD ESLD tripartite DG global"
    }],
    "property" : [{
      "code" : "dateValid",
      "valueDateTime" : "2001-03-01T00:00:00+01:00"
    },
    {
      "code" : "dateMaj",
      "valueDateTime" : "2016-09-01T00:00:00+01:00"
    }]
  },
  {
    "code" : "23",
    "display" : "Autorité mixte ARS PCD ESLD tripartite DG partielle",
    "designation" : [{
      "use" : {
        "code" : "LibelleCourt"
      },
      "value" : "ARS-PCD ESLD partiel"
    },
    {
      "use" : {
        "code" : "LibelleAdapte"
      },
      "value" : "Autorité mixte ARS PCD ESLD tripartite DG partielle"
    }],
    "property" : [{
      "code" : "dateValid",
      "valueDateTime" : "2001-03-01T00:00:00+01:00"
    },
    {
      "code" : "dateMaj",
      "valueDateTime" : "2016-09-01T00:00:00+01:00"
    }]
  },
  {
    "code" : "24",
    "display" : "ARS PCG mixte, Accueil de jour PA, nHAS, hébergement libre",
    "designation" : [{
      "use" : {
        "code" : "LibelleCourt"
      },
      "value" : "ARS-PCG CAJ PA nHAS"
    },
    {
      "use" : {
        "code" : "LibelleAdapte"
      },
      "value" : "ARS PCG mixte, Accueil de jour PA, nHAS, hébergement libre"
    }],
    "property" : [{
      "code" : "dateValid",
      "valueDateTime" : "2001-03-01T00:00:00+01:00"
    },
    {
      "code" : "dateFin",
      "valueDateTime" : "2015-01-22T00:00:00+01:00"
    },
    {
      "code" : "dateMaj",
      "valueDateTime" : "2015-01-22T00:00:00+01:00"
    }]
  },
  {
    "code" : "25",
    "display" : "ARS PCD mixte, Accueil de jour PA, nHAS, hébergement libre",
    "designation" : [{
      "use" : {
        "code" : "LibelleCourt"
      },
      "value" : "ARS-PCD CAJ PA nHAS"
    },
    {
      "use" : {
        "code" : "LibelleAdapte"
      },
      "value" : "ARS PCD mixte, Accueil de jour PA, nHAS, hébergement libre"
    }],
    "property" : [{
      "code" : "dateValid",
      "valueDateTime" : "2001-03-01T00:00:00+01:00"
    },
    {
      "code" : "dateMaj",
      "valueDateTime" : "2016-09-01T00:00:00+01:00"
    }]
  },
  {
    "code" : "26",
    "display" : "Logement Foyer convention partielle PAP (conv. EHPAD part.)",
    "designation" : [{
      "use" : {
        "code" : "LibelleCourt"
      },
      "value" : "LF conv partiel PAP"
    },
    {
      "use" : {
        "code" : "LibelleAdapte"
      },
      "value" : "Logement Foyer convention partielle PAP (conv EHPAD part)"
    }],
    "property" : [{
      "code" : "dateValid",
      "valueDateTime" : "2011-11-18T00:00:00+01:00"
    },
    {
      "code" : "dateFin",
      "valueDateTime" : "2014-07-07T00:00:00+01:00"
    },
    {
      "code" : "dateMaj",
      "valueDateTime" : "2014-07-23T00:00:00+01:00"
    }]
  },
  {
    "code" : "30",
    "display" : "Préfet de région établissements et services sociaux",
    "designation" : [{
      "use" : {
        "code" : "LibelleCourt"
      },
      "value" : "Préfet région soc."
    },
    {
      "use" : {
        "code" : "LibelleAdapte"
      },
      "value" : "Préfet de région établissements et services sociaux"
    }],
    "property" : [{
      "code" : "dateValid",
      "valueDateTime" : "2010-11-12T00:00:00+01:00"
    },
    {
      "code" : "dateMaj",
      "valueDateTime" : "2016-09-01T00:00:00+01:00"
    }]
  },
  {
    "code" : "31",
    "display" : "Pdt Conseil Départemental-Subvention",
    "designation" : [{
      "use" : {
        "code" : "LibelleCourt"
      },
      "value" : "PCD-subv"
    },
    {
      "use" : {
        "code" : "LibelleAdapte"
      },
      "value" : "Président Conseil Départemental-Subvention"
    }],
    "property" : [{
      "code" : "dateValid",
      "valueDateTime" : "2010-11-12T00:00:00+01:00"
    },
    {
      "code" : "dateMaj",
      "valueDateTime" : "2018-09-28T12:00:00+01:00"
    }]
  },
  {
    "code" : "32",
    "display" : "Echelle tarifaire publique",
    "designation" : [{
      "use" : {
        "code" : "LibelleCourt"
      },
      "value" : "Ech tarif publique"
    },
    {
      "use" : {
        "code" : "LibelleAdapte"
      },
      "value" : "Echelle tarifaire publique"
    }],
    "property" : [{
      "code" : "dateValid",
      "valueDateTime" : "2011-05-04T00:00:00+01:00"
    },
    {
      "code" : "dateMaj",
      "valueDateTime" : "2011-05-13T00:00:00+01:00"
    }]
  },
  {
    "code" : "33",
    "display" : "Echelle tarifaire privée",
    "designation" : [{
      "use" : {
        "code" : "LibelleCourt"
      },
      "value" : "Ech tarif privée"
    },
    {
      "use" : {
        "code" : "LibelleAdapte"
      },
      "value" : "Echelle tarifaire privée"
    }],
    "property" : [{
      "code" : "dateValid",
      "valueDateTime" : "2011-05-04T00:00:00+01:00"
    },
    {
      "code" : "dateMaj",
      "valueDateTime" : "2011-05-13T00:00:00+01:00"
    }]
  },
  {
    "code" : "34",
    "display" : "ARS - DG dotation globale",
    "designation" : [{
      "use" : {
        "code" : "LibelleCourt"
      },
      "value" : "ARS - DG"
    },
    {
      "use" : {
        "code" : "LibelleAdapte"
      },
      "value" : "ARS - DG dotation globale"
    }],
    "property" : [{
      "code" : "dateValid",
      "valueDateTime" : "2013-01-23T00:00:00+01:00"
    },
    {
      "code" : "dateMaj",
      "valueDateTime" : "2013-01-23T00:00:00+01:00"
    }]
  },
  {
    "code" : "35",
    "display" : "Préfet de département Subvention",
    "designation" : [{
      "use" : {
        "code" : "LibelleCourt"
      },
      "value" : "Préfet départ. subv."
    },
    {
      "use" : {
        "code" : "LibelleAdapte"
      },
      "value" : "Préfet de département Subvention"
    }],
    "property" : [{
      "code" : "dateValid",
      "valueDateTime" : "2016-09-01T00:00:00+01:00"
    },
    {
      "code" : "dateMaj",
      "valueDateTime" : "2016-09-01T00:00:00+01:00"
    }]
  },
  {
    "code" : "36",
    "display" : "Tarifs conventionnels assurance maladie",
    "designation" : [{
      "use" : {
        "code" : "LibelleCourt"
      },
      "value" : "Conventionnel AM"
    },
    {
      "use" : {
        "code" : "LibelleAdapte"
      },
      "value" : "Tarifs conventionnels assurance maladie"
    }],
    "property" : [{
      "code" : "dateValid",
      "valueDateTime" : "2013-12-19T00:00:00+01:00"
    },
    {
      "code" : "dateMaj",
      "valueDateTime" : "2013-12-19T00:00:00+01:00"
    }]
  },
  {
    "code" : "38",
    "display" : "Régime spécial de prévoyance",
    "designation" : [{
      "use" : {
        "code" : "LibelleCourt"
      },
      "value" : "Régime spécial"
    },
    {
      "use" : {
        "code" : "LibelleAdapte"
      },
      "value" : "Régime spécial de prévoyance"
    }],
    "property" : [{
      "code" : "dateValid",
      "valueDateTime" : "2021-11-26T12:00:00+01:00"
    },
    {
      "code" : "dateMaj",
      "valueDateTime" : "2021-11-26T12:00:00+01:00"
    }]
  },
  {
    "code" : "40",
    "display" : "ARS-PCD, Tarif global, habilité aide sociale, recours PUI",
    "designation" : [{
      "use" : {
        "code" : "LibelleCourt"
      },
      "value" : "ARS TG HAS PUI"
    },
    {
      "use" : {
        "code" : "LibelleAdapte"
      },
      "value" : "ARS-PCD, Tarif global, habilité aide sociale, recours PUI"
    }],
    "property" : [{
      "code" : "dateValid",
      "valueDateTime" : "2015-01-01T00:00:00+01:00"
    },
    {
      "code" : "dateMaj",
      "valueDateTime" : "2016-09-01T00:00:00+01:00"
    }]
  },
  {
    "code" : "41",
    "display" : "ARS-PCD, Tarif global, habilité aide sociale sans PUI",
    "designation" : [{
      "use" : {
        "code" : "LibelleCourt"
      },
      "value" : "ARS TG HAS nPUI"
    },
    {
      "use" : {
        "code" : "LibelleAdapte"
      },
      "value" : "ARS-PCD, Tarif global, habilité aide sociale sans PUI"
    }],
    "property" : [{
      "code" : "dateValid",
      "valueDateTime" : "2015-01-01T00:00:00+01:00"
    },
    {
      "code" : "dateMaj",
      "valueDateTime" : "2016-09-01T00:00:00+01:00"
    }]
  },
  {
    "code" : "42",
    "display" : "ARS-PCD, Tarif global, non hab.aide sociale, recours PUI",
    "designation" : [{
      "use" : {
        "code" : "LibelleCourt"
      },
      "value" : "ARS TG nHAS PUI"
    },
    {
      "use" : {
        "code" : "LibelleAdapte"
      },
      "value" : "ARS-PCD, Tarif global, non habilité aide sociale, recours PUI"
    }],
    "property" : [{
      "code" : "dateValid",
      "valueDateTime" : "2015-01-01T00:00:00+01:00"
    },
    {
      "code" : "dateMaj",
      "valueDateTime" : "2016-09-01T00:00:00+01:00"
    }]
  },
  {
    "code" : "43",
    "display" : "ARS-PCD, Tarif global, non habilité aide sociale sans PUI",
    "designation" : [{
      "use" : {
        "code" : "LibelleCourt"
      },
      "value" : "ARS TG nHAS nPUI"
    },
    {
      "use" : {
        "code" : "LibelleAdapte"
      },
      "value" : "ARS-PCD, Tarif global, non habilité aide sociale sans PUI"
    }],
    "property" : [{
      "code" : "dateValid",
      "valueDateTime" : "2015-01-01T00:00:00+01:00"
    },
    {
      "code" : "dateMaj",
      "valueDateTime" : "2016-09-01T00:00:00+01:00"
    }]
  },
  {
    "code" : "44",
    "display" : "ARS-PCD, Tarif partiel, habilité aide sociale, recours PUI",
    "designation" : [{
      "use" : {
        "code" : "LibelleCourt"
      },
      "value" : "ARS TP HAS PUI"
    },
    {
      "use" : {
        "code" : "LibelleAdapte"
      },
      "value" : "ARS-PCD, Tarif partiel, habilité aide sociale, recours PUI"
    }],
    "property" : [{
      "code" : "dateValid",
      "valueDateTime" : "2015-01-01T00:00:00+01:00"
    },
    {
      "code" : "dateMaj",
      "valueDateTime" : "2016-09-01T00:00:00+01:00"
    }]
  },
  {
    "code" : "45",
    "display" : "ARS-PCD, Tarif partiel, habilité aide sociale sans PUI",
    "designation" : [{
      "use" : {
        "code" : "LibelleCourt"
      },
      "value" : "ARS TP HAS nPUI"
    },
    {
      "use" : {
        "code" : "LibelleAdapte"
      },
      "value" : "ARS-PCD, Tarif partiel, habilité aide sociale sans PUI"
    }],
    "property" : [{
      "code" : "dateValid",
      "valueDateTime" : "2015-01-01T00:00:00+01:00"
    },
    {
      "code" : "dateMaj",
      "valueDateTime" : "2016-09-01T00:00:00+01:00"
    }]
  },
  {
    "code" : "46",
    "display" : "ARS-PCD, Tarif partiel, non hab.aide sociale, recours PUI",
    "designation" : [{
      "use" : {
        "code" : "LibelleCourt"
      },
      "value" : "ARS TP nHAS PUI"
    },
    {
      "use" : {
        "code" : "LibelleAdapte"
      },
      "value" : "ARS-PCD, Tarif partiel, non habilité aide sociale, recours PUI"
    }],
    "property" : [{
      "code" : "dateValid",
      "valueDateTime" : "2015-01-01T00:00:00+01:00"
    },
    {
      "code" : "dateMaj",
      "valueDateTime" : "2016-09-01T00:00:00+01:00"
    }]
  },
  {
    "code" : "47",
    "display" : "ARS-PCD, Tarif partiel, non habilité aide sociale sans PUI",
    "designation" : [{
      "use" : {
        "code" : "LibelleCourt"
      },
      "value" : "ARS TP nHAS nPUI"
    },
    {
      "use" : {
        "code" : "LibelleAdapte"
      },
      "value" : "ARS-PCD, Tarif partiel, non habilité aide sociale sans PUI"
    }],
    "property" : [{
      "code" : "dateValid",
      "valueDateTime" : "2015-01-01T00:00:00+01:00"
    },
    {
      "code" : "dateMaj",
      "valueDateTime" : "2016-09-01T00:00:00+01:00"
    }]
  },
  {
    "code" : "48",
    "display" : "ARS-PCD, EHPA, dot globale de soins, habilité aide sociale",
    "designation" : [{
      "use" : {
        "code" : "LibelleCourt"
      },
      "value" : "ARS PCD EHPA DGS HAS"
    },
    {
      "use" : {
        "code" : "LibelleAdapte"
      },
      "value" : "ARS-PCD, EHPA, dotation globale de soins, habilité aide sociale"
    }],
    "property" : [{
      "code" : "dateValid",
      "valueDateTime" : "2015-01-01T00:00:00+01:00"
    },
    {
      "code" : "dateMaj",
      "valueDateTime" : "2016-09-01T00:00:00+01:00"
    }]
  },
  {
    "code" : "49",
    "display" : "ARS-PCD, EHPA, dot globale soins, non habilité aide sociale",
    "designation" : [{
      "use" : {
        "code" : "LibelleCourt"
      },
      "value" : "ARS PCD EHPA DGS nAS"
    },
    {
      "use" : {
        "code" : "LibelleAdapte"
      },
      "value" : "ARS-PCD, EHPA, dotation globale de soins, non habilité aide sociale"
    }],
    "property" : [{
      "code" : "dateValid",
      "valueDateTime" : "2015-01-01T00:00:00+01:00"
    },
    {
      "code" : "dateMaj",
      "valueDateTime" : "2016-09-01T00:00:00+01:00"
    }]
  },
  {
    "code" : "50",
    "display" : "ARS-PCD, PUV, forfait soins, habilité aide sociale",
    "designation" : [{
      "use" : {
        "code" : "LibelleCourt"
      },
      "value" : "ARS PCD PUV FS HAS"
    },
    {
      "use" : {
        "code" : "LibelleAdapte"
      },
      "value" : "ARS-PCD, PUV, forfait soins, habilité aide sociale"
    }],
    "property" : [{
      "code" : "dateValid",
      "valueDateTime" : "2015-01-01T00:00:00+01:00"
    },
    {
      "code" : "dateMaj",
      "valueDateTime" : "2016-09-01T00:00:00+01:00"
    }]
  },
  {
    "code" : "51",
    "display" : "ARS-PCD, PUV, forfait soins, non habilité aide sociale",
    "designation" : [{
      "use" : {
        "code" : "LibelleCourt"
      },
      "value" : "ARS PCD PUV FS nHAS"
    },
    {
      "use" : {
        "code" : "LibelleAdapte"
      },
      "value" : "ARS-PCD, PUV, forfait soins, non habilité aide sociale"
    }],
    "property" : [{
      "code" : "dateValid",
      "valueDateTime" : "2015-01-01T00:00:00+01:00"
    },
    {
      "code" : "dateMaj",
      "valueDateTime" : "2016-09-01T00:00:00+01:00"
    }]
  },
  {
    "code" : "52",
    "display" : "ARS-PCD, LF, forfait soins, habilité aide sociale",
    "designation" : [{
      "use" : {
        "code" : "LibelleCourt"
      },
      "value" : "ARS PCD LF FS HAS"
    },
    {
      "use" : {
        "code" : "LibelleAdapte"
      },
      "value" : "ARS-PCD, LF, forfait soins, habilité aide sociale"
    }],
    "property" : [{
      "code" : "dateValid",
      "valueDateTime" : "2015-01-01T00:00:00+01:00"
    },
    {
      "code" : "dateMaj",
      "valueDateTime" : "2016-09-01T00:00:00+01:00"
    }]
  },
  {
    "code" : "53",
    "display" : "ARS-PCD, LF, forfait soins, non habilité aide sociale",
    "designation" : [{
      "use" : {
        "code" : "LibelleCourt"
      },
      "value" : "ARS PCD LF FS nHAS"
    },
    {
      "use" : {
        "code" : "LibelleAdapte"
      },
      "value" : "ARS-PCD, LF, forfait soins, non habilité aide sociale"
    }],
    "property" : [{
      "code" : "dateValid",
      "valueDateTime" : "2015-01-01T00:00:00+01:00"
    },
    {
      "code" : "dateMaj",
      "valueDateTime" : "2016-09-01T00:00:00+01:00"
    }]
  },
  {
    "code" : "54",
    "display" : "Tarif AM - Services de Soins Infirmiers A Domicile",
    "designation" : [{
      "use" : {
        "code" : "LibelleCourt"
      },
      "value" : "Tarif AM - SSIAD"
    },
    {
      "use" : {
        "code" : "LibelleAdapte"
      },
      "value" : "Tarif AM - Services de Soins Infirmiers A Domicile"
    }],
    "property" : [{
      "code" : "dateValid",
      "valueDateTime" : "2016-09-01T00:00:00+01:00"
    },
    {
      "code" : "dateMaj",
      "valueDateTime" : "2018-09-28T12:00:00+01:00"
    }]
  },
  {
    "code" : "55",
    "display" : "ARS-PCD, PUV, convention SSIAD, non habilité à l'aide social",
    "designation" : [{
      "use" : {
        "code" : "LibelleCourt"
      },
      "value" : "ARS PCD PUV CD NHAS"
    },
    {
      "use" : {
        "code" : "LibelleAdapte"
      },
      "value" : "ARS-PCD, PUV, convention SSIAD, non habilité à l'aide social"
    }],
    "property" : [{
      "code" : "dateValid",
      "valueDateTime" : "2018-09-28T12:00:00+01:00"
    },
    {
      "code" : "dateMaj",
      "valueDateTime" : "2018-09-28T12:00:00+01:00"
    }]
  },
  {
    "code" : "56",
    "display" : "ARS-PCD, PUV, convention SSIAD, habilité à l'aide sociale",
    "designation" : [{
      "use" : {
        "code" : "LibelleCourt"
      },
      "value" : "ARS PCD PUV CD HAS"
    },
    {
      "use" : {
        "code" : "LibelleAdapte"
      },
      "value" : "ARS-PCD, PUV, convention SSIAD, habilité à l'aide sociale"
    }],
    "property" : [{
      "code" : "dateValid",
      "valueDateTime" : "2018-09-28T12:00:00+01:00"
    },
    {
      "code" : "dateMaj",
      "valueDateTime" : "2018-09-28T12:00:00+01:00"
    }]
  },
  {
    "code" : "57",
    "display" : "ARS /ARS PCD Dotation forfait ou prix de journée globalisés (CPOM)",
    "designation" : [{
      "use" : {
        "code" : "LibelleCourt"
      },
      "value" : "ARS/ARS PCD Dot.Glob"
    },
    {
      "use" : {
        "code" : "LibelleAdapte"
      },
      "value" : "ARS /ARS PCD Dotation forfait ou prix de journée globalisés (CPOM)"
    }],
    "property" : [{
      "code" : "dateValid",
      "valueDateTime" : "2018-09-28T12:00:00+01:00"
    },
    {
      "code" : "dateMaj",
      "valueDateTime" : "2020-01-31T12:00:00+01:00"
    }]
  },
  {
    "code" : "58",
    "display" : "ARS dotation forfait ou prix de journée globalisé hors CPOM",
    "designation" : [{
      "use" : {
        "code" : "LibelleCourt"
      },
      "value" : "ARS PJ glob.hors CPOM"
    },
    {
      "use" : {
        "code" : "LibelleAdapte"
      },
      "value" : "ARS dotation forfait ou prix de journée globalisé hors CPOM"
    }],
    "property" : [{
      "code" : "dateValid",
      "valueDateTime" : "2018-09-28T12:00:00+01:00"
    },
    {
      "code" : "dateMaj",
      "valueDateTime" : "2018-09-28T12:00:00+01:00"
    }]
  },
  {
    "code" : "99",
    "display" : "Indéterminé",
    "designation" : [{
      "use" : {
        "code" : "LibelleCourt"
      },
      "value" : "Indéterminé"
    },
    {
      "use" : {
        "code" : "LibelleAdapte"
      },
      "value" : "Indéterminé"
    }],
    "property" : [{
      "code" : "dateValid",
      "valueDateTime" : "2002-01-01T00:00:00+01:00"
    },
    {
      "code" : "dateMaj",
      "valueDateTime" : "2002-04-15T00:00:00+01:00"
    }]
  }]
}