{
  "resourceType" : "CodeSystem",
  "id" : "TRE-R258-RelationPriseCharge",
  "text" : {
    "status" : "generated",
    "div" : "<div xmlns=\"http://www.w3.org/1999/xhtml\"><p class=\"res-header-id\"><b>Generated Narrative: CodeSystem TRE-R258-RelationPriseCharge</b></p><a name=\"TRE-R258-RelationPriseCharge\"> </a><a name=\"hcTRE-R258-RelationPriseCharge\"> </a><a name=\"hcTRE-R258-RelationPriseCharge-en-US\"> </a><p><b>Properties</b></p><p><b>This code system defines the following properties for its concepts</b></p><table class=\"grid\"><tr><td><b>Name</b></td><td><b>Code</b></td><td><b>Type</b></td><td><b>Description</b></td></tr><tr><td>dateValid</td><td>dateValid</td><td>dateTime</td><td>date de validité d'un code concept</td></tr><tr><td>dateMaj</td><td>dateMaj</td><td>dateTime</td><td>Date de mise à jour d'un code concept</td></tr><tr><td>dateFin</td><td>dateFin</td><td>dateTime</td><td>Date de fin d'exploitation d'un code concept</td></tr></table><p><b>Concepts</b></p><p>This  code system <code>https://mos.esante.gouv.fr/NOS/TRE_R258-RelationPriseCharge/FHIR/TRE-R258-RelationPriseCharge</code> defines the following codes:</p><table class=\"codes\"><tr><td style=\"white-space:nowrap\"><b>Code</b></td><td><b>Display</b></td><td><b>dateValid</b></td><td><b>dateMaj</b></td><td><b>dateFin</b></td></tr><tr><td style=\"white-space:nowrap\">CORRE<a name=\"TRE-R258-RelationPriseCharge-CORRE\"> </a></td><td>Correspondant</td><td>2018-03-30T12:00:00+01:00</td><td>2018-03-30T12:00:00+01:00</td><td/></tr><tr><td style=\"white-space:nowrap\">MES<a name=\"TRE-R258-RelationPriseCharge-MES\"> </a></td><td>Membre de l'équipe de soins</td><td>2018-03-30T12:00:00+01:00</td><td>2019-04-26T12:00:00+01:00</td><td>2019-04-26T12:00:00+01:00</td></tr><tr><td style=\"white-space:nowrap\">NUM<a name=\"TRE-R258-RelationPriseCharge-NUM\"> </a></td><td>Numérisateur du document de santé</td><td>2019-01-25T12:00:00+01:00</td><td>2019-04-26T12:00:00+01:00</td><td>2019-04-26T12:00:00+01:00</td></tr><tr><td style=\"white-space:nowrap\">PRELV<a name=\"TRE-R258-RelationPriseCharge-PRELV\"> </a></td><td>Préleveur</td><td>2020-12-17T12:00:00+01:00</td><td>2020-12-17T12:00:00+01:00</td><td/></tr><tr><td style=\"white-space:nowrap\">ES-REF<a name=\"TRE-R258-RelationPriseCharge-ES-REF\"> </a></td><td>Etablissement de santé de référence</td><td>2024-01-26T12:00:00+01:00</td><td>2024-01-26T12:00:00+01:00</td><td/></tr><tr><td style=\"white-space:nowrap\">ES-PREF<a name=\"TRE-R258-RelationPriseCharge-ES-PREF\"> </a></td><td>Etablissement de santé de préférence</td><td>2024-01-26T12:00:00+01:00</td><td>2024-01-26T12:00:00+01:00</td><td/></tr></table></div>"
  },
  "extension" : [{
    "url" : "http://hl7.org/fhir/StructureDefinition/resource-effectivePeriod",
    "valuePeriod" : {
      "start" : "2018-03-30T12:00:00+01:00"
    }
  }],
  "url" : "https://mos.esante.gouv.fr/NOS/TRE_R258-RelationPriseCharge/FHIR/TRE-R258-RelationPriseCharge",
  "identifier" : [{
    "value" : "urn:oid:1.2.250.1.213.1.1.4.2.280"
  }],
  "version" : "1.2.0",
  "name" : "TRE_R258-RelationPriseCharge",
  "status" : "active",
  "date" : "2024-01-26T12:00:00+01:00",
  "publisher" : "ANS",
  "contact" : [{
    "name" : "ANS",
    "telecom" : [{
      "system" : "url",
      "value" : "https://esante.gouv.fr"
    }]
  }],
  "description" : "Relation dans la prise en charge du patient",
  "content" : "complete",
  "property" : [{
    "code" : "dateValid",
    "description" : "date de validité d'un code concept",
    "type" : "dateTime"
  },
  {
    "code" : "dateMaj",
    "description" : "Date de mise à jour d'un code concept",
    "type" : "dateTime"
  },
  {
    "code" : "dateFin",
    "description" : "Date de fin d'exploitation d'un code concept",
    "type" : "dateTime"
  }],
  "concept" : [{
    "code" : "CORRE",
    "display" : "Correspondant",
    "designation" : [{
      "use" : {
        "code" : "LibelleCourt"
      },
      "value" : "Correspondant"
    },
    {
      "use" : {
        "code" : "LibelleAdapte"
      },
      "value" : "Correspondant"
    }],
    "property" : [{
      "code" : "dateValid",
      "valueDateTime" : "2018-03-30T12:00:00+01:00"
    },
    {
      "code" : "dateMaj",
      "valueDateTime" : "2018-03-30T12:00:00+01:00"
    }]
  },
  {
    "code" : "MES",
    "display" : "Membre de l'équipe de soins",
    "designation" : [{
      "use" : {
        "code" : "LibelleCourt"
      },
      "value" : "Membre de l'équipe de soins"
    },
    {
      "use" : {
        "code" : "LibelleAdapte"
      },
      "value" : "Membre de l'équipe de soins"
    }],
    "property" : [{
      "code" : "dateValid",
      "valueDateTime" : "2018-03-30T12:00:00+01:00"
    },
    {
      "code" : "dateFin",
      "valueDateTime" : "2019-04-26T12:00:00+01:00"
    },
    {
      "code" : "dateMaj",
      "valueDateTime" : "2019-04-26T12:00:00+01:00"
    }]
  },
  {
    "code" : "NUM",
    "display" : "Numérisateur du document de santé",
    "designation" : [{
      "use" : {
        "code" : "LibelleCourt"
      },
      "value" : "Numérisateur document santé"
    },
    {
      "use" : {
        "code" : "LibelleAdapte"
      },
      "value" : "Numérisateur du document de santé"
    }],
    "property" : [{
      "code" : "dateValid",
      "valueDateTime" : "2019-01-25T12:00:00+01:00"
    },
    {
      "code" : "dateFin",
      "valueDateTime" : "2019-04-26T12:00:00+01:00"
    },
    {
      "code" : "dateMaj",
      "valueDateTime" : "2019-04-26T12:00:00+01:00"
    }]
  },
  {
    "code" : "PRELV",
    "display" : "Préleveur",
    "designation" : [{
      "use" : {
        "code" : "LibelleCourt"
      },
      "value" : "Préleveur"
    },
    {
      "use" : {
        "code" : "LibelleAdapte"
      },
      "value" : "Préleveur"
    }],
    "property" : [{
      "code" : "dateValid",
      "valueDateTime" : "2020-12-17T12:00:00+01:00"
    },
    {
      "code" : "dateMaj",
      "valueDateTime" : "2020-12-17T12:00:00+01:00"
    }]
  },
  {
    "code" : "ES-REF",
    "display" : "Etablissement de santé de référence",
    "designation" : [{
      "use" : {
        "code" : "LibelleCourt"
      },
      "value" : "ES de référence"
    },
    {
      "use" : {
        "code" : "LibelleAdapte"
      },
      "value" : "Etablissement de santé de référence"
    }],
    "property" : [{
      "code" : "dateValid",
      "valueDateTime" : "2024-01-26T12:00:00+01:00"
    },
    {
      "code" : "dateMaj",
      "valueDateTime" : "2024-01-26T12:00:00+01:00"
    }]
  },
  {
    "code" : "ES-PREF",
    "display" : "Etablissement de santé de préférence",
    "designation" : [{
      "use" : {
        "code" : "LibelleCourt"
      },
      "value" : "ES de préférence"
    },
    {
      "use" : {
        "code" : "LibelleAdapte"
      },
      "value" : "Etablissement de santé de préférence"
    }],
    "property" : [{
      "code" : "dateValid",
      "valueDateTime" : "2024-01-26T12:00:00+01:00"
    },
    {
      "code" : "dateMaj",
      "valueDateTime" : "2024-01-26T12:00:00+01:00"
    }]
  }]
}