{
  "resourceType" : "ValueSet",
  "id" : "JDV-J234-GenreActivite-EPARS",
  "text" : {
    "status" : "generated",
    "div" : "<div xmlns=\"http://www.w3.org/1999/xhtml\"><ul><li>Include these codes as defined in <a href=\"CodeSystem-TRE-R22-GenreActivite.html\"><code>https://mos.esante.gouv.fr/NOS/TRE_R22-GenreActivite/FHIR/TRE-R22-GenreActivite</code></a><table class=\"none\"><tr><td style=\"white-space:nowrap\"><b>Code</b></td><td><b>Display</b></td></tr><tr><td><a href=\"CodeSystem-TRE-R22-GenreActivite.html#TRE-R22-GenreActivite-GENR01\">GENR01</a></td><td>Activité de soin et de pharmacie</td></tr><tr><td><a href=\"CodeSystem-TRE-R22-GenreActivite.html#TRE-R22-GenreActivite-GENR02\">GENR02</a></td><td>Activité de soins ou de pharmacien en tant que remplaçant</td></tr></table></li></ul></div>"
  },
  "extension" : [{
    "url" : "http://hl7.org/fhir/StructureDefinition/resource-effectivePeriod",
    "valuePeriod" : {
      "start" : "2022-09-30T12:00:00+01:00"
    }
  }],
  "url" : "https://mos.esante.gouv.fr/NOS/JDV_J234-GenreActivite-EPARS/FHIR/JDV-J234-GenreActivite-EPARS",
  "identifier" : [{
    "value" : "urn:oid:1.2.250.1.213.1.6.1.245"
  }],
  "version" : "1.1.0",
  "name" : "JDV_J234-GenreActivite-EPARS",
  "status" : "active",
  "date" : "2022-09-30T12:00:00+01:00",
  "publisher" : "ANS",
  "contact" : [{
    "name" : "ANS",
    "telecom" : [{
      "system" : "url",
      "value" : "https://esante.gouv.fr"
    }]
  }],
  "description" : "Genre d'activité pour EPARS",
  "compose" : {
    "include" : [{
      "system" : "https://mos.esante.gouv.fr/NOS/TRE_R22-GenreActivite/FHIR/TRE-R22-GenreActivite",
      "concept" : [{
        "code" : "GENR01",
        "display" : "Activité de soin et de pharmacie",
        "designation" : [{
          "use" : {
            "code" : "OID"
          },
          "value" : "urn:oid:1.2.250.1.213.1.6.1.19"
        }]
      },
      {
        "code" : "GENR02",
        "display" : "Activité de soins ou de pharmacien en tant que remplaçant",
        "designation" : [{
          "use" : {
            "code" : "OID"
          },
          "value" : "urn:oid:1.2.250.1.213.1.6.1.19"
        }]
      }]
    }]
  }
}