{
  "resourceType" : "ValueSet",
  "id" : "JDV-J108-EnsembleFonction-RASS",
  "text" : {
    "status" : "generated",
    "div" : "<div xmlns=\"http://www.w3.org/1999/xhtml\"><p>This value set includes codes based on the following rules:</p><ul><li>Include these codes as defined in <a href=\"CodeSystem-TRE-R21-Fonction.html\"><code>https://mos.esante.gouv.fr/NOS/TRE_R21-Fonction/FHIR/TRE-R21-Fonction</code></a><table class=\"none\"><tr><td style=\"white-space:nowrap\"><b>Code</b></td><td><b>Display</b></td></tr><tr><td><a href=\"CodeSystem-TRE-R21-Fonction.html#TRE-R21-Fonction-FON-01\">FON-01</a></td><td>Titulaire de cabinet</td></tr><tr><td><a href=\"CodeSystem-TRE-R21-Fonction.html#TRE-R21-Fonction-FON-02\">FON-02</a></td><td>Associé dans une société d'exercice (SEL ou SCP)</td></tr><tr><td><a href=\"CodeSystem-TRE-R21-Fonction.html#TRE-R21-Fonction-FON-03\">FON-03</a></td><td>Titulaire d'officine</td></tr><tr><td><a href=\"CodeSystem-TRE-R21-Fonction.html#TRE-R21-Fonction-FON-04\">FON-04</a></td><td>Remplaçant du titulaire d'officine</td></tr><tr><td><a href=\"CodeSystem-TRE-R21-Fonction.html#TRE-R21-Fonction-FON-05\">FON-05</a></td><td>Adjoint</td></tr><tr><td><a href=\"CodeSystem-TRE-R21-Fonction.html#TRE-R21-Fonction-FON-07\">FON-07</a></td><td>Gérant après incapacité ou décès</td></tr><tr><td><a href=\"CodeSystem-TRE-R21-Fonction.html#TRE-R21-Fonction-FON-09\">FON-09</a></td><td>Responsable d'établissement</td></tr><tr><td><a href=\"CodeSystem-TRE-R21-Fonction.html#TRE-R21-Fonction-FON-15\">FON-15</a></td><td>Directeur de laboratoire</td></tr><tr><td><a href=\"CodeSystem-TRE-R21-Fonction.html#TRE-R21-Fonction-FON-16\">FON-16</a></td><td>Directeur-adjoint de laboratoire</td></tr><tr><td><a href=\"CodeSystem-TRE-R21-Fonction.html#TRE-R21-Fonction-FON-17\">FON-17</a></td><td>Collaborateur</td></tr><tr><td><a href=\"CodeSystem-TRE-R21-Fonction.html#TRE-R21-Fonction-FON-18\">FON-18</a></td><td>Assistant</td></tr><tr><td><a href=\"CodeSystem-TRE-R21-Fonction.html#TRE-R21-Fonction-FON-19\">FON-19</a></td><td>Praticien Conseil</td></tr><tr><td><a href=\"CodeSystem-TRE-R21-Fonction.html#TRE-R21-Fonction-FON-21\">FON-21</a></td><td>Médecin scolaire</td></tr><tr><td><a href=\"CodeSystem-TRE-R21-Fonction.html#TRE-R21-Fonction-FON-22\">FON-22</a></td><td>Remplaçant, intérimaire, intermittent</td></tr><tr><td><a href=\"CodeSystem-TRE-R21-Fonction.html#TRE-R21-Fonction-FON-23\">FON-23</a></td><td>Gérant</td></tr><tr><td><a href=\"CodeSystem-TRE-R21-Fonction.html#TRE-R21-Fonction-FON-24\">FON-24</a></td><td>Médecin de santé publique</td></tr><tr><td><a href=\"CodeSystem-TRE-R21-Fonction.html#TRE-R21-Fonction-FON-29\">FON-29</a></td><td>Médecin du travail</td></tr><tr><td><a href=\"CodeSystem-TRE-R21-Fonction.html#TRE-R21-Fonction-FON-32\">FON-32</a></td><td>Régulateur libéral</td></tr><tr><td><a href=\"CodeSystem-TRE-R21-Fonction.html#TRE-R21-Fonction-FON-33\">FON-33</a></td><td>Salarié en poste fixe</td></tr><tr><td><a href=\"CodeSystem-TRE-R21-Fonction.html#TRE-R21-Fonction-FON-36\">FON-36</a></td><td>Délégué</td></tr><tr><td><a href=\"CodeSystem-TRE-R21-Fonction.html#TRE-R21-Fonction-FON-37\">FON-37</a></td><td>Gérant de PUI</td></tr><tr><td><a href=\"CodeSystem-TRE-R21-Fonction.html#TRE-R21-Fonction-FON-39\">FON-39</a></td><td>Exercice en PMI</td></tr><tr><td><a href=\"CodeSystem-TRE-R21-Fonction.html#TRE-R21-Fonction-FON-40\">FON-40</a></td><td>Biologiste responsable</td></tr><tr><td><a href=\"CodeSystem-TRE-R21-Fonction.html#TRE-R21-Fonction-FON-41\">FON-41</a></td><td>Biologiste médical</td></tr><tr><td><a href=\"CodeSystem-TRE-R21-Fonction.html#TRE-R21-Fonction-FON-42\">FON-42</a></td><td>Assistant collaborateur</td></tr><tr><td><a href=\"CodeSystem-TRE-R21-Fonction.html#TRE-R21-Fonction-FON-43\">FON-43</a></td><td>Cadre de santé</td></tr><tr><td><a href=\"CodeSystem-TRE-R21-Fonction.html#TRE-R21-Fonction-FON-45\">FON-45</a></td><td>Directeur des soins</td></tr><tr><td><a href=\"CodeSystem-TRE-R21-Fonction.html#TRE-R21-Fonction-FON-46\">FON-46</a></td><td>Enseignant salarié</td></tr><tr><td><a href=\"CodeSystem-TRE-R21-Fonction.html#TRE-R21-Fonction-FON-47\">FON-47</a></td><td>Etudiant remplaçant, adjoint</td></tr><tr><td><a href=\"CodeSystem-TRE-R21-Fonction.html#TRE-R21-Fonction-FON-48\">FON-48</a></td><td>Interne</td></tr><tr><td><a href=\"CodeSystem-TRE-R21-Fonction.html#TRE-R21-Fonction-FON-49\">FON-49</a></td><td>Pharmacien responsable BPDO</td></tr><tr><td><a href=\"CodeSystem-TRE-R21-Fonction.html#TRE-R21-Fonction-FON-50\">FON-50</a></td><td>Pharmacien adjoint BPDO</td></tr><tr><td><a href=\"CodeSystem-TRE-R21-Fonction.html#TRE-R21-Fonction-FON-51\">FON-51</a></td><td>Remplacement partiel</td></tr><tr><td><a href=\"CodeSystem-TRE-R21-Fonction.html#TRE-R21-Fonction-FON-52\">FON-52</a></td><td>Etudiant militaire</td></tr><tr><td><a href=\"CodeSystem-TRE-R21-Fonction.html#TRE-R21-Fonction-FON-53\">FON-53</a></td><td>Médecin assistant</td></tr><tr><td><a href=\"CodeSystem-TRE-R21-Fonction.html#TRE-R21-Fonction-FON-54\">FON-54</a></td><td>Permanence des soins ambulatoires hors cabinet</td></tr><tr><td><a href=\"CodeSystem-TRE-R21-Fonction.html#TRE-R21-Fonction-FON-55\">FON-55</a></td><td>Participation libérale aux missions de service public d'un ES</td></tr><tr><td><a href=\"CodeSystem-TRE-R21-Fonction.html#TRE-R21-Fonction-FON-56\">FON-56</a></td><td>Intervention libérale dans le cadre d'un GCS</td></tr><tr><td><a href=\"CodeSystem-TRE-R21-Fonction.html#TRE-R21-Fonction-FON-57\">FON-57</a></td><td>Docteur junior</td></tr><tr><td><a href=\"CodeSystem-TRE-R21-Fonction.html#TRE-R21-Fonction-FON-AU\">FON-AU</a></td><td>Fonction non définie</td></tr></table></li><li>Include these codes as defined in <a href=\"CodeSystem-TRE-R96-AutreFonctionSanitaire.html\"><code>https://mos.esante.gouv.fr/NOS/TRE_R96-AutreFonctionSanitaire/FHIR/TRE-R96-AutreFonctionSanitaire</code></a><table class=\"none\"><tr><td style=\"white-space:nowrap\"><b>Code</b></td><td><b>Display</b></td></tr><tr><td><a href=\"CodeSystem-TRE-R96-AutreFonctionSanitaire.html#TRE-R96-AutreFonctionSanitaire-407\">407</a></td><td>Tatoueur</td></tr><tr><td><a href=\"CodeSystem-TRE-R96-AutreFonctionSanitaire.html#TRE-R96-AutreFonctionSanitaire-408\">408</a></td><td>Perceur corporel</td></tr><tr><td><a href=\"CodeSystem-TRE-R96-AutreFonctionSanitaire.html#TRE-R96-AutreFonctionSanitaire-409\">409</a></td><td>Maquilleur permanent</td></tr></table></li><li>Include these codes as defined in <a href=\"CodeSystem-TRE-R85-RolePriseCharge.html\"><code>https://mos.esante.gouv.fr/NOS/TRE_R85-RolePriseCharge/FHIR/TRE-R85-RolePriseCharge</code></a><table class=\"none\"><tr><td style=\"white-space:nowrap\"><b>Code</b></td><td><b>Display</b></td></tr><tr><td><a href=\"CodeSystem-TRE-R85-RolePriseCharge.html#TRE-R85-RolePriseCharge-300\">300</a></td><td>Assistant de service social (PAERPA)</td></tr><tr><td><a href=\"CodeSystem-TRE-R85-RolePriseCharge.html#TRE-R85-RolePriseCharge-301\">301</a></td><td>Coordination territoriale d'appui (PAERPA)</td></tr><tr><td><a href=\"CodeSystem-TRE-R85-RolePriseCharge.html#TRE-R85-RolePriseCharge-302\">302</a></td><td>Aide et accompagnement à domicile (PAERPA)</td></tr><tr><td><a href=\"CodeSystem-TRE-R85-RolePriseCharge.html#TRE-R85-RolePriseCharge-303\">303</a></td><td>Avocat participant aux processus de soins sans consentement (eSSS)</td></tr><tr><td><a href=\"CodeSystem-TRE-R85-RolePriseCharge.html#TRE-R85-RolePriseCharge-304\">304</a></td><td>Assistant de service social (Expérimentation MAIA)</td></tr><tr><td><a href=\"CodeSystem-TRE-R85-RolePriseCharge.html#TRE-R85-RolePriseCharge-305\">305</a></td><td>Psychologue (Expérimentation MAIA)</td></tr><tr><td><a href=\"CodeSystem-TRE-R85-RolePriseCharge.html#TRE-R85-RolePriseCharge-306\">306</a></td><td>Psychothérapeute (Expérimentation MAIA)</td></tr><tr><td><a href=\"CodeSystem-TRE-R85-RolePriseCharge.html#TRE-R85-RolePriseCharge-307\">307</a></td><td>Mandataire judiciaire à la protection des majeurs (MJPM)</td></tr><tr><td><a href=\"CodeSystem-TRE-R85-RolePriseCharge.html#TRE-R85-RolePriseCharge-308\">308</a></td><td>Pilote MAIA</td></tr><tr><td><a href=\"CodeSystem-TRE-R85-RolePriseCharge.html#TRE-R85-RolePriseCharge-309\">309</a></td><td>Gestionnaire de cas MAIA</td></tr><tr><td><a href=\"CodeSystem-TRE-R85-RolePriseCharge.html#TRE-R85-RolePriseCharge-310\">310</a></td><td>Equipe médico-sociale APA</td></tr><tr><td><a href=\"CodeSystem-TRE-R85-RolePriseCharge.html#TRE-R85-RolePriseCharge-311\">311</a></td><td>Autre acteur mettant en oeuvre la méthode MAIA</td></tr><tr><td><a href=\"CodeSystem-TRE-R85-RolePriseCharge.html#TRE-R85-RolePriseCharge-312\">312</a></td><td>Autre professionnel</td></tr><tr><td><a href=\"CodeSystem-TRE-R85-RolePriseCharge.html#TRE-R85-RolePriseCharge-313\">313</a></td><td>Aide-soignant</td></tr><tr><td><a href=\"CodeSystem-TRE-R85-RolePriseCharge.html#TRE-R85-RolePriseCharge-314\">314</a></td><td>Ambulancier</td></tr><tr><td><a href=\"CodeSystem-TRE-R85-RolePriseCharge.html#TRE-R85-RolePriseCharge-315\">315</a></td><td>Auxiliaire de puériculture</td></tr><tr><td><a href=\"CodeSystem-TRE-R85-RolePriseCharge.html#TRE-R85-RolePriseCharge-316\">316</a></td><td>Préparateur en pharmacie hospitalière</td></tr><tr><td><a href=\"CodeSystem-TRE-R85-RolePriseCharge.html#TRE-R85-RolePriseCharge-317\">317</a></td><td>Préparateur en pharmacie (officine)</td></tr><tr><td><a href=\"CodeSystem-TRE-R85-RolePriseCharge.html#TRE-R85-RolePriseCharge-318\">318</a></td><td>Auxiliaire de vie sociale</td></tr><tr><td><a href=\"CodeSystem-TRE-R85-RolePriseCharge.html#TRE-R85-RolePriseCharge-319\">319</a></td><td>Technicien de l'intervention sociale et familiale</td></tr><tr><td><a href=\"CodeSystem-TRE-R85-RolePriseCharge.html#TRE-R85-RolePriseCharge-320\">320</a></td><td>Conseiller en économie sociale et familiale</td></tr><tr><td><a href=\"CodeSystem-TRE-R85-RolePriseCharge.html#TRE-R85-RolePriseCharge-321\">321</a></td><td>Médiateur familial</td></tr><tr><td><a href=\"CodeSystem-TRE-R85-RolePriseCharge.html#TRE-R85-RolePriseCharge-322\">322</a></td><td>Assistant familial</td></tr><tr><td><a href=\"CodeSystem-TRE-R85-RolePriseCharge.html#TRE-R85-RolePriseCharge-323\">323</a></td><td>Aide médico-psychologique (AMP)</td></tr><tr><td><a href=\"CodeSystem-TRE-R85-RolePriseCharge.html#TRE-R85-RolePriseCharge-324\">324</a></td><td>Moniteur éducateur</td></tr><tr><td><a href=\"CodeSystem-TRE-R85-RolePriseCharge.html#TRE-R85-RolePriseCharge-325\">325</a></td><td>Educateur de jeunes enfants</td></tr><tr><td><a href=\"CodeSystem-TRE-R85-RolePriseCharge.html#TRE-R85-RolePriseCharge-326\">326</a></td><td>Educateur spécialisé</td></tr><tr><td><a href=\"CodeSystem-TRE-R85-RolePriseCharge.html#TRE-R85-RolePriseCharge-327\">327</a></td><td>Educateur technique spécialisé</td></tr><tr><td><a href=\"CodeSystem-TRE-R85-RolePriseCharge.html#TRE-R85-RolePriseCharge-328\">328</a></td><td>Accompagnant éducatif et social</td></tr><tr><td><a href=\"CodeSystem-TRE-R85-RolePriseCharge.html#TRE-R85-RolePriseCharge-329\">329</a></td><td>Conseiller en génétique</td></tr><tr><td><a href=\"CodeSystem-TRE-R85-RolePriseCharge.html#TRE-R85-RolePriseCharge-350\">350</a></td><td>Aide à domicile</td></tr><tr><td><a href=\"CodeSystem-TRE-R85-RolePriseCharge.html#TRE-R85-RolePriseCharge-351\">351</a></td><td>Assistant(e) maternel(le)</td></tr></table></li></ul></div>"
  },
  "extension" : [{
    "url" : "http://hl7.org/fhir/StructureDefinition/resource-effectivePeriod",
    "valuePeriod" : {
      "start" : "2019-08-30T12:00:00+01:00"
    }
  }],
  "url" : "https://mos.esante.gouv.fr/NOS/JDV_J108-EnsembleFonction-RASS/FHIR/JDV-J108-EnsembleFonction-RASS",
  "identifier" : [{
    "value" : "urn:oid:1.2.250.1.213.1.6.1.176"
  }],
  "version" : "1.1.0",
  "name" : "JDV_J108-EnsembleFonction-RASS",
  "status" : "active",
  "date" : "2024-02-23T12:00:00+01:00",
  "publisher" : "ANS",
  "contact" : [{
    "name" : "ANS",
    "telecom" : [{
      "system" : "url",
      "value" : "https://esante.gouv.fr"
    }]
  }],
  "description" : "Ensemble des fonctions et rôles du RASS",
  "compose" : {
    "include" : [{
      "system" : "https://mos.esante.gouv.fr/NOS/TRE_R21-Fonction/FHIR/TRE-R21-Fonction",
      "concept" : [{
        "code" : "FON-01",
        "display" : "Titulaire de cabinet",
        "designation" : [{
          "use" : {
            "code" : "OID"
          },
          "value" : "urn:oid:1.2.250.1.213.1.6.1.17"
        }]
      },
      {
        "code" : "FON-02",
        "display" : "Associé dans une société d'exercice (SEL ou SCP)",
        "designation" : [{
          "use" : {
            "code" : "OID"
          },
          "value" : "urn:oid:1.2.250.1.213.1.6.1.17"
        }]
      },
      {
        "code" : "FON-03",
        "display" : "Titulaire d'officine",
        "designation" : [{
          "use" : {
            "code" : "OID"
          },
          "value" : "urn:oid:1.2.250.1.213.1.6.1.17"
        }]
      },
      {
        "code" : "FON-04",
        "display" : "Remplaçant du titulaire d'officine",
        "designation" : [{
          "use" : {
            "code" : "OID"
          },
          "value" : "urn:oid:1.2.250.1.213.1.6.1.17"
        }]
      },
      {
        "code" : "FON-05",
        "display" : "Adjoint",
        "designation" : [{
          "use" : {
            "code" : "OID"
          },
          "value" : "urn:oid:1.2.250.1.213.1.6.1.17"
        }]
      },
      {
        "code" : "FON-07",
        "display" : "Gérant après incapacité ou décès",
        "designation" : [{
          "use" : {
            "code" : "OID"
          },
          "value" : "urn:oid:1.2.250.1.213.1.6.1.17"
        }]
      },
      {
        "code" : "FON-09",
        "display" : "Responsable d'établissement",
        "designation" : [{
          "use" : {
            "code" : "OID"
          },
          "value" : "urn:oid:1.2.250.1.213.1.6.1.17"
        }]
      },
      {
        "code" : "FON-15",
        "display" : "Directeur de laboratoire",
        "designation" : [{
          "use" : {
            "code" : "OID"
          },
          "value" : "urn:oid:1.2.250.1.213.1.6.1.17"
        }]
      },
      {
        "code" : "FON-16",
        "display" : "Directeur-adjoint de laboratoire",
        "designation" : [{
          "use" : {
            "code" : "OID"
          },
          "value" : "urn:oid:1.2.250.1.213.1.6.1.17"
        }]
      },
      {
        "code" : "FON-17",
        "display" : "Collaborateur",
        "designation" : [{
          "use" : {
            "code" : "OID"
          },
          "value" : "urn:oid:1.2.250.1.213.1.6.1.17"
        }]
      },
      {
        "code" : "FON-18",
        "display" : "Assistant",
        "designation" : [{
          "use" : {
            "code" : "OID"
          },
          "value" : "urn:oid:1.2.250.1.213.1.6.1.17"
        }]
      },
      {
        "code" : "FON-19",
        "display" : "Praticien Conseil",
        "designation" : [{
          "use" : {
            "code" : "OID"
          },
          "value" : "urn:oid:1.2.250.1.213.1.6.1.17"
        }]
      },
      {
        "code" : "FON-21",
        "display" : "Médecin scolaire",
        "designation" : [{
          "use" : {
            "code" : "OID"
          },
          "value" : "urn:oid:1.2.250.1.213.1.6.1.17"
        }]
      },
      {
        "code" : "FON-22",
        "display" : "Remplaçant, intérimaire, intermittent",
        "designation" : [{
          "use" : {
            "code" : "OID"
          },
          "value" : "urn:oid:1.2.250.1.213.1.6.1.17"
        }]
      },
      {
        "code" : "FON-23",
        "display" : "Gérant",
        "designation" : [{
          "use" : {
            "code" : "OID"
          },
          "value" : "urn:oid:1.2.250.1.213.1.6.1.17"
        }]
      },
      {
        "code" : "FON-24",
        "display" : "Médecin de santé publique",
        "designation" : [{
          "use" : {
            "code" : "OID"
          },
          "value" : "urn:oid:1.2.250.1.213.1.6.1.17"
        }]
      },
      {
        "code" : "FON-29",
        "display" : "Médecin du travail",
        "designation" : [{
          "use" : {
            "code" : "OID"
          },
          "value" : "urn:oid:1.2.250.1.213.1.6.1.17"
        }]
      },
      {
        "code" : "FON-32",
        "display" : "Régulateur libéral",
        "designation" : [{
          "use" : {
            "code" : "OID"
          },
          "value" : "urn:oid:1.2.250.1.213.1.6.1.17"
        }]
      },
      {
        "code" : "FON-33",
        "display" : "Salarié en poste fixe",
        "designation" : [{
          "use" : {
            "code" : "OID"
          },
          "value" : "urn:oid:1.2.250.1.213.1.6.1.17"
        }]
      },
      {
        "code" : "FON-36",
        "display" : "Délégué",
        "designation" : [{
          "use" : {
            "code" : "OID"
          },
          "value" : "urn:oid:1.2.250.1.213.1.6.1.17"
        }]
      },
      {
        "code" : "FON-37",
        "display" : "Gérant de PUI",
        "designation" : [{
          "use" : {
            "code" : "OID"
          },
          "value" : "urn:oid:1.2.250.1.213.1.6.1.17"
        }]
      },
      {
        "code" : "FON-39",
        "display" : "Exercice en PMI",
        "designation" : [{
          "use" : {
            "code" : "OID"
          },
          "value" : "urn:oid:1.2.250.1.213.1.6.1.17"
        }]
      },
      {
        "code" : "FON-40",
        "display" : "Biologiste responsable",
        "designation" : [{
          "use" : {
            "code" : "OID"
          },
          "value" : "urn:oid:1.2.250.1.213.1.6.1.17"
        }]
      },
      {
        "code" : "FON-41",
        "display" : "Biologiste médical",
        "designation" : [{
          "use" : {
            "code" : "OID"
          },
          "value" : "urn:oid:1.2.250.1.213.1.6.1.17"
        }]
      },
      {
        "code" : "FON-42",
        "display" : "Assistant collaborateur",
        "designation" : [{
          "use" : {
            "code" : "OID"
          },
          "value" : "urn:oid:1.2.250.1.213.1.6.1.17"
        }]
      },
      {
        "code" : "FON-43",
        "display" : "Cadre de santé",
        "designation" : [{
          "use" : {
            "code" : "OID"
          },
          "value" : "urn:oid:1.2.250.1.213.1.6.1.17"
        }]
      },
      {
        "code" : "FON-45",
        "display" : "Directeur des soins",
        "designation" : [{
          "use" : {
            "code" : "OID"
          },
          "value" : "urn:oid:1.2.250.1.213.1.6.1.17"
        }]
      },
      {
        "code" : "FON-46",
        "display" : "Enseignant salarié",
        "designation" : [{
          "use" : {
            "code" : "OID"
          },
          "value" : "urn:oid:1.2.250.1.213.1.6.1.17"
        }]
      },
      {
        "code" : "FON-47",
        "display" : "Etudiant remplaçant, adjoint",
        "designation" : [{
          "use" : {
            "code" : "OID"
          },
          "value" : "urn:oid:1.2.250.1.213.1.6.1.17"
        }]
      },
      {
        "code" : "FON-48",
        "display" : "Interne",
        "designation" : [{
          "use" : {
            "code" : "OID"
          },
          "value" : "urn:oid:1.2.250.1.213.1.6.1.17"
        }]
      },
      {
        "code" : "FON-49",
        "display" : "Pharmacien responsable BPDO",
        "designation" : [{
          "use" : {
            "code" : "OID"
          },
          "value" : "urn:oid:1.2.250.1.213.1.6.1.17"
        }]
      },
      {
        "code" : "FON-50",
        "display" : "Pharmacien adjoint BPDO",
        "designation" : [{
          "use" : {
            "code" : "OID"
          },
          "value" : "urn:oid:1.2.250.1.213.1.6.1.17"
        }]
      },
      {
        "code" : "FON-51",
        "display" : "Remplacement partiel",
        "designation" : [{
          "use" : {
            "code" : "OID"
          },
          "value" : "urn:oid:1.2.250.1.213.1.6.1.17"
        }]
      },
      {
        "code" : "FON-52",
        "display" : "Etudiant militaire",
        "designation" : [{
          "use" : {
            "code" : "OID"
          },
          "value" : "urn:oid:1.2.250.1.213.1.6.1.17"
        }]
      },
      {
        "code" : "FON-53",
        "display" : "Médecin assistant",
        "designation" : [{
          "use" : {
            "code" : "OID"
          },
          "value" : "urn:oid:1.2.250.1.213.1.6.1.17"
        }]
      },
      {
        "code" : "FON-54",
        "display" : "Permanence des soins ambulatoires hors cabinet",
        "designation" : [{
          "use" : {
            "code" : "OID"
          },
          "value" : "urn:oid:1.2.250.1.213.1.6.1.17"
        }]
      },
      {
        "code" : "FON-55",
        "display" : "Participation libérale aux missions de service public d'un ES",
        "designation" : [{
          "use" : {
            "code" : "OID"
          },
          "value" : "urn:oid:1.2.250.1.213.1.6.1.17"
        }]
      },
      {
        "code" : "FON-56",
        "display" : "Intervention libérale dans le cadre d'un GCS",
        "designation" : [{
          "use" : {
            "code" : "OID"
          },
          "value" : "urn:oid:1.2.250.1.213.1.6.1.17"
        }]
      },
      {
        "code" : "FON-57",
        "display" : "Docteur junior",
        "designation" : [{
          "use" : {
            "code" : "OID"
          },
          "value" : "urn:oid:1.2.250.1.213.1.6.1.17"
        }]
      },
      {
        "code" : "FON-AU",
        "display" : "Fonction non définie",
        "designation" : [{
          "use" : {
            "code" : "OID"
          },
          "value" : "urn:oid:1.2.250.1.213.1.6.1.17"
        }]
      }]
    },
    {
      "system" : "https://mos.esante.gouv.fr/NOS/TRE_R96-AutreFonctionSanitaire/FHIR/TRE-R96-AutreFonctionSanitaire",
      "concept" : [{
        "code" : "407",
        "display" : "Tatoueur",
        "designation" : [{
          "use" : {
            "code" : "OID"
          },
          "value" : "urn:oid:1.2.250.1.213.1.6.1.110"
        }]
      },
      {
        "code" : "408",
        "display" : "Perceur corporel",
        "designation" : [{
          "use" : {
            "code" : "OID"
          },
          "value" : "urn:oid:1.2.250.1.213.1.6.1.110"
        }]
      },
      {
        "code" : "409",
        "display" : "Maquilleur permanent",
        "designation" : [{
          "use" : {
            "code" : "OID"
          },
          "value" : "urn:oid:1.2.250.1.213.1.6.1.110"
        }]
      }]
    },
    {
      "system" : "https://mos.esante.gouv.fr/NOS/TRE_R85-RolePriseCharge/FHIR/TRE-R85-RolePriseCharge",
      "concept" : [{
        "code" : "300",
        "display" : "Assistant de service social (PAERPA)",
        "designation" : [{
          "use" : {
            "code" : "OID"
          },
          "value" : "urn:oid:1.2.250.1.213.1.6.1.107"
        }]
      },
      {
        "code" : "301",
        "display" : "Coordination territoriale d'appui (PAERPA)",
        "designation" : [{
          "use" : {
            "code" : "OID"
          },
          "value" : "urn:oid:1.2.250.1.213.1.6.1.107"
        }]
      },
      {
        "code" : "302",
        "display" : "Aide et accompagnement à domicile (PAERPA)",
        "designation" : [{
          "use" : {
            "code" : "OID"
          },
          "value" : "urn:oid:1.2.250.1.213.1.6.1.107"
        }]
      },
      {
        "code" : "303",
        "display" : "Avocat participant aux processus de soins sans consentement (eSSS)",
        "designation" : [{
          "use" : {
            "code" : "OID"
          },
          "value" : "urn:oid:1.2.250.1.213.1.6.1.107"
        }]
      },
      {
        "code" : "304",
        "display" : "Assistant de service social (Expérimentation MAIA)",
        "designation" : [{
          "use" : {
            "code" : "OID"
          },
          "value" : "urn:oid:1.2.250.1.213.1.6.1.107"
        }]
      },
      {
        "code" : "305",
        "display" : "Psychologue (Expérimentation MAIA)",
        "designation" : [{
          "use" : {
            "code" : "OID"
          },
          "value" : "urn:oid:1.2.250.1.213.1.6.1.107"
        }]
      },
      {
        "code" : "306",
        "display" : "Psychothérapeute (Expérimentation MAIA)",
        "designation" : [{
          "use" : {
            "code" : "OID"
          },
          "value" : "urn:oid:1.2.250.1.213.1.6.1.107"
        }]
      },
      {
        "code" : "307",
        "display" : "Mandataire judiciaire à la protection des majeurs (MJPM)",
        "designation" : [{
          "use" : {
            "code" : "OID"
          },
          "value" : "urn:oid:1.2.250.1.213.1.6.1.107"
        }]
      },
      {
        "code" : "308",
        "display" : "Pilote MAIA",
        "designation" : [{
          "use" : {
            "code" : "OID"
          },
          "value" : "urn:oid:1.2.250.1.213.1.6.1.107"
        }]
      },
      {
        "code" : "309",
        "display" : "Gestionnaire de cas MAIA",
        "designation" : [{
          "use" : {
            "code" : "OID"
          },
          "value" : "urn:oid:1.2.250.1.213.1.6.1.107"
        }]
      },
      {
        "code" : "310",
        "display" : "Equipe médico-sociale APA",
        "designation" : [{
          "use" : {
            "code" : "OID"
          },
          "value" : "urn:oid:1.2.250.1.213.1.6.1.107"
        }]
      },
      {
        "code" : "311",
        "display" : "Autre acteur mettant en oeuvre la méthode MAIA",
        "designation" : [{
          "use" : {
            "code" : "OID"
          },
          "value" : "urn:oid:1.2.250.1.213.1.6.1.107"
        }]
      },
      {
        "code" : "312",
        "display" : "Autre professionnel",
        "designation" : [{
          "use" : {
            "code" : "OID"
          },
          "value" : "urn:oid:1.2.250.1.213.1.6.1.107"
        }]
      },
      {
        "code" : "313",
        "display" : "Aide-soignant",
        "designation" : [{
          "use" : {
            "code" : "OID"
          },
          "value" : "urn:oid:1.2.250.1.213.1.6.1.107"
        }]
      },
      {
        "code" : "314",
        "display" : "Ambulancier",
        "designation" : [{
          "use" : {
            "code" : "OID"
          },
          "value" : "urn:oid:1.2.250.1.213.1.6.1.107"
        }]
      },
      {
        "code" : "315",
        "display" : "Auxiliaire de puériculture",
        "designation" : [{
          "use" : {
            "code" : "OID"
          },
          "value" : "urn:oid:1.2.250.1.213.1.6.1.107"
        }]
      },
      {
        "code" : "316",
        "display" : "Préparateur en pharmacie hospitalière",
        "designation" : [{
          "use" : {
            "code" : "OID"
          },
          "value" : "urn:oid:1.2.250.1.213.1.6.1.107"
        }]
      },
      {
        "code" : "317",
        "display" : "Préparateur en pharmacie (officine)",
        "designation" : [{
          "use" : {
            "code" : "OID"
          },
          "value" : "urn:oid:1.2.250.1.213.1.6.1.107"
        }]
      },
      {
        "code" : "318",
        "display" : "Auxiliaire de vie sociale",
        "designation" : [{
          "use" : {
            "code" : "OID"
          },
          "value" : "urn:oid:1.2.250.1.213.1.6.1.107"
        }]
      },
      {
        "code" : "319",
        "display" : "Technicien de l'intervention sociale et familiale",
        "designation" : [{
          "use" : {
            "code" : "OID"
          },
          "value" : "urn:oid:1.2.250.1.213.1.6.1.107"
        }]
      },
      {
        "code" : "320",
        "display" : "Conseiller en économie sociale et familiale",
        "designation" : [{
          "use" : {
            "code" : "OID"
          },
          "value" : "urn:oid:1.2.250.1.213.1.6.1.107"
        }]
      },
      {
        "code" : "321",
        "display" : "Médiateur familial",
        "designation" : [{
          "use" : {
            "code" : "OID"
          },
          "value" : "urn:oid:1.2.250.1.213.1.6.1.107"
        }]
      },
      {
        "code" : "322",
        "display" : "Assistant familial",
        "designation" : [{
          "use" : {
            "code" : "OID"
          },
          "value" : "urn:oid:1.2.250.1.213.1.6.1.107"
        }]
      },
      {
        "code" : "323",
        "display" : "Aide médico-psychologique (AMP)",
        "designation" : [{
          "use" : {
            "code" : "OID"
          },
          "value" : "urn:oid:1.2.250.1.213.1.6.1.107"
        }]
      },
      {
        "code" : "324",
        "display" : "Moniteur éducateur",
        "designation" : [{
          "use" : {
            "code" : "OID"
          },
          "value" : "urn:oid:1.2.250.1.213.1.6.1.107"
        }]
      },
      {
        "code" : "325",
        "display" : "Educateur de jeunes enfants",
        "designation" : [{
          "use" : {
            "code" : "OID"
          },
          "value" : "urn:oid:1.2.250.1.213.1.6.1.107"
        }]
      },
      {
        "code" : "326",
        "display" : "Educateur spécialisé",
        "designation" : [{
          "use" : {
            "code" : "OID"
          },
          "value" : "urn:oid:1.2.250.1.213.1.6.1.107"
        }]
      },
      {
        "code" : "327",
        "display" : "Educateur technique spécialisé",
        "designation" : [{
          "use" : {
            "code" : "OID"
          },
          "value" : "urn:oid:1.2.250.1.213.1.6.1.107"
        }]
      },
      {
        "code" : "328",
        "display" : "Accompagnant éducatif et social",
        "designation" : [{
          "use" : {
            "code" : "OID"
          },
          "value" : "urn:oid:1.2.250.1.213.1.6.1.107"
        }]
      },
      {
        "code" : "329",
        "display" : "Conseiller en génétique",
        "designation" : [{
          "use" : {
            "code" : "OID"
          },
          "value" : "urn:oid:1.2.250.1.213.1.6.1.107"
        }]
      },
      {
        "code" : "350",
        "display" : "Aide à domicile",
        "designation" : [{
          "use" : {
            "code" : "OID"
          },
          "value" : "urn:oid:1.2.250.1.213.1.6.1.107"
        }]
      },
      {
        "code" : "351",
        "display" : "Assistant(e) maternel(le)",
        "designation" : [{
          "use" : {
            "code" : "OID"
          },
          "value" : "urn:oid:1.2.250.1.213.1.6.1.107"
        }]
      }]
    }]
  }
}