{
  "resourceType" : "ValueSet",
  "id" : "JDV-J168-Pays-EPARS",
  "text" : {
    "status" : "generated",
    "div" : "<div xmlns=\"http://www.w3.org/1999/xhtml\"><ul><li>Include these codes as defined in <a href=\"CodeSystem-TRE-R20-Pays.html\"><code>https://mos.esante.gouv.fr/NOS/TRE_R20-Pays/FHIR/TRE-R20-Pays</code></a><table class=\"none\"><tr><td style=\"white-space:nowrap\"><b>Code</b></td><td><b>Display</b></td></tr><tr><td><a href=\"CodeSystem-TRE-R20-Pays.html#TRE-R20-Pays-99100\">99100</a></td><td>République française</td></tr><tr><td><a href=\"CodeSystem-TRE-R20-Pays.html#TRE-R20-Pays-99101\">99101</a></td><td>Royaume du Danemark</td></tr><tr><td><a href=\"CodeSystem-TRE-R20-Pays.html#TRE-R20-Pays-99102\">99102</a></td><td>République d'Islande</td></tr><tr><td><a href=\"CodeSystem-TRE-R20-Pays.html#TRE-R20-Pays-99103\">99103</a></td><td>Royaume de Norvège</td></tr><tr><td><a href=\"CodeSystem-TRE-R20-Pays.html#TRE-R20-Pays-99104\">99104</a></td><td>Royaume de Suède</td></tr><tr><td><a href=\"CodeSystem-TRE-R20-Pays.html#TRE-R20-Pays-99105\">99105</a></td><td>République de Finlande</td></tr><tr><td><a href=\"CodeSystem-TRE-R20-Pays.html#TRE-R20-Pays-99106\">99106</a></td><td>République d'Estonie</td></tr><tr><td><a href=\"CodeSystem-TRE-R20-Pays.html#TRE-R20-Pays-99107\">99107</a></td><td>République de Lettonie</td></tr><tr><td><a href=\"CodeSystem-TRE-R20-Pays.html#TRE-R20-Pays-99108\">99108</a></td><td>République de Lituanie</td></tr><tr><td><a href=\"CodeSystem-TRE-R20-Pays.html#TRE-R20-Pays-99109\">99109</a></td><td>République fédérale d'Allemagne</td></tr><tr><td><a href=\"CodeSystem-TRE-R20-Pays.html#TRE-R20-Pays-99110\">99110</a></td><td>République d'Autriche</td></tr><tr><td><a href=\"CodeSystem-TRE-R20-Pays.html#TRE-R20-Pays-99111\">99111</a></td><td>République de Bulgarie</td></tr><tr><td><a href=\"CodeSystem-TRE-R20-Pays.html#TRE-R20-Pays-99112\">99112</a></td><td>République de Hongrie</td></tr><tr><td><a href=\"CodeSystem-TRE-R20-Pays.html#TRE-R20-Pays-99113\">99113</a></td><td>Principauté de Liechtenstein</td></tr><tr><td><a href=\"CodeSystem-TRE-R20-Pays.html#TRE-R20-Pays-99114\">99114</a></td><td>Roumanie</td></tr><tr><td><a href=\"CodeSystem-TRE-R20-Pays.html#TRE-R20-Pays-99116\">99116</a></td><td>République tchèque</td></tr><tr><td><a href=\"CodeSystem-TRE-R20-Pays.html#TRE-R20-Pays-99117\">99117</a></td><td>République slovaque</td></tr><tr><td><a href=\"CodeSystem-TRE-R20-Pays.html#TRE-R20-Pays-99118\">99118</a></td><td>République de Bosnie-Herzégovine</td></tr><tr><td><a href=\"CodeSystem-TRE-R20-Pays.html#TRE-R20-Pays-99119\">99119</a></td><td>République de Croatie</td></tr><tr><td><a href=\"CodeSystem-TRE-R20-Pays.html#TRE-R20-Pays-99120\">99120</a></td><td>République du Monténégro</td></tr><tr><td><a href=\"CodeSystem-TRE-R20-Pays.html#TRE-R20-Pays-99121\">99121</a></td><td>République de Serbie</td></tr><tr><td><a href=\"CodeSystem-TRE-R20-Pays.html#TRE-R20-Pays-99122\">99122</a></td><td>République de Pologne</td></tr><tr><td><a href=\"CodeSystem-TRE-R20-Pays.html#TRE-R20-Pays-99123\">99123</a></td><td>Fédération de Russie</td></tr><tr><td><a href=\"CodeSystem-TRE-R20-Pays.html#TRE-R20-Pays-99125\">99125</a></td><td>République d'Albanie</td></tr><tr><td><a href=\"CodeSystem-TRE-R20-Pays.html#TRE-R20-Pays-99126\">99126</a></td><td>République Hellénique</td></tr><tr><td><a href=\"CodeSystem-TRE-R20-Pays.html#TRE-R20-Pays-99127\">99127</a></td><td>République italienne</td></tr><tr><td><a href=\"CodeSystem-TRE-R20-Pays.html#TRE-R20-Pays-99128\">99128</a></td><td>République de Saint-Marin</td></tr><tr><td><a href=\"CodeSystem-TRE-R20-Pays.html#TRE-R20-Pays-99129\">99129</a></td><td>État de la cité du Vatican</td></tr><tr><td><a href=\"CodeSystem-TRE-R20-Pays.html#TRE-R20-Pays-99130\">99130</a></td><td>Principauté d'Andorre</td></tr><tr><td><a href=\"CodeSystem-TRE-R20-Pays.html#TRE-R20-Pays-99131\">99131</a></td><td>Royaume de Belgique</td></tr><tr><td><a href=\"CodeSystem-TRE-R20-Pays.html#TRE-R20-Pays-99132\">99132</a></td><td>Royaume-Uni de Grande-Bretagne et Irlande du Nord</td></tr><tr><td><a href=\"CodeSystem-TRE-R20-Pays.html#TRE-R20-Pays-99133\">99133</a></td><td>Gibraltar</td></tr><tr><td><a href=\"CodeSystem-TRE-R20-Pays.html#TRE-R20-Pays-99134\">99134</a></td><td>Royaume d'Espagne</td></tr><tr><td><a href=\"CodeSystem-TRE-R20-Pays.html#TRE-R20-Pays-99135\">99135</a></td><td>Royaume des Pays-Bas</td></tr><tr><td><a href=\"CodeSystem-TRE-R20-Pays.html#TRE-R20-Pays-99136\">99136</a></td><td>Irlande (Eire)</td></tr><tr><td><a href=\"CodeSystem-TRE-R20-Pays.html#TRE-R20-Pays-99137\">99137</a></td><td>Grand-Duché de Luxembourg</td></tr><tr><td><a href=\"CodeSystem-TRE-R20-Pays.html#TRE-R20-Pays-99138\">99138</a></td><td>Principauté de Monaco</td></tr><tr><td><a href=\"CodeSystem-TRE-R20-Pays.html#TRE-R20-Pays-99139\">99139</a></td><td>République portugaise</td></tr><tr><td><a href=\"CodeSystem-TRE-R20-Pays.html#TRE-R20-Pays-99140\">99140</a></td><td>Confédération suisse</td></tr><tr><td><a href=\"CodeSystem-TRE-R20-Pays.html#TRE-R20-Pays-99144\">99144</a></td><td>République de Malte</td></tr><tr><td><a href=\"CodeSystem-TRE-R20-Pays.html#TRE-R20-Pays-99145\">99145</a></td><td>République de Slovénie</td></tr><tr><td><a href=\"CodeSystem-TRE-R20-Pays.html#TRE-R20-Pays-99148\">99148</a></td><td>République de Biélorussie (Bélarus)</td></tr><tr><td><a href=\"CodeSystem-TRE-R20-Pays.html#TRE-R20-Pays-99151\">99151</a></td><td>République de Moldavie</td></tr><tr><td><a href=\"CodeSystem-TRE-R20-Pays.html#TRE-R20-Pays-99155\">99155</a></td><td>Ukraine</td></tr><tr><td><a href=\"CodeSystem-TRE-R20-Pays.html#TRE-R20-Pays-99156\">99156</a></td><td>République de Macédoine du nord</td></tr><tr><td><a href=\"CodeSystem-TRE-R20-Pays.html#TRE-R20-Pays-99157\">99157</a></td><td>République du Kosovo</td></tr><tr><td><a href=\"CodeSystem-TRE-R20-Pays.html#TRE-R20-Pays-99201\">99201</a></td><td>Royaume d'Arabie saoudite</td></tr><tr><td><a href=\"CodeSystem-TRE-R20-Pays.html#TRE-R20-Pays-99203\">99203</a></td><td>République d'Iraq</td></tr><tr><td><a href=\"CodeSystem-TRE-R20-Pays.html#TRE-R20-Pays-99204\">99204</a></td><td>République islamique d'Iran</td></tr><tr><td><a href=\"CodeSystem-TRE-R20-Pays.html#TRE-R20-Pays-99205\">99205</a></td><td>République libanaise</td></tr><tr><td><a href=\"CodeSystem-TRE-R20-Pays.html#TRE-R20-Pays-99206\">99206</a></td><td>République arabe syrienne</td></tr><tr><td><a href=\"CodeSystem-TRE-R20-Pays.html#TRE-R20-Pays-99207\">99207</a></td><td>Etat d'Israël</td></tr><tr><td><a href=\"CodeSystem-TRE-R20-Pays.html#TRE-R20-Pays-99208\">99208</a></td><td>République turque</td></tr><tr><td><a href=\"CodeSystem-TRE-R20-Pays.html#TRE-R20-Pays-99212\">99212</a></td><td>Etat islamique d'Afghanistan</td></tr><tr><td><a href=\"CodeSystem-TRE-R20-Pays.html#TRE-R20-Pays-99213\">99213</a></td><td>République islamique du Pakistan</td></tr><tr><td><a href=\"CodeSystem-TRE-R20-Pays.html#TRE-R20-Pays-99214\">99214</a></td><td>Royaume du Bhoutan</td></tr><tr><td><a href=\"CodeSystem-TRE-R20-Pays.html#TRE-R20-Pays-99215\">99215</a></td><td>Royaume du Népal</td></tr><tr><td><a href=\"CodeSystem-TRE-R20-Pays.html#TRE-R20-Pays-99216\">99216</a></td><td>République populaire de Chine</td></tr><tr><td><a href=\"CodeSystem-TRE-R20-Pays.html#TRE-R20-Pays-99217\">99217</a></td><td>Japon</td></tr><tr><td><a href=\"CodeSystem-TRE-R20-Pays.html#TRE-R20-Pays-99219\">99219</a></td><td>Royaume de Thaïlande</td></tr><tr><td><a href=\"CodeSystem-TRE-R20-Pays.html#TRE-R20-Pays-99220\">99220</a></td><td>République des Philippines</td></tr><tr><td><a href=\"CodeSystem-TRE-R20-Pays.html#TRE-R20-Pays-99222\">99222</a></td><td>Royaume hachémite de Jordanie</td></tr><tr><td><a href=\"CodeSystem-TRE-R20-Pays.html#TRE-R20-Pays-99223\">99223</a></td><td>République de l'Inde</td></tr><tr><td><a href=\"CodeSystem-TRE-R20-Pays.html#TRE-R20-Pays-99224\">99224</a></td><td>Union de Birmanie</td></tr><tr><td><a href=\"CodeSystem-TRE-R20-Pays.html#TRE-R20-Pays-99225\">99225</a></td><td>Negara Brunei Darussalam</td></tr><tr><td><a href=\"CodeSystem-TRE-R20-Pays.html#TRE-R20-Pays-99226\">99226</a></td><td>République de Singapour</td></tr><tr><td><a href=\"CodeSystem-TRE-R20-Pays.html#TRE-R20-Pays-99227\">99227</a></td><td>Malaisie</td></tr><tr><td><a href=\"CodeSystem-TRE-R20-Pays.html#TRE-R20-Pays-99229\">99229</a></td><td>République des Maldives</td></tr><tr><td><a href=\"CodeSystem-TRE-R20-Pays.html#TRE-R20-Pays-99231\">99231</a></td><td>République d'Indonésie</td></tr><tr><td><a href=\"CodeSystem-TRE-R20-Pays.html#TRE-R20-Pays-99234\">99234</a></td><td>Royaume du Cambodge</td></tr><tr><td><a href=\"CodeSystem-TRE-R20-Pays.html#TRE-R20-Pays-99235\">99235</a></td><td>République démocratique socialiste de Sri Lanka</td></tr><tr><td><a href=\"CodeSystem-TRE-R20-Pays.html#TRE-R20-Pays-99236\">99236</a></td><td>Taïwan</td></tr><tr><td><a href=\"CodeSystem-TRE-R20-Pays.html#TRE-R20-Pays-99238\">99238</a></td><td>République populaire démocratique de Corée</td></tr><tr><td><a href=\"CodeSystem-TRE-R20-Pays.html#TRE-R20-Pays-99239\">99239</a></td><td>République de Corée</td></tr><tr><td><a href=\"CodeSystem-TRE-R20-Pays.html#TRE-R20-Pays-99240\">99240</a></td><td>État du Koweït</td></tr><tr><td><a href=\"CodeSystem-TRE-R20-Pays.html#TRE-R20-Pays-99241\">99241</a></td><td>République démocratique populaire lao</td></tr><tr><td><a href=\"CodeSystem-TRE-R20-Pays.html#TRE-R20-Pays-99242\">99242</a></td><td>Mongolie</td></tr><tr><td><a href=\"CodeSystem-TRE-R20-Pays.html#TRE-R20-Pays-99243\">99243</a></td><td>République socialiste du Viêt Nam</td></tr><tr><td><a href=\"CodeSystem-TRE-R20-Pays.html#TRE-R20-Pays-99246\">99246</a></td><td>République populaire du Bangladesh</td></tr><tr><td><a href=\"CodeSystem-TRE-R20-Pays.html#TRE-R20-Pays-99247\">99247</a></td><td>Émirats arabes unis</td></tr><tr><td><a href=\"CodeSystem-TRE-R20-Pays.html#TRE-R20-Pays-99248\">99248</a></td><td>État du Qatar</td></tr><tr><td><a href=\"CodeSystem-TRE-R20-Pays.html#TRE-R20-Pays-99249\">99249</a></td><td>État de Bahreïn</td></tr><tr><td><a href=\"CodeSystem-TRE-R20-Pays.html#TRE-R20-Pays-99250\">99250</a></td><td>Sultanat d'Oman</td></tr><tr><td><a href=\"CodeSystem-TRE-R20-Pays.html#TRE-R20-Pays-99251\">99251</a></td><td>Yémen</td></tr><tr><td><a href=\"CodeSystem-TRE-R20-Pays.html#TRE-R20-Pays-99252\">99252</a></td><td>République d'Arménie</td></tr><tr><td><a href=\"CodeSystem-TRE-R20-Pays.html#TRE-R20-Pays-99253\">99253</a></td><td>République azerbaïdjanaise</td></tr><tr><td><a href=\"CodeSystem-TRE-R20-Pays.html#TRE-R20-Pays-99254\">99254</a></td><td>République de Chypre</td></tr><tr><td><a href=\"CodeSystem-TRE-R20-Pays.html#TRE-R20-Pays-99255\">99255</a></td><td>République de Géorgie</td></tr><tr><td><a href=\"CodeSystem-TRE-R20-Pays.html#TRE-R20-Pays-99256\">99256</a></td><td>République du Kazakhstan</td></tr><tr><td><a href=\"CodeSystem-TRE-R20-Pays.html#TRE-R20-Pays-99257\">99257</a></td><td>République Kirghize</td></tr><tr><td><a href=\"CodeSystem-TRE-R20-Pays.html#TRE-R20-Pays-99258\">99258</a></td><td>République d'Ouzbékistan</td></tr><tr><td><a href=\"CodeSystem-TRE-R20-Pays.html#TRE-R20-Pays-99259\">99259</a></td><td>République du Tadjikistan</td></tr><tr><td><a href=\"CodeSystem-TRE-R20-Pays.html#TRE-R20-Pays-99260\">99260</a></td><td>Turkménistan</td></tr><tr><td><a href=\"CodeSystem-TRE-R20-Pays.html#TRE-R20-Pays-99261\">99261</a></td><td>Etat de Palestine</td></tr><tr><td><a href=\"CodeSystem-TRE-R20-Pays.html#TRE-R20-Pays-99262\">99262</a></td><td>République démocratique du Timor oriental</td></tr><tr><td><a href=\"CodeSystem-TRE-R20-Pays.html#TRE-R20-Pays-99301\">99301</a></td><td>République arabe d'Egypte</td></tr><tr><td><a href=\"CodeSystem-TRE-R20-Pays.html#TRE-R20-Pays-99302\">99302</a></td><td>République du Liberia</td></tr><tr><td><a href=\"CodeSystem-TRE-R20-Pays.html#TRE-R20-Pays-99303\">99303</a></td><td>République d'Afrique du Sud</td></tr><tr><td><a href=\"CodeSystem-TRE-R20-Pays.html#TRE-R20-Pays-99304\">99304</a></td><td>République de Gambie</td></tr><tr><td><a href=\"CodeSystem-TRE-R20-Pays.html#TRE-R20-Pays-99306\">99306</a></td><td>Sainte-Hélène, Ascension et Tristan de Cunha</td></tr><tr><td><a href=\"CodeSystem-TRE-R20-Pays.html#TRE-R20-Pays-99308\">99308</a></td><td>Territoire britannique de l'océan Indien</td></tr><tr><td><a href=\"CodeSystem-TRE-R20-Pays.html#TRE-R20-Pays-99309\">99309</a></td><td>République unie de Tanzanie</td></tr><tr><td><a href=\"CodeSystem-TRE-R20-Pays.html#TRE-R20-Pays-99310\">99310</a></td><td>République du Zimbabwe</td></tr><tr><td><a href=\"CodeSystem-TRE-R20-Pays.html#TRE-R20-Pays-99311\">99311</a></td><td>République de Namibie</td></tr><tr><td><a href=\"CodeSystem-TRE-R20-Pays.html#TRE-R20-Pays-99312\">99312</a></td><td>République démocratique du Congo</td></tr><tr><td><a href=\"CodeSystem-TRE-R20-Pays.html#TRE-R20-Pays-99313\">99313</a></td><td>Provinces espagnoles d'Afrique</td></tr><tr><td><a href=\"CodeSystem-TRE-R20-Pays.html#TRE-R20-Pays-99314\">99314</a></td><td>République de Guinée équatoriale</td></tr><tr><td><a href=\"CodeSystem-TRE-R20-Pays.html#TRE-R20-Pays-99315\">99315</a></td><td>République démocratique fédérale d'Ethiopie</td></tr><tr><td><a href=\"CodeSystem-TRE-R20-Pays.html#TRE-R20-Pays-99316\">99316</a></td><td>Jamahiriya arabe libyenne populaire et socialiste</td></tr><tr><td><a href=\"CodeSystem-TRE-R20-Pays.html#TRE-R20-Pays-99317\">99317</a></td><td>Etat d'Erythrée</td></tr><tr><td><a href=\"CodeSystem-TRE-R20-Pays.html#TRE-R20-Pays-99318\">99318</a></td><td>Somalie</td></tr><tr><td><a href=\"CodeSystem-TRE-R20-Pays.html#TRE-R20-Pays-99319\">99319</a></td><td>Açores, Madère</td></tr><tr><td><a href=\"CodeSystem-TRE-R20-Pays.html#TRE-R20-Pays-99321\">99321</a></td><td>République du Burundi</td></tr><tr><td><a href=\"CodeSystem-TRE-R20-Pays.html#TRE-R20-Pays-99322\">99322</a></td><td>République du Cameroun</td></tr><tr><td><a href=\"CodeSystem-TRE-R20-Pays.html#TRE-R20-Pays-99323\">99323</a></td><td>République Centrafricaine</td></tr><tr><td><a href=\"CodeSystem-TRE-R20-Pays.html#TRE-R20-Pays-99324\">99324</a></td><td>République du Congo</td></tr><tr><td><a href=\"CodeSystem-TRE-R20-Pays.html#TRE-R20-Pays-99326\">99326</a></td><td>République de Côte d'Ivoire</td></tr><tr><td><a href=\"CodeSystem-TRE-R20-Pays.html#TRE-R20-Pays-99327\">99327</a></td><td>République du Bénin</td></tr><tr><td><a href=\"CodeSystem-TRE-R20-Pays.html#TRE-R20-Pays-99328\">99328</a></td><td>République gabonaise</td></tr><tr><td><a href=\"CodeSystem-TRE-R20-Pays.html#TRE-R20-Pays-99329\">99329</a></td><td>République du Ghana</td></tr><tr><td><a href=\"CodeSystem-TRE-R20-Pays.html#TRE-R20-Pays-99330\">99330</a></td><td>République de Guinée</td></tr><tr><td><a href=\"CodeSystem-TRE-R20-Pays.html#TRE-R20-Pays-99331\">99331</a></td><td>Burkina Faso</td></tr><tr><td><a href=\"CodeSystem-TRE-R20-Pays.html#TRE-R20-Pays-99332\">99332</a></td><td>République du Kenya</td></tr><tr><td><a href=\"CodeSystem-TRE-R20-Pays.html#TRE-R20-Pays-99333\">99333</a></td><td>République de Madagascar</td></tr><tr><td><a href=\"CodeSystem-TRE-R20-Pays.html#TRE-R20-Pays-99334\">99334</a></td><td>République du Malawi</td></tr><tr><td><a href=\"CodeSystem-TRE-R20-Pays.html#TRE-R20-Pays-99335\">99335</a></td><td>République du Mali</td></tr><tr><td><a href=\"CodeSystem-TRE-R20-Pays.html#TRE-R20-Pays-99336\">99336</a></td><td>République islamique de Mauritanie</td></tr><tr><td><a href=\"CodeSystem-TRE-R20-Pays.html#TRE-R20-Pays-99337\">99337</a></td><td>République du Niger</td></tr><tr><td><a href=\"CodeSystem-TRE-R20-Pays.html#TRE-R20-Pays-99338\">99338</a></td><td>République fédérale du Nigeria</td></tr><tr><td><a href=\"CodeSystem-TRE-R20-Pays.html#TRE-R20-Pays-99339\">99339</a></td><td>République de l'Ouganda</td></tr><tr><td><a href=\"CodeSystem-TRE-R20-Pays.html#TRE-R20-Pays-99340\">99340</a></td><td>République du Rwanda</td></tr><tr><td><a href=\"CodeSystem-TRE-R20-Pays.html#TRE-R20-Pays-99341\">99341</a></td><td>République du Sénégal</td></tr><tr><td><a href=\"CodeSystem-TRE-R20-Pays.html#TRE-R20-Pays-99342\">99342</a></td><td>République de Sierra Leone</td></tr><tr><td><a href=\"CodeSystem-TRE-R20-Pays.html#TRE-R20-Pays-99343\">99343</a></td><td>République du Soudan</td></tr><tr><td><a href=\"CodeSystem-TRE-R20-Pays.html#TRE-R20-Pays-99344\">99344</a></td><td>République du Tchad</td></tr><tr><td><a href=\"CodeSystem-TRE-R20-Pays.html#TRE-R20-Pays-99345\">99345</a></td><td>République togolaise</td></tr><tr><td><a href=\"CodeSystem-TRE-R20-Pays.html#TRE-R20-Pays-99346\">99346</a></td><td>République de Zambie</td></tr><tr><td><a href=\"CodeSystem-TRE-R20-Pays.html#TRE-R20-Pays-99347\">99347</a></td><td>République du Botswana</td></tr><tr><td><a href=\"CodeSystem-TRE-R20-Pays.html#TRE-R20-Pays-99348\">99348</a></td><td>Royaume du Lesotho</td></tr><tr><td><a href=\"CodeSystem-TRE-R20-Pays.html#TRE-R20-Pays-99349\">99349</a></td><td>République du Soudan du Sud</td></tr><tr><td><a href=\"CodeSystem-TRE-R20-Pays.html#TRE-R20-Pays-99350\">99350</a></td><td>Royaume du Maroc</td></tr><tr><td><a href=\"CodeSystem-TRE-R20-Pays.html#TRE-R20-Pays-99351\">99351</a></td><td>République tunisienne</td></tr><tr><td><a href=\"CodeSystem-TRE-R20-Pays.html#TRE-R20-Pays-99352\">99352</a></td><td>République algérienne démocratique et populaire</td></tr><tr><td><a href=\"CodeSystem-TRE-R20-Pays.html#TRE-R20-Pays-99389\">99389</a></td><td>Sahara occidental</td></tr><tr><td><a href=\"CodeSystem-TRE-R20-Pays.html#TRE-R20-Pays-99390\">99390</a></td><td>République de Maurice</td></tr><tr><td><a href=\"CodeSystem-TRE-R20-Pays.html#TRE-R20-Pays-99391\">99391</a></td><td>Royaume d'Eswatini</td></tr><tr><td><a href=\"CodeSystem-TRE-R20-Pays.html#TRE-R20-Pays-99392\">99392</a></td><td>République de Guinée-Bissau</td></tr><tr><td><a href=\"CodeSystem-TRE-R20-Pays.html#TRE-R20-Pays-99393\">99393</a></td><td>République du Mozambique</td></tr><tr><td><a href=\"CodeSystem-TRE-R20-Pays.html#TRE-R20-Pays-99394\">99394</a></td><td>République démocratique de Sao Tomé-et-Principe</td></tr><tr><td><a href=\"CodeSystem-TRE-R20-Pays.html#TRE-R20-Pays-99395\">99395</a></td><td>République d'Angola</td></tr><tr><td><a href=\"CodeSystem-TRE-R20-Pays.html#TRE-R20-Pays-99396\">99396</a></td><td>République du Cap-Vert</td></tr><tr><td><a href=\"CodeSystem-TRE-R20-Pays.html#TRE-R20-Pays-99397\">99397</a></td><td>République fédérale islamique des Comores</td></tr><tr><td><a href=\"CodeSystem-TRE-R20-Pays.html#TRE-R20-Pays-99398\">99398</a></td><td>République des Seychelles</td></tr><tr><td><a href=\"CodeSystem-TRE-R20-Pays.html#TRE-R20-Pays-99399\">99399</a></td><td>République de Djibouti</td></tr><tr><td><a href=\"CodeSystem-TRE-R20-Pays.html#TRE-R20-Pays-99401\">99401</a></td><td>Canada</td></tr><tr><td><a href=\"CodeSystem-TRE-R20-Pays.html#TRE-R20-Pays-99404\">99404</a></td><td>États-Unis d'Amérique</td></tr><tr><td><a href=\"CodeSystem-TRE-R20-Pays.html#TRE-R20-Pays-99405\">99405</a></td><td>États-Unis du Mexique</td></tr><tr><td><a href=\"CodeSystem-TRE-R20-Pays.html#TRE-R20-Pays-99406\">99406</a></td><td>République du Costa Rica</td></tr><tr><td><a href=\"CodeSystem-TRE-R20-Pays.html#TRE-R20-Pays-99407\">99407</a></td><td>République de Cuba</td></tr><tr><td><a href=\"CodeSystem-TRE-R20-Pays.html#TRE-R20-Pays-99408\">99408</a></td><td>République dominicaine</td></tr><tr><td><a href=\"CodeSystem-TRE-R20-Pays.html#TRE-R20-Pays-99409\">99409</a></td><td>République du Guatemala</td></tr><tr><td><a href=\"CodeSystem-TRE-R20-Pays.html#TRE-R20-Pays-99410\">99410</a></td><td>République d'Haïti</td></tr><tr><td><a href=\"CodeSystem-TRE-R20-Pays.html#TRE-R20-Pays-99411\">99411</a></td><td>République du Honduras</td></tr><tr><td><a href=\"CodeSystem-TRE-R20-Pays.html#TRE-R20-Pays-99412\">99412</a></td><td>République du Nicaragua</td></tr><tr><td><a href=\"CodeSystem-TRE-R20-Pays.html#TRE-R20-Pays-99413\">99413</a></td><td>République du Panama</td></tr><tr><td><a href=\"CodeSystem-TRE-R20-Pays.html#TRE-R20-Pays-99414\">99414</a></td><td>République du Salvador</td></tr><tr><td><a href=\"CodeSystem-TRE-R20-Pays.html#TRE-R20-Pays-99415\">99415</a></td><td>République argentine</td></tr><tr><td><a href=\"CodeSystem-TRE-R20-Pays.html#TRE-R20-Pays-99416\">99416</a></td><td>République fédérative du Brésil</td></tr><tr><td><a href=\"CodeSystem-TRE-R20-Pays.html#TRE-R20-Pays-99417\">99417</a></td><td>République du Chili</td></tr><tr><td><a href=\"CodeSystem-TRE-R20-Pays.html#TRE-R20-Pays-99418\">99418</a></td><td>Etat plurinational de Bolivie</td></tr><tr><td><a href=\"CodeSystem-TRE-R20-Pays.html#TRE-R20-Pays-99419\">99419</a></td><td>République de Colombie</td></tr><tr><td><a href=\"CodeSystem-TRE-R20-Pays.html#TRE-R20-Pays-99420\">99420</a></td><td>République de l'Equateur</td></tr><tr><td><a href=\"CodeSystem-TRE-R20-Pays.html#TRE-R20-Pays-99421\">99421</a></td><td>République du Paraguay</td></tr><tr><td><a href=\"CodeSystem-TRE-R20-Pays.html#TRE-R20-Pays-99422\">99422</a></td><td>République du Pérou</td></tr><tr><td><a href=\"CodeSystem-TRE-R20-Pays.html#TRE-R20-Pays-99423\">99423</a></td><td>République orientale de l'Uruguay</td></tr><tr><td><a href=\"CodeSystem-TRE-R20-Pays.html#TRE-R20-Pays-99424\">99424</a></td><td>République du Venezuela</td></tr><tr><td><a href=\"CodeSystem-TRE-R20-Pays.html#TRE-R20-Pays-99425\">99425</a></td><td>Territoires du Royaume-Uni aux Antilles</td></tr><tr><td><a href=\"CodeSystem-TRE-R20-Pays.html#TRE-R20-Pays-99426\">99426</a></td><td>Jamaïque</td></tr><tr><td><a href=\"CodeSystem-TRE-R20-Pays.html#TRE-R20-Pays-99427\">99427</a></td><td>Terr. du Royaume-Uni dans l'Atlantique sud</td></tr><tr><td><a href=\"CodeSystem-TRE-R20-Pays.html#TRE-R20-Pays-99428\">99428</a></td><td>République coopérative du Guyana</td></tr><tr><td><a href=\"CodeSystem-TRE-R20-Pays.html#TRE-R20-Pays-99429\">99429</a></td><td>Belize</td></tr><tr><td><a href=\"CodeSystem-TRE-R20-Pays.html#TRE-R20-Pays-99430\">99430</a></td><td>Groenland</td></tr><tr><td><a href=\"CodeSystem-TRE-R20-Pays.html#TRE-R20-Pays-99432\">99432</a></td><td>Terr. des Etats-Unis d'Amérique en Amérique</td></tr><tr><td><a href=\"CodeSystem-TRE-R20-Pays.html#TRE-R20-Pays-99433\">99433</a></td><td>République de Trinité-et-Tobago</td></tr><tr><td><a href=\"CodeSystem-TRE-R20-Pays.html#TRE-R20-Pays-99434\">99434</a></td><td>Barbade</td></tr><tr><td><a href=\"CodeSystem-TRE-R20-Pays.html#TRE-R20-Pays-99435\">99435</a></td><td>Grenade</td></tr><tr><td><a href=\"CodeSystem-TRE-R20-Pays.html#TRE-R20-Pays-99436\">99436</a></td><td>Commonwealth des Bahamas</td></tr><tr><td><a href=\"CodeSystem-TRE-R20-Pays.html#TRE-R20-Pays-99437\">99437</a></td><td>République du Suriname</td></tr><tr><td><a href=\"CodeSystem-TRE-R20-Pays.html#TRE-R20-Pays-99438\">99438</a></td><td>Commonwealth de Dominique</td></tr><tr><td><a href=\"CodeSystem-TRE-R20-Pays.html#TRE-R20-Pays-99439\">99439</a></td><td>Sainte-Lucie</td></tr><tr><td><a href=\"CodeSystem-TRE-R20-Pays.html#TRE-R20-Pays-99440\">99440</a></td><td>Saint-Vincent-et-les-Grenadines</td></tr><tr><td><a href=\"CodeSystem-TRE-R20-Pays.html#TRE-R20-Pays-99441\">99441</a></td><td>Antigua-et-Barbuda</td></tr><tr><td><a href=\"CodeSystem-TRE-R20-Pays.html#TRE-R20-Pays-99442\">99442</a></td><td>Fédération de Saint-Christophe-et-Niévès</td></tr><tr><td><a href=\"CodeSystem-TRE-R20-Pays.html#TRE-R20-Pays-99443\">99443</a></td><td>Bonaire, Saint Eustache et Saba</td></tr><tr><td><a href=\"CodeSystem-TRE-R20-Pays.html#TRE-R20-Pays-99444\">99444</a></td><td>Curaçao</td></tr><tr><td><a href=\"CodeSystem-TRE-R20-Pays.html#TRE-R20-Pays-99445\">99445</a></td><td>Saint-Martin (partie néerlandaise)</td></tr><tr><td><a href=\"CodeSystem-TRE-R20-Pays.html#TRE-R20-Pays-99501\">99501</a></td><td>Australie</td></tr><tr><td><a href=\"CodeSystem-TRE-R20-Pays.html#TRE-R20-Pays-99502\">99502</a></td><td>Nouvelle-Zélande</td></tr><tr><td><a href=\"CodeSystem-TRE-R20-Pays.html#TRE-R20-Pays-99503\">99503</a></td><td>Pitcairn, île</td></tr><tr><td><a href=\"CodeSystem-TRE-R20-Pays.html#TRE-R20-Pays-99505\">99505</a></td><td>Territoires des Etats-Unis en Océanie</td></tr><tr><td><a href=\"CodeSystem-TRE-R20-Pays.html#TRE-R20-Pays-99506\">99506</a></td><td>État indépendant des Samoa occidentales</td></tr><tr><td><a href=\"CodeSystem-TRE-R20-Pays.html#TRE-R20-Pays-99507\">99507</a></td><td>République de Nauru</td></tr><tr><td><a href=\"CodeSystem-TRE-R20-Pays.html#TRE-R20-Pays-99508\">99508</a></td><td>République des Fidji</td></tr><tr><td><a href=\"CodeSystem-TRE-R20-Pays.html#TRE-R20-Pays-99509\">99509</a></td><td>Royaume des Tonga</td></tr><tr><td><a href=\"CodeSystem-TRE-R20-Pays.html#TRE-R20-Pays-99510\">99510</a></td><td>Papouasie-Nouvelle-Guinée</td></tr><tr><td><a href=\"CodeSystem-TRE-R20-Pays.html#TRE-R20-Pays-99511\">99511</a></td><td>Tuvalu</td></tr><tr><td><a href=\"CodeSystem-TRE-R20-Pays.html#TRE-R20-Pays-99512\">99512</a></td><td>Salomon, îles</td></tr><tr><td><a href=\"CodeSystem-TRE-R20-Pays.html#TRE-R20-Pays-99513\">99513</a></td><td>République de Kiribati</td></tr><tr><td><a href=\"CodeSystem-TRE-R20-Pays.html#TRE-R20-Pays-99514\">99514</a></td><td>République de Vanuatu</td></tr><tr><td><a href=\"CodeSystem-TRE-R20-Pays.html#TRE-R20-Pays-99515\">99515</a></td><td>République des îles Marshall</td></tr><tr><td><a href=\"CodeSystem-TRE-R20-Pays.html#TRE-R20-Pays-99516\">99516</a></td><td>Etats fédérés de Micronésie</td></tr><tr><td><a href=\"CodeSystem-TRE-R20-Pays.html#TRE-R20-Pays-99517\">99517</a></td><td>République des îles Palaos</td></tr></table></li></ul></div>"
  },
  "extension" : [{
    "url" : "http://hl7.org/fhir/StructureDefinition/resource-effectivePeriod",
    "valuePeriod" : {
      "start" : "2021-06-25T12:00:00+01:00",
      "end" : "2024-01-26T12:00:00+01:00"
    }
  }],
  "url" : "https://mos.esante.gouv.fr/NOS/JDV_J168-Pays-EPARS/FHIR/JDV-J168-Pays-EPARS",
  "identifier" : [{
    "value" : "urn:oid:1.2.250.1.213.1.6.1.229"
  }],
  "version" : "1.1.0",
  "name" : "JDV_J168-Pays-EPARS",
  "status" : "retired",
  "date" : "2024-01-26T12:00:00+01:00",
  "publisher" : "ANS",
  "contact" : [{
    "name" : "ANS",
    "telecom" : [{
      "system" : "url",
      "value" : "https://esante.gouv.fr"
    }]
  }],
  "description" : "Pays pour EPARS",
  "compose" : {
    "include" : [{
      "system" : "https://mos.esante.gouv.fr/NOS/TRE_R20-Pays/FHIR/TRE-R20-Pays",
      "concept" : [{
        "code" : "99100",
        "display" : "République française",
        "designation" : [{
          "use" : {
            "code" : "OID"
          },
          "value" : "urn:oid:1.2.250.1.213.2.24"
        }]
      },
      {
        "code" : "99101",
        "display" : "Royaume du Danemark",
        "designation" : [{
          "use" : {
            "code" : "OID"
          },
          "value" : "urn:oid:1.2.250.1.213.2.24"
        }]
      },
      {
        "code" : "99102",
        "display" : "République d'Islande",
        "designation" : [{
          "use" : {
            "code" : "OID"
          },
          "value" : "urn:oid:1.2.250.1.213.2.24"
        }]
      },
      {
        "code" : "99103",
        "display" : "Royaume de Norvège",
        "designation" : [{
          "use" : {
            "code" : "OID"
          },
          "value" : "urn:oid:1.2.250.1.213.2.24"
        }]
      },
      {
        "code" : "99104",
        "display" : "Royaume de Suède",
        "designation" : [{
          "use" : {
            "code" : "OID"
          },
          "value" : "urn:oid:1.2.250.1.213.2.24"
        }]
      },
      {
        "code" : "99105",
        "display" : "République de Finlande",
        "designation" : [{
          "use" : {
            "code" : "OID"
          },
          "value" : "urn:oid:1.2.250.1.213.2.24"
        }]
      },
      {
        "code" : "99106",
        "display" : "République d'Estonie",
        "designation" : [{
          "use" : {
            "code" : "OID"
          },
          "value" : "urn:oid:1.2.250.1.213.2.24"
        }]
      },
      {
        "code" : "99107",
        "display" : "République de Lettonie",
        "designation" : [{
          "use" : {
            "code" : "OID"
          },
          "value" : "urn:oid:1.2.250.1.213.2.24"
        }]
      },
      {
        "code" : "99108",
        "display" : "République de Lituanie",
        "designation" : [{
          "use" : {
            "code" : "OID"
          },
          "value" : "urn:oid:1.2.250.1.213.2.24"
        }]
      },
      {
        "code" : "99109",
        "display" : "République fédérale d'Allemagne",
        "designation" : [{
          "use" : {
            "code" : "OID"
          },
          "value" : "urn:oid:1.2.250.1.213.2.24"
        }]
      },
      {
        "code" : "99110",
        "display" : "République d'Autriche",
        "designation" : [{
          "use" : {
            "code" : "OID"
          },
          "value" : "urn:oid:1.2.250.1.213.2.24"
        }]
      },
      {
        "code" : "99111",
        "display" : "République de Bulgarie",
        "designation" : [{
          "use" : {
            "code" : "OID"
          },
          "value" : "urn:oid:1.2.250.1.213.2.24"
        }]
      },
      {
        "code" : "99112",
        "display" : "République de Hongrie",
        "designation" : [{
          "use" : {
            "code" : "OID"
          },
          "value" : "urn:oid:1.2.250.1.213.2.24"
        }]
      },
      {
        "code" : "99113",
        "display" : "Principauté de Liechtenstein",
        "designation" : [{
          "use" : {
            "code" : "OID"
          },
          "value" : "urn:oid:1.2.250.1.213.2.24"
        }]
      },
      {
        "code" : "99114",
        "display" : "Roumanie",
        "designation" : [{
          "use" : {
            "code" : "OID"
          },
          "value" : "urn:oid:1.2.250.1.213.2.24"
        }]
      },
      {
        "code" : "99116",
        "display" : "République tchèque",
        "designation" : [{
          "use" : {
            "code" : "OID"
          },
          "value" : "urn:oid:1.2.250.1.213.2.24"
        }]
      },
      {
        "code" : "99117",
        "display" : "République slovaque",
        "designation" : [{
          "use" : {
            "code" : "OID"
          },
          "value" : "urn:oid:1.2.250.1.213.2.24"
        }]
      },
      {
        "code" : "99118",
        "display" : "République de Bosnie-Herzégovine",
        "designation" : [{
          "use" : {
            "code" : "OID"
          },
          "value" : "urn:oid:1.2.250.1.213.2.24"
        }]
      },
      {
        "code" : "99119",
        "display" : "République de Croatie",
        "designation" : [{
          "use" : {
            "code" : "OID"
          },
          "value" : "urn:oid:1.2.250.1.213.2.24"
        }]
      },
      {
        "code" : "99120",
        "display" : "République du Monténégro",
        "designation" : [{
          "use" : {
            "code" : "OID"
          },
          "value" : "urn:oid:1.2.250.1.213.2.24"
        }]
      },
      {
        "code" : "99121",
        "display" : "République de Serbie",
        "designation" : [{
          "use" : {
            "code" : "OID"
          },
          "value" : "urn:oid:1.2.250.1.213.2.24"
        }]
      },
      {
        "code" : "99122",
        "display" : "République de Pologne",
        "designation" : [{
          "use" : {
            "code" : "OID"
          },
          "value" : "urn:oid:1.2.250.1.213.2.24"
        }]
      },
      {
        "code" : "99123",
        "display" : "Fédération de Russie",
        "designation" : [{
          "use" : {
            "code" : "OID"
          },
          "value" : "urn:oid:1.2.250.1.213.2.24"
        }]
      },
      {
        "code" : "99125",
        "display" : "République d'Albanie",
        "designation" : [{
          "use" : {
            "code" : "OID"
          },
          "value" : "urn:oid:1.2.250.1.213.2.24"
        }]
      },
      {
        "code" : "99126",
        "display" : "République Hellénique",
        "designation" : [{
          "use" : {
            "code" : "OID"
          },
          "value" : "urn:oid:1.2.250.1.213.2.24"
        }]
      },
      {
        "code" : "99127",
        "display" : "République italienne",
        "designation" : [{
          "use" : {
            "code" : "OID"
          },
          "value" : "urn:oid:1.2.250.1.213.2.24"
        }]
      },
      {
        "code" : "99128",
        "display" : "République de Saint-Marin",
        "designation" : [{
          "use" : {
            "code" : "OID"
          },
          "value" : "urn:oid:1.2.250.1.213.2.24"
        }]
      },
      {
        "code" : "99129",
        "display" : "État de la cité du Vatican",
        "designation" : [{
          "use" : {
            "code" : "OID"
          },
          "value" : "urn:oid:1.2.250.1.213.2.24"
        }]
      },
      {
        "code" : "99130",
        "display" : "Principauté d'Andorre",
        "designation" : [{
          "use" : {
            "code" : "OID"
          },
          "value" : "urn:oid:1.2.250.1.213.2.24"
        }]
      },
      {
        "code" : "99131",
        "display" : "Royaume de Belgique",
        "designation" : [{
          "use" : {
            "code" : "OID"
          },
          "value" : "urn:oid:1.2.250.1.213.2.24"
        }]
      },
      {
        "code" : "99132",
        "display" : "Royaume-Uni de Grande-Bretagne et Irlande du Nord",
        "designation" : [{
          "use" : {
            "code" : "OID"
          },
          "value" : "urn:oid:1.2.250.1.213.2.24"
        }]
      },
      {
        "code" : "99133",
        "display" : "Gibraltar",
        "designation" : [{
          "use" : {
            "code" : "OID"
          },
          "value" : "urn:oid:1.2.250.1.213.2.24"
        }]
      },
      {
        "code" : "99134",
        "display" : "Royaume d'Espagne",
        "designation" : [{
          "use" : {
            "code" : "OID"
          },
          "value" : "urn:oid:1.2.250.1.213.2.24"
        }]
      },
      {
        "code" : "99135",
        "display" : "Royaume des Pays-Bas",
        "designation" : [{
          "use" : {
            "code" : "OID"
          },
          "value" : "urn:oid:1.2.250.1.213.2.24"
        }]
      },
      {
        "code" : "99136",
        "display" : "Irlande (Eire)",
        "designation" : [{
          "use" : {
            "code" : "OID"
          },
          "value" : "urn:oid:1.2.250.1.213.2.24"
        }]
      },
      {
        "code" : "99137",
        "display" : "Grand-Duché de Luxembourg",
        "designation" : [{
          "use" : {
            "code" : "OID"
          },
          "value" : "urn:oid:1.2.250.1.213.2.24"
        }]
      },
      {
        "code" : "99138",
        "display" : "Principauté de Monaco",
        "designation" : [{
          "use" : {
            "code" : "OID"
          },
          "value" : "urn:oid:1.2.250.1.213.2.24"
        }]
      },
      {
        "code" : "99139",
        "display" : "République portugaise",
        "designation" : [{
          "use" : {
            "code" : "OID"
          },
          "value" : "urn:oid:1.2.250.1.213.2.24"
        }]
      },
      {
        "code" : "99140",
        "display" : "Confédération suisse",
        "designation" : [{
          "use" : {
            "code" : "OID"
          },
          "value" : "urn:oid:1.2.250.1.213.2.24"
        }]
      },
      {
        "code" : "99144",
        "display" : "République de Malte",
        "designation" : [{
          "use" : {
            "code" : "OID"
          },
          "value" : "urn:oid:1.2.250.1.213.2.24"
        }]
      },
      {
        "code" : "99145",
        "display" : "République de Slovénie",
        "designation" : [{
          "use" : {
            "code" : "OID"
          },
          "value" : "urn:oid:1.2.250.1.213.2.24"
        }]
      },
      {
        "code" : "99148",
        "display" : "République de Biélorussie (Bélarus)",
        "designation" : [{
          "use" : {
            "code" : "OID"
          },
          "value" : "urn:oid:1.2.250.1.213.2.24"
        }]
      },
      {
        "code" : "99151",
        "display" : "République de Moldavie",
        "designation" : [{
          "use" : {
            "code" : "OID"
          },
          "value" : "urn:oid:1.2.250.1.213.2.24"
        }]
      },
      {
        "code" : "99155",
        "display" : "Ukraine",
        "designation" : [{
          "use" : {
            "code" : "OID"
          },
          "value" : "urn:oid:1.2.250.1.213.2.24"
        }]
      },
      {
        "code" : "99156",
        "display" : "République de Macédoine du nord",
        "designation" : [{
          "use" : {
            "code" : "OID"
          },
          "value" : "urn:oid:1.2.250.1.213.2.24"
        }]
      },
      {
        "code" : "99157",
        "display" : "République du Kosovo",
        "designation" : [{
          "use" : {
            "code" : "OID"
          },
          "value" : "urn:oid:1.2.250.1.213.2.24"
        }]
      },
      {
        "code" : "99201",
        "display" : "Royaume d'Arabie saoudite",
        "designation" : [{
          "use" : {
            "code" : "OID"
          },
          "value" : "urn:oid:1.2.250.1.213.2.24"
        }]
      },
      {
        "code" : "99203",
        "display" : "République d'Iraq",
        "designation" : [{
          "use" : {
            "code" : "OID"
          },
          "value" : "urn:oid:1.2.250.1.213.2.24"
        }]
      },
      {
        "code" : "99204",
        "display" : "République islamique d'Iran",
        "designation" : [{
          "use" : {
            "code" : "OID"
          },
          "value" : "urn:oid:1.2.250.1.213.2.24"
        }]
      },
      {
        "code" : "99205",
        "display" : "République libanaise",
        "designation" : [{
          "use" : {
            "code" : "OID"
          },
          "value" : "urn:oid:1.2.250.1.213.2.24"
        }]
      },
      {
        "code" : "99206",
        "display" : "République arabe syrienne",
        "designation" : [{
          "use" : {
            "code" : "OID"
          },
          "value" : "urn:oid:1.2.250.1.213.2.24"
        }]
      },
      {
        "code" : "99207",
        "display" : "Etat d'Israël",
        "designation" : [{
          "use" : {
            "code" : "OID"
          },
          "value" : "urn:oid:1.2.250.1.213.2.24"
        }]
      },
      {
        "code" : "99208",
        "display" : "République turque",
        "designation" : [{
          "use" : {
            "code" : "OID"
          },
          "value" : "urn:oid:1.2.250.1.213.2.24"
        }]
      },
      {
        "code" : "99212",
        "display" : "Etat islamique d'Afghanistan",
        "designation" : [{
          "use" : {
            "code" : "OID"
          },
          "value" : "urn:oid:1.2.250.1.213.2.24"
        }]
      },
      {
        "code" : "99213",
        "display" : "République islamique du Pakistan",
        "designation" : [{
          "use" : {
            "code" : "OID"
          },
          "value" : "urn:oid:1.2.250.1.213.2.24"
        }]
      },
      {
        "code" : "99214",
        "display" : "Royaume du Bhoutan",
        "designation" : [{
          "use" : {
            "code" : "OID"
          },
          "value" : "urn:oid:1.2.250.1.213.2.24"
        }]
      },
      {
        "code" : "99215",
        "display" : "Royaume du Népal",
        "designation" : [{
          "use" : {
            "code" : "OID"
          },
          "value" : "urn:oid:1.2.250.1.213.2.24"
        }]
      },
      {
        "code" : "99216",
        "display" : "République populaire de Chine",
        "designation" : [{
          "use" : {
            "code" : "OID"
          },
          "value" : "urn:oid:1.2.250.1.213.2.24"
        }]
      },
      {
        "code" : "99217",
        "display" : "Japon",
        "designation" : [{
          "use" : {
            "code" : "OID"
          },
          "value" : "urn:oid:1.2.250.1.213.2.24"
        }]
      },
      {
        "code" : "99219",
        "display" : "Royaume de Thaïlande",
        "designation" : [{
          "use" : {
            "code" : "OID"
          },
          "value" : "urn:oid:1.2.250.1.213.2.24"
        }]
      },
      {
        "code" : "99220",
        "display" : "République des Philippines",
        "designation" : [{
          "use" : {
            "code" : "OID"
          },
          "value" : "urn:oid:1.2.250.1.213.2.24"
        }]
      },
      {
        "code" : "99222",
        "display" : "Royaume hachémite de Jordanie",
        "designation" : [{
          "use" : {
            "code" : "OID"
          },
          "value" : "urn:oid:1.2.250.1.213.2.24"
        }]
      },
      {
        "code" : "99223",
        "display" : "République de l'Inde",
        "designation" : [{
          "use" : {
            "code" : "OID"
          },
          "value" : "urn:oid:1.2.250.1.213.2.24"
        }]
      },
      {
        "code" : "99224",
        "display" : "Union de Birmanie",
        "designation" : [{
          "use" : {
            "code" : "OID"
          },
          "value" : "urn:oid:1.2.250.1.213.2.24"
        }]
      },
      {
        "code" : "99225",
        "display" : "Negara Brunei Darussalam",
        "designation" : [{
          "use" : {
            "code" : "OID"
          },
          "value" : "urn:oid:1.2.250.1.213.2.24"
        }]
      },
      {
        "code" : "99226",
        "display" : "République de Singapour",
        "designation" : [{
          "use" : {
            "code" : "OID"
          },
          "value" : "urn:oid:1.2.250.1.213.2.24"
        }]
      },
      {
        "code" : "99227",
        "display" : "Malaisie",
        "designation" : [{
          "use" : {
            "code" : "OID"
          },
          "value" : "urn:oid:1.2.250.1.213.2.24"
        }]
      },
      {
        "code" : "99229",
        "display" : "République des Maldives",
        "designation" : [{
          "use" : {
            "code" : "OID"
          },
          "value" : "urn:oid:1.2.250.1.213.2.24"
        }]
      },
      {
        "code" : "99231",
        "display" : "République d'Indonésie",
        "designation" : [{
          "use" : {
            "code" : "OID"
          },
          "value" : "urn:oid:1.2.250.1.213.2.24"
        }]
      },
      {
        "code" : "99234",
        "display" : "Royaume du Cambodge",
        "designation" : [{
          "use" : {
            "code" : "OID"
          },
          "value" : "urn:oid:1.2.250.1.213.2.24"
        }]
      },
      {
        "code" : "99235",
        "display" : "République démocratique socialiste de Sri Lanka",
        "designation" : [{
          "use" : {
            "code" : "OID"
          },
          "value" : "urn:oid:1.2.250.1.213.2.24"
        }]
      },
      {
        "code" : "99236",
        "display" : "Taïwan",
        "designation" : [{
          "use" : {
            "code" : "OID"
          },
          "value" : "urn:oid:1.2.250.1.213.2.24"
        }]
      },
      {
        "code" : "99238",
        "display" : "République populaire démocratique de Corée",
        "designation" : [{
          "use" : {
            "code" : "OID"
          },
          "value" : "urn:oid:1.2.250.1.213.2.24"
        }]
      },
      {
        "code" : "99239",
        "display" : "République de Corée",
        "designation" : [{
          "use" : {
            "code" : "OID"
          },
          "value" : "urn:oid:1.2.250.1.213.2.24"
        }]
      },
      {
        "code" : "99240",
        "display" : "État du Koweït",
        "designation" : [{
          "use" : {
            "code" : "OID"
          },
          "value" : "urn:oid:1.2.250.1.213.2.24"
        }]
      },
      {
        "code" : "99241",
        "display" : "République démocratique populaire lao",
        "designation" : [{
          "use" : {
            "code" : "OID"
          },
          "value" : "urn:oid:1.2.250.1.213.2.24"
        }]
      },
      {
        "code" : "99242",
        "display" : "Mongolie",
        "designation" : [{
          "use" : {
            "code" : "OID"
          },
          "value" : "urn:oid:1.2.250.1.213.2.24"
        }]
      },
      {
        "code" : "99243",
        "display" : "République socialiste du Viêt Nam",
        "designation" : [{
          "use" : {
            "code" : "OID"
          },
          "value" : "urn:oid:1.2.250.1.213.2.24"
        }]
      },
      {
        "code" : "99246",
        "display" : "République populaire du Bangladesh",
        "designation" : [{
          "use" : {
            "code" : "OID"
          },
          "value" : "urn:oid:1.2.250.1.213.2.24"
        }]
      },
      {
        "code" : "99247",
        "display" : "Émirats arabes unis",
        "designation" : [{
          "use" : {
            "code" : "OID"
          },
          "value" : "urn:oid:1.2.250.1.213.2.24"
        }]
      },
      {
        "code" : "99248",
        "display" : "État du Qatar",
        "designation" : [{
          "use" : {
            "code" : "OID"
          },
          "value" : "urn:oid:1.2.250.1.213.2.24"
        }]
      },
      {
        "code" : "99249",
        "display" : "État de Bahreïn",
        "designation" : [{
          "use" : {
            "code" : "OID"
          },
          "value" : "urn:oid:1.2.250.1.213.2.24"
        }]
      },
      {
        "code" : "99250",
        "display" : "Sultanat d'Oman",
        "designation" : [{
          "use" : {
            "code" : "OID"
          },
          "value" : "urn:oid:1.2.250.1.213.2.24"
        }]
      },
      {
        "code" : "99251",
        "display" : "Yémen",
        "designation" : [{
          "use" : {
            "code" : "OID"
          },
          "value" : "urn:oid:1.2.250.1.213.2.24"
        }]
      },
      {
        "code" : "99252",
        "display" : "République d'Arménie",
        "designation" : [{
          "use" : {
            "code" : "OID"
          },
          "value" : "urn:oid:1.2.250.1.213.2.24"
        }]
      },
      {
        "code" : "99253",
        "display" : "République azerbaïdjanaise",
        "designation" : [{
          "use" : {
            "code" : "OID"
          },
          "value" : "urn:oid:1.2.250.1.213.2.24"
        }]
      },
      {
        "code" : "99254",
        "display" : "République de Chypre",
        "designation" : [{
          "use" : {
            "code" : "OID"
          },
          "value" : "urn:oid:1.2.250.1.213.2.24"
        }]
      },
      {
        "code" : "99255",
        "display" : "République de Géorgie",
        "designation" : [{
          "use" : {
            "code" : "OID"
          },
          "value" : "urn:oid:1.2.250.1.213.2.24"
        }]
      },
      {
        "code" : "99256",
        "display" : "République du Kazakhstan",
        "designation" : [{
          "use" : {
            "code" : "OID"
          },
          "value" : "urn:oid:1.2.250.1.213.2.24"
        }]
      },
      {
        "code" : "99257",
        "display" : "République Kirghize",
        "designation" : [{
          "use" : {
            "code" : "OID"
          },
          "value" : "urn:oid:1.2.250.1.213.2.24"
        }]
      },
      {
        "code" : "99258",
        "display" : "République d'Ouzbékistan",
        "designation" : [{
          "use" : {
            "code" : "OID"
          },
          "value" : "urn:oid:1.2.250.1.213.2.24"
        }]
      },
      {
        "code" : "99259",
        "display" : "République du Tadjikistan",
        "designation" : [{
          "use" : {
            "code" : "OID"
          },
          "value" : "urn:oid:1.2.250.1.213.2.24"
        }]
      },
      {
        "code" : "99260",
        "display" : "Turkménistan",
        "designation" : [{
          "use" : {
            "code" : "OID"
          },
          "value" : "urn:oid:1.2.250.1.213.2.24"
        }]
      },
      {
        "code" : "99261",
        "display" : "Etat de Palestine",
        "designation" : [{
          "use" : {
            "code" : "OID"
          },
          "value" : "urn:oid:1.2.250.1.213.2.24"
        }]
      },
      {
        "code" : "99262",
        "display" : "République démocratique du Timor oriental",
        "designation" : [{
          "use" : {
            "code" : "OID"
          },
          "value" : "urn:oid:1.2.250.1.213.2.24"
        }]
      },
      {
        "code" : "99301",
        "display" : "République arabe d'Egypte",
        "designation" : [{
          "use" : {
            "code" : "OID"
          },
          "value" : "urn:oid:1.2.250.1.213.2.24"
        }]
      },
      {
        "code" : "99302",
        "display" : "République du Liberia",
        "designation" : [{
          "use" : {
            "code" : "OID"
          },
          "value" : "urn:oid:1.2.250.1.213.2.24"
        }]
      },
      {
        "code" : "99303",
        "display" : "République d'Afrique du Sud",
        "designation" : [{
          "use" : {
            "code" : "OID"
          },
          "value" : "urn:oid:1.2.250.1.213.2.24"
        }]
      },
      {
        "code" : "99304",
        "display" : "République de Gambie",
        "designation" : [{
          "use" : {
            "code" : "OID"
          },
          "value" : "urn:oid:1.2.250.1.213.2.24"
        }]
      },
      {
        "code" : "99306",
        "display" : "Sainte-Hélène, Ascension et Tristan de Cunha",
        "designation" : [{
          "use" : {
            "code" : "OID"
          },
          "value" : "urn:oid:1.2.250.1.213.2.24"
        }]
      },
      {
        "code" : "99308",
        "display" : "Territoire britannique de l'océan Indien",
        "designation" : [{
          "use" : {
            "code" : "OID"
          },
          "value" : "urn:oid:1.2.250.1.213.2.24"
        }]
      },
      {
        "code" : "99309",
        "display" : "République unie de Tanzanie",
        "designation" : [{
          "use" : {
            "code" : "OID"
          },
          "value" : "urn:oid:1.2.250.1.213.2.24"
        }]
      },
      {
        "code" : "99310",
        "display" : "République du Zimbabwe",
        "designation" : [{
          "use" : {
            "code" : "OID"
          },
          "value" : "urn:oid:1.2.250.1.213.2.24"
        }]
      },
      {
        "code" : "99311",
        "display" : "République de Namibie",
        "designation" : [{
          "use" : {
            "code" : "OID"
          },
          "value" : "urn:oid:1.2.250.1.213.2.24"
        }]
      },
      {
        "code" : "99312",
        "display" : "République démocratique du Congo",
        "designation" : [{
          "use" : {
            "code" : "OID"
          },
          "value" : "urn:oid:1.2.250.1.213.2.24"
        }]
      },
      {
        "code" : "99313",
        "display" : "Provinces espagnoles d'Afrique",
        "designation" : [{
          "use" : {
            "code" : "OID"
          },
          "value" : "urn:oid:1.2.250.1.213.2.24"
        }]
      },
      {
        "code" : "99314",
        "display" : "République de Guinée équatoriale",
        "designation" : [{
          "use" : {
            "code" : "OID"
          },
          "value" : "urn:oid:1.2.250.1.213.2.24"
        }]
      },
      {
        "code" : "99315",
        "display" : "République démocratique fédérale d'Ethiopie",
        "designation" : [{
          "use" : {
            "code" : "OID"
          },
          "value" : "urn:oid:1.2.250.1.213.2.24"
        }]
      },
      {
        "code" : "99316",
        "display" : "Jamahiriya arabe libyenne populaire et socialiste",
        "designation" : [{
          "use" : {
            "code" : "OID"
          },
          "value" : "urn:oid:1.2.250.1.213.2.24"
        }]
      },
      {
        "code" : "99317",
        "display" : "Etat d'Erythrée",
        "designation" : [{
          "use" : {
            "code" : "OID"
          },
          "value" : "urn:oid:1.2.250.1.213.2.24"
        }]
      },
      {
        "code" : "99318",
        "display" : "Somalie",
        "designation" : [{
          "use" : {
            "code" : "OID"
          },
          "value" : "urn:oid:1.2.250.1.213.2.24"
        }]
      },
      {
        "code" : "99319",
        "display" : "Açores, Madère",
        "designation" : [{
          "use" : {
            "code" : "OID"
          },
          "value" : "urn:oid:1.2.250.1.213.2.24"
        }]
      },
      {
        "code" : "99321",
        "display" : "République du Burundi",
        "designation" : [{
          "use" : {
            "code" : "OID"
          },
          "value" : "urn:oid:1.2.250.1.213.2.24"
        }]
      },
      {
        "code" : "99322",
        "display" : "République du Cameroun",
        "designation" : [{
          "use" : {
            "code" : "OID"
          },
          "value" : "urn:oid:1.2.250.1.213.2.24"
        }]
      },
      {
        "code" : "99323",
        "display" : "République Centrafricaine",
        "designation" : [{
          "use" : {
            "code" : "OID"
          },
          "value" : "urn:oid:1.2.250.1.213.2.24"
        }]
      },
      {
        "code" : "99324",
        "display" : "République du Congo",
        "designation" : [{
          "use" : {
            "code" : "OID"
          },
          "value" : "urn:oid:1.2.250.1.213.2.24"
        }]
      },
      {
        "code" : "99326",
        "display" : "République de Côte d'Ivoire",
        "designation" : [{
          "use" : {
            "code" : "OID"
          },
          "value" : "urn:oid:1.2.250.1.213.2.24"
        }]
      },
      {
        "code" : "99327",
        "display" : "République du Bénin",
        "designation" : [{
          "use" : {
            "code" : "OID"
          },
          "value" : "urn:oid:1.2.250.1.213.2.24"
        }]
      },
      {
        "code" : "99328",
        "display" : "République gabonaise",
        "designation" : [{
          "use" : {
            "code" : "OID"
          },
          "value" : "urn:oid:1.2.250.1.213.2.24"
        }]
      },
      {
        "code" : "99329",
        "display" : "République du Ghana",
        "designation" : [{
          "use" : {
            "code" : "OID"
          },
          "value" : "urn:oid:1.2.250.1.213.2.24"
        }]
      },
      {
        "code" : "99330",
        "display" : "République de Guinée",
        "designation" : [{
          "use" : {
            "code" : "OID"
          },
          "value" : "urn:oid:1.2.250.1.213.2.24"
        }]
      },
      {
        "code" : "99331",
        "display" : "Burkina Faso",
        "designation" : [{
          "use" : {
            "code" : "OID"
          },
          "value" : "urn:oid:1.2.250.1.213.2.24"
        }]
      },
      {
        "code" : "99332",
        "display" : "République du Kenya",
        "designation" : [{
          "use" : {
            "code" : "OID"
          },
          "value" : "urn:oid:1.2.250.1.213.2.24"
        }]
      },
      {
        "code" : "99333",
        "display" : "République de Madagascar",
        "designation" : [{
          "use" : {
            "code" : "OID"
          },
          "value" : "urn:oid:1.2.250.1.213.2.24"
        }]
      },
      {
        "code" : "99334",
        "display" : "République du Malawi",
        "designation" : [{
          "use" : {
            "code" : "OID"
          },
          "value" : "urn:oid:1.2.250.1.213.2.24"
        }]
      },
      {
        "code" : "99335",
        "display" : "République du Mali",
        "designation" : [{
          "use" : {
            "code" : "OID"
          },
          "value" : "urn:oid:1.2.250.1.213.2.24"
        }]
      },
      {
        "code" : "99336",
        "display" : "République islamique de Mauritanie",
        "designation" : [{
          "use" : {
            "code" : "OID"
          },
          "value" : "urn:oid:1.2.250.1.213.2.24"
        }]
      },
      {
        "code" : "99337",
        "display" : "République du Niger",
        "designation" : [{
          "use" : {
            "code" : "OID"
          },
          "value" : "urn:oid:1.2.250.1.213.2.24"
        }]
      },
      {
        "code" : "99338",
        "display" : "République fédérale du Nigeria",
        "designation" : [{
          "use" : {
            "code" : "OID"
          },
          "value" : "urn:oid:1.2.250.1.213.2.24"
        }]
      },
      {
        "code" : "99339",
        "display" : "République de l'Ouganda",
        "designation" : [{
          "use" : {
            "code" : "OID"
          },
          "value" : "urn:oid:1.2.250.1.213.2.24"
        }]
      },
      {
        "code" : "99340",
        "display" : "République du Rwanda",
        "designation" : [{
          "use" : {
            "code" : "OID"
          },
          "value" : "urn:oid:1.2.250.1.213.2.24"
        }]
      },
      {
        "code" : "99341",
        "display" : "République du Sénégal",
        "designation" : [{
          "use" : {
            "code" : "OID"
          },
          "value" : "urn:oid:1.2.250.1.213.2.24"
        }]
      },
      {
        "code" : "99342",
        "display" : "République de Sierra Leone",
        "designation" : [{
          "use" : {
            "code" : "OID"
          },
          "value" : "urn:oid:1.2.250.1.213.2.24"
        }]
      },
      {
        "code" : "99343",
        "display" : "République du Soudan",
        "designation" : [{
          "use" : {
            "code" : "OID"
          },
          "value" : "urn:oid:1.2.250.1.213.2.24"
        }]
      },
      {
        "code" : "99344",
        "display" : "République du Tchad",
        "designation" : [{
          "use" : {
            "code" : "OID"
          },
          "value" : "urn:oid:1.2.250.1.213.2.24"
        }]
      },
      {
        "code" : "99345",
        "display" : "République togolaise",
        "designation" : [{
          "use" : {
            "code" : "OID"
          },
          "value" : "urn:oid:1.2.250.1.213.2.24"
        }]
      },
      {
        "code" : "99346",
        "display" : "République de Zambie",
        "designation" : [{
          "use" : {
            "code" : "OID"
          },
          "value" : "urn:oid:1.2.250.1.213.2.24"
        }]
      },
      {
        "code" : "99347",
        "display" : "République du Botswana",
        "designation" : [{
          "use" : {
            "code" : "OID"
          },
          "value" : "urn:oid:1.2.250.1.213.2.24"
        }]
      },
      {
        "code" : "99348",
        "display" : "Royaume du Lesotho",
        "designation" : [{
          "use" : {
            "code" : "OID"
          },
          "value" : "urn:oid:1.2.250.1.213.2.24"
        }]
      },
      {
        "code" : "99349",
        "display" : "République du Soudan du Sud",
        "designation" : [{
          "use" : {
            "code" : "OID"
          },
          "value" : "urn:oid:1.2.250.1.213.2.24"
        }]
      },
      {
        "code" : "99350",
        "display" : "Royaume du Maroc",
        "designation" : [{
          "use" : {
            "code" : "OID"
          },
          "value" : "urn:oid:1.2.250.1.213.2.24"
        }]
      },
      {
        "code" : "99351",
        "display" : "République tunisienne",
        "designation" : [{
          "use" : {
            "code" : "OID"
          },
          "value" : "urn:oid:1.2.250.1.213.2.24"
        }]
      },
      {
        "code" : "99352",
        "display" : "République algérienne démocratique et populaire",
        "designation" : [{
          "use" : {
            "code" : "OID"
          },
          "value" : "urn:oid:1.2.250.1.213.2.24"
        }]
      },
      {
        "code" : "99389",
        "display" : "Sahara occidental",
        "designation" : [{
          "use" : {
            "code" : "OID"
          },
          "value" : "urn:oid:1.2.250.1.213.2.24"
        }]
      },
      {
        "code" : "99390",
        "display" : "République de Maurice",
        "designation" : [{
          "use" : {
            "code" : "OID"
          },
          "value" : "urn:oid:1.2.250.1.213.2.24"
        }]
      },
      {
        "code" : "99391",
        "display" : "Royaume d'Eswatini",
        "designation" : [{
          "use" : {
            "code" : "OID"
          },
          "value" : "urn:oid:1.2.250.1.213.2.24"
        }]
      },
      {
        "code" : "99392",
        "display" : "République de Guinée-Bissau",
        "designation" : [{
          "use" : {
            "code" : "OID"
          },
          "value" : "urn:oid:1.2.250.1.213.2.24"
        }]
      },
      {
        "code" : "99393",
        "display" : "République du Mozambique",
        "designation" : [{
          "use" : {
            "code" : "OID"
          },
          "value" : "urn:oid:1.2.250.1.213.2.24"
        }]
      },
      {
        "code" : "99394",
        "display" : "République démocratique de Sao Tomé-et-Principe",
        "designation" : [{
          "use" : {
            "code" : "OID"
          },
          "value" : "urn:oid:1.2.250.1.213.2.24"
        }]
      },
      {
        "code" : "99395",
        "display" : "République d'Angola",
        "designation" : [{
          "use" : {
            "code" : "OID"
          },
          "value" : "urn:oid:1.2.250.1.213.2.24"
        }]
      },
      {
        "code" : "99396",
        "display" : "République du Cap-Vert",
        "designation" : [{
          "use" : {
            "code" : "OID"
          },
          "value" : "urn:oid:1.2.250.1.213.2.24"
        }]
      },
      {
        "code" : "99397",
        "display" : "République fédérale islamique des Comores",
        "designation" : [{
          "use" : {
            "code" : "OID"
          },
          "value" : "urn:oid:1.2.250.1.213.2.24"
        }]
      },
      {
        "code" : "99398",
        "display" : "République des Seychelles",
        "designation" : [{
          "use" : {
            "code" : "OID"
          },
          "value" : "urn:oid:1.2.250.1.213.2.24"
        }]
      },
      {
        "code" : "99399",
        "display" : "République de Djibouti",
        "designation" : [{
          "use" : {
            "code" : "OID"
          },
          "value" : "urn:oid:1.2.250.1.213.2.24"
        }]
      },
      {
        "code" : "99401",
        "display" : "Canada",
        "designation" : [{
          "use" : {
            "code" : "OID"
          },
          "value" : "urn:oid:1.2.250.1.213.2.24"
        }]
      },
      {
        "code" : "99404",
        "display" : "États-Unis d'Amérique",
        "designation" : [{
          "use" : {
            "code" : "OID"
          },
          "value" : "urn:oid:1.2.250.1.213.2.24"
        }]
      },
      {
        "code" : "99405",
        "display" : "États-Unis du Mexique",
        "designation" : [{
          "use" : {
            "code" : "OID"
          },
          "value" : "urn:oid:1.2.250.1.213.2.24"
        }]
      },
      {
        "code" : "99406",
        "display" : "République du Costa Rica",
        "designation" : [{
          "use" : {
            "code" : "OID"
          },
          "value" : "urn:oid:1.2.250.1.213.2.24"
        }]
      },
      {
        "code" : "99407",
        "display" : "République de Cuba",
        "designation" : [{
          "use" : {
            "code" : "OID"
          },
          "value" : "urn:oid:1.2.250.1.213.2.24"
        }]
      },
      {
        "code" : "99408",
        "display" : "République dominicaine",
        "designation" : [{
          "use" : {
            "code" : "OID"
          },
          "value" : "urn:oid:1.2.250.1.213.2.24"
        }]
      },
      {
        "code" : "99409",
        "display" : "République du Guatemala",
        "designation" : [{
          "use" : {
            "code" : "OID"
          },
          "value" : "urn:oid:1.2.250.1.213.2.24"
        }]
      },
      {
        "code" : "99410",
        "display" : "République d'Haïti",
        "designation" : [{
          "use" : {
            "code" : "OID"
          },
          "value" : "urn:oid:1.2.250.1.213.2.24"
        }]
      },
      {
        "code" : "99411",
        "display" : "République du Honduras",
        "designation" : [{
          "use" : {
            "code" : "OID"
          },
          "value" : "urn:oid:1.2.250.1.213.2.24"
        }]
      },
      {
        "code" : "99412",
        "display" : "République du Nicaragua",
        "designation" : [{
          "use" : {
            "code" : "OID"
          },
          "value" : "urn:oid:1.2.250.1.213.2.24"
        }]
      },
      {
        "code" : "99413",
        "display" : "République du Panama",
        "designation" : [{
          "use" : {
            "code" : "OID"
          },
          "value" : "urn:oid:1.2.250.1.213.2.24"
        }]
      },
      {
        "code" : "99414",
        "display" : "République du Salvador",
        "designation" : [{
          "use" : {
            "code" : "OID"
          },
          "value" : "urn:oid:1.2.250.1.213.2.24"
        }]
      },
      {
        "code" : "99415",
        "display" : "République argentine",
        "designation" : [{
          "use" : {
            "code" : "OID"
          },
          "value" : "urn:oid:1.2.250.1.213.2.24"
        }]
      },
      {
        "code" : "99416",
        "display" : "République fédérative du Brésil",
        "designation" : [{
          "use" : {
            "code" : "OID"
          },
          "value" : "urn:oid:1.2.250.1.213.2.24"
        }]
      },
      {
        "code" : "99417",
        "display" : "République du Chili",
        "designation" : [{
          "use" : {
            "code" : "OID"
          },
          "value" : "urn:oid:1.2.250.1.213.2.24"
        }]
      },
      {
        "code" : "99418",
        "display" : "Etat plurinational de Bolivie",
        "designation" : [{
          "use" : {
            "code" : "OID"
          },
          "value" : "urn:oid:1.2.250.1.213.2.24"
        }]
      },
      {
        "code" : "99419",
        "display" : "République de Colombie",
        "designation" : [{
          "use" : {
            "code" : "OID"
          },
          "value" : "urn:oid:1.2.250.1.213.2.24"
        }]
      },
      {
        "code" : "99420",
        "display" : "République de l'Equateur",
        "designation" : [{
          "use" : {
            "code" : "OID"
          },
          "value" : "urn:oid:1.2.250.1.213.2.24"
        }]
      },
      {
        "code" : "99421",
        "display" : "République du Paraguay",
        "designation" : [{
          "use" : {
            "code" : "OID"
          },
          "value" : "urn:oid:1.2.250.1.213.2.24"
        }]
      },
      {
        "code" : "99422",
        "display" : "République du Pérou",
        "designation" : [{
          "use" : {
            "code" : "OID"
          },
          "value" : "urn:oid:1.2.250.1.213.2.24"
        }]
      },
      {
        "code" : "99423",
        "display" : "République orientale de l'Uruguay",
        "designation" : [{
          "use" : {
            "code" : "OID"
          },
          "value" : "urn:oid:1.2.250.1.213.2.24"
        }]
      },
      {
        "code" : "99424",
        "display" : "République du Venezuela",
        "designation" : [{
          "use" : {
            "code" : "OID"
          },
          "value" : "urn:oid:1.2.250.1.213.2.24"
        }]
      },
      {
        "code" : "99425",
        "display" : "Territoires du Royaume-Uni aux Antilles",
        "designation" : [{
          "use" : {
            "code" : "OID"
          },
          "value" : "urn:oid:1.2.250.1.213.2.24"
        }]
      },
      {
        "code" : "99426",
        "display" : "Jamaïque",
        "designation" : [{
          "use" : {
            "code" : "OID"
          },
          "value" : "urn:oid:1.2.250.1.213.2.24"
        }]
      },
      {
        "code" : "99427",
        "display" : "Terr. du Royaume-Uni dans l'Atlantique sud",
        "designation" : [{
          "use" : {
            "code" : "OID"
          },
          "value" : "urn:oid:1.2.250.1.213.2.24"
        }]
      },
      {
        "code" : "99428",
        "display" : "République coopérative du Guyana",
        "designation" : [{
          "use" : {
            "code" : "OID"
          },
          "value" : "urn:oid:1.2.250.1.213.2.24"
        }]
      },
      {
        "code" : "99429",
        "display" : "Belize",
        "designation" : [{
          "use" : {
            "code" : "OID"
          },
          "value" : "urn:oid:1.2.250.1.213.2.24"
        }]
      },
      {
        "code" : "99430",
        "display" : "Groenland",
        "designation" : [{
          "use" : {
            "code" : "OID"
          },
          "value" : "urn:oid:1.2.250.1.213.2.24"
        }]
      },
      {
        "code" : "99432",
        "display" : "Terr. des Etats-Unis d'Amérique en Amérique",
        "designation" : [{
          "use" : {
            "code" : "OID"
          },
          "value" : "urn:oid:1.2.250.1.213.2.24"
        }]
      },
      {
        "code" : "99433",
        "display" : "République de Trinité-et-Tobago",
        "designation" : [{
          "use" : {
            "code" : "OID"
          },
          "value" : "urn:oid:1.2.250.1.213.2.24"
        }]
      },
      {
        "code" : "99434",
        "display" : "Barbade",
        "designation" : [{
          "use" : {
            "code" : "OID"
          },
          "value" : "urn:oid:1.2.250.1.213.2.24"
        }]
      },
      {
        "code" : "99435",
        "display" : "Grenade",
        "designation" : [{
          "use" : {
            "code" : "OID"
          },
          "value" : "urn:oid:1.2.250.1.213.2.24"
        }]
      },
      {
        "code" : "99436",
        "display" : "Commonwealth des Bahamas",
        "designation" : [{
          "use" : {
            "code" : "OID"
          },
          "value" : "urn:oid:1.2.250.1.213.2.24"
        }]
      },
      {
        "code" : "99437",
        "display" : "République du Suriname",
        "designation" : [{
          "use" : {
            "code" : "OID"
          },
          "value" : "urn:oid:1.2.250.1.213.2.24"
        }]
      },
      {
        "code" : "99438",
        "display" : "Commonwealth de Dominique",
        "designation" : [{
          "use" : {
            "code" : "OID"
          },
          "value" : "urn:oid:1.2.250.1.213.2.24"
        }]
      },
      {
        "code" : "99439",
        "display" : "Sainte-Lucie",
        "designation" : [{
          "use" : {
            "code" : "OID"
          },
          "value" : "urn:oid:1.2.250.1.213.2.24"
        }]
      },
      {
        "code" : "99440",
        "display" : "Saint-Vincent-et-les-Grenadines",
        "designation" : [{
          "use" : {
            "code" : "OID"
          },
          "value" : "urn:oid:1.2.250.1.213.2.24"
        }]
      },
      {
        "code" : "99441",
        "display" : "Antigua-et-Barbuda",
        "designation" : [{
          "use" : {
            "code" : "OID"
          },
          "value" : "urn:oid:1.2.250.1.213.2.24"
        }]
      },
      {
        "code" : "99442",
        "display" : "Fédération de Saint-Christophe-et-Niévès",
        "designation" : [{
          "use" : {
            "code" : "OID"
          },
          "value" : "urn:oid:1.2.250.1.213.2.24"
        }]
      },
      {
        "code" : "99443",
        "display" : "Bonaire, Saint Eustache et Saba",
        "designation" : [{
          "use" : {
            "code" : "OID"
          },
          "value" : "urn:oid:1.2.250.1.213.2.24"
        }]
      },
      {
        "code" : "99444",
        "display" : "Curaçao",
        "designation" : [{
          "use" : {
            "code" : "OID"
          },
          "value" : "urn:oid:1.2.250.1.213.2.24"
        }]
      },
      {
        "code" : "99445",
        "display" : "Saint-Martin (partie néerlandaise)",
        "designation" : [{
          "use" : {
            "code" : "OID"
          },
          "value" : "urn:oid:1.2.250.1.213.2.24"
        }]
      },
      {
        "code" : "99501",
        "display" : "Australie",
        "designation" : [{
          "use" : {
            "code" : "OID"
          },
          "value" : "urn:oid:1.2.250.1.213.2.24"
        }]
      },
      {
        "code" : "99502",
        "display" : "Nouvelle-Zélande",
        "designation" : [{
          "use" : {
            "code" : "OID"
          },
          "value" : "urn:oid:1.2.250.1.213.2.24"
        }]
      },
      {
        "code" : "99503",
        "display" : "Pitcairn, île",
        "designation" : [{
          "use" : {
            "code" : "OID"
          },
          "value" : "urn:oid:1.2.250.1.213.2.24"
        }]
      },
      {
        "code" : "99505",
        "display" : "Territoires des Etats-Unis en Océanie",
        "designation" : [{
          "use" : {
            "code" : "OID"
          },
          "value" : "urn:oid:1.2.250.1.213.2.24"
        }]
      },
      {
        "code" : "99506",
        "display" : "État indépendant des Samoa occidentales",
        "designation" : [{
          "use" : {
            "code" : "OID"
          },
          "value" : "urn:oid:1.2.250.1.213.2.24"
        }]
      },
      {
        "code" : "99507",
        "display" : "République de Nauru",
        "designation" : [{
          "use" : {
            "code" : "OID"
          },
          "value" : "urn:oid:1.2.250.1.213.2.24"
        }]
      },
      {
        "code" : "99508",
        "display" : "République des Fidji",
        "designation" : [{
          "use" : {
            "code" : "OID"
          },
          "value" : "urn:oid:1.2.250.1.213.2.24"
        }]
      },
      {
        "code" : "99509",
        "display" : "Royaume des Tonga",
        "designation" : [{
          "use" : {
            "code" : "OID"
          },
          "value" : "urn:oid:1.2.250.1.213.2.24"
        }]
      },
      {
        "code" : "99510",
        "display" : "Papouasie-Nouvelle-Guinée",
        "designation" : [{
          "use" : {
            "code" : "OID"
          },
          "value" : "urn:oid:1.2.250.1.213.2.24"
        }]
      },
      {
        "code" : "99511",
        "display" : "Tuvalu",
        "designation" : [{
          "use" : {
            "code" : "OID"
          },
          "value" : "urn:oid:1.2.250.1.213.2.24"
        }]
      },
      {
        "code" : "99512",
        "display" : "Salomon, îles",
        "designation" : [{
          "use" : {
            "code" : "OID"
          },
          "value" : "urn:oid:1.2.250.1.213.2.24"
        }]
      },
      {
        "code" : "99513",
        "display" : "République de Kiribati",
        "designation" : [{
          "use" : {
            "code" : "OID"
          },
          "value" : "urn:oid:1.2.250.1.213.2.24"
        }]
      },
      {
        "code" : "99514",
        "display" : "République de Vanuatu",
        "designation" : [{
          "use" : {
            "code" : "OID"
          },
          "value" : "urn:oid:1.2.250.1.213.2.24"
        }]
      },
      {
        "code" : "99515",
        "display" : "République des îles Marshall",
        "designation" : [{
          "use" : {
            "code" : "OID"
          },
          "value" : "urn:oid:1.2.250.1.213.2.24"
        }]
      },
      {
        "code" : "99516",
        "display" : "Etats fédérés de Micronésie",
        "designation" : [{
          "use" : {
            "code" : "OID"
          },
          "value" : "urn:oid:1.2.250.1.213.2.24"
        }]
      },
      {
        "code" : "99517",
        "display" : "République des îles Palaos",
        "designation" : [{
          "use" : {
            "code" : "OID"
          },
          "value" : "urn:oid:1.2.250.1.213.2.24"
        }]
      }]
    }]
  }
}