{
  "resourceType" : "ValueSet",
  "id" : "JDV-J180-BesoinEntretienPersonnel-MDPH",
  "text" : {
    "status" : "extensions",
    "div" : "<div xmlns=\"http://www.w3.org/1999/xhtml\"><p class=\"res-header-id\"><b>Generated Narrative: ValueSet JDV-J180-BesoinEntretienPersonnel-MDPH</b></p><a name=\"JDV-J180-BesoinEntretienPersonnel-MDPH\"> </a><a name=\"hcJDV-J180-BesoinEntretienPersonnel-MDPH\"> </a><a name=\"JDV-J180-BesoinEntretienPersonnel-MDPH-en-US\"> </a><p>This value set includes codes based on the following rules:</p><ul><li>Include these codes as defined in <a href=\"CodeSystem-TRE-R321-BesoinEntretienPersonnel.html\"><code>https://mos.esante.gouv.fr/NOS/TRE_R321-BesoinEntretienPersonnel/FHIR/TRE-R321-BesoinEntretienPersonnel</code></a><table class=\"none\"><tr><td style=\"white-space:nowrap\"><b>Code</b></td><td><b>Display</b></td><td><b>Definition</b></td></tr><tr><td><a href=\"CodeSystem-TRE-R321-BesoinEntretienPersonnel.html#TRE-R321-BesoinEntretienPersonnel-01\">01</a></td><td>Pour l'hygiène corporelle</td><td>La personne a besoin d'aide pour l'hygiène corporelle</td></tr><tr><td><a href=\"CodeSystem-TRE-R321-BesoinEntretienPersonnel.html#TRE-R321-BesoinEntretienPersonnel-02\">02</a></td><td>Pour s'habiller</td><td>La personne a besoin d'aide pour s'habiller</td></tr><tr><td><a href=\"CodeSystem-TRE-R321-BesoinEntretienPersonnel.html#TRE-R321-BesoinEntretienPersonnel-03\">03</a></td><td>Pour les repas</td><td>La personne a besoin d'aide pour les repas</td></tr><tr><td><a href=\"CodeSystem-TRE-R321-BesoinEntretienPersonnel.html#TRE-R321-BesoinEntretienPersonnel-04\">04</a></td><td>Pour prendre soin de sa santé</td><td>La personne a besoin d'aide pour prendre soin de sa santé</td></tr></table></li><li>Include these codes as defined in <a href=\"CodeSystem-TRE-R302-ContexteCodeComplementaire.html\"><code>https://mos.esante.gouv.fr/NOS/TRE_R302-ContexteCodeComplementaire/FHIR/TRE-R302-ContexteCodeComplementaire</code></a><table class=\"none\"><tr><td style=\"white-space:nowrap\"><b>Code</b></td><td><b>Display</b></td><td><b>Definition</b></td></tr><tr><td><a href=\"CodeSystem-TRE-R302-ContexteCodeComplementaire.html#TRE-R302-ContexteCodeComplementaire-02\">02</a></td><td>Autre</td><td>Tout ce qui n'est pas listé de façon exhaustive dans la liste de codes</td></tr></table></li></ul></div>"
  },
  "extension" : [{
    "url" : "http://hl7.org/fhir/StructureDefinition/resource-effectivePeriod",
    "valuePeriod" : {
      "start" : "2021-09-24T12:00:00+01:00"
    }
  }],
  "url" : "https://mos.esante.gouv.fr/NOS/JDV_J180-BesoinEntretienPersonnel-MDPH/FHIR/JDV-J180-BesoinEntretienPersonnel-MDPH",
  "identifier" : [{
    "value" : "urn:oid:1.2.250.1.213.3.4.15"
  }],
  "version" : "1.4.0",
  "name" : "JDV_J180-BesoinEntretienPersonnel-MDPH",
  "status" : "active",
  "date" : "2021-09-24T12:00:00+01:00",
  "publisher" : "ANS",
  "contact" : [{
    "name" : "ANS",
    "telecom" : [{
      "system" : "url",
      "value" : "https://esante.gouv.fr"
    }]
  }],
  "description" : "Caractérise les besoins d'aide de la personne en matière de scolarité, en lien avec l'entretien personnel",
  "compose" : {
    "include" : [{
      "system" : "https://mos.esante.gouv.fr/NOS/TRE_R321-BesoinEntretienPersonnel/FHIR/TRE-R321-BesoinEntretienPersonnel",
      "concept" : [{
        "code" : "01",
        "display" : "Pour l'hygiène corporelle",
        "designation" : [{
          "use" : {
            "code" : "OID"
          },
          "value" : "urn:oid:1.2.250.1.213.3.3.76"
        }]
      },
      {
        "code" : "02",
        "display" : "Pour s'habiller",
        "designation" : [{
          "use" : {
            "code" : "OID"
          },
          "value" : "urn:oid:1.2.250.1.213.3.3.76"
        }]
      },
      {
        "code" : "03",
        "display" : "Pour les repas",
        "designation" : [{
          "use" : {
            "code" : "OID"
          },
          "value" : "urn:oid:1.2.250.1.213.3.3.76"
        }]
      },
      {
        "code" : "04",
        "display" : "Pour prendre soin de sa santé",
        "designation" : [{
          "use" : {
            "code" : "OID"
          },
          "value" : "urn:oid:1.2.250.1.213.3.3.76"
        }]
      }]
    },
    {
      "system" : "https://mos.esante.gouv.fr/NOS/TRE_R302-ContexteCodeComplementaire/FHIR/TRE-R302-ContexteCodeComplementaire",
      "concept" : [{
        "code" : "02",
        "display" : "Autre",
        "designation" : [{
          "use" : {
            "code" : "OID"
          },
          "value" : "urn:oid:1.2.250.1.213.3.3.70"
        }]
      }]
    }]
  }
}