{
  "resourceType" : "ValueSet",
  "id" : "JDV-J150-MethodBP-ENS",
  "text" : {
    "status" : "generated",
    "div" : "<div xmlns=\"http://www.w3.org/1999/xhtml\"><p class=\"res-header-id\"><b>Generated Narrative: ValueSet JDV-J150-MethodBP-ENS</b></p><a name=\"JDV-J150-MethodBP-ENS\"> </a><a name=\"hcJDV-J150-MethodBP-ENS\"> </a><a name=\"JDV-J150-MethodBP-ENS-en-US\"> </a><ul><li>Include these codes as defined in <code>https://smt.esante.gouv.fr/terminologie-emdn</code><table class=\"none\"><tr><td style=\"white-space:nowrap\"><b>Code</b></td><td><b>Display</b></td></tr><tr><td>Y210905</td><td>INTERFACES DE CAPTEURS EXTERNES</td></tr><tr><td>Z12050404</td><td>ENREGISTREURS HOLTER DE LA PRESSION ARTÉRIELLE</td></tr><tr><td>Z1203020501</td><td>TENSIOMÈTRES OSCILLOMÉTRIQUES NON INVASIFS</td></tr><tr><td>Z1203020599</td><td>TENSIOMÈTRES NON INVASIFS - AUTRES</td></tr></table></li></ul></div>"
  },
  "extension" : [{
    "url" : "http://hl7.org/fhir/StructureDefinition/resource-effectivePeriod",
    "valuePeriod" : {
      "start" : "2021-04-30T12:00:00+01:00"
    }
  }],
  "url" : "https://mos.esante.gouv.fr/NOS/JDV_J150-MethodBP-ENS/FHIR/JDV-J150-MethodBP-ENS",
  "identifier" : [{
    "value" : "urn:oid:1.2.250.1.213.1.1.5.605"
  }],
  "version" : "1.4.0",
  "name" : "JDV_J150-MethodBP-ENS",
  "status" : "active",
  "date" : "2024-07-26T12:00:00+01:00",
  "publisher" : "ANS",
  "contact" : [{
    "name" : "ANS",
    "telecom" : [{
      "system" : "url",
      "value" : "https://esante.gouv.fr"
    }]
  }],
  "description" : "JDV pour la méthode de mesure de la pression artérielle",
  "compose" : {
    "include" : [{
      "system" : "https://smt.esante.gouv.fr/terminologie-emdn",
      "concept" : [{
        "code" : "Y210905",
        "display" : "INTERFACES DE CAPTEURS EXTERNES",
        "designation" : [{
          "use" : {
            "code" : "OID"
          },
          "value" : "urn:oid:1.2.250.1.213.2.68"
        }]
      },
      {
        "code" : "Z12050404",
        "display" : "ENREGISTREURS HOLTER DE LA PRESSION ARTÉRIELLE",
        "designation" : [{
          "use" : {
            "code" : "OID"
          },
          "value" : "urn:oid:1.2.250.1.213.2.68"
        }]
      },
      {
        "code" : "Z1203020501",
        "display" : "TENSIOMÈTRES OSCILLOMÉTRIQUES NON INVASIFS",
        "designation" : [{
          "use" : {
            "code" : "OID"
          },
          "value" : "urn:oid:1.2.250.1.213.2.68"
        }]
      },
      {
        "code" : "Z1203020599",
        "display" : "TENSIOMÈTRES NON INVASIFS - AUTRES",
        "designation" : [{
          "use" : {
            "code" : "OID"
          },
          "value" : "urn:oid:1.2.250.1.213.2.68"
        }]
      }]
    }]
  }
}