{
  "resourceType" : "ValueSet",
  "id" : "JDV-J238-TypeOffre-ROR",
  "text" : {
    "status" : "extensions",
    "div" : "<div xmlns=\"http://www.w3.org/1999/xhtml\"><p class=\"res-header-id\"><b>Generated Narrative: ValueSet JDV-J238-TypeOffre-ROR</b></p><a name=\"JDV-J238-TypeOffre-ROR\"> </a><a name=\"hcJDV-J238-TypeOffre-ROR\"> </a><a name=\"JDV-J238-TypeOffre-ROR-en-US\"> </a><ul><li>Include these codes as defined in <a href=\"CodeSystem-TRE-R244-CategorieOrganisation.html\"><code>https://mos.esante.gouv.fr/NOS/TRE_R244-CategorieOrganisation/FHIR/TRE-R244-CategorieOrganisation</code></a><table class=\"none\"><tr><td style=\"white-space:nowrap\"><b>Code</b></td><td><b>Display</b></td><td><b>Definition</b></td></tr><tr><td><a href=\"CodeSystem-TRE-R244-CategorieOrganisation.html#TRE-R244-CategorieOrganisation-01\">01</a></td><td>Appartement thérapeutique</td><td/></tr><tr><td><a href=\"CodeSystem-TRE-R244-CategorieOrganisation.html#TRE-R244-CategorieOrganisation-02\">02</a></td><td>Atelier thérapeutique</td><td/></tr><tr><td><a href=\"CodeSystem-TRE-R244-CategorieOrganisation.html#TRE-R244-CategorieOrganisation-03\">03</a></td><td>Cellule d'Urgences Médico-Psychologique (CUMP)</td><td/></tr><tr><td><a href=\"CodeSystem-TRE-R244-CategorieOrganisation.html#TRE-R244-CategorieOrganisation-04\">04</a></td><td>Centre d'Accueil Permanent (CAP)</td><td/></tr><tr><td><a href=\"CodeSystem-TRE-R244-CategorieOrganisation.html#TRE-R244-CategorieOrganisation-05\">05</a></td><td>Centre d'Accueil Thérapeutique à Temps Partiel (CATTP)</td><td/></tr><tr><td><a href=\"CodeSystem-TRE-R244-CategorieOrganisation.html#TRE-R244-CategorieOrganisation-06\">06</a></td><td>Centre de crise</td><td/></tr><tr><td><a href=\"CodeSystem-TRE-R244-CategorieOrganisation.html#TRE-R244-CategorieOrganisation-07\">07</a></td><td>Centre de post-cure</td><td/></tr><tr><td><a href=\"CodeSystem-TRE-R244-CategorieOrganisation.html#TRE-R244-CategorieOrganisation-08\">08</a></td><td>Centre de Ressources Autisme (CRA)</td><td/></tr><tr><td><a href=\"CodeSystem-TRE-R244-CategorieOrganisation.html#TRE-R244-CategorieOrganisation-09\">09</a></td><td>Centre Expert</td><td/></tr><tr><td><a href=\"CodeSystem-TRE-R244-CategorieOrganisation.html#TRE-R244-CategorieOrganisation-10\">10</a></td><td>Centre Médico-Psychologique (CMP)</td><td/></tr><tr><td><a href=\"CodeSystem-TRE-R244-CategorieOrganisation.html#TRE-R244-CategorieOrganisation-11\">11</a></td><td>Hôpital De Jour (HDJ)</td><td/></tr><tr><td><a href=\"CodeSystem-TRE-R244-CategorieOrganisation.html#TRE-R244-CategorieOrganisation-12\">12</a></td><td>Hôpital De Nuit (HDN)</td><td/></tr><tr><td><a href=\"CodeSystem-TRE-R244-CategorieOrganisation.html#TRE-R244-CategorieOrganisation-13\">13</a></td><td>Service d'Accueil Familial Thérapeutique</td><td/></tr><tr><td><a href=\"CodeSystem-TRE-R244-CategorieOrganisation.html#TRE-R244-CategorieOrganisation-14\">14</a></td><td>Service Médico-Psychologique Régional (SMPR)</td><td/></tr><tr><td><a href=\"CodeSystem-TRE-R244-CategorieOrganisation.html#TRE-R244-CategorieOrganisation-15\">15</a></td><td>Unité de Soins Intensifs Psychiatriques (USIP)</td><td/></tr><tr><td><a href=\"CodeSystem-TRE-R244-CategorieOrganisation.html#TRE-R244-CategorieOrganisation-16\">16</a></td><td>Unité d'hospitalisation (hors HDJ)</td><td/></tr><tr><td><a href=\"CodeSystem-TRE-R244-CategorieOrganisation.html#TRE-R244-CategorieOrganisation-17\">17</a></td><td>Unité Hospitalière Spécialement Aménagé (UHSA)</td><td/></tr><tr><td><a href=\"CodeSystem-TRE-R244-CategorieOrganisation.html#TRE-R244-CategorieOrganisation-18\">18</a></td><td>Unité Malade Difficile (UMD)</td><td/></tr><tr><td><a href=\"CodeSystem-TRE-R244-CategorieOrganisation.html#TRE-R244-CategorieOrganisation-19\">19</a></td><td>Unités Soins Etudes</td><td/></tr><tr><td><a href=\"CodeSystem-TRE-R244-CategorieOrganisation.html#TRE-R244-CategorieOrganisation-20\">20</a></td><td>Urgences</td><td/></tr><tr><td><a href=\"CodeSystem-TRE-R244-CategorieOrganisation.html#TRE-R244-CategorieOrganisation-21\">21</a></td><td>Accueil ou hébergement pour personnes âgées dépendantes, sans spécificité</td><td/></tr><tr><td><a href=\"CodeSystem-TRE-R244-CategorieOrganisation.html#TRE-R244-CategorieOrganisation-22\">22</a></td><td>Accueil ou hébergement pour personnes âgées autonomes, sans spécificité</td><td/></tr><tr><td><a href=\"CodeSystem-TRE-R244-CategorieOrganisation.html#TRE-R244-CategorieOrganisation-23\">23</a></td><td>Accueil ou hébergement pour personnes âgées dépendantes, avec spécificité Unité d'Hébergement Renforcé (UHR)</td><td/></tr><tr><td><a href=\"CodeSystem-TRE-R244-CategorieOrganisation.html#TRE-R244-CategorieOrganisation-24\">24</a></td><td>Accueil ou hébergement pour personnes âgées dépendantes, avec spécificité Unité de vie protégée (UVP, Cantou,...)</td><td/></tr><tr><td><a href=\"CodeSystem-TRE-R244-CategorieOrganisation.html#TRE-R244-CategorieOrganisation-25\">25</a></td><td>Pôle d'activité de Soins Adaptés (PASA)</td><td/></tr><tr><td><a href=\"CodeSystem-TRE-R244-CategorieOrganisation.html#TRE-R244-CategorieOrganisation-26\">26</a></td><td>Accueil ou hébergement pour personnes âgées dépendantes, avec spécificité Petites unités de vie (PUV)</td><td/></tr><tr><td><a href=\"CodeSystem-TRE-R244-CategorieOrganisation.html#TRE-R244-CategorieOrganisation-27\">27</a></td><td>Accueil ou hébergement pour personnes âgées autonomes, avec spécificité Maison d'accueil rural (MARPA)</td><td/></tr><tr><td><a href=\"CodeSystem-TRE-R244-CategorieOrganisation.html#TRE-R244-CategorieOrganisation-28\">28</a></td><td>Services Soins infirmiers à domicile (SSIAD)</td><td/></tr><tr><td><a href=\"CodeSystem-TRE-R244-CategorieOrganisation.html#TRE-R244-CategorieOrganisation-29\">29</a></td><td>Equipe spécialisée Alzheimer (ESA)</td><td/></tr><tr><td><a href=\"CodeSystem-TRE-R244-CategorieOrganisation.html#TRE-R244-CategorieOrganisation-30\">30</a></td><td>Service autonomie à domicile (SAD) aide</td><td/></tr><tr><td><a href=\"CodeSystem-TRE-R244-CategorieOrganisation.html#TRE-R244-CategorieOrganisation-31\">31</a></td><td>Service d'Accompagnement à la Vie Sociale (SAVS)</td><td/></tr><tr><td><a href=\"CodeSystem-TRE-R244-CategorieOrganisation.html#TRE-R244-CategorieOrganisation-32\">32</a></td><td>Service d'accompagnement médico-social adultes handicapés (SAMSAH)</td><td/></tr><tr><td><a href=\"CodeSystem-TRE-R244-CategorieOrganisation.html#TRE-R244-CategorieOrganisation-33\">33</a></td><td>Service de portage de repas à domicile</td><td/></tr><tr><td><a href=\"CodeSystem-TRE-R244-CategorieOrganisation.html#TRE-R244-CategorieOrganisation-34\">34</a></td><td>Service de Téléassistance</td><td/></tr><tr><td><a href=\"CodeSystem-TRE-R244-CategorieOrganisation.html#TRE-R244-CategorieOrganisation-35\">35</a></td><td>Foyer restaurant</td><td/></tr><tr><td><a href=\"CodeSystem-TRE-R244-CategorieOrganisation.html#TRE-R244-CategorieOrganisation-36\">36</a></td><td>Dispositif d'accueil familial</td><td/></tr><tr><td><a href=\"CodeSystem-TRE-R244-CategorieOrganisation.html#TRE-R244-CategorieOrganisation-37\">37</a></td><td>Centre d'accueil familial spécialisé (CAFS)</td><td/></tr><tr><td><a href=\"CodeSystem-TRE-R244-CategorieOrganisation.html#TRE-R244-CategorieOrganisation-38\">38</a></td><td>Plateforme d'accompagnement et de répit</td><td/></tr><tr><td><a href=\"CodeSystem-TRE-R244-CategorieOrganisation.html#TRE-R244-CategorieOrganisation-39\">39</a></td><td>Foyer ou établissement d'accueil médicalisé (FAM ou EAM)</td><td/></tr><tr><td><a href=\"CodeSystem-TRE-R244-CategorieOrganisation.html#TRE-R244-CategorieOrganisation-40\">40</a></td><td>Maison d'accueil spécialisée (MAS)</td><td>Structure d'hébergement permanent et de soins pour adulte handicapé dépendant qui n'arrive pas à réaliser seul les actes de la vie courante (se nourrir, s'habiller...), elles proposent des activités quotidiennes d'éveil ou occupationnelles (musique, relaxation, activités manuelles…) et sont structurées autour d'unités de vie comprenant 8 à 10 chambres individuelles. Elles accueillent des personnes un peu plus dépendantes que la population hébergée en foyer d'accueil médicalisé (Fam)</td></tr><tr><td><a href=\"CodeSystem-TRE-R244-CategorieOrganisation.html#TRE-R244-CategorieOrganisation-41\">41</a></td><td>Etablissement d'accueil non médicalisé (EANM) dont foyer de vie et foyer d'hébergement</td><td/></tr><tr><td><a href=\"CodeSystem-TRE-R244-CategorieOrganisation.html#TRE-R244-CategorieOrganisation-43\">43</a></td><td>Unité d'aide par le travail (ESAT)</td><td/></tr><tr><td><a href=\"CodeSystem-TRE-R244-CategorieOrganisation.html#TRE-R244-CategorieOrganisation-44\">44</a></td><td>Centre de rééducation professionnel (CRP)</td><td/></tr><tr><td><a href=\"CodeSystem-TRE-R244-CategorieOrganisation.html#TRE-R244-CategorieOrganisation-45\">45</a></td><td>Unités évaluation réentraînement et d'orientation sociale et professionnel (UEROS)</td><td/></tr><tr><td><a href=\"CodeSystem-TRE-R244-CategorieOrganisation.html#TRE-R244-CategorieOrganisation-46\">46</a></td><td>Établissements et Services de Pré-Orientation (ESPO)</td><td/></tr><tr><td><a href=\"CodeSystem-TRE-R244-CategorieOrganisation.html#TRE-R244-CategorieOrganisation-47\">47</a></td><td>Dispositif d'emploi accompagné</td><td/></tr><tr><td><a href=\"CodeSystem-TRE-R244-CategorieOrganisation.html#TRE-R244-CategorieOrganisation-48\">48</a></td><td>Institut médico-éducatif (IME)</td><td/></tr><tr><td><a href=\"CodeSystem-TRE-R244-CategorieOrganisation.html#TRE-R244-CategorieOrganisation-49\">49</a></td><td>Institut d'éducation motrice (IEM)</td><td/></tr><tr><td><a href=\"CodeSystem-TRE-R244-CategorieOrganisation.html#TRE-R244-CategorieOrganisation-50\">50</a></td><td>Institut thérapeutique éducatif et pédagogique (ITEP)</td><td/></tr><tr><td><a href=\"CodeSystem-TRE-R244-CategorieOrganisation.html#TRE-R244-CategorieOrganisation-51\">51</a></td><td>Etablissement pour enfant ou ado polyhandicapé (EEAP)</td><td/></tr><tr><td><a href=\"CodeSystem-TRE-R244-CategorieOrganisation.html#TRE-R244-CategorieOrganisation-52\">52</a></td><td>Institut déficient visuel</td><td/></tr><tr><td><a href=\"CodeSystem-TRE-R244-CategorieOrganisation.html#TRE-R244-CategorieOrganisation-53\">53</a></td><td>Institut déficient auditif</td><td/></tr><tr><td><a href=\"CodeSystem-TRE-R244-CategorieOrganisation.html#TRE-R244-CategorieOrganisation-54\">54</a></td><td>Institut déficient Visuel et Auditif</td><td/></tr><tr><td><a href=\"CodeSystem-TRE-R244-CategorieOrganisation.html#TRE-R244-CategorieOrganisation-55\">55</a></td><td>Unité d'enseignement interne</td><td/></tr><tr><td><a href=\"CodeSystem-TRE-R244-CategorieOrganisation.html#TRE-R244-CategorieOrganisation-56\">56</a></td><td>Unité d'enseignement externalisée</td><td/></tr><tr><td><a href=\"CodeSystem-TRE-R244-CategorieOrganisation.html#TRE-R244-CategorieOrganisation-57\">57</a></td><td>Service d'accompagnement, Service d'Education Spécialisée de Soins à Domicile (SESSAD)</td><td/></tr><tr><td><a href=\"CodeSystem-TRE-R244-CategorieOrganisation.html#TRE-R244-CategorieOrganisation-58\">58</a></td><td>Service d'accompagnement, Service d'Accompagnement Familial et d'Education Précoce (SAFEP)</td><td/></tr><tr><td><a href=\"CodeSystem-TRE-R244-CategorieOrganisation.html#TRE-R244-CategorieOrganisation-59\">59</a></td><td>Service d'accompagnement, Services de Soutien à l'Education Familiale et à la Scolarisation (SSEFIS)</td><td/></tr><tr><td><a href=\"CodeSystem-TRE-R244-CategorieOrganisation.html#TRE-R244-CategorieOrganisation-60\">60</a></td><td>Service d'accompagnement, Service d'Aide à l'Acquisition de l'Autonomie et à l'Intégration Scolaire (S3AIS)</td><td/></tr><tr><td><a href=\"CodeSystem-TRE-R244-CategorieOrganisation.html#TRE-R244-CategorieOrganisation-61\">61</a></td><td>Centre d'action médico-sociale précoce (CAMSP)</td><td/></tr><tr><td><a href=\"CodeSystem-TRE-R244-CategorieOrganisation.html#TRE-R244-CategorieOrganisation-62\">62</a></td><td>Centre médico-psycho-pédagogique (CMPP)</td><td/></tr><tr><td><a href=\"CodeSystem-TRE-R244-CategorieOrganisation.html#TRE-R244-CategorieOrganisation-63\">63</a></td><td>Jardin d'enfants spécialisé</td><td/></tr><tr><td><a href=\"CodeSystem-TRE-R244-CategorieOrganisation.html#TRE-R244-CategorieOrganisation-64\">64</a></td><td>Bureau d'Aide Psychologique Universitaire (B.A.P.U.)</td><td/></tr><tr><td><a href=\"CodeSystem-TRE-R244-CategorieOrganisation.html#TRE-R244-CategorieOrganisation-65\">65</a></td><td>Pôles de compétences et de prestations externalisées (PCPE)</td><td/></tr><tr><td><a href=\"CodeSystem-TRE-R244-CategorieOrganisation.html#TRE-R244-CategorieOrganisation-66\">66</a></td><td>Equipe Relai Handicap rare</td><td/></tr><tr><td><a href=\"CodeSystem-TRE-R244-CategorieOrganisation.html#TRE-R244-CategorieOrganisation-67\">67</a></td><td>Lieu de vie et d'accueil (hors ESMS)</td><td/></tr><tr><td><a href=\"CodeSystem-TRE-R244-CategorieOrganisation.html#TRE-R244-CategorieOrganisation-68\">68</a></td><td>Unité d'hospitalisation fermée</td><td/></tr><tr><td><a href=\"CodeSystem-TRE-R244-CategorieOrganisation.html#TRE-R244-CategorieOrganisation-69\">69</a></td><td>Consultation externe en établissement de santé</td><td/></tr><tr><td><a href=\"CodeSystem-TRE-R244-CategorieOrganisation.html#TRE-R244-CategorieOrganisation-70\">70</a></td><td>Unité d'intervention extra-hospitalière</td><td/></tr><tr><td><a href=\"CodeSystem-TRE-R244-CategorieOrganisation.html#TRE-R244-CategorieOrganisation-71\">71</a></td><td>Equipe de liaison et de soins (intra-hospitalière)</td><td/></tr><tr><td><a href=\"CodeSystem-TRE-R244-CategorieOrganisation.html#TRE-R244-CategorieOrganisation-72\">72</a></td><td>Guichet d'accueil, écoute, conseil, orientation</td><td/></tr><tr><td><a href=\"CodeSystem-TRE-R244-CategorieOrganisation.html#TRE-R244-CategorieOrganisation-73\">73</a></td><td>Gestion de cas MAIA</td><td/></tr><tr><td><a href=\"CodeSystem-TRE-R244-CategorieOrganisation.html#TRE-R244-CategorieOrganisation-74\">74</a></td><td>Logement inclusif</td><td/></tr><tr><td><a href=\"CodeSystem-TRE-R244-CategorieOrganisation.html#TRE-R244-CategorieOrganisation-75\">75</a></td><td>Services Soins infirmiers à domicile renforcé (SSIAD renforcé)</td><td/></tr><tr><td><a href=\"CodeSystem-TRE-R244-CategorieOrganisation.html#TRE-R244-CategorieOrganisation-76\">76</a></td><td>Unité d'évaluation et de régulation des admissions en psychiatrie</td><td/></tr><tr><td><a href=\"CodeSystem-TRE-R244-CategorieOrganisation.html#TRE-R244-CategorieOrganisation-77\">77</a></td><td>Equipe Mobile Psychiatrie et Précarité (EMPP)</td><td/></tr><tr><td><a href=\"CodeSystem-TRE-R244-CategorieOrganisation.html#TRE-R244-CategorieOrganisation-78\">78</a></td><td>Equipe Mobile Géronto-Psychiatrie (EMGP)</td><td/></tr><tr><td><a href=\"CodeSystem-TRE-R244-CategorieOrganisation.html#TRE-R244-CategorieOrganisation-79\">79</a></td><td>Equipe Mobile Ambulatoire de Réadaptation Spécialisé (EARS)</td><td/></tr><tr><td><a href=\"CodeSystem-TRE-R244-CategorieOrganisation.html#TRE-R244-CategorieOrganisation-80\">80</a></td><td>Centre de Soins, d'Accompagnement et de Prévention en Addictologie (CSAPA)</td><td/></tr><tr><td><a href=\"CodeSystem-TRE-R244-CategorieOrganisation.html#TRE-R244-CategorieOrganisation-81\">81</a></td><td>Centre d'Accueil et d'Accompagnement à la Réduction des risques pour Usagers de Drogues (CAARUD)</td><td/></tr><tr><td><a href=\"CodeSystem-TRE-R244-CategorieOrganisation.html#TRE-R244-CategorieOrganisation-82\">82</a></td><td>Pharmacie à Usage Intérieur (PUI)</td><td/></tr><tr><td><a href=\"CodeSystem-TRE-R244-CategorieOrganisation.html#TRE-R244-CategorieOrganisation-83\">83</a></td><td>Chambre mortuaire</td><td/></tr><tr><td><a href=\"CodeSystem-TRE-R244-CategorieOrganisation.html#TRE-R244-CategorieOrganisation-84\">84</a></td><td>Plateforme de Coordination et d'Orientation (PCO)</td><td/></tr><tr><td><a href=\"CodeSystem-TRE-R244-CategorieOrganisation.html#TRE-R244-CategorieOrganisation-85\">85</a></td><td>Equipe Mobile Autisme</td><td/></tr><tr><td><a href=\"CodeSystem-TRE-R244-CategorieOrganisation.html#TRE-R244-CategorieOrganisation-86\">86</a></td><td>Consultation Jeune Consommateur (CJC)</td><td/></tr><tr><td><a href=\"CodeSystem-TRE-R244-CategorieOrganisation.html#TRE-R244-CategorieOrganisation-87\">87</a></td><td>Dispositif VigilanS</td><td/></tr><tr><td><a href=\"CodeSystem-TRE-R244-CategorieOrganisation.html#TRE-R244-CategorieOrganisation-88\">88</a></td><td>Dispositif expérimental</td><td/></tr><tr><td><a href=\"CodeSystem-TRE-R244-CategorieOrganisation.html#TRE-R244-CategorieOrganisation-89\">89</a></td><td>Centre de santé sexuelle</td><td/></tr><tr><td><a href=\"CodeSystem-TRE-R244-CategorieOrganisation.html#TRE-R244-CategorieOrganisation-90\">90</a></td><td>Equipe mobile de prévention du risque infectieux</td><td/></tr><tr><td><a href=\"CodeSystem-TRE-R244-CategorieOrganisation.html#TRE-R244-CategorieOrganisation-91\">91</a></td><td>Equipe opérationnelle d'hygiène (EOH)</td><td/></tr><tr><td><a href=\"CodeSystem-TRE-R244-CategorieOrganisation.html#TRE-R244-CategorieOrganisation-92\">92</a></td><td>Unité de soins non-programmés</td><td/></tr><tr><td><a href=\"CodeSystem-TRE-R244-CategorieOrganisation.html#TRE-R244-CategorieOrganisation-93\">93</a></td><td>Lits halte soins santé (LHSS)</td><td/></tr><tr><td><a href=\"CodeSystem-TRE-R244-CategorieOrganisation.html#TRE-R244-CategorieOrganisation-94\">94</a></td><td>Appartement de coordination thérapeutique (ACT)</td><td/></tr><tr><td><a href=\"CodeSystem-TRE-R244-CategorieOrganisation.html#TRE-R244-CategorieOrganisation-95\">95</a></td><td>Lits d'accueil médicalisés (L.A.M.)</td><td/></tr><tr><td><a href=\"CodeSystem-TRE-R244-CategorieOrganisation.html#TRE-R244-CategorieOrganisation-96\">96</a></td><td>Etablissement d'accueil non médicalisé (EANM) - foyer d'hébergement (classique ou en milieu ouvert)</td><td/></tr><tr><td><a href=\"CodeSystem-TRE-R244-CategorieOrganisation.html#TRE-R244-CategorieOrganisation-97\">97</a></td><td>Etablissement d'accueil non médicalisé (EANM) - foyer de vie</td><td/></tr><tr><td><a href=\"CodeSystem-TRE-R244-CategorieOrganisation.html#TRE-R244-CategorieOrganisation-98\">98</a></td><td>Espaces de vie affective, relationnelle et sexuelle (EVARS)</td><td/></tr><tr><td><a href=\"CodeSystem-TRE-R244-CategorieOrganisation.html#TRE-R244-CategorieOrganisation-99\">99</a></td><td>Maison de santé pluriprofessionnelle (MSP)</td><td/></tr><tr><td><a href=\"CodeSystem-TRE-R244-CategorieOrganisation.html#TRE-R244-CategorieOrganisation-100\">100</a></td><td>Soins Médicaux et de Réadaptation (SMR) polyvalent</td><td/></tr><tr><td><a href=\"CodeSystem-TRE-R244-CategorieOrganisation.html#TRE-R244-CategorieOrganisation-101\">101</a></td><td>Soins Médicaux et de Réadaptation (SMR) gériatrie</td><td/></tr><tr><td><a href=\"CodeSystem-TRE-R244-CategorieOrganisation.html#TRE-R244-CategorieOrganisation-102\">102</a></td><td>Soins Médicaux et de Réadaptation (SMR) locomoteur</td><td/></tr><tr><td><a href=\"CodeSystem-TRE-R244-CategorieOrganisation.html#TRE-R244-CategorieOrganisation-103\">103</a></td><td>Soins Médicaux et de Réadaptation (SMR) système nerveux</td><td/></tr><tr><td><a href=\"CodeSystem-TRE-R244-CategorieOrganisation.html#TRE-R244-CategorieOrganisation-104\">104</a></td><td>Soins Médicaux et de Réadaptation (SMR) cardio-vasculaire</td><td/></tr><tr><td><a href=\"CodeSystem-TRE-R244-CategorieOrganisation.html#TRE-R244-CategorieOrganisation-105\">105</a></td><td>Soins Médicaux et de Réadaptation (SMR) pneumologie</td><td/></tr><tr><td><a href=\"CodeSystem-TRE-R244-CategorieOrganisation.html#TRE-R244-CategorieOrganisation-106\">106</a></td><td>Soins Médicaux et de Réadaptation (SMR) système digestif, endocrinologie, diabétologie, nutrition</td><td/></tr><tr><td><a href=\"CodeSystem-TRE-R244-CategorieOrganisation.html#TRE-R244-CategorieOrganisation-107\">107</a></td><td>Soins Médicaux et de Réadaptation (SMR) brûlés</td><td/></tr><tr><td><a href=\"CodeSystem-TRE-R244-CategorieOrganisation.html#TRE-R244-CategorieOrganisation-108\">108</a></td><td>Soins Médicaux et de Réadaptation (SMR) conduites addictives</td><td/></tr><tr><td><a href=\"CodeSystem-TRE-R244-CategorieOrganisation.html#TRE-R244-CategorieOrganisation-109\">109</a></td><td>Soins Médicaux et de Réadaptation (SMR) pédiatriques (enfants et adolescents)</td><td/></tr><tr><td><a href=\"CodeSystem-TRE-R244-CategorieOrganisation.html#TRE-R244-CategorieOrganisation-110\">110</a></td><td>Soins Médicaux et de Réadaptation (SMR) pédiatriques (jeunes enfants, enfants et adolescents)</td><td/></tr><tr><td><a href=\"CodeSystem-TRE-R244-CategorieOrganisation.html#TRE-R244-CategorieOrganisation-111\">111</a></td><td>Soins Médicaux et de Réadaptation (SMR) oncologie</td><td/></tr><tr><td><a href=\"CodeSystem-TRE-R244-CategorieOrganisation.html#TRE-R244-CategorieOrganisation-112\">112</a></td><td>Soins Médicaux et de Réadaptation (SMR) oncologie et hématologie</td><td/></tr><tr><td><a href=\"CodeSystem-TRE-R244-CategorieOrganisation.html#TRE-R244-CategorieOrganisation-113\">113</a></td><td>Centre de Réhabilitation Psychosociale</td><td/></tr><tr><td><a href=\"CodeSystem-TRE-R244-CategorieOrganisation.html#TRE-R244-CategorieOrganisation-114\">114</a></td><td>Centre Ressource pour les Intervenants auprès des Auteurs de Violences Sexuelles (CRIAVS)</td><td/></tr><tr><td><a href=\"CodeSystem-TRE-R244-CategorieOrganisation.html#TRE-R244-CategorieOrganisation-115\">115</a></td><td>Equipe Spécialisée de Soins Infirmiers Précarité (ESSIP)</td><td/></tr><tr><td><a href=\"CodeSystem-TRE-R244-CategorieOrganisation.html#TRE-R244-CategorieOrganisation-116\">116</a></td><td>Unité de chirurgie oncologique</td><td/></tr><tr><td><a href=\"CodeSystem-TRE-R244-CategorieOrganisation.html#TRE-R244-CategorieOrganisation-117\">117</a></td><td>Unité de radiothérapie</td><td/></tr><tr><td><a href=\"CodeSystem-TRE-R244-CategorieOrganisation.html#TRE-R244-CategorieOrganisation-118\">118</a></td><td>Unité de traitements médicamenteux systémiques du cancer</td><td/></tr><tr><td><a href=\"CodeSystem-TRE-R244-CategorieOrganisation.html#TRE-R244-CategorieOrganisation-119\">119</a></td><td>Unité mère-enfant</td><td/></tr><tr><td><a href=\"CodeSystem-TRE-R244-CategorieOrganisation.html#TRE-R244-CategorieOrganisation-120\">120</a></td><td>Centre de recours Troubles du Comportement Alimentaire (TCA)</td><td/></tr><tr><td><a href=\"CodeSystem-TRE-R244-CategorieOrganisation.html#TRE-R244-CategorieOrganisation-121\">121</a></td><td>Unité de réanimation</td><td/></tr><tr><td><a href=\"CodeSystem-TRE-R244-CategorieOrganisation.html#TRE-R244-CategorieOrganisation-122\">122</a></td><td>Unité de soins intensifs polyvalents (USIP) contiguë</td><td/></tr><tr><td><a href=\"CodeSystem-TRE-R244-CategorieOrganisation.html#TRE-R244-CategorieOrganisation-123\">123</a></td><td>Unité de soins intensifs polyvalents (USIP) dérogatoire</td><td/></tr><tr><td><a href=\"CodeSystem-TRE-R244-CategorieOrganisation.html#TRE-R244-CategorieOrganisation-124\">124</a></td><td>Unité de soins intensifs (USI) de spécialité</td><td/></tr><tr><td><a href=\"CodeSystem-TRE-R244-CategorieOrganisation.html#TRE-R244-CategorieOrganisation-125\">125</a></td><td>Centre de protection maternelle et infantile (PMI)</td><td/></tr><tr><td><a href=\"CodeSystem-TRE-R244-CategorieOrganisation.html#TRE-R244-CategorieOrganisation-126\">126</a></td><td>Structure Douleur Chronique (SDC)</td><td/></tr><tr><td><a href=\"CodeSystem-TRE-R244-CategorieOrganisation.html#TRE-R244-CategorieOrganisation-127\">127</a></td><td>Centre régional du psychotraumatisme (CRP)</td><td/></tr><tr><td><a href=\"CodeSystem-TRE-R244-CategorieOrganisation.html#TRE-R244-CategorieOrganisation-128\">128</a></td><td>Unité d'hospitalisation à domicile socle</td><td/></tr><tr><td><a href=\"CodeSystem-TRE-R244-CategorieOrganisation.html#TRE-R244-CategorieOrganisation-129\">129</a></td><td>Unité d'hospitalisation à domicile ante et post-partum</td><td/></tr><tr><td><a href=\"CodeSystem-TRE-R244-CategorieOrganisation.html#TRE-R244-CategorieOrganisation-130\">130</a></td><td>Unité d'hospitalisation à domicile réadaptation</td><td/></tr><tr><td><a href=\"CodeSystem-TRE-R244-CategorieOrganisation.html#TRE-R244-CategorieOrganisation-131\">131</a></td><td>Unité d'hospitalisation à domicile enfants de moins de trois ans</td><td/></tr><tr><td><a href=\"CodeSystem-TRE-R244-CategorieOrganisation.html#TRE-R244-CategorieOrganisation-132\">132</a></td><td>Service autonomie à domicile (SAD) aide et soins</td><td/></tr><tr><td><a href=\"CodeSystem-TRE-R244-CategorieOrganisation.html#TRE-R244-CategorieOrganisation-134\">134</a></td><td>Maison des adolescents (MDA)</td><td/></tr><tr><td><a href=\"CodeSystem-TRE-R244-CategorieOrganisation.html#TRE-R244-CategorieOrganisation-135\">135</a></td><td>Points Accueil Ecoute Jeunes (PAEJ)</td><td/></tr><tr><td><a href=\"CodeSystem-TRE-R244-CategorieOrganisation.html#TRE-R244-CategorieOrganisation-136\">136</a></td><td>Centre de ressources territorial (CRT)</td><td/></tr><tr><td><a href=\"CodeSystem-TRE-R244-CategorieOrganisation.html#TRE-R244-CategorieOrganisation-137\">137</a></td><td>Maison sport-santé</td><td/></tr><tr><td><a href=\"CodeSystem-TRE-R244-CategorieOrganisation.html#TRE-R244-CategorieOrganisation-138\">138</a></td><td>Centre de Soins Non-Programmés (CSNP)</td><td/></tr><tr><td><a href=\"CodeSystem-TRE-R244-CategorieOrganisation.html#TRE-R244-CategorieOrganisation-139\">139</a></td><td>Unité de soins intensifs polyvalents (USIP) non contiguë</td><td/></tr><tr><td><a href=\"CodeSystem-TRE-R244-CategorieOrganisation.html#TRE-R244-CategorieOrganisation-140\">140</a></td><td>Equipe Mobile d'Appui à la Scolarisation (EMAS)</td><td/></tr></table></li></ul></div>"
  },
  "extension" : [{
    "url" : "http://hl7.org/fhir/StructureDefinition/resource-effectivePeriod",
    "valuePeriod" : {
      "start" : "2024-01-26T12:00:00+01:00"
    }
  }],
  "url" : "https://mos.esante.gouv.fr/NOS/JDV_J238-TypeOffre-ROR/FHIR/JDV-J238-TypeOffre-ROR",
  "identifier" : [{
    "value" : "urn:oid:1.2.250.1.213.3.4.65"
  }],
  "version" : "1.4.0",
  "name" : "JDV_J238-TypeOffre-ROR",
  "status" : "active",
  "date" : "2024-09-27T12:00:00+01:00",
  "publisher" : "ANS",
  "contact" : [{
    "name" : "ANS",
    "telecom" : [{
      "system" : "url",
      "value" : "https://esante.gouv.fr"
    }]
  }],
  "description" : "Prestations que peut réaliser une structure et qui permettent de répondre au besoin de santé d'une personne",
  "compose" : {
    "include" : [{
      "system" : "https://mos.esante.gouv.fr/NOS/TRE_R244-CategorieOrganisation/FHIR/TRE-R244-CategorieOrganisation",
      "concept" : [{
        "code" : "01",
        "display" : "Appartement thérapeutique",
        "designation" : [{
          "use" : {
            "code" : "OID"
          },
          "value" : "urn:oid:1.2.250.1.213.3.3.39"
        }]
      },
      {
        "code" : "02",
        "display" : "Atelier thérapeutique",
        "designation" : [{
          "use" : {
            "code" : "OID"
          },
          "value" : "urn:oid:1.2.250.1.213.3.3.39"
        }]
      },
      {
        "code" : "03",
        "display" : "Cellule d'Urgences Médico-Psychologique (CUMP)",
        "designation" : [{
          "use" : {
            "code" : "OID"
          },
          "value" : "urn:oid:1.2.250.1.213.3.3.39"
        }]
      },
      {
        "code" : "04",
        "display" : "Centre d'Accueil Permanent (CAP)",
        "designation" : [{
          "use" : {
            "code" : "OID"
          },
          "value" : "urn:oid:1.2.250.1.213.3.3.39"
        }]
      },
      {
        "code" : "05",
        "display" : "Centre d'Accueil Thérapeutique à Temps Partiel (CATTP)",
        "designation" : [{
          "use" : {
            "code" : "OID"
          },
          "value" : "urn:oid:1.2.250.1.213.3.3.39"
        }]
      },
      {
        "code" : "06",
        "display" : "Centre de crise",
        "designation" : [{
          "use" : {
            "code" : "OID"
          },
          "value" : "urn:oid:1.2.250.1.213.3.3.39"
        }]
      },
      {
        "code" : "07",
        "display" : "Centre de post-cure",
        "designation" : [{
          "use" : {
            "code" : "OID"
          },
          "value" : "urn:oid:1.2.250.1.213.3.3.39"
        }]
      },
      {
        "code" : "08",
        "display" : "Centre de Ressources Autisme (CRA)",
        "designation" : [{
          "use" : {
            "code" : "OID"
          },
          "value" : "urn:oid:1.2.250.1.213.3.3.39"
        }]
      },
      {
        "code" : "09",
        "display" : "Centre Expert",
        "designation" : [{
          "use" : {
            "code" : "OID"
          },
          "value" : "urn:oid:1.2.250.1.213.3.3.39"
        }]
      },
      {
        "code" : "10",
        "display" : "Centre Médico-Psychologique (CMP)",
        "designation" : [{
          "use" : {
            "code" : "OID"
          },
          "value" : "urn:oid:1.2.250.1.213.3.3.39"
        }]
      },
      {
        "code" : "11",
        "display" : "Hôpital De Jour (HDJ)",
        "designation" : [{
          "use" : {
            "code" : "OID"
          },
          "value" : "urn:oid:1.2.250.1.213.3.3.39"
        }]
      },
      {
        "code" : "12",
        "display" : "Hôpital De Nuit (HDN)",
        "designation" : [{
          "use" : {
            "code" : "OID"
          },
          "value" : "urn:oid:1.2.250.1.213.3.3.39"
        }]
      },
      {
        "code" : "13",
        "display" : "Service d'Accueil Familial Thérapeutique",
        "designation" : [{
          "use" : {
            "code" : "OID"
          },
          "value" : "urn:oid:1.2.250.1.213.3.3.39"
        }]
      },
      {
        "code" : "14",
        "display" : "Service Médico-Psychologique Régional (SMPR)",
        "designation" : [{
          "use" : {
            "code" : "OID"
          },
          "value" : "urn:oid:1.2.250.1.213.3.3.39"
        }]
      },
      {
        "code" : "15",
        "display" : "Unité de Soins Intensifs Psychiatriques (USIP)",
        "designation" : [{
          "use" : {
            "code" : "OID"
          },
          "value" : "urn:oid:1.2.250.1.213.3.3.39"
        }]
      },
      {
        "code" : "16",
        "display" : "Unité d'hospitalisation (hors HDJ)",
        "designation" : [{
          "use" : {
            "code" : "OID"
          },
          "value" : "urn:oid:1.2.250.1.213.3.3.39"
        }]
      },
      {
        "code" : "17",
        "display" : "Unité Hospitalière Spécialement Aménagé (UHSA)",
        "designation" : [{
          "use" : {
            "code" : "OID"
          },
          "value" : "urn:oid:1.2.250.1.213.3.3.39"
        }]
      },
      {
        "code" : "18",
        "display" : "Unité Malade Difficile (UMD)",
        "designation" : [{
          "use" : {
            "code" : "OID"
          },
          "value" : "urn:oid:1.2.250.1.213.3.3.39"
        }]
      },
      {
        "code" : "19",
        "display" : "Unités Soins Etudes",
        "designation" : [{
          "use" : {
            "code" : "OID"
          },
          "value" : "urn:oid:1.2.250.1.213.3.3.39"
        }]
      },
      {
        "code" : "20",
        "display" : "Urgences",
        "designation" : [{
          "use" : {
            "code" : "OID"
          },
          "value" : "urn:oid:1.2.250.1.213.3.3.39"
        }]
      },
      {
        "code" : "21",
        "display" : "Accueil ou hébergement pour personnes âgées dépendantes, sans spécificité",
        "designation" : [{
          "use" : {
            "code" : "OID"
          },
          "value" : "urn:oid:1.2.250.1.213.3.3.39"
        }]
      },
      {
        "code" : "22",
        "display" : "Accueil ou hébergement pour personnes âgées autonomes, sans spécificité",
        "designation" : [{
          "use" : {
            "code" : "OID"
          },
          "value" : "urn:oid:1.2.250.1.213.3.3.39"
        }]
      },
      {
        "code" : "23",
        "display" : "Accueil ou hébergement pour personnes âgées dépendantes, avec spécificité Unité d'Hébergement Renforcé (UHR)",
        "designation" : [{
          "use" : {
            "code" : "OID"
          },
          "value" : "urn:oid:1.2.250.1.213.3.3.39"
        }]
      },
      {
        "code" : "24",
        "display" : "Accueil ou hébergement pour personnes âgées dépendantes, avec spécificité Unité de vie protégée (UVP, Cantou,...)",
        "designation" : [{
          "use" : {
            "code" : "OID"
          },
          "value" : "urn:oid:1.2.250.1.213.3.3.39"
        }]
      },
      {
        "code" : "25",
        "display" : "Pôle d'activité de Soins Adaptés (PASA)",
        "designation" : [{
          "use" : {
            "code" : "OID"
          },
          "value" : "urn:oid:1.2.250.1.213.3.3.39"
        }]
      },
      {
        "code" : "26",
        "display" : "Accueil ou hébergement pour personnes âgées dépendantes, avec spécificité Petites unités de vie (PUV)",
        "designation" : [{
          "use" : {
            "code" : "OID"
          },
          "value" : "urn:oid:1.2.250.1.213.3.3.39"
        }]
      },
      {
        "code" : "27",
        "display" : "Accueil ou hébergement pour personnes âgées autonomes, avec spécificité Maison d'accueil rural (MARPA)",
        "designation" : [{
          "use" : {
            "code" : "OID"
          },
          "value" : "urn:oid:1.2.250.1.213.3.3.39"
        }]
      },
      {
        "code" : "28",
        "display" : "Services Soins infirmiers à domicile (SSIAD)",
        "designation" : [{
          "use" : {
            "code" : "OID"
          },
          "value" : "urn:oid:1.2.250.1.213.3.3.39"
        }]
      },
      {
        "code" : "29",
        "display" : "Equipe spécialisée Alzheimer (ESA)",
        "designation" : [{
          "use" : {
            "code" : "OID"
          },
          "value" : "urn:oid:1.2.250.1.213.3.3.39"
        }]
      },
      {
        "code" : "30",
        "display" : "Service autonomie à domicile (SAD) aide",
        "designation" : [{
          "use" : {
            "code" : "OID"
          },
          "value" : "urn:oid:1.2.250.1.213.3.3.39"
        }]
      },
      {
        "code" : "31",
        "display" : "Service d'Accompagnement à la Vie Sociale (SAVS)",
        "designation" : [{
          "use" : {
            "code" : "OID"
          },
          "value" : "urn:oid:1.2.250.1.213.3.3.39"
        }]
      },
      {
        "code" : "32",
        "display" : "Service d'accompagnement médico-social adultes handicapés (SAMSAH)",
        "designation" : [{
          "use" : {
            "code" : "OID"
          },
          "value" : "urn:oid:1.2.250.1.213.3.3.39"
        }]
      },
      {
        "code" : "33",
        "display" : "Service de portage de repas à domicile",
        "designation" : [{
          "use" : {
            "code" : "OID"
          },
          "value" : "urn:oid:1.2.250.1.213.3.3.39"
        }]
      },
      {
        "code" : "34",
        "display" : "Service de Téléassistance",
        "designation" : [{
          "use" : {
            "code" : "OID"
          },
          "value" : "urn:oid:1.2.250.1.213.3.3.39"
        }]
      },
      {
        "code" : "35",
        "display" : "Foyer restaurant",
        "designation" : [{
          "use" : {
            "code" : "OID"
          },
          "value" : "urn:oid:1.2.250.1.213.3.3.39"
        }]
      },
      {
        "code" : "36",
        "display" : "Dispositif d'accueil familial",
        "designation" : [{
          "use" : {
            "code" : "OID"
          },
          "value" : "urn:oid:1.2.250.1.213.3.3.39"
        }]
      },
      {
        "code" : "37",
        "display" : "Centre d'accueil familial spécialisé (CAFS)",
        "designation" : [{
          "use" : {
            "code" : "OID"
          },
          "value" : "urn:oid:1.2.250.1.213.3.3.39"
        }]
      },
      {
        "code" : "38",
        "display" : "Plateforme d'accompagnement et de répit",
        "designation" : [{
          "use" : {
            "code" : "OID"
          },
          "value" : "urn:oid:1.2.250.1.213.3.3.39"
        }]
      },
      {
        "code" : "39",
        "display" : "Foyer ou établissement d'accueil médicalisé (FAM ou EAM)",
        "designation" : [{
          "use" : {
            "code" : "OID"
          },
          "value" : "urn:oid:1.2.250.1.213.3.3.39"
        }]
      },
      {
        "code" : "40",
        "display" : "Maison d'accueil spécialisée (MAS)",
        "designation" : [{
          "use" : {
            "code" : "OID"
          },
          "value" : "urn:oid:1.2.250.1.213.3.3.39"
        }]
      },
      {
        "code" : "41",
        "display" : "Etablissement d'accueil non médicalisé (EANM) dont foyer de vie et foyer d'hébergement",
        "designation" : [{
          "use" : {
            "code" : "OID"
          },
          "value" : "urn:oid:1.2.250.1.213.3.3.39"
        }]
      },
      {
        "code" : "43",
        "display" : "Unité d'aide par le travail (ESAT)",
        "designation" : [{
          "use" : {
            "code" : "OID"
          },
          "value" : "urn:oid:1.2.250.1.213.3.3.39"
        }]
      },
      {
        "code" : "44",
        "display" : "Centre de rééducation professionnel (CRP)",
        "designation" : [{
          "use" : {
            "code" : "OID"
          },
          "value" : "urn:oid:1.2.250.1.213.3.3.39"
        }]
      },
      {
        "code" : "45",
        "display" : "Unités évaluation réentraînement et d'orientation sociale et professionnel (UEROS)",
        "designation" : [{
          "use" : {
            "code" : "OID"
          },
          "value" : "urn:oid:1.2.250.1.213.3.3.39"
        }]
      },
      {
        "code" : "46",
        "display" : "Établissements et Services de Pré-Orientation (ESPO)",
        "designation" : [{
          "use" : {
            "code" : "OID"
          },
          "value" : "urn:oid:1.2.250.1.213.3.3.39"
        }]
      },
      {
        "code" : "47",
        "display" : "Dispositif d'emploi accompagné",
        "designation" : [{
          "use" : {
            "code" : "OID"
          },
          "value" : "urn:oid:1.2.250.1.213.3.3.39"
        }]
      },
      {
        "code" : "48",
        "display" : "Institut médico-éducatif (IME)",
        "designation" : [{
          "use" : {
            "code" : "OID"
          },
          "value" : "urn:oid:1.2.250.1.213.3.3.39"
        }]
      },
      {
        "code" : "49",
        "display" : "Institut d'éducation motrice (IEM)",
        "designation" : [{
          "use" : {
            "code" : "OID"
          },
          "value" : "urn:oid:1.2.250.1.213.3.3.39"
        }]
      },
      {
        "code" : "50",
        "display" : "Institut thérapeutique éducatif et pédagogique (ITEP)",
        "designation" : [{
          "use" : {
            "code" : "OID"
          },
          "value" : "urn:oid:1.2.250.1.213.3.3.39"
        }]
      },
      {
        "code" : "51",
        "display" : "Etablissement pour enfant ou ado polyhandicapé (EEAP)",
        "designation" : [{
          "use" : {
            "code" : "OID"
          },
          "value" : "urn:oid:1.2.250.1.213.3.3.39"
        }]
      },
      {
        "code" : "52",
        "display" : "Institut déficient visuel",
        "designation" : [{
          "use" : {
            "code" : "OID"
          },
          "value" : "urn:oid:1.2.250.1.213.3.3.39"
        }]
      },
      {
        "code" : "53",
        "display" : "Institut déficient auditif",
        "designation" : [{
          "use" : {
            "code" : "OID"
          },
          "value" : "urn:oid:1.2.250.1.213.3.3.39"
        }]
      },
      {
        "code" : "54",
        "display" : "Institut déficient Visuel et Auditif",
        "designation" : [{
          "use" : {
            "code" : "OID"
          },
          "value" : "urn:oid:1.2.250.1.213.3.3.39"
        }]
      },
      {
        "code" : "55",
        "display" : "Unité d'enseignement interne",
        "designation" : [{
          "use" : {
            "code" : "OID"
          },
          "value" : "urn:oid:1.2.250.1.213.3.3.39"
        }]
      },
      {
        "code" : "56",
        "display" : "Unité d'enseignement externalisée",
        "designation" : [{
          "use" : {
            "code" : "OID"
          },
          "value" : "urn:oid:1.2.250.1.213.3.3.39"
        }]
      },
      {
        "code" : "57",
        "display" : "Service d'accompagnement, Service d'Education Spécialisée de Soins à Domicile (SESSAD)",
        "designation" : [{
          "use" : {
            "code" : "OID"
          },
          "value" : "urn:oid:1.2.250.1.213.3.3.39"
        }]
      },
      {
        "code" : "58",
        "display" : "Service d'accompagnement, Service d'Accompagnement Familial et d'Education Précoce (SAFEP)",
        "designation" : [{
          "use" : {
            "code" : "OID"
          },
          "value" : "urn:oid:1.2.250.1.213.3.3.39"
        }]
      },
      {
        "code" : "59",
        "display" : "Service d'accompagnement, Services de Soutien à l'Education Familiale et à la Scolarisation (SSEFIS)",
        "designation" : [{
          "use" : {
            "code" : "OID"
          },
          "value" : "urn:oid:1.2.250.1.213.3.3.39"
        }]
      },
      {
        "code" : "60",
        "display" : "Service d'accompagnement, Service d'Aide à l'Acquisition de l'Autonomie et à l'Intégration Scolaire (S3AIS)",
        "designation" : [{
          "use" : {
            "code" : "OID"
          },
          "value" : "urn:oid:1.2.250.1.213.3.3.39"
        }]
      },
      {
        "code" : "61",
        "display" : "Centre d'action médico-sociale précoce (CAMSP)",
        "designation" : [{
          "use" : {
            "code" : "OID"
          },
          "value" : "urn:oid:1.2.250.1.213.3.3.39"
        }]
      },
      {
        "code" : "62",
        "display" : "Centre médico-psycho-pédagogique (CMPP)",
        "designation" : [{
          "use" : {
            "code" : "OID"
          },
          "value" : "urn:oid:1.2.250.1.213.3.3.39"
        }]
      },
      {
        "code" : "63",
        "display" : "Jardin d'enfants spécialisé",
        "designation" : [{
          "use" : {
            "code" : "OID"
          },
          "value" : "urn:oid:1.2.250.1.213.3.3.39"
        }]
      },
      {
        "code" : "64",
        "display" : "Bureau d'Aide Psychologique Universitaire (B.A.P.U.)",
        "designation" : [{
          "use" : {
            "code" : "OID"
          },
          "value" : "urn:oid:1.2.250.1.213.3.3.39"
        }]
      },
      {
        "code" : "65",
        "display" : "Pôles de compétences et de prestations externalisées (PCPE)",
        "designation" : [{
          "use" : {
            "code" : "OID"
          },
          "value" : "urn:oid:1.2.250.1.213.3.3.39"
        }]
      },
      {
        "code" : "66",
        "display" : "Equipe Relai Handicap rare",
        "designation" : [{
          "use" : {
            "code" : "OID"
          },
          "value" : "urn:oid:1.2.250.1.213.3.3.39"
        }]
      },
      {
        "code" : "67",
        "display" : "Lieu de vie et d'accueil (hors ESMS)",
        "designation" : [{
          "use" : {
            "code" : "OID"
          },
          "value" : "urn:oid:1.2.250.1.213.3.3.39"
        }]
      },
      {
        "code" : "68",
        "display" : "Unité d'hospitalisation fermée",
        "designation" : [{
          "use" : {
            "code" : "OID"
          },
          "value" : "urn:oid:1.2.250.1.213.3.3.39"
        }]
      },
      {
        "code" : "69",
        "display" : "Consultation externe en établissement de santé",
        "designation" : [{
          "use" : {
            "code" : "OID"
          },
          "value" : "urn:oid:1.2.250.1.213.3.3.39"
        }]
      },
      {
        "code" : "70",
        "display" : "Unité d'intervention extra-hospitalière",
        "designation" : [{
          "use" : {
            "code" : "OID"
          },
          "value" : "urn:oid:1.2.250.1.213.3.3.39"
        }]
      },
      {
        "code" : "71",
        "display" : "Equipe de liaison et de soins (intra-hospitalière)",
        "designation" : [{
          "use" : {
            "code" : "OID"
          },
          "value" : "urn:oid:1.2.250.1.213.3.3.39"
        }]
      },
      {
        "code" : "72",
        "display" : "Guichet d'accueil, écoute, conseil, orientation",
        "designation" : [{
          "use" : {
            "code" : "OID"
          },
          "value" : "urn:oid:1.2.250.1.213.3.3.39"
        }]
      },
      {
        "code" : "73",
        "display" : "Gestion de cas MAIA",
        "designation" : [{
          "use" : {
            "code" : "OID"
          },
          "value" : "urn:oid:1.2.250.1.213.3.3.39"
        }]
      },
      {
        "code" : "74",
        "display" : "Logement inclusif",
        "designation" : [{
          "use" : {
            "code" : "OID"
          },
          "value" : "urn:oid:1.2.250.1.213.3.3.39"
        }]
      },
      {
        "code" : "75",
        "display" : "Services Soins infirmiers à domicile renforcé (SSIAD renforcé)",
        "designation" : [{
          "use" : {
            "code" : "OID"
          },
          "value" : "urn:oid:1.2.250.1.213.3.3.39"
        }]
      },
      {
        "code" : "76",
        "display" : "Unité d'évaluation et de régulation des admissions en psychiatrie",
        "designation" : [{
          "use" : {
            "code" : "OID"
          },
          "value" : "urn:oid:1.2.250.1.213.3.3.39"
        }]
      },
      {
        "code" : "77",
        "display" : "Equipe Mobile Psychiatrie et Précarité (EMPP)",
        "designation" : [{
          "use" : {
            "code" : "OID"
          },
          "value" : "urn:oid:1.2.250.1.213.3.3.39"
        }]
      },
      {
        "code" : "78",
        "display" : "Equipe Mobile Géronto-Psychiatrie (EMGP)",
        "designation" : [{
          "use" : {
            "code" : "OID"
          },
          "value" : "urn:oid:1.2.250.1.213.3.3.39"
        }]
      },
      {
        "code" : "79",
        "display" : "Equipe Mobile Ambulatoire de Réadaptation Spécialisé (EARS)",
        "designation" : [{
          "use" : {
            "code" : "OID"
          },
          "value" : "urn:oid:1.2.250.1.213.3.3.39"
        }]
      },
      {
        "code" : "80",
        "display" : "Centre de Soins, d'Accompagnement et de Prévention en Addictologie (CSAPA)",
        "designation" : [{
          "use" : {
            "code" : "OID"
          },
          "value" : "urn:oid:1.2.250.1.213.3.3.39"
        }]
      },
      {
        "code" : "81",
        "display" : "Centre d'Accueil et d'Accompagnement à la Réduction des risques pour Usagers de Drogues (CAARUD)",
        "designation" : [{
          "use" : {
            "code" : "OID"
          },
          "value" : "urn:oid:1.2.250.1.213.3.3.39"
        }]
      },
      {
        "code" : "82",
        "display" : "Pharmacie à Usage Intérieur (PUI)",
        "designation" : [{
          "use" : {
            "code" : "OID"
          },
          "value" : "urn:oid:1.2.250.1.213.3.3.39"
        }]
      },
      {
        "code" : "83",
        "display" : "Chambre mortuaire",
        "designation" : [{
          "use" : {
            "code" : "OID"
          },
          "value" : "urn:oid:1.2.250.1.213.3.3.39"
        }]
      },
      {
        "code" : "84",
        "display" : "Plateforme de Coordination et d'Orientation (PCO)",
        "designation" : [{
          "use" : {
            "code" : "OID"
          },
          "value" : "urn:oid:1.2.250.1.213.3.3.39"
        }]
      },
      {
        "code" : "85",
        "display" : "Equipe Mobile Autisme",
        "designation" : [{
          "use" : {
            "code" : "OID"
          },
          "value" : "urn:oid:1.2.250.1.213.3.3.39"
        }]
      },
      {
        "code" : "86",
        "display" : "Consultation Jeune Consommateur (CJC)",
        "designation" : [{
          "use" : {
            "code" : "OID"
          },
          "value" : "urn:oid:1.2.250.1.213.3.3.39"
        }]
      },
      {
        "code" : "87",
        "display" : "Dispositif VigilanS",
        "designation" : [{
          "use" : {
            "code" : "OID"
          },
          "value" : "urn:oid:1.2.250.1.213.3.3.39"
        }]
      },
      {
        "code" : "88",
        "display" : "Dispositif expérimental",
        "designation" : [{
          "use" : {
            "code" : "OID"
          },
          "value" : "urn:oid:1.2.250.1.213.3.3.39"
        }]
      },
      {
        "code" : "89",
        "display" : "Centre de santé sexuelle",
        "designation" : [{
          "use" : {
            "code" : "OID"
          },
          "value" : "urn:oid:1.2.250.1.213.3.3.39"
        }]
      },
      {
        "code" : "90",
        "display" : "Equipe mobile de prévention du risque infectieux",
        "designation" : [{
          "use" : {
            "code" : "OID"
          },
          "value" : "urn:oid:1.2.250.1.213.3.3.39"
        }]
      },
      {
        "code" : "91",
        "display" : "Equipe opérationnelle d'hygiène (EOH)",
        "designation" : [{
          "use" : {
            "code" : "OID"
          },
          "value" : "urn:oid:1.2.250.1.213.3.3.39"
        }]
      },
      {
        "code" : "92",
        "display" : "Unité de soins non-programmés",
        "designation" : [{
          "use" : {
            "code" : "OID"
          },
          "value" : "urn:oid:1.2.250.1.213.3.3.39"
        }]
      },
      {
        "code" : "93",
        "display" : "Lits halte soins santé (LHSS)",
        "designation" : [{
          "use" : {
            "code" : "OID"
          },
          "value" : "urn:oid:1.2.250.1.213.3.3.39"
        }]
      },
      {
        "code" : "94",
        "display" : "Appartement de coordination thérapeutique (ACT)",
        "designation" : [{
          "use" : {
            "code" : "OID"
          },
          "value" : "urn:oid:1.2.250.1.213.3.3.39"
        }]
      },
      {
        "code" : "95",
        "display" : "Lits d'accueil médicalisés (L.A.M.)",
        "designation" : [{
          "use" : {
            "code" : "OID"
          },
          "value" : "urn:oid:1.2.250.1.213.3.3.39"
        }]
      },
      {
        "code" : "96",
        "display" : "Etablissement d'accueil non médicalisé (EANM) - foyer d'hébergement (classique ou en milieu ouvert)",
        "designation" : [{
          "use" : {
            "code" : "OID"
          },
          "value" : "urn:oid:1.2.250.1.213.3.3.39"
        }]
      },
      {
        "code" : "97",
        "display" : "Etablissement d'accueil non médicalisé (EANM) - foyer de vie",
        "designation" : [{
          "use" : {
            "code" : "OID"
          },
          "value" : "urn:oid:1.2.250.1.213.3.3.39"
        }]
      },
      {
        "code" : "98",
        "display" : "Espaces de vie affective, relationnelle et sexuelle (EVARS)",
        "designation" : [{
          "use" : {
            "code" : "OID"
          },
          "value" : "urn:oid:1.2.250.1.213.3.3.39"
        }]
      },
      {
        "code" : "99",
        "display" : "Maison de santé pluriprofessionnelle (MSP)",
        "designation" : [{
          "use" : {
            "code" : "OID"
          },
          "value" : "urn:oid:1.2.250.1.213.3.3.39"
        }]
      },
      {
        "code" : "100",
        "display" : "Soins Médicaux et de Réadaptation (SMR) polyvalent",
        "designation" : [{
          "use" : {
            "code" : "OID"
          },
          "value" : "urn:oid:1.2.250.1.213.3.3.39"
        }]
      },
      {
        "code" : "101",
        "display" : "Soins Médicaux et de Réadaptation (SMR) gériatrie",
        "designation" : [{
          "use" : {
            "code" : "OID"
          },
          "value" : "urn:oid:1.2.250.1.213.3.3.39"
        }]
      },
      {
        "code" : "102",
        "display" : "Soins Médicaux et de Réadaptation (SMR) locomoteur",
        "designation" : [{
          "use" : {
            "code" : "OID"
          },
          "value" : "urn:oid:1.2.250.1.213.3.3.39"
        }]
      },
      {
        "code" : "103",
        "display" : "Soins Médicaux et de Réadaptation (SMR) système nerveux",
        "designation" : [{
          "use" : {
            "code" : "OID"
          },
          "value" : "urn:oid:1.2.250.1.213.3.3.39"
        }]
      },
      {
        "code" : "104",
        "display" : "Soins Médicaux et de Réadaptation (SMR) cardio-vasculaire",
        "designation" : [{
          "use" : {
            "code" : "OID"
          },
          "value" : "urn:oid:1.2.250.1.213.3.3.39"
        }]
      },
      {
        "code" : "105",
        "display" : "Soins Médicaux et de Réadaptation (SMR) pneumologie",
        "designation" : [{
          "use" : {
            "code" : "OID"
          },
          "value" : "urn:oid:1.2.250.1.213.3.3.39"
        }]
      },
      {
        "code" : "106",
        "display" : "Soins Médicaux et de Réadaptation (SMR) système digestif, endocrinologie, diabétologie, nutrition",
        "designation" : [{
          "use" : {
            "code" : "OID"
          },
          "value" : "urn:oid:1.2.250.1.213.3.3.39"
        }]
      },
      {
        "code" : "107",
        "display" : "Soins Médicaux et de Réadaptation (SMR) brûlés",
        "designation" : [{
          "use" : {
            "code" : "OID"
          },
          "value" : "urn:oid:1.2.250.1.213.3.3.39"
        }]
      },
      {
        "code" : "108",
        "display" : "Soins Médicaux et de Réadaptation (SMR) conduites addictives",
        "designation" : [{
          "use" : {
            "code" : "OID"
          },
          "value" : "urn:oid:1.2.250.1.213.3.3.39"
        }]
      },
      {
        "code" : "109",
        "display" : "Soins Médicaux et de Réadaptation (SMR) pédiatriques (enfants et adolescents)",
        "designation" : [{
          "use" : {
            "code" : "OID"
          },
          "value" : "urn:oid:1.2.250.1.213.3.3.39"
        }]
      },
      {
        "code" : "110",
        "display" : "Soins Médicaux et de Réadaptation (SMR) pédiatriques (jeunes enfants, enfants et adolescents)",
        "designation" : [{
          "use" : {
            "code" : "OID"
          },
          "value" : "urn:oid:1.2.250.1.213.3.3.39"
        }]
      },
      {
        "code" : "111",
        "display" : "Soins Médicaux et de Réadaptation (SMR) oncologie",
        "designation" : [{
          "use" : {
            "code" : "OID"
          },
          "value" : "urn:oid:1.2.250.1.213.3.3.39"
        }]
      },
      {
        "code" : "112",
        "display" : "Soins Médicaux et de Réadaptation (SMR) oncologie et hématologie",
        "designation" : [{
          "use" : {
            "code" : "OID"
          },
          "value" : "urn:oid:1.2.250.1.213.3.3.39"
        }]
      },
      {
        "code" : "113",
        "display" : "Centre de Réhabilitation Psychosociale",
        "designation" : [{
          "use" : {
            "code" : "OID"
          },
          "value" : "urn:oid:1.2.250.1.213.3.3.39"
        }]
      },
      {
        "code" : "114",
        "display" : "Centre Ressource pour les Intervenants auprès des Auteurs de Violences Sexuelles (CRIAVS)",
        "designation" : [{
          "use" : {
            "code" : "OID"
          },
          "value" : "urn:oid:1.2.250.1.213.3.3.39"
        }]
      },
      {
        "code" : "115",
        "display" : "Equipe Spécialisée de Soins Infirmiers Précarité (ESSIP)",
        "designation" : [{
          "use" : {
            "code" : "OID"
          },
          "value" : "urn:oid:1.2.250.1.213.3.3.39"
        }]
      },
      {
        "code" : "116",
        "display" : "Unité de chirurgie oncologique",
        "designation" : [{
          "use" : {
            "code" : "OID"
          },
          "value" : "urn:oid:1.2.250.1.213.3.3.39"
        }]
      },
      {
        "code" : "117",
        "display" : "Unité de radiothérapie",
        "designation" : [{
          "use" : {
            "code" : "OID"
          },
          "value" : "urn:oid:1.2.250.1.213.3.3.39"
        }]
      },
      {
        "code" : "118",
        "display" : "Unité de traitements médicamenteux systémiques du cancer",
        "designation" : [{
          "use" : {
            "code" : "OID"
          },
          "value" : "urn:oid:1.2.250.1.213.3.3.39"
        }]
      },
      {
        "code" : "119",
        "display" : "Unité mère-enfant",
        "designation" : [{
          "use" : {
            "code" : "OID"
          },
          "value" : "urn:oid:1.2.250.1.213.3.3.39"
        }]
      },
      {
        "code" : "120",
        "display" : "Centre de recours Troubles du Comportement Alimentaire (TCA)",
        "designation" : [{
          "use" : {
            "code" : "OID"
          },
          "value" : "urn:oid:1.2.250.1.213.3.3.39"
        }]
      },
      {
        "code" : "121",
        "display" : "Unité de réanimation",
        "designation" : [{
          "use" : {
            "code" : "OID"
          },
          "value" : "urn:oid:1.2.250.1.213.3.3.39"
        }]
      },
      {
        "code" : "122",
        "display" : "Unité de soins intensifs polyvalents (USIP) contiguë",
        "designation" : [{
          "use" : {
            "code" : "OID"
          },
          "value" : "urn:oid:1.2.250.1.213.3.3.39"
        }]
      },
      {
        "code" : "123",
        "display" : "Unité de soins intensifs polyvalents (USIP) dérogatoire",
        "designation" : [{
          "use" : {
            "code" : "OID"
          },
          "value" : "urn:oid:1.2.250.1.213.3.3.39"
        }]
      },
      {
        "code" : "124",
        "display" : "Unité de soins intensifs (USI) de spécialité",
        "designation" : [{
          "use" : {
            "code" : "OID"
          },
          "value" : "urn:oid:1.2.250.1.213.3.3.39"
        }]
      },
      {
        "code" : "125",
        "display" : "Centre de protection maternelle et infantile (PMI)",
        "designation" : [{
          "use" : {
            "code" : "OID"
          },
          "value" : "urn:oid:1.2.250.1.213.3.3.39"
        }]
      },
      {
        "code" : "126",
        "display" : "Structure Douleur Chronique (SDC)",
        "designation" : [{
          "use" : {
            "code" : "OID"
          },
          "value" : "urn:oid:1.2.250.1.213.3.3.39"
        }]
      },
      {
        "code" : "127",
        "display" : "Centre régional du psychotraumatisme (CRP)",
        "designation" : [{
          "use" : {
            "code" : "OID"
          },
          "value" : "urn:oid:1.2.250.1.213.3.3.39"
        }]
      },
      {
        "code" : "128",
        "display" : "Unité d'hospitalisation à domicile socle",
        "designation" : [{
          "use" : {
            "code" : "OID"
          },
          "value" : "urn:oid:1.2.250.1.213.3.3.39"
        }]
      },
      {
        "code" : "129",
        "display" : "Unité d'hospitalisation à domicile ante et post-partum",
        "designation" : [{
          "use" : {
            "code" : "OID"
          },
          "value" : "urn:oid:1.2.250.1.213.3.3.39"
        }]
      },
      {
        "code" : "130",
        "display" : "Unité d'hospitalisation à domicile réadaptation",
        "designation" : [{
          "use" : {
            "code" : "OID"
          },
          "value" : "urn:oid:1.2.250.1.213.3.3.39"
        }]
      },
      {
        "code" : "131",
        "display" : "Unité d'hospitalisation à domicile enfants de moins de trois ans",
        "designation" : [{
          "use" : {
            "code" : "OID"
          },
          "value" : "urn:oid:1.2.250.1.213.3.3.39"
        }]
      },
      {
        "code" : "132",
        "display" : "Service autonomie à domicile (SAD) aide et soins",
        "designation" : [{
          "use" : {
            "code" : "OID"
          },
          "value" : "urn:oid:1.2.250.1.213.3.3.39"
        }]
      },
      {
        "code" : "134",
        "display" : "Maison des adolescents (MDA)",
        "designation" : [{
          "use" : {
            "code" : "OID"
          },
          "value" : "urn:oid:1.2.250.1.213.3.3.39"
        }]
      },
      {
        "code" : "135",
        "display" : "Points Accueil Ecoute Jeunes (PAEJ)",
        "designation" : [{
          "use" : {
            "code" : "OID"
          },
          "value" : "urn:oid:1.2.250.1.213.3.3.39"
        }]
      },
      {
        "code" : "136",
        "display" : "Centre de ressources territorial (CRT)",
        "designation" : [{
          "use" : {
            "code" : "OID"
          },
          "value" : "urn:oid:1.2.250.1.213.3.3.39"
        }]
      },
      {
        "code" : "137",
        "display" : "Maison sport-santé",
        "designation" : [{
          "use" : {
            "code" : "OID"
          },
          "value" : "urn:oid:1.2.250.1.213.3.3.39"
        }]
      },
      {
        "code" : "138",
        "display" : "Centre de Soins Non-Programmés (CSNP)",
        "designation" : [{
          "use" : {
            "code" : "OID"
          },
          "value" : "urn:oid:1.2.250.1.213.3.3.39"
        }]
      },
      {
        "code" : "139",
        "display" : "Unité de soins intensifs polyvalents (USIP) non contiguë",
        "designation" : [{
          "use" : {
            "code" : "OID"
          },
          "value" : "urn:oid:1.2.250.1.213.3.3.39"
        }]
      },
      {
        "code" : "140",
        "display" : "Equipe Mobile d'Appui à la Scolarisation (EMAS)",
        "designation" : [{
          "use" : {
            "code" : "OID"
          },
          "value" : "urn:oid:1.2.250.1.213.3.3.39"
        }]
      }]
    }]
  }
}