{
  "resourceType" : "ValueSet",
  "id" : "JDV-J60-FormatCode-DMP",
  "text" : {
    "status" : "extensions",
    "div" : "<div xmlns=\"http://www.w3.org/1999/xhtml\"><p class=\"res-header-id\"><b>Generated Narrative: ValueSet JDV-J60-FormatCode-DMP</b></p><a name=\"JDV-J60-FormatCode-DMP\"> </a><a name=\"hcJDV-J60-FormatCode-DMP\"> </a><a name=\"JDV-J60-FormatCode-DMP-en-US\"> </a><p>This value set includes codes based on the following rules:</p><ul><li>Include these codes as defined in <a href=\"CodeSystem-TRE-A06-FormatCodeComplementaire.html\"><code>https://mos.esante.gouv.fr/NOS/TRE_A06-FormatCodeComplementaire/FHIR/TRE-A06-FormatCodeComplementaire</code></a><table class=\"none\"><tr><td style=\"white-space:nowrap\"><b>Code</b></td><td><b>Display</b></td><td><b>Definition</b></td></tr><tr><td><a href=\"CodeSystem-TRE-A06-FormatCodeComplementaire.html#TRE-A06-FormatCodeComplementaire-urn.58ans.58ci-sis.58bio-ep-bio.582022\">urn:ans:ci-sis:bio-ep-bio:2022</a></td><td>Prescription d'actes de biologie médicale</td><td>Prescription d'actes de biologie médicale</td></tr><tr><td><a href=\"CodeSystem-TRE-A06-FormatCodeComplementaire.html#TRE-A06-FormatCodeComplementaire-urn.58ans.58ci-sis.58img-da.582022\">urn:ans:ci-sis:img-da:2022</a></td><td>Demande d'actes d'imagerie</td><td>Demande d'actes d'imagerie</td></tr><tr><td><a href=\"CodeSystem-TRE-A06-FormatCodeComplementaire.html#TRE-A06-FormatCodeComplementaire-urn.58asip.58ci-sis.58aunv.582013\">urn:asip:ci-sis:aunv:2013</a></td><td>Fiche d'admission en unité neuro-vasculaire</td><td/></tr><tr><td><a href=\"CodeSystem-TRE-A06-FormatCodeComplementaire.html#TRE-A06-FormatCodeComplementaire-urn.58asip.58ci-sis.58avk.582009\">urn:asip:ci-sis:avk:2009</a></td><td>Fiche patient à risque en cardiologie - Traitement AVK</td><td/></tr><tr><td><a href=\"CodeSystem-TRE-A06-FormatCodeComplementaire.html#TRE-A06-FormatCodeComplementaire-urn.58asip.58ci-sis.58crgm.582018\">urn:asip:ci-sis:crgm:2018</a></td><td>Compte rendu de génétique moléculaire</td><td/></tr><tr><td><a href=\"CodeSystem-TRE-A06-FormatCodeComplementaire.html#TRE-A06-FormatCodeComplementaire-urn.58asip.58ci-sis.58crrtn.582013\">urn:asip:ci-sis:crrtn:2013</a></td><td>Compte-rendu de rétinographie</td><td/></tr><tr><td><a href=\"CodeSystem-TRE-A06-FormatCodeComplementaire.html#TRE-A06-FormatCodeComplementaire-urn.58asip.58ci-sis.58cse-cs24.582017\">urn:asip:ci-sis:cse-cs24:2017</a></td><td>Certificat de santé du 24ème mois de l'enfant</td><td/></tr><tr><td><a href=\"CodeSystem-TRE-A06-FormatCodeComplementaire.html#TRE-A06-FormatCodeComplementaire-urn.58asip.58ci-sis.58cse-cs8.582017\">urn:asip:ci-sis:cse-cs8:2017</a></td><td>Certificat de santé du 8ème jour de l'enfant</td><td/></tr><tr><td><a href=\"CodeSystem-TRE-A06-FormatCodeComplementaire.html#TRE-A06-FormatCodeComplementaire-urn.58asip.58ci-sis.58cse-cs9.582017\">urn:asip:ci-sis:cse-cs9:2017</a></td><td>Certificat de santé du 9ème mois de l'enfant</td><td/></tr><tr><td><a href=\"CodeSystem-TRE-A06-FormatCodeComplementaire.html#TRE-A06-FormatCodeComplementaire-urn.58asip.58ci-sis.58d2lm-fidd.582017\">urn:asip:ci-sis:d2lm-fidd:2017</a></td><td>Seconde lecture de mammographie - Fiche d'interprétation du bilan de diagnostic différé</td><td/></tr><tr><td><a href=\"CodeSystem-TRE-A06-FormatCodeComplementaire.html#TRE-A06-FormatCodeComplementaire-urn.58asip.58ci-sis.58d2lm-fin.582017\">urn:asip:ci-sis:d2lm-fin:2017</a></td><td>Seconde lecture de mammographie - Fiche d'interprétation nationale</td><td/></tr><tr><td><a href=\"CodeSystem-TRE-A06-FormatCodeComplementaire.html#TRE-A06-FormatCodeComplementaire-urn.58asip.58ci-sis.58dci.582009\">urn:asip:ci-sis:dci:2009</a></td><td>Fiche patient à risque en cardiologie - Défibrillateur cardiaque interne</td><td/></tr><tr><td><a href=\"CodeSystem-TRE-A06-FormatCodeComplementaire.html#TRE-A06-FormatCodeComplementaire-urn.58asip.58ci-sis.58dlu.582015\">urn:asip:ci-sis:dlu:2015</a></td><td>Document de liaison d'urgence</td><td/></tr><tr><td><a href=\"CodeSystem-TRE-A06-FormatCodeComplementaire.html#TRE-A06-FormatCodeComplementaire-urn.58asip.58ci-sis.58dlu-dlu-dom.582022\">urn:asip:ci-sis:dlu-dlu-dom:2022</a></td><td>Document de liaison d'urgence DOM</td><td/></tr><tr><td><a href=\"CodeSystem-TRE-A06-FormatCodeComplementaire.html#TRE-A06-FormatCodeComplementaire-urn.58asip.58ci-sis.58dlu-fludr-dom.582022\">urn:asip:ci-sis:dlu-fludr-dom:2022</a></td><td>Fiche de liaison d'urgence - Retour des urgences vers le domicile</td><td/></tr><tr><td><a href=\"CodeSystem-TRE-A06-FormatCodeComplementaire.html#TRE-A06-FormatCodeComplementaire-urn.58asip.58ci-sis.58dlu-fludt-dom.582022\">urn:asip:ci-sis:dlu-fludt-dom:2022</a></td><td>Fiche de liaison d'urgence - Transfert du domicile vers les urgences</td><td/></tr><tr><td><a href=\"CodeSystem-TRE-A06-FormatCodeComplementaire.html#TRE-A06-FormatCodeComplementaire-urn.58ans.58ci-sis.58cse-mde.582023\">urn:ans:ci-sis:cse-mde:2023</a></td><td>Mesures de signes vitaux</td><td/></tr><tr><td><a href=\"CodeSystem-TRE-A06-FormatCodeComplementaire.html#TRE-A06-FormatCodeComplementaire-urn.58asip.58ci-sis.58eunv.582013\">urn:asip:ci-sis:eunv:2013</a></td><td>Fiche d'épisode de soin en unité neuro-vasculaire</td><td/></tr><tr><td><a href=\"CodeSystem-TRE-A06-FormatCodeComplementaire.html#TRE-A06-FormatCodeComplementaire-urn.58asip.58ci-sis.58fludr.582017\">urn:asip:ci-sis:fludr:2017</a></td><td>Fiche de liaison d'urgence - Retour des urgences vers l'EHPAD</td><td/></tr><tr><td><a href=\"CodeSystem-TRE-A06-FormatCodeComplementaire.html#TRE-A06-FormatCodeComplementaire-urn.58asip.58ci-sis.58fludt.582017\">urn:asip:ci-sis:fludt:2017</a></td><td>Fiche de liaison d'urgence - Transfert de l'EHPAD vers les urgences</td><td/></tr><tr><td><a href=\"CodeSystem-TRE-A06-FormatCodeComplementaire.html#TRE-A06-FormatCodeComplementaire-urn.58asip.58ci-sis.58frcp.582011\">urn:asip:ci-sis:frcp:2011</a></td><td>Fiche de réunion de concertation pluridisciplinaire</td><td/></tr><tr><td><a href=\"CodeSystem-TRE-A06-FormatCodeComplementaire.html#TRE-A06-FormatCodeComplementaire-urn.58asip.58ci-sis.58hr.582019\">urn:asip:ci-sis:hr:2019</a></td><td>Données de remboursement</td><td/></tr><tr><td><a href=\"CodeSystem-TRE-A06-FormatCodeComplementaire.html#TRE-A06-FormatCodeComplementaire-urn.58asip.58ci-sis.58idap.582011\">urn:asip:ci-sis:idap:2011</a></td><td>Information et directives anticipées du patient</td><td/></tr><tr><td><a href=\"CodeSystem-TRE-A06-FormatCodeComplementaire.html#TRE-A06-FormatCodeComplementaire-urn.58asip.58ci-sis.58ldl-ees.582017\">urn:asip:ci-sis:ldl-ees:2017</a></td><td>Lettre de Liaison à l'entrée d'un établissement de santé</td><td/></tr><tr><td><a href=\"CodeSystem-TRE-A06-FormatCodeComplementaire.html#TRE-A06-FormatCodeComplementaire-urn.58asip.58ci-sis.58ldl-ses.582017\">urn:asip:ci-sis:ldl-ses:2017</a></td><td>Lettre de Liaison à la sortie de l'établissement de santé</td><td/></tr><tr><td><a href=\"CodeSystem-TRE-A06-FormatCodeComplementaire.html#TRE-A06-FormatCodeComplementaire-urn.58asip.58ci-sis.58pavc.582016\">urn:asip:ci-sis:pavc:2016</a></td><td>Compte-rendu de consultation d'évaluation pluri-professionnelle post AVC</td><td/></tr><tr><td><a href=\"CodeSystem-TRE-A06-FormatCodeComplementaire.html#TRE-A06-FormatCodeComplementaire-urn.58asip.58ci-sis.58pps-cancer.582017\">urn:asip:ci-sis:pps-cancer:2017</a></td><td>Programme Personnalisé de Soins - Cancer</td><td/></tr><tr><td><a href=\"CodeSystem-TRE-A06-FormatCodeComplementaire.html#TRE-A06-FormatCodeComplementaire-urn.58asip.58ci-sis.58pps-paerpa.582017\">urn:asip:ci-sis:pps-paerpa:2017</a></td><td>Plan Personnalisé de Santé - PAERPA</td><td/></tr><tr><td><a href=\"CodeSystem-TRE-A06-FormatCodeComplementaire.html#TRE-A06-FormatCodeComplementaire-urn.58asip.58ci-sis.58ppv.582009\">urn:asip:ci-sis:ppv:2009</a></td><td>Fiche patient à risque en cardiologie - Porteur d'une prothèse valvulaire</td><td/></tr><tr><td><a href=\"CodeSystem-TRE-A06-FormatCodeComplementaire.html#TRE-A06-FormatCodeComplementaire-urn.58asip.58ci-sis.58psc.582009\">urn:asip:ci-sis:psc:2009</a></td><td>Fiche patient à risque en cardiologie - Porteur d'un stimulateur cardiaque</td><td/></tr><tr><td><a href=\"CodeSystem-TRE-A06-FormatCodeComplementaire.html#TRE-A06-FormatCodeComplementaire-urn.58asip.58ci-sis.58sdm-mr.582017\">urn:asip:ci-sis:sdm-mr:2017</a></td><td>Set de Données Minimum - Maladies Rares</td><td/></tr><tr><td><a href=\"CodeSystem-TRE-A06-FormatCodeComplementaire.html#TRE-A06-FormatCodeComplementaire-urn.58asip.58ci-sis.58sunv.582013\">urn:asip:ci-sis:sunv:2013</a></td><td>Fiche de sortie d'unité neuro-vasculaire</td><td/></tr><tr><td><a href=\"CodeSystem-TRE-A06-FormatCodeComplementaire.html#TRE-A06-FormatCodeComplementaire-urn.58asip.58ci-sis.58tap.582009\">urn:asip:ci-sis:tap:2009</a></td><td>Fiche patient à risque en cardiologie - Traitement antiagrégant plaquettaire, stent</td><td/></tr><tr><td><a href=\"CodeSystem-TRE-A06-FormatCodeComplementaire.html#TRE-A06-FormatCodeComplementaire-urn.58asip.58ci-sis.58vac.582019\">urn:asip:ci-sis:vac:2019</a></td><td>Historique des vaccinations</td><td/></tr><tr><td><a href=\"CodeSystem-TRE-A06-FormatCodeComplementaire.html#TRE-A06-FormatCodeComplementaire-urn.58asip.58ci-sis.58vsm.582012\">urn:asip:ci-sis:vsm:2012</a></td><td>Synthèse médicale</td><td/></tr><tr><td><a href=\"CodeSystem-TRE-A06-FormatCodeComplementaire.html#TRE-A06-FormatCodeComplementaire-urn.58asipSante.58modelesHorsProfils.582011\">urn:asipSante:modelesHorsProfils:2011</a></td><td>Document non référencé IHE ou CI-SIS</td><td/></tr><tr><td><a href=\"CodeSystem-TRE-A06-FormatCodeComplementaire.html#TRE-A06-FormatCodeComplementaire-urn.58asip.58ci-sis.58cr-cpa.582020\">urn:asip:ci-sis:cr-cpa:2020</a></td><td>Compte rendu de consultation pré-anesthésique</td><td/></tr><tr><td><a href=\"CodeSystem-TRE-A06-FormatCodeComplementaire.html#TRE-A06-FormatCodeComplementaire-urn.58asip.58ci-sis.58cr-anest.582020\">urn:asip:ci-sis:cr-anest:2020</a></td><td>Compte rendu d'anesthésie</td><td/></tr><tr><td><a href=\"CodeSystem-TRE-A06-FormatCodeComplementaire.html#TRE-A06-FormatCodeComplementaire-urn.58asip.58ci-sis.58tlm-da.582020\">urn:asip:ci-sis:tlm-da:2020</a></td><td>Demande d'acte de télémédecine</td><td/></tr><tr><td><a href=\"CodeSystem-TRE-A06-FormatCodeComplementaire.html#TRE-A06-FormatCodeComplementaire-urn.58asip.58ci-sis.58vac-note.582021\">urn:asip:ci-sis:vac-note:2021</a></td><td>Note de vaccination</td><td/></tr><tr><td><a href=\"CodeSystem-TRE-A06-FormatCodeComplementaire.html#TRE-A06-FormatCodeComplementaire-urn.58asip.58ci-sis.58obp-sap.582023\">urn:asip:ci-sis:obp-sap:2023</a></td><td>Synthèse antepartum</td><td/></tr><tr><td><a href=\"CodeSystem-TRE-A06-FormatCodeComplementaire.html#TRE-A06-FormatCodeComplementaire-urn.58asip.58ci-sis.58obp-snm.582023\">urn:asip:ci-sis:obp-snm:2023</a></td><td>Synthèse Salle de Naissance Mère</td><td/></tr><tr><td><a href=\"CodeSystem-TRE-A06-FormatCodeComplementaire.html#TRE-A06-FormatCodeComplementaire-urn.58asip.58ci-sis.58obp-sne.582023\">urn:asip:ci-sis:obp-sne:2023</a></td><td>Synthèse Salle de Naissance Enfant</td><td/></tr><tr><td><a href=\"CodeSystem-TRE-A06-FormatCodeComplementaire.html#TRE-A06-FormatCodeComplementaire-urn.58asip.58ci-sis.58obp-scm.582023\">urn:asip:ci-sis:obp-scm:2023</a></td><td>Synthèse Suites de Couches Mère</td><td/></tr><tr><td><a href=\"CodeSystem-TRE-A06-FormatCodeComplementaire.html#TRE-A06-FormatCodeComplementaire-urn.58asip.58ci-sis.58obp-sem.582023\">urn:asip:ci-sis:obp-sem:2023</a></td><td>Synthèse Enfant en Maternité</td><td/></tr><tr><td><a href=\"CodeSystem-TRE-A06-FormatCodeComplementaire.html#TRE-A06-FormatCodeComplementaire-urn.58asip.58ci-sis.58ppp.582023\">urn:asip:ci-sis:ppp:2023</a></td><td>Plan personnalisé de prévention</td><td/></tr></table></li><li>Include these codes as defined in <a href=\"CodeSystem-TRE-A11-IheFormatCode.html\"><code>https://mos.esante.gouv.fr/NOS/TRE_A11-IheFormatCode/FHIR/TRE-A11-IheFormatCode</code></a><table class=\"none\"><tr><td style=\"white-space:nowrap\"><b>Code</b></td><td><b>Display</b></td><td><b>Definition</b></td></tr><tr><td><a href=\"CodeSystem-TRE-A11-IheFormatCode.html#TRE-A11-IheFormatCode-urn.58ihe.58iti.58dsg.58detached.582014\">urn:ihe:iti:dsg:detached:2014</a></td><td>Signature détachée</td><td/></tr><tr><td><a href=\"CodeSystem-TRE-A11-IheFormatCode.html#TRE-A11-IheFormatCode-urn.58ihe.58iti.58xds-sd.58pdf.582008\">urn:ihe:iti:xds-sd:pdf:2008</a></td><td>Document à corps non structuré en Pdf/A-1</td><td/></tr><tr><td><a href=\"CodeSystem-TRE-A11-IheFormatCode.html#TRE-A11-IheFormatCode-urn.58ihe.58iti.58xds-sd.58text.582008\">urn:ihe:iti:xds-sd:text:2008</a></td><td>Document à corps non structuré en texte brut</td><td/></tr><tr><td><a href=\"CodeSystem-TRE-A11-IheFormatCode.html#TRE-A11-IheFormatCode-urn.58ihe.58pharm.58dis.582010\">urn:ihe:pharm:dis:2010</a></td><td>Dispensation médicamenteuse</td><td/></tr><tr><td><a href=\"CodeSystem-TRE-A11-IheFormatCode.html#TRE-A11-IheFormatCode-urn.58ihe.58iti-fr.58xds-sd.58jpeg.582010\">urn:ihe:iti-fr:xds-sd:jpeg:2010</a></td><td>Document à corps non structuré en format jpeg</td><td/></tr><tr><td><a href=\"CodeSystem-TRE-A11-IheFormatCode.html#TRE-A11-IheFormatCode-urn.58ihe.58iti-fr.58xds-sd.58rtf.582010\">urn:ihe:iti-fr:xds-sd:rtf:2010</a></td><td>Document à corps non structuré en format rtf</td><td/></tr><tr><td><a href=\"CodeSystem-TRE-A11-IheFormatCode.html#TRE-A11-IheFormatCode-urn.58ihe.58iti-fr.58xds-sd.58tiff.582010\">urn:ihe:iti-fr:xds-sd:tiff:2010</a></td><td>Document à corps non structuré en format tiff</td><td/></tr><tr><td><a href=\"CodeSystem-TRE-A11-IheFormatCode.html#TRE-A11-IheFormatCode-urn.58ihe.58lab.58xd-lab.582008\">urn:ihe:lab:xd-lab:2008</a></td><td>Compte rendu structuré d'examens de biologie médicale</td><td/></tr><tr><td><a href=\"CodeSystem-TRE-A11-IheFormatCode.html#TRE-A11-IheFormatCode-urn.58ihe.58palm.58apsr.582016\">urn:ihe:palm:apsr:2016</a></td><td>CR d'anatomie et de cytologie pathologiques</td><td/></tr><tr><td><a href=\"CodeSystem-TRE-A11-IheFormatCode.html#TRE-A11-IheFormatCode-urn.58ihe.58pcc.58ips.582020\">urn:ihe:pcc:ips:2020</a></td><td>Synthèse du dossier médical</td><td>Synthèse médicale</td></tr><tr><td><a href=\"CodeSystem-TRE-A11-IheFormatCode.html#TRE-A11-IheFormatCode-urn.58ihe.58pharm.58pre.582010\">urn:ihe:pharm:pre:2010</a></td><td>Prescription de médicaments</td><td/></tr><tr><td><a href=\"CodeSystem-TRE-A11-IheFormatCode.html#TRE-A11-IheFormatCode-urn.58ihe.58eyecare.58geneyeevalcn.582014\">urn:ihe:eyecare:geneyeevalcn:2014</a></td><td>CR de consultation en ophtalmologie</td><td/></tr><tr><td><a href=\"CodeSystem-TRE-A11-IheFormatCode.html#TRE-A11-IheFormatCode-urn.58ihe.58rad.58CDA.58ImagingReportStructuredHeadings.582013\">urn:ihe:rad:CDA:ImagingReportStructuredHeadings:2013</a></td><td>Compte-rendu d'imagerie médicale</td><td/></tr></table></li><li>Include these codes as defined in <a href=\"CodeSystem-TRE-A09-DICOMuidRegistry.html\"><code>https://mos.esante.gouv.fr/NOS/TRE_A09-DICOMuidRegistry/FHIR/TRE-A09-DICOMuidRegistry</code></a><table class=\"none\"><tr><td style=\"white-space:nowrap\"><b>Code</b></td><td><b>Display</b></td></tr><tr><td><a href=\"CodeSystem-TRE-A09-DICOMuidRegistry.html#TRE-A09-DICOMuidRegistry-1.462.46840.4610008.465.461.464.461.461.4688.4659\">1.2.840.10008.5.1.4.1.1.88.59</a></td><td>Document Références d'objets d'un examen d'imagerie selon profil IHE RAD XDS-I</td></tr></table></li><li>Include these codes as defined in <a href=\"CodeSystem-TRE-A10-NomenclatureURN.html\"><code>https://mos.esante.gouv.fr/NOS/TRE_A10-NomenclatureURN/FHIR/TRE-A10-NomenclatureURN</code></a><table class=\"none\"><tr><td style=\"white-space:nowrap\"><b>Code</b></td><td><b>Display</b></td></tr><tr><td><a href=\"CodeSystem-TRE-A10-NomenclatureURN.html#TRE-A10-NomenclatureURN-http.58.47.47www.46w3.46org.472000.4709.47xmldsig.35\">http://www.w3.org/2000/09/xmldsig#</a></td><td>Default signature style</td></tr></table></li></ul></div>"
  },
  "extension" : [{
    "url" : "http://hl7.org/fhir/StructureDefinition/resource-effectivePeriod",
    "valuePeriod" : {
      "start" : "2019-01-18T12:00:00+01:00"
    }
  }],
  "url" : "https://mos.esante.gouv.fr/NOS/JDV_J60-FormatCode-DMP/FHIR/JDV-J60-FormatCode-DMP",
  "identifier" : [{
    "value" : "urn:oid:1.2.250.1.213.1.1.5.8"
  }],
  "version" : "1.3.0",
  "name" : "JDV_J60-FormatCode-DMP",
  "status" : "active",
  "date" : "2024-02-23T12:00:00+01:00",
  "publisher" : "ANS",
  "contact" : [{
    "name" : "ANS",
    "telecom" : [{
      "system" : "url",
      "value" : "https://esante.gouv.fr"
    }]
  }],
  "description" : "Jeu de valeurs pour métadonnée formatCode",
  "compose" : {
    "include" : [{
      "system" : "https://mos.esante.gouv.fr/NOS/TRE_A06-FormatCodeComplementaire/FHIR/TRE-A06-FormatCodeComplementaire",
      "concept" : [{
        "code" : "urn:ans:ci-sis:bio-ep-bio:2022",
        "display" : "Prescription d'actes de biologie médicale",
        "designation" : [{
          "use" : {
            "code" : "OID"
          },
          "value" : "urn:oid:1.2.250.1.213.1.1.4.2.282"
        }]
      },
      {
        "code" : "urn:ans:ci-sis:img-da:2022",
        "display" : "Demande d'actes d'imagerie",
        "designation" : [{
          "use" : {
            "code" : "OID"
          },
          "value" : "urn:oid:1.2.250.1.213.1.1.4.2.282"
        }]
      },
      {
        "code" : "urn:asip:ci-sis:aunv:2013",
        "display" : "Fiche d'admission en unité neuro-vasculaire",
        "designation" : [{
          "use" : {
            "code" : "OID"
          },
          "value" : "urn:oid:1.2.250.1.213.1.1.4.2.282"
        }]
      },
      {
        "code" : "urn:asip:ci-sis:avk:2009",
        "display" : "Fiche patient à risque en cardiologie - Traitement AVK",
        "designation" : [{
          "use" : {
            "code" : "OID"
          },
          "value" : "urn:oid:1.2.250.1.213.1.1.4.2.282"
        }]
      },
      {
        "code" : "urn:asip:ci-sis:crgm:2018",
        "display" : "Compte rendu de génétique moléculaire",
        "designation" : [{
          "use" : {
            "code" : "OID"
          },
          "value" : "urn:oid:1.2.250.1.213.1.1.4.2.282"
        }]
      },
      {
        "code" : "urn:asip:ci-sis:crrtn:2013",
        "display" : "Compte-rendu de rétinographie",
        "designation" : [{
          "use" : {
            "code" : "OID"
          },
          "value" : "urn:oid:1.2.250.1.213.1.1.4.2.282"
        }]
      },
      {
        "code" : "urn:asip:ci-sis:cse-cs24:2017",
        "display" : "Certificat de santé du 24ème mois de l'enfant",
        "designation" : [{
          "use" : {
            "code" : "OID"
          },
          "value" : "urn:oid:1.2.250.1.213.1.1.4.2.282"
        }]
      },
      {
        "code" : "urn:asip:ci-sis:cse-cs8:2017",
        "display" : "Certificat de santé du 8ème jour de l'enfant",
        "designation" : [{
          "use" : {
            "code" : "OID"
          },
          "value" : "urn:oid:1.2.250.1.213.1.1.4.2.282"
        }]
      },
      {
        "code" : "urn:asip:ci-sis:cse-cs9:2017",
        "display" : "Certificat de santé du 9ème mois de l'enfant",
        "designation" : [{
          "use" : {
            "code" : "OID"
          },
          "value" : "urn:oid:1.2.250.1.213.1.1.4.2.282"
        }]
      },
      {
        "code" : "urn:asip:ci-sis:d2lm-fidd:2017",
        "display" : "Seconde lecture de mammographie - Fiche d'interprétation du bilan de diagnostic différé",
        "designation" : [{
          "use" : {
            "code" : "OID"
          },
          "value" : "urn:oid:1.2.250.1.213.1.1.4.2.282"
        }]
      },
      {
        "code" : "urn:asip:ci-sis:d2lm-fin:2017",
        "display" : "Seconde lecture de mammographie - Fiche d'interprétation nationale",
        "designation" : [{
          "use" : {
            "code" : "OID"
          },
          "value" : "urn:oid:1.2.250.1.213.1.1.4.2.282"
        }]
      },
      {
        "code" : "urn:asip:ci-sis:dci:2009",
        "display" : "Fiche patient à risque en cardiologie - Défibrillateur cardiaque interne",
        "designation" : [{
          "use" : {
            "code" : "OID"
          },
          "value" : "urn:oid:1.2.250.1.213.1.1.4.2.282"
        }]
      },
      {
        "code" : "urn:asip:ci-sis:dlu:2015",
        "display" : "Document de liaison d'urgence",
        "designation" : [{
          "use" : {
            "code" : "OID"
          },
          "value" : "urn:oid:1.2.250.1.213.1.1.4.2.282"
        }]
      },
      {
        "code" : "urn:asip:ci-sis:dlu-dlu-dom:2022",
        "display" : "Document de liaison d'urgence DOM",
        "designation" : [{
          "use" : {
            "code" : "OID"
          },
          "value" : "urn:oid:1.2.250.1.213.1.1.4.2.282"
        }]
      },
      {
        "code" : "urn:asip:ci-sis:dlu-fludr-dom:2022",
        "display" : "Fiche de liaison d'urgence - Retour des urgences vers le domicile",
        "designation" : [{
          "use" : {
            "code" : "OID"
          },
          "value" : "urn:oid:1.2.250.1.213.1.1.4.2.282"
        }]
      },
      {
        "code" : "urn:asip:ci-sis:dlu-fludt-dom:2022",
        "display" : "Fiche de liaison d'urgence - Transfert du domicile vers les urgences",
        "designation" : [{
          "use" : {
            "code" : "OID"
          },
          "value" : "urn:oid:1.2.250.1.213.1.1.4.2.282"
        }]
      },
      {
        "code" : "urn:ans:ci-sis:cse-mde:2023",
        "display" : "Mesures de signes vitaux",
        "designation" : [{
          "use" : {
            "code" : "OID"
          },
          "value" : "urn:oid:1.2.250.1.213.1.1.4.2.282"
        }]
      },
      {
        "code" : "urn:asip:ci-sis:eunv:2013",
        "display" : "Fiche d'épisode de soin en unité neuro-vasculaire",
        "designation" : [{
          "use" : {
            "code" : "OID"
          },
          "value" : "urn:oid:1.2.250.1.213.1.1.4.2.282"
        }]
      },
      {
        "code" : "urn:asip:ci-sis:fludr:2017",
        "display" : "Fiche de liaison d'urgence - Retour des urgences vers l'EHPAD",
        "designation" : [{
          "use" : {
            "code" : "OID"
          },
          "value" : "urn:oid:1.2.250.1.213.1.1.4.2.282"
        }]
      },
      {
        "code" : "urn:asip:ci-sis:fludt:2017",
        "display" : "Fiche de liaison d'urgence - Transfert de l'EHPAD vers les urgences",
        "designation" : [{
          "use" : {
            "code" : "OID"
          },
          "value" : "urn:oid:1.2.250.1.213.1.1.4.2.282"
        }]
      },
      {
        "code" : "urn:asip:ci-sis:frcp:2011",
        "display" : "Fiche de réunion de concertation pluridisciplinaire",
        "designation" : [{
          "use" : {
            "code" : "OID"
          },
          "value" : "urn:oid:1.2.250.1.213.1.1.4.2.282"
        }]
      },
      {
        "code" : "urn:asip:ci-sis:hr:2019",
        "display" : "Données de remboursement",
        "designation" : [{
          "use" : {
            "code" : "OID"
          },
          "value" : "urn:oid:1.2.250.1.213.1.1.4.2.282"
        }]
      },
      {
        "code" : "urn:asip:ci-sis:idap:2011",
        "display" : "Information et directives anticipées du patient",
        "designation" : [{
          "use" : {
            "code" : "OID"
          },
          "value" : "urn:oid:1.2.250.1.213.1.1.4.2.282"
        }]
      },
      {
        "code" : "urn:asip:ci-sis:ldl-ees:2017",
        "display" : "Lettre de Liaison à l'entrée d'un établissement de santé",
        "designation" : [{
          "use" : {
            "code" : "OID"
          },
          "value" : "urn:oid:1.2.250.1.213.1.1.4.2.282"
        }]
      },
      {
        "code" : "urn:asip:ci-sis:ldl-ses:2017",
        "display" : "Lettre de Liaison à la sortie de l'établissement de santé",
        "designation" : [{
          "use" : {
            "code" : "OID"
          },
          "value" : "urn:oid:1.2.250.1.213.1.1.4.2.282"
        }]
      },
      {
        "code" : "urn:asip:ci-sis:pavc:2016",
        "display" : "Compte-rendu de consultation d'évaluation pluri-professionnelle post AVC",
        "designation" : [{
          "use" : {
            "code" : "OID"
          },
          "value" : "urn:oid:1.2.250.1.213.1.1.4.2.282"
        }]
      },
      {
        "code" : "urn:asip:ci-sis:pps-cancer:2017",
        "display" : "Programme Personnalisé de Soins - Cancer",
        "designation" : [{
          "use" : {
            "code" : "OID"
          },
          "value" : "urn:oid:1.2.250.1.213.1.1.4.2.282"
        }]
      },
      {
        "code" : "urn:asip:ci-sis:pps-paerpa:2017",
        "display" : "Plan Personnalisé de Santé - PAERPA",
        "designation" : [{
          "use" : {
            "code" : "OID"
          },
          "value" : "urn:oid:1.2.250.1.213.1.1.4.2.282"
        }]
      },
      {
        "code" : "urn:asip:ci-sis:ppv:2009",
        "display" : "Fiche patient à risque en cardiologie - Porteur d'une prothèse valvulaire",
        "designation" : [{
          "use" : {
            "code" : "OID"
          },
          "value" : "urn:oid:1.2.250.1.213.1.1.4.2.282"
        }]
      },
      {
        "code" : "urn:asip:ci-sis:psc:2009",
        "display" : "Fiche patient à risque en cardiologie - Porteur d'un stimulateur cardiaque",
        "designation" : [{
          "use" : {
            "code" : "OID"
          },
          "value" : "urn:oid:1.2.250.1.213.1.1.4.2.282"
        }]
      },
      {
        "code" : "urn:asip:ci-sis:sdm-mr:2017",
        "display" : "Set de Données Minimum - Maladies Rares",
        "designation" : [{
          "use" : {
            "code" : "OID"
          },
          "value" : "urn:oid:1.2.250.1.213.1.1.4.2.282"
        }]
      },
      {
        "code" : "urn:asip:ci-sis:sunv:2013",
        "display" : "Fiche de sortie d'unité neuro-vasculaire",
        "designation" : [{
          "use" : {
            "code" : "OID"
          },
          "value" : "urn:oid:1.2.250.1.213.1.1.4.2.282"
        }]
      },
      {
        "code" : "urn:asip:ci-sis:tap:2009",
        "display" : "Fiche patient à risque en cardiologie - Traitement antiagrégant plaquettaire, stent",
        "designation" : [{
          "use" : {
            "code" : "OID"
          },
          "value" : "urn:oid:1.2.250.1.213.1.1.4.2.282"
        }]
      },
      {
        "code" : "urn:asip:ci-sis:vac:2019",
        "display" : "Historique des vaccinations",
        "designation" : [{
          "use" : {
            "code" : "OID"
          },
          "value" : "urn:oid:1.2.250.1.213.1.1.4.2.282"
        }]
      },
      {
        "code" : "urn:asip:ci-sis:vsm:2012",
        "display" : "Synthèse médicale",
        "designation" : [{
          "use" : {
            "code" : "OID"
          },
          "value" : "urn:oid:1.2.250.1.213.1.1.4.2.282"
        }]
      },
      {
        "code" : "urn:asipSante:modelesHorsProfils:2011",
        "display" : "Document non référencé IHE ou CI-SIS",
        "designation" : [{
          "use" : {
            "code" : "OID"
          },
          "value" : "urn:oid:1.2.250.1.213.1.1.4.2.282"
        }]
      },
      {
        "code" : "urn:asip:ci-sis:cr-cpa:2020",
        "display" : "Compte rendu de consultation pré-anesthésique",
        "designation" : [{
          "use" : {
            "code" : "OID"
          },
          "value" : "urn:oid:1.2.250.1.213.1.1.4.2.282"
        }]
      },
      {
        "code" : "urn:asip:ci-sis:cr-anest:2020",
        "display" : "Compte rendu d'anesthésie",
        "designation" : [{
          "use" : {
            "code" : "OID"
          },
          "value" : "urn:oid:1.2.250.1.213.1.1.4.2.282"
        }]
      },
      {
        "code" : "urn:asip:ci-sis:tlm-da:2020",
        "display" : "Demande d'acte de télémédecine",
        "designation" : [{
          "use" : {
            "code" : "OID"
          },
          "value" : "urn:oid:1.2.250.1.213.1.1.4.2.282"
        }]
      },
      {
        "code" : "urn:asip:ci-sis:vac-note:2021",
        "display" : "Note de vaccination",
        "designation" : [{
          "use" : {
            "code" : "OID"
          },
          "value" : "urn:oid:1.2.250.1.213.1.1.4.2.282"
        }]
      },
      {
        "code" : "urn:asip:ci-sis:obp-sap:2023",
        "display" : "Synthèse antepartum",
        "designation" : [{
          "use" : {
            "code" : "OID"
          },
          "value" : "urn:oid:1.2.250.1.213.1.1.4.2.282"
        }]
      },
      {
        "code" : "urn:asip:ci-sis:obp-snm:2023",
        "display" : "Synthèse Salle de Naissance Mère",
        "designation" : [{
          "use" : {
            "code" : "OID"
          },
          "value" : "urn:oid:1.2.250.1.213.1.1.4.2.282"
        }]
      },
      {
        "code" : "urn:asip:ci-sis:obp-sne:2023",
        "display" : "Synthèse Salle de Naissance Enfant",
        "designation" : [{
          "use" : {
            "code" : "OID"
          },
          "value" : "urn:oid:1.2.250.1.213.1.1.4.2.282"
        }]
      },
      {
        "code" : "urn:asip:ci-sis:obp-scm:2023",
        "display" : "Synthèse Suites de Couches Mère",
        "designation" : [{
          "use" : {
            "code" : "OID"
          },
          "value" : "urn:oid:1.2.250.1.213.1.1.4.2.282"
        }]
      },
      {
        "code" : "urn:asip:ci-sis:obp-sem:2023",
        "display" : "Synthèse Enfant en Maternité",
        "designation" : [{
          "use" : {
            "code" : "OID"
          },
          "value" : "urn:oid:1.2.250.1.213.1.1.4.2.282"
        }]
      },
      {
        "code" : "urn:asip:ci-sis:ppp:2023",
        "display" : "Plan personnalisé de prévention",
        "designation" : [{
          "use" : {
            "code" : "OID"
          },
          "value" : "urn:oid:1.2.250.1.213.1.1.4.2.282"
        }]
      }]
    },
    {
      "system" : "https://mos.esante.gouv.fr/NOS/TRE_A11-IheFormatCode/FHIR/TRE-A11-IheFormatCode",
      "concept" : [{
        "code" : "urn:ihe:iti:dsg:detached:2014",
        "display" : "Signature détachée",
        "designation" : [{
          "use" : {
            "code" : "OID"
          },
          "value" : "urn:oid:1.3.6.1.4.1.19376.1.2.3"
        }]
      },
      {
        "code" : "urn:ihe:iti:xds-sd:pdf:2008",
        "display" : "Document à corps non structuré en Pdf/A-1",
        "designation" : [{
          "use" : {
            "code" : "OID"
          },
          "value" : "urn:oid:1.3.6.1.4.1.19376.1.2.3"
        }]
      },
      {
        "code" : "urn:ihe:iti:xds-sd:text:2008",
        "display" : "Document à corps non structuré en texte brut",
        "designation" : [{
          "use" : {
            "code" : "OID"
          },
          "value" : "urn:oid:1.3.6.1.4.1.19376.1.2.3"
        }]
      },
      {
        "code" : "urn:ihe:pharm:dis:2010",
        "display" : "Dispensation médicamenteuse",
        "designation" : [{
          "use" : {
            "code" : "OID"
          },
          "value" : "urn:oid:1.3.6.1.4.1.19376.1.2.3"
        }]
      },
      {
        "code" : "urn:ihe:iti-fr:xds-sd:jpeg:2010",
        "display" : "Document à corps non structuré en format jpeg",
        "designation" : [{
          "use" : {
            "code" : "OID"
          },
          "value" : "urn:oid:1.3.6.1.4.1.19376.1.2.3"
        }]
      },
      {
        "code" : "urn:ihe:iti-fr:xds-sd:rtf:2010",
        "display" : "Document à corps non structuré en format rtf",
        "designation" : [{
          "use" : {
            "code" : "OID"
          },
          "value" : "urn:oid:1.3.6.1.4.1.19376.1.2.3"
        }]
      },
      {
        "code" : "urn:ihe:iti-fr:xds-sd:tiff:2010",
        "display" : "Document à corps non structuré en format tiff",
        "designation" : [{
          "use" : {
            "code" : "OID"
          },
          "value" : "urn:oid:1.3.6.1.4.1.19376.1.2.3"
        }]
      },
      {
        "code" : "urn:ihe:lab:xd-lab:2008",
        "display" : "Compte rendu structuré d'examens de biologie médicale",
        "designation" : [{
          "use" : {
            "code" : "OID"
          },
          "value" : "urn:oid:1.3.6.1.4.1.19376.1.2.3"
        }]
      },
      {
        "code" : "urn:ihe:palm:apsr:2016",
        "display" : "CR d'anatomie et de cytologie pathologiques",
        "designation" : [{
          "use" : {
            "code" : "OID"
          },
          "value" : "urn:oid:1.3.6.1.4.1.19376.1.2.3"
        }]
      },
      {
        "code" : "urn:ihe:pcc:ips:2020",
        "display" : "Synthèse du dossier médical",
        "designation" : [{
          "use" : {
            "code" : "OID"
          },
          "value" : "urn:oid:1.3.6.1.4.1.19376.1.2.3"
        }]
      },
      {
        "code" : "urn:ihe:pharm:pre:2010",
        "display" : "Prescription de médicaments",
        "designation" : [{
          "use" : {
            "code" : "OID"
          },
          "value" : "urn:oid:1.3.6.1.4.1.19376.1.2.3"
        }]
      },
      {
        "code" : "urn:ihe:eyecare:geneyeevalcn:2014",
        "display" : "CR de consultation en ophtalmologie",
        "designation" : [{
          "use" : {
            "code" : "OID"
          },
          "value" : "urn:oid:1.3.6.1.4.1.19376.1.2.3"
        }]
      },
      {
        "code" : "urn:ihe:rad:CDA:ImagingReportStructuredHeadings:2013",
        "display" : "Compte-rendu d'imagerie médicale",
        "designation" : [{
          "use" : {
            "code" : "OID"
          },
          "value" : "urn:oid:1.3.6.1.4.1.19376.1.2.3"
        }]
      }]
    },
    {
      "system" : "https://mos.esante.gouv.fr/NOS/TRE_A09-DICOMuidRegistry/FHIR/TRE-A09-DICOMuidRegistry",
      "concept" : [{
        "code" : "1.2.840.10008.5.1.4.1.1.88.59",
        "display" : "Document Références d'objets d'un examen d'imagerie selon profil IHE RAD XDS-I",
        "designation" : [{
          "use" : {
            "code" : "OID"
          },
          "value" : "urn:oid:1.2.840.10008.2.6.1"
        }]
      }]
    },
    {
      "system" : "https://mos.esante.gouv.fr/NOS/TRE_A10-NomenclatureURN/FHIR/TRE-A10-NomenclatureURN",
      "concept" : [{
        "code" : "http://www.w3.org/2000/09/xmldsig#",
        "display" : "Default signature style",
        "designation" : [{
          "use" : {
            "code" : "OID"
          },
          "value" : "urn:oid:URN"
        }]
      }]
    }]
  }
}