{
  "resourceType" : "ValueSet",
  "id" : "JDV-J89-CategorieProfessionnelle-RASS",
  "text" : {
    "status" : "generated",
    "div" : "<div xmlns=\"http://www.w3.org/1999/xhtml\"><p class=\"res-header-id\"><b>Generated Narrative: ValueSet JDV-J89-CategorieProfessionnelle-RASS</b></p><a name=\"JDV-J89-CategorieProfessionnelle-RASS\"> </a><a name=\"hcJDV-J89-CategorieProfessionnelle-RASS\"> </a><a name=\"JDV-J89-CategorieProfessionnelle-RASS-en-US\"> </a><ul><li>Include these codes as defined in <a href=\"CodeSystem-TRE-R09-CategorieProfessionnelle.html\"><code>https://mos.esante.gouv.fr/NOS/TRE_R09-CategorieProfessionnelle/FHIR/TRE-R09-CategorieProfessionnelle</code></a><table class=\"none\"><tr><td style=\"white-space:nowrap\"><b>Code</b></td><td><b>Display</b></td></tr><tr><td><a href=\"CodeSystem-TRE-R09-CategorieProfessionnelle.html#TRE-R09-CategorieProfessionnelle-C\">C</a></td><td>Civil</td></tr><tr><td><a href=\"CodeSystem-TRE-R09-CategorieProfessionnelle.html#TRE-R09-CategorieProfessionnelle-E\">E</a></td><td>Etudiant</td></tr><tr><td><a href=\"CodeSystem-TRE-R09-CategorieProfessionnelle.html#TRE-R09-CategorieProfessionnelle-F\">F</a></td><td>Fonctionnaire d'Etat ou de collectivité locale</td></tr><tr><td><a href=\"CodeSystem-TRE-R09-CategorieProfessionnelle.html#TRE-R09-CategorieProfessionnelle-M\">M</a></td><td>Agent public</td></tr></table></li></ul></div>"
  },
  "extension" : [{
    "url" : "http://hl7.org/fhir/StructureDefinition/resource-effectivePeriod",
    "valuePeriod" : {
      "start" : "2019-08-30T12:00:00+01:00"
    }
  }],
  "url" : "https://mos.esante.gouv.fr/NOS/JDV_J89-CategorieProfessionnelle-RASS/FHIR/JDV-J89-CategorieProfessionnelle-RASS",
  "identifier" : [{
    "value" : "urn:oid:1.2.250.1.213.1.6.1.157"
  }],
  "version" : "1.2.0",
  "name" : "JDV_J89-CategorieProfessionnelle-RASS",
  "status" : "active",
  "date" : "2024-04-26T12:00:00+01:00",
  "publisher" : "ANS",
  "contact" : [{
    "name" : "ANS",
    "telecom" : [{
      "system" : "url",
      "value" : "https://esante.gouv.fr"
    }]
  }],
  "description" : "Catégories professionnelles dans le RASS",
  "compose" : {
    "include" : [{
      "system" : "https://mos.esante.gouv.fr/NOS/TRE_R09-CategorieProfessionnelle/FHIR/TRE-R09-CategorieProfessionnelle",
      "concept" : [{
        "code" : "C",
        "display" : "Civil",
        "designation" : [{
          "use" : {
            "code" : "OID"
          },
          "value" : "urn:oid:1.2.250.1.213.1.6.1.10"
        }]
      },
      {
        "code" : "E",
        "display" : "Etudiant",
        "designation" : [{
          "use" : {
            "code" : "OID"
          },
          "value" : "urn:oid:1.2.250.1.213.1.6.1.10"
        }]
      },
      {
        "code" : "F",
        "display" : "Fonctionnaire d'Etat ou de collectivité locale",
        "designation" : [{
          "use" : {
            "code" : "OID"
          },
          "value" : "urn:oid:1.2.250.1.213.1.6.1.10"
        }]
      },
      {
        "code" : "M",
        "display" : "Agent public",
        "designation" : [{
          "use" : {
            "code" : "OID"
          },
          "value" : "urn:oid:1.2.250.1.213.1.6.1.10"
        }]
      }]
    }]
  }
}