<?xml version="1.0" encoding="UTF-8" standalone="no"?>
<ValueSet xmlns="http://hl7.org/fhir">
  <id value="JDV-J202-ESPIC-ROR"/>
  <extension url="http://hl7.org/fhir/StructureDefinition/resource-effectivePeriod">
    <valuePeriod>
      <start value="2022-08-26T12:00:00+01:00"/>
    </valuePeriod>
  </extension>
  <url value="https://mos.esante.gouv.fr/NOS/JDV_J202-ESPIC-ROR/FHIR/JDV-J202-ESPIC-ROR"/>
  <identifier>
    <value value="urn:oid:1.2.250.1.213.3.4.34"/>
  </identifier>
  <version value="20220826120000"/>
  <name value="JDV_J202-ESPIC-ROR"/>
  <status value="active"/>
  <date value="2022-08-26T12:00:00+01:00"/>
  <description value="Etablissement de santé privé d'intérêt collectif"/>
  <compose>
    <include>
      <system value="https://mos.esante.gouv.fr/NOS/TRE_R73-ESPIC/FHIR/TRE-R73-ESPIC"/>
      <concept>
        <code value="0"/>
        <display value="Non concerné"/>
        <designation>
          <use>
            <code value="OID"/>
          </use>
          <value value="urn:oid:1.2.250.1.213.1.6.1.45"/>
        </designation>
      </concept>
      <concept>
        <code value="1"/>
        <display value="Etablissement public de santé"/>
        <designation>
          <use>
            <code value="OID"/>
          </use>
          <value value="urn:oid:1.2.250.1.213.1.6.1.45"/>
        </designation>
      </concept>
      <concept>
        <code value="2"/>
        <display value="PSPH par intégration"/>
        <designation>
          <use>
            <code value="OID"/>
          </use>
          <value value="urn:oid:1.2.250.1.213.1.6.1.45"/>
        </designation>
      </concept>
      <concept>
        <code value="3"/>
        <display value="PSPH par concession"/>
        <designation>
          <use>
            <code value="OID"/>
          </use>
          <value value="urn:oid:1.2.250.1.213.1.6.1.45"/>
        </designation>
      </concept>
      <concept>
        <code value="4"/>
        <display value="PSPH par association"/>
        <designation>
          <use>
            <code value="OID"/>
          </use>
          <value value="urn:oid:1.2.250.1.213.1.6.1.45"/>
        </designation>
      </concept>
      <concept>
        <code value="5"/>
        <display value="Assoc 1901 act. Psy"/>
        <designation>
          <use>
            <code value="OID"/>
          </use>
          <value value="urn:oid:1.2.250.1.213.1.6.1.45"/>
        </designation>
      </concept>
      <concept>
        <code value="6"/>
        <display value="Etablissement de santé privé d'intérêt collectif"/>
        <designation>
          <use>
            <code value="OID"/>
          </use>
          <value value="urn:oid:1.2.250.1.213.1.6.1.45"/>
        </designation>
      </concept>
      <concept>
        <code value="7"/>
        <display value="Etablissement de santé privé non lucratif, non déclaré d'intérêt collectif"/>
        <designation>
          <use>
            <code value="OID"/>
          </use>
          <value value="urn:oid:1.2.250.1.213.1.6.1.45"/>
        </designation>
      </concept>
      <concept>
        <code value="9"/>
        <display value="Indéterminé"/>
        <designation>
          <use>
            <code value="OID"/>
          </use>
          <value value="urn:oid:1.2.250.1.213.1.6.1.45"/>
        </designation>
      </concept>
    </include>
  </compose>
</ValueSet>
