<?xml version="1.0" encoding="UTF-8" standalone="no"?>
<CodeSystem xmlns="http://hl7.org/fhir">
  <id value="TRE-R308-TAASIP"/>
  <extension url="http://hl7.org/fhir/StructureDefinition/resource-effectivePeriod">
    <valuePeriod>
      <start value="2021-04-30T12:00:00+01:00"/>
    </valuePeriod>
  </extension>
  <url value="https://mos.esante.gouv.fr/NOS/TRE_R308-TAASIP/FHIR/TRE-R308-TAASIP"/>
  <identifier>
    <value value="urn:oid:1.2.250.1.213.1.1.4.322"/>
  </identifier>
  <version value="20231215120000"/>
  <name value="TRE_R308-TAASIP"/>
  <status value="active"/>
  <date value="2023-12-15T12:00:00+01:00"/>
  <description value="TA_ASIP"/>
  <content value="complete"/>
  <property>
    <code value="dateValid"/>
    <description value="Date de validité d'un code concept"/>
    <type value="dateTime"/>
  </property>
  <property>
    <code value="dateMaj"/>
    <description value="Date de mise à jour d'un code concept"/>
    <type value="dateTime"/>
  </property>
  <property>
    <code value="dateFin"/>
    <description value="Date de fin d'exploitation d'un code concept"/>
    <type value="dateTime"/>
  </property>
  <concept>
    <code value="MED-092"/>
    <display value="Autre"/>
    <designation>
      <use>
        <code value="LibelleCourt"/>
      </use>
      <value value="Autre"/>
    </designation>
    <designation>
      <use>
          <code value="LibelleAdapte"/>
      </use>
      <value value="Autre"/>
    </designation>
    <property>
      <code value="dateValid"/>
      <valueDateTime value="2022-01-28T12:00:00+01:00"/>
    </property>
    <property>
      <code value="dateFin"/>
      <valueDateTime value="2022-02-25T12:00:00+01:00"/>
    </property>
    <property>
      <code value="dateMaj"/>
      <valueDateTime value="2022-02-25T12:00:00+01:00"/>
    </property>
  </concept>
  <concept>
    <code value="MED-872"/>
    <display value="Stadiomètre"/>
    <designation>
      <use>
        <code value="LibelleCourt"/>
      </use>
      <value value="Stadiomètre"/>
    </designation>
    <designation>
      <use>
          <code value="LibelleAdapte"/>
      </use>
      <value value="Stadiomètre"/>
    </designation>
    <property>
      <code value="dateValid"/>
      <valueDateTime value="2021-04-30T12:00:00+01:00"/>
    </property>
    <property>
      <code value="dateMaj"/>
      <valueDateTime value="2021-04-30T12:00:00+01:00"/>
    </property>
  </concept>
  <concept>
    <code value="MED-873"/>
    <display value="Cardiofréquencemètre"/>
    <designation>
      <use>
        <code value="LibelleCourt"/>
      </use>
      <value value="Cardiofréquencemètre"/>
    </designation>
    <designation>
      <use>
          <code value="LibelleAdapte"/>
      </use>
      <value value="Cardiofréquencemètre"/>
    </designation>
    <property>
      <code value="dateValid"/>
      <valueDateTime value="2021-04-30T12:00:00+01:00"/>
    </property>
    <property>
      <code value="dateMaj"/>
      <valueDateTime value="2021-04-30T12:00:00+01:00"/>
    </property>
  </concept>
  <concept>
    <code value="MED-874"/>
    <display value="Non diabétique"/>
    <designation>
      <use>
        <code value="LibelleCourt"/>
      </use>
      <value value="Non diabétique"/>
    </designation>
    <designation>
      <use>
          <code value="LibelleAdapte"/>
      </use>
      <value value="Non diabétique"/>
    </designation>
    <property>
      <code value="dateValid"/>
      <valueDateTime value="2021-04-30T12:00:00+01:00"/>
    </property>
    <property>
      <code value="dateMaj"/>
      <valueDateTime value="2021-04-30T12:00:00+01:00"/>
    </property>
  </concept>
  <concept>
    <code value="MED-875"/>
    <display value="MAPA : mesure automatisée de la pression artérielle"/>
    <designation>
      <use>
        <code value="LibelleCourt"/>
      </use>
      <value value="MAPA"/>
    </designation>
    <designation>
      <use>
          <code value="LibelleAdapte"/>
      </use>
      <value value="MAPA : mesure automatisée de la pression artérielle"/>
    </designation>
    <property>
      <code value="dateValid"/>
      <valueDateTime value="2021-04-30T12:00:00+01:00"/>
    </property>
    <property>
      <code value="dateMaj"/>
      <valueDateTime value="2021-04-30T12:00:00+01:00"/>
    </property>
  </concept>
  <concept>
    <code value="MED-969"/>
    <display value="Glucose interstitiel"/>
    <designation>
      <use>
        <code value="LibelleCourt"/>
      </use>
      <value value="Glucose interstitiel"/>
    </designation>
    <designation>
      <use>
          <code value="LibelleAdapte"/>
      </use>
      <value value="Glucose interstitiel"/>
    </designation>
    <property>
      <code value="dateValid"/>
      <valueDateTime value="2023-09-22T12:00:00+01:00"/>
    </property>
    <property>
      <code value="dateMaj"/>
      <valueDateTime value="2023-09-22T12:00:00+01:00"/>
    </property>
  </concept>
  <concept>
    <code value="MED-972"/>
    <display value="Index de gestion de glycémie (IGG)"/>
    <designation>
      <use>
        <code value="LibelleCourt"/>
      </use>
      <value value="Index de gestion de glycémie"/>
    </designation>
    <designation>
      <use>
          <code value="LibelleAdapte"/>
      </use>
      <value value="Index de gestion de glycémie (IGG)"/>
    </designation>
    <designation>
      <use>
          <code value="DescriptionMetier"/>
      </use>
      <value value="L'index de gestion de glycémie (IGG) procure une estimation de l'HbA1c mesurée en %"/>
    </designation>
    <property>
      <code value="dateValid"/>
      <valueDateTime value="2021-06-25T12:00:00+01:00"/>
    </property>
    <property>
      <code value="dateMaj"/>
      <valueDateTime value="2021-06-25T12:00:00+01:00"/>
    </property>
  </concept>
  <concept>
    <code value="MED-1244"/>
    <display value="Estimation sans matériel (prise du pouls)"/>
    <designation>
      <use>
        <code value="LibelleCourt"/>
      </use>
      <value value="Estimation sans matériel"/>
    </designation>
    <designation>
      <use>
          <code value="LibelleAdapte"/>
      </use>
      <value value="Estimation sans matériel (prise du pouls)"/>
    </designation>
    <property>
      <code value="dateValid"/>
      <valueDateTime value="2023-09-22T12:00:00+01:00"/>
    </property>
    <property>
      <code value="dateMaj"/>
      <valueDateTime value="2023-09-22T12:00:00+01:00"/>
    </property>
  </concept>
  <concept>
    <code value="GEN-092"/>
    <display value="Autre"/>
    <designation>
      <use>
        <code value="LibelleCourt"/>
      </use>
      <value value="Autre"/>
    </designation>
    <designation>
      <use>
          <code value="LibelleAdapte"/>
      </use>
      <value value="Autre"/>
    </designation>
    <property>
      <code value="dateValid"/>
      <valueDateTime value="2022-02-25T12:00:00+01:00"/>
    </property>
    <property>
      <code value="dateFin"/>
      <valueDateTime value="2023-05-26T12:00:00+01:00"/>
    </property>
    <property>
      <code value="dateMaj"/>
      <valueDateTime value="2023-05-26T12:00:00+01:00"/>
    </property>
  </concept>
  <concept>
    <code value="GEN-092.08.05"/>
    <display value="Autre(s) nombre de jours"/>
    <designation>
      <use>
        <code value="LibelleCourt"/>
      </use>
      <value value="Autre(s) nombre de jours"/>
    </designation>
    <designation>
      <use>
          <code value="LibelleAdapte"/>
      </use>
      <value value="Autre(s) nombre de jours"/>
    </designation>
    <property>
      <code value="dateValid"/>
      <valueDateTime value="2023-05-26T12:00:00+01:00"/>
    </property>
    <property>
      <code value="dateMaj"/>
      <valueDateTime value="2023-05-26T12:00:00+01:00"/>
    </property>
  </concept>
  <concept>
    <code value="GEN-242"/>
    <display value="Non applicable"/>
    <designation>
      <use>
        <code value="LibelleCourt"/>
      </use>
      <value value="Non applicable"/>
    </designation>
    <designation>
      <use>
          <code value="LibelleAdapte"/>
      </use>
      <value value="Non applicable"/>
    </designation>
    <property>
      <code value="dateValid"/>
      <valueDateTime value="2021-04-30T12:00:00+01:00"/>
    </property>
    <property>
      <code value="dateMaj"/>
      <valueDateTime value="2021-04-30T12:00:00+01:00"/>
    </property>
  </concept>
  <concept>
    <code value="GEN-275"/>
    <display value="7j"/>
    <designation>
      <use>
        <code value="LibelleCourt"/>
      </use>
      <value value="7j"/>
    </designation>
    <designation>
      <use>
          <code value="LibelleAdapte"/>
      </use>
      <value value="7j"/>
    </designation>
    <property>
      <code value="dateValid"/>
      <valueDateTime value="2021-06-25T12:00:00+01:00"/>
    </property>
    <property>
      <code value="dateMaj"/>
      <valueDateTime value="2021-06-25T12:00:00+01:00"/>
    </property>
  </concept>
  <concept>
    <code value="GEN-276"/>
    <display value="14j"/>
    <designation>
      <use>
        <code value="LibelleCourt"/>
      </use>
      <value value="14j"/>
    </designation>
    <designation>
      <use>
          <code value="LibelleAdapte"/>
      </use>
      <value value="14j"/>
    </designation>
    <property>
      <code value="dateValid"/>
      <valueDateTime value="2021-06-25T12:00:00+01:00"/>
    </property>
    <property>
      <code value="dateMaj"/>
      <valueDateTime value="2021-06-25T12:00:00+01:00"/>
    </property>
  </concept>
  <concept>
    <code value="GEN-277"/>
    <display value="30j"/>
    <designation>
      <use>
        <code value="LibelleCourt"/>
      </use>
      <value value="30j"/>
    </designation>
    <designation>
      <use>
          <code value="LibelleAdapte"/>
      </use>
      <value value="30j"/>
    </designation>
    <property>
      <code value="dateValid"/>
      <valueDateTime value="2021-06-25T12:00:00+01:00"/>
    </property>
    <property>
      <code value="dateMaj"/>
      <valueDateTime value="2021-06-25T12:00:00+01:00"/>
    </property>
  </concept>
  <concept>
    <code value="GEN-278"/>
    <display value="90j"/>
    <designation>
      <use>
        <code value="LibelleCourt"/>
      </use>
      <value value="90j"/>
    </designation>
    <designation>
      <use>
          <code value="LibelleAdapte"/>
      </use>
      <value value="90j"/>
    </designation>
    <property>
      <code value="dateValid"/>
      <valueDateTime value="2021-06-25T12:00:00+01:00"/>
    </property>
    <property>
      <code value="dateMaj"/>
      <valueDateTime value="2022-01-28T12:00:00+01:00"/>
    </property>
  </concept>
</CodeSystem>
