<?xml version="1.0" encoding="UTF-8" standalone="no"?>
<CodeSystem xmlns="http://hl7.org/fhir">
  <id value="TRE-R209-TypeActivite"/>
  <extension url="http://hl7.org/fhir/StructureDefinition/resource-effectivePeriod">
    <valuePeriod>
      <start value="2015-04-08T00:00:00+01:00"/>
    </valuePeriod>
  </extension>
  <url value="https://mos.esante.gouv.fr/NOS/TRE_R209-TypeActivite/FHIR/TRE-R209-TypeActivite"/>
  <identifier>
    <value value="urn:oid:1.2.250.1.213.2.2"/>
  </identifier>
  <version value="20240223120000"/>
  <name value="TRE_R209-TypeActivite"/>
  <status value="active"/>
  <date value="2024-02-23T12:00:00+01:00"/>
  <description value="Type d'activité"/>
  <content value="complete"/>
  <property>
    <code value="dateValid"/>
    <description value="Date de validité d'un code concept"/>
    <type value="dateTime"/>
  </property>
  <property>
    <code value="dateMaj"/>
    <description value="Date de mise à jour d'un code concept"/>
    <type value="dateTime"/>
  </property>
  <property>
    <code value="dateFin"/>
    <description value="Date de fin d'exploitation d'un code concept"/>
    <type value="dateTime"/>
  </property>
  <concept>
    <code value="01"/>
    <display value="Administration"/>
    <designation>
      <use>
        <code value="LibelleCourt"/>
      </use>
      <value value="Administration"/>
    </designation>
    <designation>
      <use>
          <code value="LibelleAdapte"/>
      </use>
      <value value="Administration"/>
    </designation>
    <property>
      <code value="dateValid"/>
      <valueDateTime value="1979-01-01T00:00:00+01:00"/>
    </property>
    <property>
      <code value="dateMaj"/>
      <valueDateTime value="1986-07-29T00:00:00+01:00"/>
    </property>
  </concept>
  <concept>
    <code value="03"/>
    <display value="Hospitalisation complète (non compris hospitalisation de semaine)"/>
    <designation>
      <use>
        <code value="LibelleCourt"/>
      </use>
      <value value="Hospit. Complète"/>
    </designation>
    <designation>
      <use>
          <code value="LibelleAdapte"/>
      </use>
      <value value="Hospitalisation complète (non compris hospitalisation de semaine)"/>
    </designation>
    <property>
      <code value="dateValid"/>
      <valueDateTime value="1979-01-01T00:00:00+01:00"/>
    </property>
    <property>
      <code value="dateMaj"/>
      <valueDateTime value="2022-09-29T00:00:00+01:00"/>
    </property>
  </concept>
  <concept>
    <code value="04"/>
    <display value="Hospitalisation de Jour"/>
    <designation>
      <use>
        <code value="LibelleCourt"/>
      </use>
      <value value="Hospit. de Jour"/>
    </designation>
    <designation>
      <use>
          <code value="LibelleAdapte"/>
      </use>
      <value value="Hospitalisation de jour"/>
    </designation>
    <property>
      <code value="dateValid"/>
      <valueDateTime value="1979-01-01T00:00:00+01:00"/>
    </property>
    <property>
      <code value="dateMaj"/>
      <valueDateTime value="1986-07-29T00:00:00+01:00"/>
    </property>
  </concept>
  <concept>
    <code value="05"/>
    <display value="Hospitalisation de Nuit"/>
    <designation>
      <use>
        <code value="LibelleCourt"/>
      </use>
      <value value="Hospit. de Nuit"/>
    </designation>
    <designation>
      <use>
          <code value="LibelleAdapte"/>
      </use>
      <value value="Hospitalisation de nuit"/>
    </designation>
    <property>
      <code value="dateValid"/>
      <valueDateTime value="1979-01-01T00:00:00+01:00"/>
    </property>
    <property>
      <code value="dateFin"/>
      <valueDateTime value="2021-11-26T12:00:00+01:00"/>
    </property>
    <property>
      <code value="dateMaj"/>
      <valueDateTime value="2021-11-26T12:00:00+01:00"/>
    </property>
  </concept>
  <concept>
    <code value="06"/>
    <display value="Hospitalisation à Domicile"/>
    <designation>
      <use>
        <code value="LibelleCourt"/>
      </use>
      <value value="Hospit. à Domicile"/>
    </designation>
    <designation>
      <use>
          <code value="LibelleAdapte"/>
      </use>
      <value value="Hospitalisation à domicile (HAD)"/>
    </designation>
    <property>
      <code value="dateValid"/>
      <valueDateTime value="1979-01-01T00:00:00+01:00"/>
    </property>
    <property>
      <code value="dateFin"/>
      <valueDateTime value="2021-11-26T12:00:00+01:00"/>
    </property>
    <property>
      <code value="dateMaj"/>
      <valueDateTime value="2021-11-26T12:00:00+01:00"/>
    </property>
  </concept>
  <concept>
    <code value="07"/>
    <display value="Consultation Soins Externes"/>
    <designation>
      <use>
        <code value="LibelleCourt"/>
      </use>
      <value value="Consult.Soins Exter."/>
    </designation>
    <designation>
      <use>
          <code value="LibelleAdapte"/>
      </use>
      <value value="Consultations soins externes"/>
    </designation>
    <property>
      <code value="dateValid"/>
      <valueDateTime value="1979-01-01T00:00:00+01:00"/>
    </property>
    <property>
      <code value="dateMaj"/>
      <valueDateTime value="2021-11-26T12:00:00+01:00"/>
    </property>
  </concept>
  <concept>
    <code value="08"/>
    <display value="Bloc opératoire (y compris obstétrical et gynécologique)"/>
    <designation>
      <use>
        <code value="LibelleCourt"/>
      </use>
      <value value="Bloc Opératoire"/>
    </designation>
    <designation>
      <use>
          <code value="LibelleAdapte"/>
      </use>
      <value value="Bloc opératoire (y compris obstétrical et gynécologique)"/>
    </designation>
    <property>
      <code value="dateValid"/>
      <valueDateTime value="1979-01-01T00:00:00+01:00"/>
    </property>
    <property>
      <code value="dateMaj"/>
      <valueDateTime value="2022-09-29T00:00:00+01:00"/>
    </property>
  </concept>
  <concept>
    <code value="09"/>
    <display value="Autre unité médico-tech (anesthé, explor fonct, rééduc et réadapt fonct, pharma)"/>
    <designation>
      <use>
        <code value="LibelleCourt"/>
      </use>
      <value value="Unité Médico-Tech."/>
    </designation>
    <designation>
      <use>
          <code value="LibelleAdapte"/>
      </use>
      <value value="Autres unités médico-techniques (anesthésiologie, explor fonct, rééduc et réadapt fonct, pharmacie)"/>
    </designation>
    <property>
      <code value="dateValid"/>
      <valueDateTime value="1979-01-01T00:00:00+01:00"/>
    </property>
    <property>
      <code value="dateMaj"/>
      <valueDateTime value="2023-09-22T12:00:00+01:00"/>
    </property>
  </concept>
  <concept>
    <code value="10"/>
    <display value="Accueil des Urgences"/>
    <designation>
      <use>
        <code value="LibelleCourt"/>
      </use>
      <value value="Accueil des Urgences"/>
    </designation>
    <designation>
      <use>
          <code value="LibelleAdapte"/>
      </use>
      <value value="Accueil des urgences"/>
    </designation>
    <property>
      <code value="dateValid"/>
      <valueDateTime value="1979-01-01T00:00:00+01:00"/>
    </property>
    <property>
      <code value="dateFin"/>
      <valueDateTime value="2021-11-26T12:00:00+01:00"/>
    </property>
    <property>
      <code value="dateMaj"/>
      <valueDateTime value="2021-11-26T12:00:00+01:00"/>
    </property>
  </concept>
  <concept>
    <code value="11"/>
    <display value="Hébergement complet ou internat (non compris internat de semaine)"/>
    <designation>
      <use>
        <code value="LibelleCourt"/>
      </use>
      <value value="Héberg. Comp. Inter."/>
    </designation>
    <designation>
      <use>
          <code value="LibelleAdapte"/>
      </use>
      <value value="Hébergement complet ou internat (non compris internat de semaine)"/>
    </designation>
    <property>
      <code value="dateValid"/>
      <valueDateTime value="1979-01-01T00:00:00+01:00"/>
    </property>
    <property>
      <code value="dateMaj"/>
      <valueDateTime value="2022-09-29T00:00:00+01:00"/>
    </property>
  </concept>
  <concept>
    <code value="12"/>
    <display value="Hébergement de Nuit Regroupé"/>
    <designation>
      <use>
        <code value="LibelleCourt"/>
      </use>
      <value value="Héberg.Nuit Regroupé"/>
    </designation>
    <designation>
      <use>
          <code value="LibelleAdapte"/>
      </use>
      <value value="Hébergement de nuit en structure regroupée"/>
    </designation>
    <property>
      <code value="dateValid"/>
      <valueDateTime value="1979-01-01T00:00:00+01:00"/>
    </property>
    <property>
      <code value="dateFin"/>
      <valueDateTime value="2005-07-06T00:00:00+01:00"/>
    </property>
    <property>
      <code value="dateMaj"/>
      <valueDateTime value="2005-07-01T00:00:00+01:00"/>
    </property>
  </concept>
  <concept>
    <code value="13"/>
    <display value="Semi-Internat"/>
    <designation>
      <use>
        <code value="LibelleCourt"/>
      </use>
      <value value="Semi-Internat"/>
    </designation>
    <designation>
      <use>
          <code value="LibelleAdapte"/>
      </use>
      <value value="Semi-internat"/>
    </designation>
    <property>
      <code value="dateValid"/>
      <valueDateTime value="1979-01-01T00:00:00+01:00"/>
    </property>
    <property>
      <code value="dateMaj"/>
      <valueDateTime value="2021-11-26T12:00:00+01:00"/>
    </property>
  </concept>
  <concept>
    <code value="14"/>
    <display value="Externat"/>
    <designation>
      <use>
        <code value="LibelleCourt"/>
      </use>
      <value value="Externat"/>
    </designation>
    <designation>
      <use>
          <code value="LibelleAdapte"/>
      </use>
      <value value="Externat"/>
    </designation>
    <property>
      <code value="dateValid"/>
      <valueDateTime value="1979-01-01T00:00:00+01:00"/>
    </property>
    <property>
      <code value="dateMaj"/>
      <valueDateTime value="1986-07-29T00:00:00+01:00"/>
    </property>
  </concept>
  <concept>
    <code value="15"/>
    <display value="Placement en famille d'accueil (strictement social)"/>
    <designation>
      <use>
        <code value="LibelleCourt"/>
      </use>
      <value value="Plac.Famille Accueil"/>
    </designation>
    <designation>
      <use>
          <code value="LibelleAdapte"/>
      </use>
      <value value="Placement en famille d'accueil (strictement social)"/>
    </designation>
    <property>
      <code value="dateValid"/>
      <valueDateTime value="1979-01-01T00:00:00+01:00"/>
    </property>
    <property>
      <code value="dateMaj"/>
      <valueDateTime value="2022-09-29T00:00:00+01:00"/>
    </property>
  </concept>
  <concept>
    <code value="16"/>
    <display value="Prestations sur le lieu de vie (non compris placement familial)"/>
    <designation>
      <use>
        <code value="LibelleCourt"/>
      </use>
      <value value="Milieu ordinaire"/>
    </designation>
    <designation>
      <use>
          <code value="LibelleAdapte"/>
      </use>
      <value value="Prestations sur le lieu de vie (non compris placement familial)"/>
    </designation>
    <property>
      <code value="dateValid"/>
      <valueDateTime value="1979-01-01T00:00:00+01:00"/>
    </property>
    <property>
      <code value="dateMaj"/>
      <valueDateTime value="2022-09-29T00:00:00+01:00"/>
    </property>
  </concept>
  <concept>
    <code value="17"/>
    <display value="Internat de Semaine"/>
    <designation>
      <use>
        <code value="LibelleCourt"/>
      </use>
      <value value="Internat de Semaine"/>
    </designation>
    <designation>
      <use>
          <code value="LibelleAdapte"/>
      </use>
      <value value="Internat de semaine"/>
    </designation>
    <property>
      <code value="dateValid"/>
      <valueDateTime value="1979-01-01T00:00:00+01:00"/>
    </property>
    <property>
      <code value="dateMaj"/>
      <valueDateTime value="2021-11-26T12:00:00+01:00"/>
    </property>
  </concept>
  <concept>
    <code value="18"/>
    <display value="Hébergement de Nuit Eclaté"/>
    <designation>
      <use>
        <code value="LibelleCourt"/>
      </use>
      <value value="Héberg. Nuit Eclaté"/>
    </designation>
    <designation>
      <use>
          <code value="LibelleAdapte"/>
      </use>
      <value value="Hébergement de nuit en structure éclatée"/>
    </designation>
    <property>
      <code value="dateValid"/>
      <valueDateTime value="1979-01-01T00:00:00+01:00"/>
    </property>
    <property>
      <code value="dateMaj"/>
      <valueDateTime value="2021-11-26T12:00:00+01:00"/>
    </property>
  </concept>
  <concept>
    <code value="19"/>
    <display value="Traitement et Cure Ambulatoire"/>
    <designation>
      <use>
        <code value="LibelleCourt"/>
      </use>
      <value value="Traite. Cures Ambul."/>
    </designation>
    <designation>
      <use>
          <code value="LibelleAdapte"/>
      </use>
      <value value="Traitement et cure ambulatoire"/>
    </designation>
    <property>
      <code value="dateValid"/>
      <valueDateTime value="1979-01-01T00:00:00+01:00"/>
    </property>
    <property>
      <code value="dateMaj"/>
      <valueDateTime value="2021-11-26T12:00:00+01:00"/>
    </property>
  </concept>
  <concept>
    <code value="20"/>
    <display value="Hospitalisation de Semaine"/>
    <designation>
      <use>
        <code value="LibelleCourt"/>
      </use>
      <value value="Hospit. de Semaine"/>
    </designation>
    <designation>
      <use>
          <code value="LibelleAdapte"/>
      </use>
      <value value="Hospitalisation de semaine"/>
    </designation>
    <property>
      <code value="dateValid"/>
      <valueDateTime value="1979-01-01T00:00:00+01:00"/>
    </property>
    <property>
      <code value="dateMaj"/>
      <valueDateTime value="1986-07-29T00:00:00+01:00"/>
    </property>
  </concept>
  <concept>
    <code value="21"/>
    <display value="Accueil de Jour (sans distinction entre semi-internat et externat)"/>
    <designation>
      <use>
        <code value="LibelleCourt"/>
      </use>
      <value value="Accueil de Jour"/>
    </designation>
    <designation>
      <use>
          <code value="LibelleAdapte"/>
      </use>
      <value value="Accueil de Jour (sans distinction entre semi-internat et externat)"/>
    </designation>
    <property>
      <code value="dateValid"/>
      <valueDateTime value="1979-01-01T00:00:00+01:00"/>
    </property>
    <property>
      <code value="dateMaj"/>
      <valueDateTime value="2018-10-26T12:00:00+01:00"/>
    </property>
  </concept>
  <concept>
    <code value="22"/>
    <display value="Accueil de Nuit"/>
    <designation>
      <use>
        <code value="LibelleCourt"/>
      </use>
      <value value="Accueil de nuit"/>
    </designation>
    <designation>
      <use>
          <code value="LibelleAdapte"/>
      </use>
      <value value="Accueil de nuit"/>
    </designation>
    <property>
      <code value="dateValid"/>
      <valueDateTime value="1979-01-01T00:00:00+01:00"/>
    </property>
    <property>
      <code value="dateMaj"/>
      <valueDateTime value="2008-06-01T00:00:00+01:00"/>
    </property>
  </concept>
  <concept>
    <code value="23"/>
    <display value="Anesthésie Chirurgie Ambulatoire"/>
    <designation>
      <use>
        <code value="LibelleCourt"/>
      </use>
      <value value="Anest. Chirur.Ambul."/>
    </designation>
    <designation>
      <use>
          <code value="LibelleAdapte"/>
      </use>
      <value value="Anesthésie ou chirurgie ambulatoire"/>
    </designation>
    <property>
      <code value="dateValid"/>
      <valueDateTime value="1979-01-01T00:00:00+01:00"/>
    </property>
    <property>
      <code value="dateFin"/>
      <valueDateTime value="2021-11-26T12:00:00+01:00"/>
    </property>
    <property>
      <code value="dateMaj"/>
      <valueDateTime value="2021-11-26T12:00:00+01:00"/>
    </property>
  </concept>
  <concept>
    <code value="24"/>
    <display value="Accueil familial Thérapeutique"/>
    <designation>
      <use>
        <code value="LibelleCourt"/>
      </use>
      <value value="Ac Famil Thérap"/>
    </designation>
    <designation>
      <use>
          <code value="LibelleAdapte"/>
      </use>
      <value value="Accueil familial thérapeutique"/>
    </designation>
    <property>
      <code value="dateValid"/>
      <valueDateTime value="1979-01-01T00:00:00+01:00"/>
    </property>
    <property>
      <code value="dateFin"/>
      <valueDateTime value="2021-11-26T12:00:00+01:00"/>
    </property>
    <property>
      <code value="dateMaj"/>
      <valueDateTime value="2021-11-26T12:00:00+01:00"/>
    </property>
  </concept>
  <concept>
    <code value="25"/>
    <display value="Accueil Temporaire Week-End Vacances"/>
    <designation>
      <use>
        <code value="LibelleCourt"/>
      </use>
      <value value="Acc.Temp.W.E.Vacance"/>
    </designation>
    <designation>
      <use>
          <code value="LibelleAdapte"/>
      </use>
      <value value="Accueil temporaire week-end ou vacances"/>
    </designation>
    <property>
      <code value="dateValid"/>
      <valueDateTime value="1979-01-01T00:00:00+01:00"/>
    </property>
    <property>
      <code value="dateFin"/>
      <valueDateTime value="2005-07-06T00:00:00+01:00"/>
    </property>
    <property>
      <code value="dateMaj"/>
      <valueDateTime value="2005-07-01T00:00:00+01:00"/>
    </property>
  </concept>
  <concept>
    <code value="26"/>
    <display value="Analyses médicales biologiques"/>
    <designation>
      <use>
        <code value="LibelleCourt"/>
      </use>
      <value value="Analyses Biolog. Méd."/>
    </designation>
    <designation>
      <use>
          <code value="LibelleAdapte"/>
      </use>
      <value value="Analyses médicales biologiques"/>
    </designation>
    <property>
      <code value="dateValid"/>
      <valueDateTime value="1979-01-01T00:00:00+01:00"/>
    </property>
    <property>
      <code value="dateMaj"/>
      <valueDateTime value="2022-09-29T00:00:00+01:00"/>
    </property>
  </concept>
  <concept>
    <code value="27"/>
    <display value="Accueil modulable/séquentiel"/>
    <designation>
      <use>
        <code value="LibelleCourt"/>
      </use>
      <value value="Accueil modulable"/>
    </designation>
    <designation>
      <use>
          <code value="LibelleAdapte"/>
      </use>
      <value value="Accueil modulable/séquentiel"/>
    </designation>
    <property>
      <code value="dateValid"/>
      <valueDateTime value="2020-06-26T12:00:00+01:00"/>
    </property>
    <property>
      <code value="dateMaj"/>
      <valueDateTime value="2020-06-26T12:00:00+01:00"/>
    </property>
  </concept>
  <concept>
    <code value="28"/>
    <display value="Consultations dentaires et soins dentaires"/>
    <designation>
      <use>
        <code value="LibelleCourt"/>
      </use>
      <value value="Consult. Soins Dent."/>
    </designation>
    <designation>
      <use>
          <code value="LibelleAdapte"/>
      </use>
      <value value="Consultations dentaires et soins dentaires"/>
    </designation>
    <property>
      <code value="dateValid"/>
      <valueDateTime value="1979-01-01T00:00:00+01:00"/>
    </property>
    <property>
      <code value="dateMaj"/>
      <valueDateTime value="2022-09-29T00:00:00+01:00"/>
    </property>
  </concept>
  <concept>
    <code value="30"/>
    <display value="Stockage Organes et Produits Humains"/>
    <designation>
      <use>
        <code value="LibelleCourt"/>
      </use>
      <value value="Stock.Org.Prod. Hum."/>
    </designation>
    <designation>
      <use>
          <code value="LibelleAdapte"/>
      </use>
      <value value="Stockage d'organes et de produits humains"/>
    </designation>
    <property>
      <code value="dateValid"/>
      <valueDateTime value="1979-01-01T00:00:00+01:00"/>
    </property>
    <property>
      <code value="dateMaj"/>
      <valueDateTime value="1986-07-29T00:00:00+01:00"/>
    </property>
  </concept>
  <concept>
    <code value="31"/>
    <display value="Transport de Malades"/>
    <designation>
      <use>
        <code value="LibelleCourt"/>
      </use>
      <value value="Transport de Malades"/>
    </designation>
    <designation>
      <use>
          <code value="LibelleAdapte"/>
      </use>
      <value value="Transport de malades"/>
    </designation>
    <property>
      <code value="dateValid"/>
      <valueDateTime value="1979-01-01T00:00:00+01:00"/>
    </property>
    <property>
      <code value="dateMaj"/>
      <valueDateTime value="1986-07-29T00:00:00+01:00"/>
    </property>
  </concept>
  <concept>
    <code value="32"/>
    <display value="Radiologie"/>
    <designation>
      <use>
        <code value="LibelleCourt"/>
      </use>
      <value value="Radiologie"/>
    </designation>
    <designation>
      <use>
          <code value="LibelleAdapte"/>
      </use>
      <value value="Radiologie"/>
    </designation>
    <property>
      <code value="dateValid"/>
      <valueDateTime value="1979-01-01T00:00:00+01:00"/>
    </property>
    <property>
      <code value="dateFin"/>
      <valueDateTime value="2021-11-26T12:00:00+01:00"/>
    </property>
    <property>
      <code value="dateMaj"/>
      <valueDateTime value="2021-11-26T12:00:00+01:00"/>
    </property>
  </concept>
  <concept>
    <code value="33"/>
    <display value="Recherche"/>
    <designation>
      <use>
        <code value="LibelleCourt"/>
      </use>
      <value value="Recherche"/>
    </designation>
    <designation>
      <use>
          <code value="LibelleAdapte"/>
      </use>
      <value value="Recherche"/>
    </designation>
    <property>
      <code value="dateValid"/>
      <valueDateTime value="1979-01-01T00:00:00+01:00"/>
    </property>
    <property>
      <code value="dateMaj"/>
      <valueDateTime value="1995-09-25T00:00:00+01:00"/>
    </property>
  </concept>
  <concept>
    <code value="34"/>
    <display value="Enseignement"/>
    <designation>
      <use>
        <code value="LibelleCourt"/>
      </use>
      <value value="Enseignement"/>
    </designation>
    <designation>
      <use>
          <code value="LibelleAdapte"/>
      </use>
      <value value="Enseignement"/>
    </designation>
    <property>
      <code value="dateValid"/>
      <valueDateTime value="1979-01-01T00:00:00+01:00"/>
    </property>
    <property>
      <code value="dateMaj"/>
      <valueDateTime value="1981-01-20T00:00:00+01:00"/>
    </property>
  </concept>
  <concept>
    <code value="37"/>
    <display value="Accueil et prise en charge en appartement thérapeutique"/>
    <designation>
      <use>
        <code value="LibelleCourt"/>
      </use>
      <value value="Appart thérapeutique"/>
    </designation>
    <designation>
      <use>
          <code value="LibelleAdapte"/>
      </use>
      <value value="Accueil et prise en charge en appartement thérapeutique"/>
    </designation>
    <property>
      <code value="dateValid"/>
      <valueDateTime value="1999-06-17T00:00:00+01:00"/>
    </property>
    <property>
      <code value="dateMaj"/>
      <valueDateTime value="1999-10-06T00:00:00+01:00"/>
    </property>
  </concept>
  <concept>
    <code value="38"/>
    <display value="Accueil et prise en charge en centre de postcure"/>
    <designation>
      <use>
        <code value="LibelleCourt"/>
      </use>
      <value value="Centre postcure"/>
    </designation>
    <designation>
      <use>
          <code value="LibelleAdapte"/>
      </use>
      <value value="Accueil et prise en charge en centre de postcure"/>
    </designation>
    <property>
      <code value="dateValid"/>
      <valueDateTime value="1999-06-17T00:00:00+01:00"/>
    </property>
    <property>
      <code value="dateFin"/>
      <valueDateTime value="2021-11-26T12:00:00+01:00"/>
    </property>
    <property>
      <code value="dateMaj"/>
      <valueDateTime value="2021-11-26T12:00:00+01:00"/>
    </property>
  </concept>
  <concept>
    <code value="39"/>
    <display value="Accueil et prise en charge en centre de crise psychiatrique"/>
    <designation>
      <use>
        <code value="LibelleCourt"/>
      </use>
      <value value="Centre crise psy"/>
    </designation>
    <designation>
      <use>
          <code value="LibelleAdapte"/>
      </use>
      <value value="Accueil et prise en charge en centre de crise psychiatrique"/>
    </designation>
    <property>
      <code value="dateValid"/>
      <valueDateTime value="1999-06-17T00:00:00+01:00"/>
    </property>
    <property>
      <code value="dateFin"/>
      <valueDateTime value="2021-11-26T12:00:00+01:00"/>
    </property>
    <property>
      <code value="dateMaj"/>
      <valueDateTime value="2021-11-26T12:00:00+01:00"/>
    </property>
  </concept>
  <concept>
    <code value="40"/>
    <display value="Accueil temporaire avec hébergement"/>
    <designation>
      <use>
        <code value="LibelleCourt"/>
      </use>
      <value value="Acc.tmp.av.Héberg"/>
    </designation>
    <designation>
      <use>
          <code value="LibelleAdapte"/>
      </use>
      <value value="Accueil temporaire avec hébergement"/>
    </designation>
    <property>
      <code value="dateValid"/>
      <valueDateTime value="2018-10-26T12:00:00+01:00"/>
    </property>
    <property>
      <code value="dateMaj"/>
      <valueDateTime value="2018-10-26T12:00:00+01:00"/>
    </property>
  </concept>
  <concept>
    <code value="41"/>
    <display value="Permanence téléphonique"/>
    <designation>
      <use>
        <code value="LibelleCourt"/>
      </use>
      <value value="Permanence telephone"/>
    </designation>
    <designation>
      <use>
          <code value="LibelleAdapte"/>
      </use>
      <value value="Permanence téléphonique"/>
    </designation>
    <property>
      <code value="dateValid"/>
      <valueDateTime value="2002-01-01T00:00:00+01:00"/>
    </property>
    <property>
      <code value="dateMaj"/>
      <valueDateTime value="2002-02-18T00:00:00+01:00"/>
    </property>
  </concept>
  <concept>
    <code value="42"/>
    <display value="Equipe mobile de rue"/>
    <designation>
      <use>
        <code value="LibelleCourt"/>
      </use>
      <value value="Equipe mobile rue"/>
    </designation>
    <designation>
      <use>
          <code value="LibelleAdapte"/>
      </use>
      <value value="Equipe mobile de rue"/>
    </designation>
    <property>
      <code value="dateValid"/>
      <valueDateTime value="2002-01-01T00:00:00+01:00"/>
    </property>
    <property>
      <code value="dateMaj"/>
      <valueDateTime value="2002-02-18T00:00:00+01:00"/>
    </property>
  </concept>
  <concept>
    <code value="43"/>
    <display value="Tous modes d'accueil avec hébergement"/>
    <designation>
      <use>
        <code value="LibelleCourt"/>
      </use>
      <value value="T.mod.d'acc.av.Héb."/>
    </designation>
    <designation>
      <use>
          <code value="LibelleAdapte"/>
      </use>
      <value value="Tous modes d'accueil avec hébergement"/>
    </designation>
    <property>
      <code value="dateValid"/>
      <valueDateTime value="2018-10-26T12:00:00+01:00"/>
    </property>
    <property>
      <code value="dateMaj"/>
      <valueDateTime value="2018-10-26T12:00:00+01:00"/>
    </property>
  </concept>
  <concept>
    <code value="44"/>
    <display value="Accueil temporaire de jour"/>
    <designation>
      <use>
        <code value="LibelleCourt"/>
      </use>
      <value value="Acc.tmp.de jour"/>
    </designation>
    <designation>
      <use>
          <code value="LibelleAdapte"/>
      </use>
      <value value="Accueil temporaire de jour"/>
    </designation>
    <property>
      <code value="dateValid"/>
      <valueDateTime value="2018-10-26T12:00:00+01:00"/>
    </property>
    <property>
      <code value="dateMaj"/>
      <valueDateTime value="2018-10-26T12:00:00+01:00"/>
    </property>
  </concept>
  <concept>
    <code value="45"/>
    <display value="Accueil temporaire (avec et sans hébergement)"/>
    <designation>
      <use>
        <code value="LibelleCourt"/>
      </use>
      <value value="Acc.temporaire"/>
    </designation>
    <designation>
      <use>
          <code value="LibelleAdapte"/>
      </use>
      <value value="Accueil temporaire (avec et sans hébergement)"/>
    </designation>
    <property>
      <code value="dateValid"/>
      <valueDateTime value="2018-10-26T12:00:00+01:00"/>
    </property>
    <property>
      <code value="dateMaj"/>
      <valueDateTime value="2018-10-26T12:00:00+01:00"/>
    </property>
  </concept>
  <concept>
    <code value="46"/>
    <display value="Tous modes d'accueil (avec et sans hébergement)"/>
    <designation>
      <use>
        <code value="LibelleCourt"/>
      </use>
      <value value="T.M.d'acc. (av.sa.H)"/>
    </designation>
    <designation>
      <use>
          <code value="LibelleAdapte"/>
      </use>
      <value value="Tous modes d'accueil (avec et sans hébergement)"/>
    </designation>
    <property>
      <code value="dateValid"/>
      <valueDateTime value="2018-10-26T12:00:00+01:00"/>
    </property>
    <property>
      <code value="dateMaj"/>
      <valueDateTime value="2018-10-26T12:00:00+01:00"/>
    </property>
  </concept>
  <concept>
    <code value="47"/>
    <display value="Accueil de jour et accompagnement en milieu ordinaire"/>
    <designation>
      <use>
        <code value="LibelleCourt"/>
      </use>
      <value value="A.J.A.M.O"/>
    </designation>
    <designation>
      <use>
          <code value="LibelleAdapte"/>
      </use>
      <value value="Accueil de jour et accompagnement en milieu ordinaire"/>
    </designation>
    <property>
      <code value="dateValid"/>
      <valueDateTime value="2018-10-26T12:00:00+01:00"/>
    </property>
    <property>
      <code value="dateMaj"/>
      <valueDateTime value="2018-10-26T12:00:00+01:00"/>
    </property>
  </concept>
  <concept>
    <code value="48"/>
    <display value="Tous modes d'accueil et d'accompagnement"/>
    <designation>
      <use>
        <code value="LibelleCourt"/>
      </use>
      <value value="TMod.Acc.Acomp."/>
    </designation>
    <designation>
      <use>
          <code value="LibelleAdapte"/>
      </use>
      <value value="Tous modes d'accueil et d'accompagnement"/>
    </designation>
    <property>
      <code value="dateValid"/>
      <valueDateTime value="2018-10-26T12:00:00+01:00"/>
    </property>
    <property>
      <code value="dateMaj"/>
      <valueDateTime value="2018-10-26T12:00:00+01:00"/>
    </property>
  </concept>
  <concept>
    <code value="50"/>
    <display value="Protection Juridique"/>
    <designation>
      <use>
        <code value="LibelleCourt"/>
      </use>
      <value value="Protection Juridique"/>
    </designation>
    <designation>
      <use>
          <code value="LibelleAdapte"/>
      </use>
      <value value="Protection juridique"/>
    </designation>
    <property>
      <code value="dateValid"/>
      <valueDateTime value="2010-11-12T00:00:00+01:00"/>
    </property>
    <property>
      <code value="dateMaj"/>
      <valueDateTime value="2010-11-26T00:00:00+01:00"/>
    </property>
  </concept>
  <concept>
    <code value="51"/>
    <display value="Aide Judiciaire à la Gestion du Budget Familial"/>
    <designation>
      <use>
        <code value="LibelleCourt"/>
      </use>
      <value value="Aid.Jud.Gest.Bud.Fam"/>
    </designation>
    <designation>
      <use>
          <code value="LibelleAdapte"/>
      </use>
      <value value="Aide judiciaire à la gestion du budget familial"/>
    </designation>
    <property>
      <code value="dateValid"/>
      <valueDateTime value="2010-11-12T00:00:00+01:00"/>
    </property>
    <property>
      <code value="dateMaj"/>
      <valueDateTime value="2016-09-01T00:00:00+01:00"/>
    </property>
  </concept>
  <concept>
    <code value="52"/>
    <display value="Accompagnement Social Personnalisé"/>
    <designation>
      <use>
        <code value="LibelleCourt"/>
      </use>
      <value value="Accompag. Soc. Pers."/>
    </designation>
    <designation>
      <use>
          <code value="LibelleAdapte"/>
      </use>
      <value value="Accompagnement social personnalisé"/>
    </designation>
    <property>
      <code value="dateValid"/>
      <valueDateTime value="2010-11-12T00:00:00+01:00"/>
    </property>
    <property>
      <code value="dateMaj"/>
      <valueDateTime value="2010-11-26T00:00:00+01:00"/>
    </property>
  </concept>
  <concept>
    <code value="53"/>
    <display value="Information des Tuteurs Familiaux"/>
    <designation>
      <use>
        <code value="LibelleCourt"/>
      </use>
      <value value="Inform. Tuteurs Fam."/>
    </designation>
    <designation>
      <use>
          <code value="LibelleAdapte"/>
      </use>
      <value value="Information des tuteurs familiaux"/>
    </designation>
    <property>
      <code value="dateValid"/>
      <valueDateTime value="2010-11-12T00:00:00+01:00"/>
    </property>
    <property>
      <code value="dateMaj"/>
      <valueDateTime value="2010-11-26T00:00:00+01:00"/>
    </property>
  </concept>
  <concept>
    <code value="60"/>
    <display value="Consultations et actes"/>
    <designation>
      <use>
        <code value="LibelleCourt"/>
      </use>
      <value value="Consultations actes"/>
    </designation>
    <designation>
      <use>
          <code value="LibelleAdapte"/>
      </use>
      <value value="Consultations et actes"/>
    </designation>
    <property>
      <code value="dateValid"/>
      <valueDateTime value="2013-12-19T00:00:00+01:00"/>
    </property>
    <property>
      <code value="dateMaj"/>
      <valueDateTime value="2013-12-19T00:00:00+01:00"/>
    </property>
  </concept>
  <concept>
    <code value="97"/>
    <display value="Type d'activité indifferencié"/>
    <designation>
      <use>
        <code value="LibelleCourt"/>
      </use>
      <value value="Type indifférencié"/>
    </designation>
    <designation>
      <use>
          <code value="LibelleAdapte"/>
      </use>
      <value value="Type d'activité indifférencié"/>
    </designation>
    <property>
      <code value="dateValid"/>
      <valueDateTime value="1979-01-01T00:00:00+01:00"/>
    </property>
    <property>
      <code value="dateMaj"/>
      <valueDateTime value="2024-02-23T12:00:00+01:00"/>
    </property>
  </concept>
  <concept>
    <code value="99"/>
    <display value="Regroupement Calcules (Annexes XXIV)"/>
    <designation>
      <use>
        <code value="LibelleCourt"/>
      </use>
      <value value="Regroupement calculs"/>
    </designation>
    <designation>
      <use>
          <code value="LibelleAdapte"/>
      </use>
      <value value="Regroupement calcules (Annexes XXIV)"/>
    </designation>
    <property>
      <code value="dateValid"/>
      <valueDateTime value="1979-01-01T00:00:00+01:00"/>
    </property>
    <property>
      <code value="dateFin"/>
      <valueDateTime value="2021-11-26T12:00:00+01:00"/>
    </property>
    <property>
      <code value="dateMaj"/>
      <valueDateTime value="2021-11-26T12:00:00+01:00"/>
    </property>
  </concept>
</CodeSystem>
