<?xml version="1.0" encoding="UTF-8"?>

<CodeSystem xmlns="http://hl7.org/fhir">
  <id value="TRE-R323-BesoinScolarite"/>
  <text>
    <status value="generated"/><div xmlns="http://www.w3.org/1999/xhtml"><p><b>Properties</b></p><p><b>This code system  defines the following properties for its concepts</b></p><table class="grid"><tr><td><b>Code</b></td><td><b>Type</b></td><td><b>Description</b></td></tr><tr><td>dateValid</td><td>dateTime</td><td>date de validité d'un code concept</td></tr><tr><td>dateMaj</td><td>dateTime</td><td>Date de mise à jour d'un code concept</td></tr><tr><td>dateFin</td><td>dateTime</td><td>Date de fin d'exploitation d'un code concept</td></tr></table><p><b>Concepts</b></p><p>This  code system <code>https://mos.esante.gouv.fr/NOS/TRE_R323-BesoinScolarite/FHIR/TRE-R323-BesoinScolarite</code> defines the following codes:</p><table class="codes"><tr><td style="white-space:nowrap"><b>Code</b></td><td><b>Display</b></td><td><b>Definition</b></td><td><b>dateValid</b></td><td><b>dateMaj</b></td></tr><tr><td style="white-space:nowrap">01<a name="TRE-R323-BesoinScolarite-01"> </a></td><td>Pour lire</td><td>La personne a besoin d'aide pour lire</td><td>2021-09-24T12:00:00+01:00</td><td>2021-09-24T12:00:00+01:00</td></tr><tr><td style="white-space:nowrap">02<a name="TRE-R323-BesoinScolarite-02"> </a></td><td>Pour écrire, prendre des notes</td><td>La personne a besoin d'aide pour écrire, prendre des notes</td><td>2021-09-24T12:00:00+01:00</td><td>2021-09-24T12:00:00+01:00</td></tr><tr><td style="white-space:nowrap">03<a name="TRE-R323-BesoinScolarite-03"> </a></td><td>Pour calculer</td><td>La personne a besoin d'aide pour calculer</td><td>2021-09-24T12:00:00+01:00</td><td>2021-09-24T12:00:00+01:00</td></tr><tr><td style="white-space:nowrap">04<a name="TRE-R323-BesoinScolarite-04"> </a></td><td>Pour comprendre, suivre les consignes</td><td>La personne a besoin d'aide pour comprendre, suivre les consignes</td><td>2021-09-24T12:00:00+01:00</td><td>2021-09-24T12:00:00+01:00</td></tr><tr><td style="white-space:nowrap">05<a name="TRE-R323-BesoinScolarite-05"> </a></td><td>Pour organiser, contrôler son travail</td><td>La personne a besoin d'aide pour organiser, contrôler son travail</td><td>2021-09-24T12:00:00+01:00</td><td>2021-09-24T12:00:00+01:00</td></tr><tr><td style="white-space:nowrap">06<a name="TRE-R323-BesoinScolarite-06"> </a></td><td>Pour l'utilisation du matériel</td><td>La personne a besoin d'aide pour l'utilisation du matériel</td><td>2021-09-24T12:00:00+01:00</td><td>2021-09-24T12:00:00+01:00</td></tr></table></div>
  </text>
  <extension url="http://hl7.org/fhir/StructureDefinition/resource-effectivePeriod">
    <valuePeriod>
      <start value="2021-09-24T12:00:00+01:00"/>
    </valuePeriod>
  </extension>
  <url value="https://mos.esante.gouv.fr/NOS/TRE_R323-BesoinScolarite/FHIR/TRE-R323-BesoinScolarite"/>
  <identifier>
    <value value="urn:oid:1.2.250.1.213.3.3.78"/>
  </identifier>
  <version value="1.2.0"/>
  <name value="TRE_R323-BesoinScolarite"/>
  <status value="active"/>
  <date value="2024-03-29T12:00:00+01:00"/>
  <publisher value="ANS"/>
  <contact>
    <name value="ANS"/>
    <telecom>
      <system value="url"/>
      <value value="https://esante.gouv.fr"/>
    </telecom>
  </contact>
  <description value="Caractérise les besoins d'aide de la personne en matière de scolarité, en lien avec les apprentissages"/>
  <content value="complete"/>
  <property>
    <code value="dateValid"/>
    <description value="date de validité d'un code concept"/>
    <type value="dateTime"/>
  </property>
  <property>
    <code value="dateMaj"/>
    <description value="Date de mise à jour d'un code concept"/>
    <type value="dateTime"/>
  </property>
  <property>
    <code value="dateFin"/>
    <description value="Date de fin d'exploitation d'un code concept"/>
    <type value="dateTime"/>
  </property>
  <concept>
    <code value="01"/>
    <display value="Pour lire"/>
    <definition value="La personne a besoin d'aide pour lire"/>
    <designation>
      <use>
        <code value="LibelleCourt"/>
      </use>
      <value value="Pour lire"/>
    </designation>
    <designation>
      <use>
        <code value="LibelleAdapte"/>
      </use>
      <value value="Pour lire"/>
    </designation>
    <property>
      <code value="dateValid"/>
      <valueDateTime value="2021-09-24T12:00:00+01:00"/>
    </property>
    <property>
      <code value="dateMaj"/>
      <valueDateTime value="2021-09-24T12:00:00+01:00"/>
    </property>
  </concept>
  <concept>
    <code value="02"/>
    <display value="Pour écrire, prendre des notes"/>
    <definition value="La personne a besoin d'aide pour écrire, prendre des notes"/>
    <designation>
      <use>
        <code value="LibelleCourt"/>
      </use>
      <value value="Pour écrire, prendre des notes"/>
    </designation>
    <designation>
      <use>
        <code value="LibelleAdapte"/>
      </use>
      <value value="Pour écrire, prendre des notes"/>
    </designation>
    <property>
      <code value="dateValid"/>
      <valueDateTime value="2021-09-24T12:00:00+01:00"/>
    </property>
    <property>
      <code value="dateMaj"/>
      <valueDateTime value="2021-09-24T12:00:00+01:00"/>
    </property>
  </concept>
  <concept>
    <code value="03"/>
    <display value="Pour calculer"/>
    <definition value="La personne a besoin d'aide pour calculer"/>
    <designation>
      <use>
        <code value="LibelleCourt"/>
      </use>
      <value value="Pour calculer"/>
    </designation>
    <designation>
      <use>
        <code value="LibelleAdapte"/>
      </use>
      <value value="Pour calculer"/>
    </designation>
    <property>
      <code value="dateValid"/>
      <valueDateTime value="2021-09-24T12:00:00+01:00"/>
    </property>
    <property>
      <code value="dateMaj"/>
      <valueDateTime value="2021-09-24T12:00:00+01:00"/>
    </property>
  </concept>
  <concept>
    <code value="04"/>
    <display value="Pour comprendre, suivre les consignes"/>
    <definition value="La personne a besoin d'aide pour comprendre, suivre les consignes"/>
    <designation>
      <use>
        <code value="LibelleCourt"/>
      </use>
      <value value="Pour comprendre les consignes"/>
    </designation>
    <designation>
      <use>
        <code value="LibelleAdapte"/>
      </use>
      <value value="Pour comprendre, suivre les consignes"/>
    </designation>
    <property>
      <code value="dateValid"/>
      <valueDateTime value="2021-09-24T12:00:00+01:00"/>
    </property>
    <property>
      <code value="dateMaj"/>
      <valueDateTime value="2021-09-24T12:00:00+01:00"/>
    </property>
  </concept>
  <concept>
    <code value="05"/>
    <display value="Pour organiser, contrôler son travail"/>
    <definition value="La personne a besoin d'aide pour organiser, contrôler son travail"/>
    <designation>
      <use>
        <code value="LibelleCourt"/>
      </use>
      <value value="Pour organiser son travail"/>
    </designation>
    <designation>
      <use>
        <code value="LibelleAdapte"/>
      </use>
      <value value="Pour organiser, contrôler son travail"/>
    </designation>
    <property>
      <code value="dateValid"/>
      <valueDateTime value="2021-09-24T12:00:00+01:00"/>
    </property>
    <property>
      <code value="dateMaj"/>
      <valueDateTime value="2021-09-24T12:00:00+01:00"/>
    </property>
  </concept>
  <concept>
    <code value="06"/>
    <display value="Pour l'utilisation du matériel"/>
    <definition value="La personne a besoin d'aide pour l'utilisation du matériel"/>
    <designation>
      <use>
        <code value="LibelleCourt"/>
      </use>
      <value value="Pour l'utilisation du matériel"/>
    </designation>
    <designation>
      <use>
        <code value="LibelleAdapte"/>
      </use>
      <value value="Pour l'utilisation du matériel"/>
    </designation>
    <property>
      <code value="dateValid"/>
      <valueDateTime value="2021-09-24T12:00:00+01:00"/>
    </property>
    <property>
      <code value="dateMaj"/>
      <valueDateTime value="2021-09-24T12:00:00+01:00"/>
    </property>
  </concept>
</CodeSystem>