<?xml version="1.0" encoding="UTF-8"?>

<CodeSystem xmlns="http://hl7.org/fhir">
  <id value="TRE-A09-DICOMuidRegistry"/>
  <text>
    <status value="generated"/><div xmlns="http://www.w3.org/1999/xhtml"><p class="res-header-id"><b>Generated Narrative: CodeSystem TRE-A09-DICOMuidRegistry</b></p><a name="TRE-A09-DICOMuidRegistry"> </a><a name="hcTRE-A09-DICOMuidRegistry"> </a><a name="TRE-A09-DICOMuidRegistry-en-US"> </a><p><b>Properties</b></p><p><b>This code system defines the following properties for its concepts</b></p><table class="grid"><tr><td><b>Name</b></td><td><b>Code</b></td><td><b>Type</b></td><td><b>Description</b></td></tr><tr><td>dateValid</td><td>dateValid</td><td>dateTime</td><td>date de validité d'un code concept</td></tr><tr><td>dateMaj</td><td>dateMaj</td><td>dateTime</td><td>Date de mise à jour d'un code concept</td></tr><tr><td>dateFin</td><td>dateFin</td><td>dateTime</td><td>Date de fin d'exploitation d'un code concept</td></tr></table><p><b>Concepts</b></p><p>This  code system <code>https://mos.esante.gouv.fr/NOS/TRE_A09-DICOMuidRegistry/FHIR/TRE-A09-DICOMuidRegistry</code> defines the following codes:</p><table class="codes"><tr><td style="white-space:nowrap"><b>Code</b></td><td><b>Display</b></td><td><b>dateValid</b></td><td><b>dateMaj</b></td><td><b>dateFin</b></td></tr><tr><td style="white-space:nowrap">urn:ihe:rad:1.2.840.10008.5.1.4.1.1.88.59<a name="TRE-A09-DICOMuidRegistry-urn.58ihe.58rad.581.462.46840.4610008.465.461.464.461.461.4688.4659"> </a></td><td>Format des références d'objets d'imagerie selon profil IHE RAD XDS-I</td><td>2016-09-01T00:00:00+01:00</td><td>2017-10-13T12:00:00+01:00</td><td>2017-10-13T12:00:00+01:00</td></tr><tr><td style="white-space:nowrap">1.2.840.10008.5.1.4.1.1.88.59<a name="TRE-A09-DICOMuidRegistry-1.462.46840.4610008.465.461.464.461.461.4688.4659"> </a></td><td>Document Références d'objets d'un examen d'imagerie selon profil IHE RAD XDS-I</td><td>2016-09-01T00:00:00+01:00</td><td>2023-10-30T12:00:00+01:00</td><td/></tr></table></div>
  </text>
  <extension url="http://hl7.org/fhir/StructureDefinition/resource-effectivePeriod">
    <valuePeriod>
      <start value="2016-09-01T00:00:00+01:00"/>
    </valuePeriod>
  </extension>
  <url value="https://mos.esante.gouv.fr/NOS/TRE_A09-DICOMuidRegistry/FHIR/TRE-A09-DICOMuidRegistry"/>
  <identifier>
    <value value="urn:oid:1.2.840.10008.2.6.1"/>
  </identifier>
  <version value="1.2.0"/>
  <name value="TRE_A09-DICOMuidRegistry"/>
  <status value="active"/>
  <date value="2023-12-15T12:00:00+01:00"/>
  <publisher value="ANS"/>
  <contact>
    <name value="ANS"/>
    <telecom>
      <system value="url"/>
      <value value="https://esante.gouv.fr"/>
    </telecom>
  </contact>
  <description value="DICOM UID Registry"/>
  <content value="complete"/>
  <property>
    <code value="dateValid"/>
    <description value="date de validité d'un code concept"/>
    <type value="dateTime"/>
  </property>
  <property>
    <code value="dateMaj"/>
    <description value="Date de mise à jour d'un code concept"/>
    <type value="dateTime"/>
  </property>
  <property>
    <code value="dateFin"/>
    <description value="Date de fin d'exploitation d'un code concept"/>
    <type value="dateTime"/>
  </property>
  <concept>
    <code value="urn:ihe:rad:1.2.840.10008.5.1.4.1.1.88.59"/>
    <display value="Format des références d'objets d'imagerie selon profil IHE RAD XDS-I"/>
    <designation>
      <use>
        <code value="LibelleCourt"/>
      </use>
      <value value="Format profil IHE RAD XDS-I"/>
    </designation>
    <designation>
      <use>
        <code value="LibelleAdapte"/>
      </use>
      <value value="Format des références d'objets d'imagerie selon profil IHE RAD XDS-I"/>
    </designation>
    <property>
      <code value="dateValid"/>
      <valueDateTime value="2016-09-01T00:00:00+01:00"/>
    </property>
    <property>
      <code value="dateFin"/>
      <valueDateTime value="2017-10-13T12:00:00+01:00"/>
    </property>
    <property>
      <code value="dateMaj"/>
      <valueDateTime value="2017-10-13T12:00:00+01:00"/>
    </property>
  </concept>
  <concept>
    <code value="1.2.840.10008.5.1.4.1.1.88.59"/>
    <display value="Document Références d'objets d'un examen d'imagerie selon profil IHE RAD XDS-I"/>
    <designation>
      <use>
        <code value="LibelleCourt"/>
      </use>
      <value value="Ref Imagerie IHE RAD XDS-I"/>
    </designation>
    <designation>
      <use>
        <code value="LibelleAdapte"/>
      </use>
      <value value="Document Références d'objets d'un examen d'imagerie selon profil IHE RAD XDS-I"/>
    </designation>
    <property>
      <code value="dateValid"/>
      <valueDateTime value="2016-09-01T00:00:00+01:00"/>
    </property>
    <property>
      <code value="dateMaj"/>
      <valueDateTime value="2023-10-30T12:00:00+01:00"/>
    </property>
  </concept>
</CodeSystem>