<?xml version="1.0" encoding="UTF-8"?>

<CodeSystem xmlns="http://hl7.org/fhir">
  <id value="TRE-R221-ModeleDocumentCDANonStructure"/>
  <text>
    <status value="generated"/><div xmlns="http://www.w3.org/1999/xhtml"><p><b>Properties</b></p><p><b>This code system defines the following properties for its concepts</b></p><table class="grid"><tr><td><b>Name</b></td><td><b>Code</b></td><td><b>Type</b></td><td><b>Description</b></td></tr><tr><td>dateValid</td><td>dateValid</td><td>dateTime</td><td>date de validité d'un code concept</td></tr><tr><td>dateMaj</td><td>dateMaj</td><td>dateTime</td><td>Date de mise à jour d'un code concept</td></tr><tr><td>dateFin</td><td>dateFin</td><td>dateTime</td><td>Date de fin d'exploitation d'un code concept</td></tr></table><p><b>Concepts</b></p><p>This  code system <code>https://mos.esante.gouv.fr/NOS/TRE_R221-ModeleDocumentCDANonStructure/FHIR/TRE-R221-ModeleDocumentCDANonStructure</code> defines the following code:</p><table class="codes"><tr><td style="white-space:nowrap"><b>Code</b></td><td><b>Display</b></td><td><b>dateValid</b></td><td><b>dateMaj</b></td></tr><tr><td style="white-space:nowrap">1.3.6.1.4.1.19376.1.2.20<a name="TRE-R221-ModeleDocumentCDANonStructure-1.463.466.461.464.461.4619376.461.462.4620"> </a></td><td>Modèle de document CDA non structuré</td><td>2016-09-01T00:00:00+01:00</td><td>2016-09-01T00:00:00+01:00</td></tr></table></div>
  </text>
  <extension url="http://hl7.org/fhir/StructureDefinition/resource-effectivePeriod">
    <valuePeriod>
      <start value="2016-09-01T00:00:00+01:00"/>
    </valuePeriod>
  </extension>
  <url value="https://mos.esante.gouv.fr/NOS/TRE_R221-ModeleDocumentCDANonStructure/FHIR/TRE-R221-ModeleDocumentCDANonStructure"/>
  <identifier>
    <value value="urn:oid:1.2.250.1.213.1.1.4.329"/>
  </identifier>
  <version value="1.2.0"/>
  <name value="TRE_R221-ModeleDocumentCDANonStructure"/>
  <status value="active"/>
  <date value="2023-12-15T12:00:00+01:00"/>
  <publisher value="ANS"/>
  <contact>
    <name value="ANS"/>
    <telecom>
      <system value="url"/>
      <value value="https://esante.gouv.fr"/>
    </telecom>
  </contact>
  <description value="Identifiant des modèles de CDA non structurés"/>
  <content value="complete"/>
  <property>
    <code value="dateValid"/>
    <description value="date de validité d'un code concept"/>
    <type value="dateTime"/>
  </property>
  <property>
    <code value="dateMaj"/>
    <description value="Date de mise à jour d'un code concept"/>
    <type value="dateTime"/>
  </property>
  <property>
    <code value="dateFin"/>
    <description value="Date de fin d'exploitation d'un code concept"/>
    <type value="dateTime"/>
  </property>
  <concept>
    <code value="1.3.6.1.4.1.19376.1.2.20"/>
    <display value="Modèle de document CDA non structuré"/>
    <designation>
      <use>
        <code value="LibelleCourt"/>
      </use>
      <value value="CDA non structuré"/>
    </designation>
    <designation>
      <use>
        <code value="LibelleAdapte"/>
      </use>
      <value value="Modèle de document CDA non structuré"/>
    </designation>
    <property>
      <code value="dateValid"/>
      <valueDateTime value="2016-09-01T00:00:00+01:00"/>
    </property>
    <property>
      <code value="dateMaj"/>
      <valueDateTime value="2016-09-01T00:00:00+01:00"/>
    </property>
  </concept>
</CodeSystem>