<?xml version="1.0" encoding="UTF-8"?>

<CodeSystem xmlns="http://hl7.org/fhir">
  <id value="TRE-R40-CompetenceExclusive"/>
  <text>
    <status value="generated"/><div xmlns="http://www.w3.org/1999/xhtml"><p class="res-header-id"><b>Generated Narrative: CodeSystem TRE-R40-CompetenceExclusive</b></p><a name="TRE-R40-CompetenceExclusive"> </a><a name="hcTRE-R40-CompetenceExclusive"> </a><a name="TRE-R40-CompetenceExclusive-en-US"> </a><p><b>Properties</b></p><p><b>This code system defines the following properties for its concepts</b></p><table class="grid"><tr><td><b>Name</b></td><td><b>Code</b></td><td><b>Type</b></td><td><b>Description</b></td></tr><tr><td>dateValid</td><td>dateValid</td><td>dateTime</td><td>date de validité d'un code concept</td></tr><tr><td>dateMaj</td><td>dateMaj</td><td>dateTime</td><td>Date de mise à jour d'un code concept</td></tr><tr><td>dateFin</td><td>dateFin</td><td>dateTime</td><td>Date de fin d'exploitation d'un code concept</td></tr></table><p><b>Concepts</b></p><p>This  code system <code>https://mos.esante.gouv.fr/NOS/TRE_R40-CompetenceExclusive/FHIR/TRE-R40-CompetenceExclusive</code> defines the following codes:</p><table class="codes"><tr><td style="white-space:nowrap"><b>Code</b></td><td><b>Display</b></td><td><b>dateValid</b></td><td><b>dateMaj</b></td></tr><tr><td style="white-space:nowrap">CEX22<a name="TRE-R40-CompetenceExclusive-CEX22"> </a></td><td>Gynécologie médicale et Obstétrique (CEX)</td><td>2007-07-26T16:49:16+01:00</td><td>2016-09-01T00:00:00+01:00</td></tr><tr><td style="white-space:nowrap">CEX24<a name="TRE-R40-CompetenceExclusive-CEX24"> </a></td><td>Gynécologie médicale (CEX)</td><td>2007-07-26T16:49:16+01:00</td><td>2008-02-28T00:00:00+01:00</td></tr><tr><td style="white-space:nowrap">CEX26<a name="TRE-R40-CompetenceExclusive-CEX26"> </a></td><td>Obstétrique (CEX)</td><td>2007-07-26T16:49:16+01:00</td><td>2008-02-28T00:00:00+01:00</td></tr><tr><td style="white-space:nowrap">CEX64<a name="TRE-R40-CompetenceExclusive-CEX64"> </a></td><td>Urologie (CEX)</td><td>2007-07-26T16:49:16+01:00</td><td>2008-02-28T00:00:00+01:00</td></tr></table></div>
  </text>
  <extension url="http://hl7.org/fhir/StructureDefinition/resource-effectivePeriod">
    <valuePeriod>
      <start value="2013-06-28T00:00:00+01:00"/>
    </valuePeriod>
  </extension>
  <url value="https://mos.esante.gouv.fr/NOS/TRE_R40-CompetenceExclusive/FHIR/TRE-R40-CompetenceExclusive"/>
  <identifier>
    <value value="urn:oid:1.2.250.1.213.2.30"/>
  </identifier>
  <version value="1.2.0"/>
  <name value="TRE_R40-CompetenceExclusive"/>
  <status value="active"/>
  <date value="2023-12-15T12:00:00+01:00"/>
  <publisher value="ANS"/>
  <contact>
    <name value="ANS"/>
    <telecom>
      <system value="url"/>
      <value value="https://esante.gouv.fr"/>
    </telecom>
  </contact>
  <description value="Compétence exclusive"/>
  <content value="complete"/>
  <property>
    <code value="dateValid"/>
    <description value="date de validité d'un code concept"/>
    <type value="dateTime"/>
  </property>
  <property>
    <code value="dateMaj"/>
    <description value="Date de mise à jour d'un code concept"/>
    <type value="dateTime"/>
  </property>
  <property>
    <code value="dateFin"/>
    <description value="Date de fin d'exploitation d'un code concept"/>
    <type value="dateTime"/>
  </property>
  <concept>
    <code value="CEX22"/>
    <display value="Gynécologie médicale et Obstétrique (CEX)"/>
    <designation>
      <use>
        <code value="LibelleCourt"/>
      </use>
      <value value="Gynéco-médicale et Obstétrique"/>
    </designation>
    <designation>
      <use>
        <code value="LibelleAdapte"/>
      </use>
      <value value="Gynécologie médicale et Obstétrique (CEX)"/>
    </designation>
    <property>
      <code value="dateValid"/>
      <valueDateTime value="2007-07-26T16:49:16+01:00"/>
    </property>
    <property>
      <code value="dateMaj"/>
      <valueDateTime value="2016-09-01T00:00:00+01:00"/>
    </property>
  </concept>
  <concept>
    <code value="CEX24"/>
    <display value="Gynécologie médicale (CEX)"/>
    <designation>
      <use>
        <code value="LibelleCourt"/>
      </use>
      <value value="Gynécologie médicale"/>
    </designation>
    <designation>
      <use>
        <code value="LibelleAdapte"/>
      </use>
      <value value="Gynécologie médicale (CEX)"/>
    </designation>
    <property>
      <code value="dateValid"/>
      <valueDateTime value="2007-07-26T16:49:16+01:00"/>
    </property>
    <property>
      <code value="dateMaj"/>
      <valueDateTime value="2008-02-28T00:00:00+01:00"/>
    </property>
  </concept>
  <concept>
    <code value="CEX26"/>
    <display value="Obstétrique (CEX)"/>
    <designation>
      <use>
        <code value="LibelleCourt"/>
      </use>
      <value value="Obstétrique"/>
    </designation>
    <designation>
      <use>
        <code value="LibelleAdapte"/>
      </use>
      <value value="Obstétrique (CEX)"/>
    </designation>
    <property>
      <code value="dateValid"/>
      <valueDateTime value="2007-07-26T16:49:16+01:00"/>
    </property>
    <property>
      <code value="dateMaj"/>
      <valueDateTime value="2008-02-28T00:00:00+01:00"/>
    </property>
  </concept>
  <concept>
    <code value="CEX64"/>
    <display value="Urologie (CEX)"/>
    <designation>
      <use>
        <code value="LibelleCourt"/>
      </use>
      <value value="Urologie"/>
    </designation>
    <designation>
      <use>
        <code value="LibelleAdapte"/>
      </use>
      <value value="Urologie (CEX)"/>
    </designation>
    <property>
      <code value="dateValid"/>
      <valueDateTime value="2007-07-26T16:49:16+01:00"/>
    </property>
    <property>
      <code value="dateMaj"/>
      <valueDateTime value="2008-02-28T00:00:00+01:00"/>
    </property>
  </concept>
</CodeSystem>