<?xml version="1.0" encoding="UTF-8"?>

<CodeSystem xmlns="http://hl7.org/fhir">
  <id value="TRE-R52-CapaciteDiplome"/>
  <text>
    <status value="generated"/><div xmlns="http://www.w3.org/1999/xhtml"><p><b>Properties</b></p><p><b>This code system defines the following properties for its concepts</b></p><table class="grid"><tr><td><b>Name</b></td><td><b>Code</b></td><td><b>Type</b></td><td><b>Description</b></td></tr><tr><td>dateValid</td><td>dateValid</td><td>dateTime</td><td>date de validité d'un code concept</td></tr><tr><td>dateMaj</td><td>dateMaj</td><td>dateTime</td><td>Date de mise à jour d'un code concept</td></tr><tr><td>dateFin</td><td>dateFin</td><td>dateTime</td><td>Date de fin d'exploitation d'un code concept</td></tr></table><p><b>Concepts</b></p><p>This  code system <code>https://mos.esante.gouv.fr/NOS/TRE_R52-CapaciteDiplome/FHIR/TRE-R52-CapaciteDiplome</code> defines the following codes:</p><table class="codes"><tr><td style="white-space:nowrap"><b>Code</b></td><td><b>Display</b></td><td><b>dateValid</b></td><td><b>dateMaj</b></td></tr><tr><td style="white-space:nowrap">CAPA01<a name="TRE-R52-CapaciteDiplome-CAPA01"> </a></td><td>Addictologie clinique</td><td>2007-07-25T15:04:42+01:00</td><td>2016-09-01T00:00:00+01:00</td></tr><tr><td style="white-space:nowrap">CAPA02<a name="TRE-R52-CapaciteDiplome-CAPA02"> </a></td><td>Aide médicale urgente</td><td>2007-07-25T15:04:42+01:00</td><td>2016-09-01T00:00:00+01:00</td></tr><tr><td style="white-space:nowrap">CAPA03<a name="TRE-R52-CapaciteDiplome-CAPA03"> </a></td><td>Allergologie</td><td>2007-07-25T15:04:42+01:00</td><td>2008-02-28T00:00:00+01:00</td></tr><tr><td style="white-space:nowrap">CAPA04<a name="TRE-R52-CapaciteDiplome-CAPA04"> </a></td><td>Angéiologie</td><td>2007-07-25T15:04:42+01:00</td><td>2008-02-28T00:00:00+01:00</td></tr><tr><td style="white-space:nowrap">CAPA05<a name="TRE-R52-CapaciteDiplome-CAPA05"> </a></td><td>Evaluation et traitement de la douleur</td><td>2007-07-25T15:04:42+01:00</td><td>2016-09-01T00:00:00+01:00</td></tr><tr><td style="white-space:nowrap">CAPA06<a name="TRE-R52-CapaciteDiplome-CAPA06"> </a></td><td>Gérontologie</td><td>2007-07-25T15:04:42+01:00</td><td>2008-02-28T00:00:00+01:00</td></tr><tr><td style="white-space:nowrap">CAPA07<a name="TRE-R52-CapaciteDiplome-CAPA07"> </a></td><td>Hydrologie et Climatologie médicales</td><td>2007-07-25T15:04:42+01:00</td><td>2016-09-01T00:00:00+01:00</td></tr><tr><td style="white-space:nowrap">CAPA08<a name="TRE-R52-CapaciteDiplome-CAPA08"> </a></td><td>Médecine aérospatiale</td><td>2007-07-25T15:04:42+01:00</td><td>2016-09-01T00:00:00+01:00</td></tr><tr><td style="white-space:nowrap">CAPA09<a name="TRE-R52-CapaciteDiplome-CAPA09"> </a></td><td>Médecine de catastrophe</td><td>2007-07-25T15:04:42+01:00</td><td>2016-09-01T00:00:00+01:00</td></tr><tr><td style="white-space:nowrap">CAPA10<a name="TRE-R52-CapaciteDiplome-CAPA10"> </a></td><td>Médecine et Biologie du sport</td><td>2007-07-25T15:04:42+01:00</td><td>2016-09-01T00:00:00+01:00</td></tr><tr><td style="white-space:nowrap">CAPA11<a name="TRE-R52-CapaciteDiplome-CAPA11"> </a></td><td>Médecine de santé au travail et prévention des risques professionnelles</td><td>2007-07-25T15:04:42+01:00</td><td>2016-09-01T00:00:00+01:00</td></tr><tr><td style="white-space:nowrap">CAPA12<a name="TRE-R52-CapaciteDiplome-CAPA12"> </a></td><td>Médecine pénitentiaire</td><td>2007-07-25T15:04:42+01:00</td><td>2016-09-01T00:00:00+01:00</td></tr><tr><td style="white-space:nowrap">CAPA13<a name="TRE-R52-CapaciteDiplome-CAPA13"> </a></td><td>Médecine tropicale</td><td>2007-07-25T15:04:42+01:00</td><td>2016-09-01T00:00:00+01:00</td></tr><tr><td style="white-space:nowrap">CAPA14<a name="TRE-R52-CapaciteDiplome-CAPA14"> </a></td><td>Pratiques médico-judiciaires</td><td>2007-07-25T15:04:42+01:00</td><td>2016-09-01T00:00:00+01:00</td></tr><tr><td style="white-space:nowrap">CAPA15<a name="TRE-R52-CapaciteDiplome-CAPA15"> </a></td><td>Technologie transfusionnelle</td><td>2007-07-25T15:04:42+01:00</td><td>2016-09-01T00:00:00+01:00</td></tr><tr><td style="white-space:nowrap">CAPA16<a name="TRE-R52-CapaciteDiplome-CAPA16"> </a></td><td>Toxicomanies et alcoologies</td><td>2007-07-25T15:04:42+01:00</td><td>2016-09-01T00:00:00+01:00</td></tr><tr><td style="white-space:nowrap">CAPA17<a name="TRE-R52-CapaciteDiplome-CAPA17"> </a></td><td>Acupuncture</td><td>2007-07-25T00:00:00+01:00</td><td>2009-11-24T00:00:00+01:00</td></tr></table></div>
  </text>
  <extension url="http://hl7.org/fhir/StructureDefinition/resource-effectivePeriod">
    <valuePeriod>
      <start value="2013-06-28T00:00:00+01:00"/>
    </valuePeriod>
  </extension>
  <url value="https://mos.esante.gouv.fr/NOS/TRE_R52-CapaciteDiplome/FHIR/TRE-R52-CapaciteDiplome"/>
  <identifier>
    <value value="urn:oid:1.2.250.1.213.1.6.1.50"/>
  </identifier>
  <version value="1.2.0"/>
  <name value="TRE_R52-CapaciteDiplome"/>
  <status value="active"/>
  <date value="2023-12-15T12:00:00+01:00"/>
  <publisher value="ANS"/>
  <contact>
    <name value="ANS"/>
    <telecom>
      <system value="url"/>
      <value value="https://esante.gouv.fr"/>
    </telecom>
  </contact>
  <description value="Capacité (diplôme)"/>
  <content value="complete"/>
  <property>
    <code value="dateValid"/>
    <description value="date de validité d'un code concept"/>
    <type value="dateTime"/>
  </property>
  <property>
    <code value="dateMaj"/>
    <description value="Date de mise à jour d'un code concept"/>
    <type value="dateTime"/>
  </property>
  <property>
    <code value="dateFin"/>
    <description value="Date de fin d'exploitation d'un code concept"/>
    <type value="dateTime"/>
  </property>
  <concept>
    <code value="CAPA01"/>
    <display value="Addictologie clinique"/>
    <designation>
      <use>
        <code value="LibelleCourt"/>
      </use>
      <value value="Addictologie clinique"/>
    </designation>
    <designation>
      <use>
        <code value="LibelleAdapte"/>
      </use>
      <value value="Addictologie clinique"/>
    </designation>
    <property>
      <code value="dateValid"/>
      <valueDateTime value="2007-07-25T15:04:42+01:00"/>
    </property>
    <property>
      <code value="dateMaj"/>
      <valueDateTime value="2016-09-01T00:00:00+01:00"/>
    </property>
  </concept>
  <concept>
    <code value="CAPA02"/>
    <display value="Aide médicale urgente"/>
    <designation>
      <use>
        <code value="LibelleCourt"/>
      </use>
      <value value="Aide médicale urgente"/>
    </designation>
    <designation>
      <use>
        <code value="LibelleAdapte"/>
      </use>
      <value value="Aide médicale urgente"/>
    </designation>
    <property>
      <code value="dateValid"/>
      <valueDateTime value="2007-07-25T15:04:42+01:00"/>
    </property>
    <property>
      <code value="dateMaj"/>
      <valueDateTime value="2016-09-01T00:00:00+01:00"/>
    </property>
  </concept>
  <concept>
    <code value="CAPA03"/>
    <display value="Allergologie"/>
    <designation>
      <use>
        <code value="LibelleCourt"/>
      </use>
      <value value="Allergologie"/>
    </designation>
    <designation>
      <use>
        <code value="LibelleAdapte"/>
      </use>
      <value value="Allergologie"/>
    </designation>
    <property>
      <code value="dateValid"/>
      <valueDateTime value="2007-07-25T15:04:42+01:00"/>
    </property>
    <property>
      <code value="dateMaj"/>
      <valueDateTime value="2008-02-28T00:00:00+01:00"/>
    </property>
  </concept>
  <concept>
    <code value="CAPA04"/>
    <display value="Angéiologie"/>
    <designation>
      <use>
        <code value="LibelleCourt"/>
      </use>
      <value value="Angéiologie"/>
    </designation>
    <designation>
      <use>
        <code value="LibelleAdapte"/>
      </use>
      <value value="Angéiologie"/>
    </designation>
    <property>
      <code value="dateValid"/>
      <valueDateTime value="2007-07-25T15:04:42+01:00"/>
    </property>
    <property>
      <code value="dateMaj"/>
      <valueDateTime value="2008-02-28T00:00:00+01:00"/>
    </property>
  </concept>
  <concept>
    <code value="CAPA05"/>
    <display value="Evaluation et traitement de la douleur"/>
    <designation>
      <use>
        <code value="LibelleCourt"/>
      </use>
      <value value="Eval, traitement douleur"/>
    </designation>
    <designation>
      <use>
        <code value="LibelleAdapte"/>
      </use>
      <value value="Evaluation et traitement de la douleur"/>
    </designation>
    <property>
      <code value="dateValid"/>
      <valueDateTime value="2007-07-25T15:04:42+01:00"/>
    </property>
    <property>
      <code value="dateMaj"/>
      <valueDateTime value="2016-09-01T00:00:00+01:00"/>
    </property>
  </concept>
  <concept>
    <code value="CAPA06"/>
    <display value="Gérontologie"/>
    <designation>
      <use>
        <code value="LibelleCourt"/>
      </use>
      <value value="Gérontologie"/>
    </designation>
    <designation>
      <use>
        <code value="LibelleAdapte"/>
      </use>
      <value value="Gérontologie"/>
    </designation>
    <property>
      <code value="dateValid"/>
      <valueDateTime value="2007-07-25T15:04:42+01:00"/>
    </property>
    <property>
      <code value="dateMaj"/>
      <valueDateTime value="2008-02-28T00:00:00+01:00"/>
    </property>
  </concept>
  <concept>
    <code value="CAPA07"/>
    <display value="Hydrologie et Climatologie médicales"/>
    <designation>
      <use>
        <code value="LibelleCourt"/>
      </use>
      <value value="Hydrologie, Climatologie médic"/>
    </designation>
    <designation>
      <use>
        <code value="LibelleAdapte"/>
      </use>
      <value value="Hydrologie et Climatologie médicales"/>
    </designation>
    <property>
      <code value="dateValid"/>
      <valueDateTime value="2007-07-25T15:04:42+01:00"/>
    </property>
    <property>
      <code value="dateMaj"/>
      <valueDateTime value="2016-09-01T00:00:00+01:00"/>
    </property>
  </concept>
  <concept>
    <code value="CAPA08"/>
    <display value="Médecine aérospatiale"/>
    <designation>
      <use>
        <code value="LibelleCourt"/>
      </use>
      <value value="Médecine aérospatiale"/>
    </designation>
    <designation>
      <use>
        <code value="LibelleAdapte"/>
      </use>
      <value value="Médecine aérospatiale"/>
    </designation>
    <property>
      <code value="dateValid"/>
      <valueDateTime value="2007-07-25T15:04:42+01:00"/>
    </property>
    <property>
      <code value="dateMaj"/>
      <valueDateTime value="2016-09-01T00:00:00+01:00"/>
    </property>
  </concept>
  <concept>
    <code value="CAPA09"/>
    <display value="Médecine de catastrophe"/>
    <designation>
      <use>
        <code value="LibelleCourt"/>
      </use>
      <value value="Médecine de catastrophe"/>
    </designation>
    <designation>
      <use>
        <code value="LibelleAdapte"/>
      </use>
      <value value="Médecine de catastrophe"/>
    </designation>
    <property>
      <code value="dateValid"/>
      <valueDateTime value="2007-07-25T15:04:42+01:00"/>
    </property>
    <property>
      <code value="dateMaj"/>
      <valueDateTime value="2016-09-01T00:00:00+01:00"/>
    </property>
  </concept>
  <concept>
    <code value="CAPA10"/>
    <display value="Médecine et Biologie du sport"/>
    <designation>
      <use>
        <code value="LibelleCourt"/>
      </use>
      <value value="Médecine et Biologie du sport"/>
    </designation>
    <designation>
      <use>
        <code value="LibelleAdapte"/>
      </use>
      <value value="Médecine et Biologie du sport"/>
    </designation>
    <property>
      <code value="dateValid"/>
      <valueDateTime value="2007-07-25T15:04:42+01:00"/>
    </property>
    <property>
      <code value="dateMaj"/>
      <valueDateTime value="2016-09-01T00:00:00+01:00"/>
    </property>
  </concept>
  <concept>
    <code value="CAPA11"/>
    <display value="Médecine de santé au travail et prévention des risques professionnelles"/>
    <designation>
      <use>
        <code value="LibelleCourt"/>
      </use>
      <value value="Méd santé trav, Prév risq pro"/>
    </designation>
    <designation>
      <use>
        <code value="LibelleAdapte"/>
      </use>
      <value value="Médecine de santé au travail et prévention des risques professionnelles"/>
    </designation>
    <property>
      <code value="dateValid"/>
      <valueDateTime value="2007-07-25T15:04:42+01:00"/>
    </property>
    <property>
      <code value="dateMaj"/>
      <valueDateTime value="2016-09-01T00:00:00+01:00"/>
    </property>
  </concept>
  <concept>
    <code value="CAPA12"/>
    <display value="Médecine pénitentiaire"/>
    <designation>
      <use>
        <code value="LibelleCourt"/>
      </use>
      <value value="Médecine pénitentiaire"/>
    </designation>
    <designation>
      <use>
        <code value="LibelleAdapte"/>
      </use>
      <value value="Médecine pénitentiaire"/>
    </designation>
    <property>
      <code value="dateValid"/>
      <valueDateTime value="2007-07-25T15:04:42+01:00"/>
    </property>
    <property>
      <code value="dateMaj"/>
      <valueDateTime value="2016-09-01T00:00:00+01:00"/>
    </property>
  </concept>
  <concept>
    <code value="CAPA13"/>
    <display value="Médecine tropicale"/>
    <designation>
      <use>
        <code value="LibelleCourt"/>
      </use>
      <value value="Médecine tropicale"/>
    </designation>
    <designation>
      <use>
        <code value="LibelleAdapte"/>
      </use>
      <value value="Médecine tropicale"/>
    </designation>
    <property>
      <code value="dateValid"/>
      <valueDateTime value="2007-07-25T15:04:42+01:00"/>
    </property>
    <property>
      <code value="dateMaj"/>
      <valueDateTime value="2016-09-01T00:00:00+01:00"/>
    </property>
  </concept>
  <concept>
    <code value="CAPA14"/>
    <display value="Pratiques médico-judiciaires"/>
    <designation>
      <use>
        <code value="LibelleCourt"/>
      </use>
      <value value="Pratiques médico-judiciaires"/>
    </designation>
    <designation>
      <use>
        <code value="LibelleAdapte"/>
      </use>
      <value value="Pratiques médico-judiciaires"/>
    </designation>
    <property>
      <code value="dateValid"/>
      <valueDateTime value="2007-07-25T15:04:42+01:00"/>
    </property>
    <property>
      <code value="dateMaj"/>
      <valueDateTime value="2016-09-01T00:00:00+01:00"/>
    </property>
  </concept>
  <concept>
    <code value="CAPA15"/>
    <display value="Technologie transfusionnelle"/>
    <designation>
      <use>
        <code value="LibelleCourt"/>
      </use>
      <value value="Technologie transfusionnelle"/>
    </designation>
    <designation>
      <use>
        <code value="LibelleAdapte"/>
      </use>
      <value value="Technologie transfusionnelle"/>
    </designation>
    <property>
      <code value="dateValid"/>
      <valueDateTime value="2007-07-25T15:04:42+01:00"/>
    </property>
    <property>
      <code value="dateMaj"/>
      <valueDateTime value="2016-09-01T00:00:00+01:00"/>
    </property>
  </concept>
  <concept>
    <code value="CAPA16"/>
    <display value="Toxicomanies et alcoologies"/>
    <designation>
      <use>
        <code value="LibelleCourt"/>
      </use>
      <value value="Toxicomanies et alcoologies"/>
    </designation>
    <designation>
      <use>
        <code value="LibelleAdapte"/>
      </use>
      <value value="Toxicomanies et alcoologies"/>
    </designation>
    <property>
      <code value="dateValid"/>
      <valueDateTime value="2007-07-25T15:04:42+01:00"/>
    </property>
    <property>
      <code value="dateMaj"/>
      <valueDateTime value="2016-09-01T00:00:00+01:00"/>
    </property>
  </concept>
  <concept>
    <code value="CAPA17"/>
    <display value="Acupuncture"/>
    <designation>
      <use>
        <code value="LibelleCourt"/>
      </use>
      <value value="Acupuncture"/>
    </designation>
    <designation>
      <use>
        <code value="LibelleAdapte"/>
      </use>
      <value value="Acupuncture"/>
    </designation>
    <property>
      <code value="dateValid"/>
      <valueDateTime value="2007-07-25T00:00:00+01:00"/>
    </property>
    <property>
      <code value="dateMaj"/>
      <valueDateTime value="2009-11-24T00:00:00+01:00"/>
    </property>
  </concept>
</CodeSystem>