<?xml version="1.0" encoding="UTF-8"?>

<CodeSystem xmlns="http://hl7.org/fhir">
  <id value="TRE-R282-CNAMAmeliSecteurConventionnement"/>
  <text>
    <status value="generated"/><div xmlns="http://www.w3.org/1999/xhtml"><p><b>Properties</b></p><p><b>This code system defines the following properties for its concepts</b></p><table class="grid"><tr><td><b>Name</b></td><td><b>Code</b></td><td><b>Type</b></td><td><b>Description</b></td></tr><tr><td>dateValid</td><td>dateValid</td><td>dateTime</td><td>date de validité d'un code concept</td></tr><tr><td>dateMaj</td><td>dateMaj</td><td>dateTime</td><td>Date de mise à jour d'un code concept</td></tr><tr><td>dateFin</td><td>dateFin</td><td>dateTime</td><td>Date de fin d'exploitation d'un code concept</td></tr></table><p><b>Concepts</b></p><p>This  code system <code>https://mos.esante.gouv.fr/NOS/TRE_R282-CNAMAmeliSecteurConventionnement/FHIR/TRE-R282-CNAMAmeliSecteurConventionnement</code> defines the following codes:</p><table class="codes"><tr><td style="white-space:nowrap"><b>Code</b></td><td><b>Display</b></td><td><b>dateValid</b></td><td><b>dateMaj</b></td></tr><tr><td style="white-space:nowrap">nc<a name="TRE-R282-CNAMAmeliSecteurConventionnement-nc"> </a></td><td>Non conventionné</td><td>2018-12-14T12:00:00+01:00</td><td>2018-12-14T12:00:00+01:00</td></tr><tr><td style="white-space:nowrap">c1<a name="TRE-R282-CNAMAmeliSecteurConventionnement-c1"> </a></td><td>Secteur 1 ou conventionné</td><td>2018-12-14T12:00:00+01:00</td><td>2018-12-14T12:00:00+01:00</td></tr><tr><td style="white-space:nowrap">c2<a name="TRE-R282-CNAMAmeliSecteurConventionnement-c2"> </a></td><td>Secteur 1 ou conventionné avec droit au dépassement permanent</td><td>2018-12-14T12:00:00+01:00</td><td>2018-12-14T12:00:00+01:00</td></tr><tr><td style="white-space:nowrap">c3<a name="TRE-R282-CNAMAmeliSecteurConventionnement-c3"> </a></td><td>Secteur 2</td><td>2018-12-14T12:00:00+01:00</td><td>2018-12-14T12:00:00+01:00</td></tr></table></div>
  </text>
  <extension url="http://hl7.org/fhir/StructureDefinition/resource-effectivePeriod">
    <valuePeriod>
      <start value="2018-12-14T12:00:00+01:00"/>
    </valuePeriod>
  </extension>
  <url value="https://mos.esante.gouv.fr/NOS/TRE_R282-CNAMAmeliSecteurConventionnement/FHIR/TRE-R282-CNAMAmeliSecteurConventionnement"/>
  <identifier>
    <value value="urn:oid:1.2.250.1.213.1.6.1.135"/>
  </identifier>
  <version value="1.2.0"/>
  <name value="TRE_R282-CNAMAmeliSecteurConventionnement"/>
  <status value="active"/>
  <date value="2023-12-15T12:00:00+01:00"/>
  <publisher value="ANS"/>
  <contact>
    <name value="ANS"/>
    <telecom>
      <system value="url"/>
      <value value="https://esante.gouv.fr"/>
    </telecom>
  </contact>
  <description value="Secteur de conventionnement du professionnel libéral par la CNAM extracts ameli"/>
  <content value="complete"/>
  <property>
    <code value="dateValid"/>
    <description value="date de validité d'un code concept"/>
    <type value="dateTime"/>
  </property>
  <property>
    <code value="dateMaj"/>
    <description value="Date de mise à jour d'un code concept"/>
    <type value="dateTime"/>
  </property>
  <property>
    <code value="dateFin"/>
    <description value="Date de fin d'exploitation d'un code concept"/>
    <type value="dateTime"/>
  </property>
  <concept>
    <code value="nc"/>
    <display value="Non conventionné"/>
    <designation>
      <use>
        <code value="LibelleCourt"/>
      </use>
      <value value="Non conventionné"/>
    </designation>
    <designation>
      <use>
        <code value="LibelleAdapte"/>
      </use>
      <value value="Non conventionné"/>
    </designation>
    <property>
      <code value="dateValid"/>
      <valueDateTime value="2018-12-14T12:00:00+01:00"/>
    </property>
    <property>
      <code value="dateMaj"/>
      <valueDateTime value="2018-12-14T12:00:00+01:00"/>
    </property>
  </concept>
  <concept>
    <code value="c1"/>
    <display value="Secteur 1 ou conventionné"/>
    <designation>
      <use>
        <code value="LibelleCourt"/>
      </use>
      <value value="Secteur 1 ou conventionné"/>
    </designation>
    <designation>
      <use>
        <code value="LibelleAdapte"/>
      </use>
      <value value="Secteur 1 ou conventionné"/>
    </designation>
    <property>
      <code value="dateValid"/>
      <valueDateTime value="2018-12-14T12:00:00+01:00"/>
    </property>
    <property>
      <code value="dateMaj"/>
      <valueDateTime value="2018-12-14T12:00:00+01:00"/>
    </property>
  </concept>
  <concept>
    <code value="c2"/>
    <display value="Secteur 1 ou conventionné avec droit au dépassement permanent"/>
    <designation>
      <use>
        <code value="LibelleCourt"/>
      </use>
      <value value="Sect. 1 ou conv. ac dt dépass."/>
    </designation>
    <designation>
      <use>
        <code value="LibelleAdapte"/>
      </use>
      <value value="Secteur 1 ou conventionné avec droit au dépassement permanent"/>
    </designation>
    <property>
      <code value="dateValid"/>
      <valueDateTime value="2018-12-14T12:00:00+01:00"/>
    </property>
    <property>
      <code value="dateMaj"/>
      <valueDateTime value="2018-12-14T12:00:00+01:00"/>
    </property>
  </concept>
  <concept>
    <code value="c3"/>
    <display value="Secteur 2"/>
    <designation>
      <use>
        <code value="LibelleCourt"/>
      </use>
      <value value="Secteur 2"/>
    </designation>
    <designation>
      <use>
        <code value="LibelleAdapte"/>
      </use>
      <value value="Secteur 2"/>
    </designation>
    <property>
      <code value="dateValid"/>
      <valueDateTime value="2018-12-14T12:00:00+01:00"/>
    </property>
    <property>
      <code value="dateMaj"/>
      <valueDateTime value="2018-12-14T12:00:00+01:00"/>
    </property>
  </concept>
</CodeSystem>