<?xml version="1.0" encoding="UTF-8"?>

<CodeSystem xmlns="http://hl7.org/fhir">
  <id value="TRE-R358-MotifStatutPersonnePriseCharge"/>
  <text>
    <status value="generated"/><div xmlns="http://www.w3.org/1999/xhtml"><p><b>Properties</b></p><p><b>This code system defines the following properties for its concepts</b></p><table class="grid"><tr><td><b>Name</b></td><td><b>Code</b></td><td><b>Type</b></td><td><b>Description</b></td></tr><tr><td>dateValid</td><td>dateValid</td><td>dateTime</td><td>date de validité d'un code concept</td></tr><tr><td>dateMaj</td><td>dateMaj</td><td>dateTime</td><td>Date de mise à jour d'un code concept</td></tr><tr><td>dateFin</td><td>dateFin</td><td>dateTime</td><td>Date de fin d'exploitation d'un code concept</td></tr></table><p><b>Concepts</b></p><p>This  code system <code>https://mos.esante.gouv.fr/NOS/TRE_R358-MotifStatutPersonnePriseCharge/FHIR/TRE-R358-MotifStatutPersonnePriseCharge</code> defines the following codes:</p><table class="codes"><tr><td style="white-space:nowrap"><b>Code</b></td><td><b>Display</b></td><td><b>dateValid</b></td><td><b>dateMaj</b></td><td><b>dateFin</b></td></tr><tr><td style="white-space:nowrap">84<a name="TRE-R358-MotifStatutPersonnePriseCharge-84"> </a></td><td>Le demandeur ne remplit pas les exigences d'admission</td><td>2023-06-30T12:00:00+01:00</td><td>2023-06-30T12:00:00+01:00</td><td/></tr><tr><td style="white-space:nowrap">85<a name="TRE-R358-MotifStatutPersonnePriseCharge-85"> </a></td><td>Volonté du demandeur</td><td>2023-06-30T12:00:00+01:00</td><td>2023-06-30T12:00:00+01:00</td><td/></tr><tr><td style="white-space:nowrap">86<a name="TRE-R358-MotifStatutPersonnePriseCharge-86"> </a></td><td>Le plateau technique n'est pas adapté à la prise en charge de l'usager</td><td>2023-09-22T12:00:00+01:00</td><td>2023-09-22T12:00:00+01:00</td><td/></tr><tr><td style="white-space:nowrap">87<a name="TRE-R358-MotifStatutPersonnePriseCharge-87"> </a></td><td>L'usager est admis dans un autre ESMS suite à un déménagement</td><td>2023-06-30T12:00:00+01:00</td><td>2023-09-22T12:00:00+01:00</td><td/></tr><tr><td style="white-space:nowrap">88<a name="TRE-R358-MotifStatutPersonnePriseCharge-88"> </a></td><td>Suite à la décision de la CDAPH</td><td>2023-06-30T12:00:00+01:00</td><td>2023-09-22T12:00:00+01:00</td><td/></tr><tr><td style="white-space:nowrap">89<a name="TRE-R358-MotifStatutPersonnePriseCharge-89"> </a></td><td>L'usager ne souhaite plus être pris en charge par l'ESMS</td><td>2023-06-30T12:00:00+01:00</td><td>2023-09-22T12:00:00+01:00</td><td/></tr><tr><td style="white-space:nowrap">90<a name="TRE-R358-MotifStatutPersonnePriseCharge-90"> </a></td><td>Décès</td><td>2023-06-30T12:00:00+01:00</td><td>2023-09-22T12:00:00+01:00</td><td>2023-09-22T12:00:00+01:00</td></tr><tr><td style="white-space:nowrap">91<a name="TRE-R358-MotifStatutPersonnePriseCharge-91"> </a></td><td>L'usager est admis dans un autre ESMS suite à une réorientation</td><td>2023-06-30T12:00:00+01:00</td><td>2023-09-22T12:00:00+01:00</td><td/></tr><tr><td style="white-space:nowrap">92<a name="TRE-R358-MotifStatutPersonnePriseCharge-92"> </a></td><td>Amélioration notoire de la situation de l'usager</td><td>2023-09-22T12:00:00+01:00</td><td>2023-09-22T12:00:00+01:00</td><td/></tr><tr><td style="white-space:nowrap">93<a name="TRE-R358-MotifStatutPersonnePriseCharge-93"> </a></td><td>Aggravation notoire de la situation de l'usager</td><td>2023-09-22T12:00:00+01:00</td><td>2023-09-22T12:00:00+01:00</td><td/></tr><tr><td style="white-space:nowrap">95<a name="TRE-R358-MotifStatutPersonnePriseCharge-95"> </a></td><td>Annulation automatique</td><td>2023-09-22T12:00:00+01:00</td><td>2023-09-22T12:00:00+01:00</td><td/></tr><tr><td style="white-space:nowrap">98<a name="TRE-R358-MotifStatutPersonnePriseCharge-98"> </a></td><td>Fin de validité de la notification</td><td>2023-09-22T12:00:00+01:00</td><td>2023-09-22T12:00:00+01:00</td><td/></tr><tr><td style="white-space:nowrap">100<a name="TRE-R358-MotifStatutPersonnePriseCharge-100"> </a></td><td>Volonté de l'usager</td><td>2023-09-22T12:00:00+01:00</td><td>2023-09-22T12:00:00+01:00</td><td/></tr><tr><td style="white-space:nowrap">109<a name="TRE-R358-MotifStatutPersonnePriseCharge-109"> </a></td><td>Déménagement</td><td>2023-09-22T12:00:00+01:00</td><td>2023-09-22T12:00:00+01:00</td><td/></tr><tr><td style="white-space:nowrap">112<a name="TRE-R358-MotifStatutPersonnePriseCharge-112"> </a></td><td>Erreur d'utilisation du logiciel</td><td>2023-09-22T12:00:00+01:00</td><td>2023-09-22T12:00:00+01:00</td><td/></tr><tr><td style="white-space:nowrap">113<a name="TRE-R358-MotifStatutPersonnePriseCharge-113"> </a></td><td>Eloignement géographique</td><td>2023-09-22T12:00:00+01:00</td><td>2023-09-22T12:00:00+01:00</td><td/></tr><tr><td style="white-space:nowrap">114<a name="TRE-R358-MotifStatutPersonnePriseCharge-114"> </a></td><td>Les ressources de l'ESMS ne sont pas suffisantes</td><td>2023-09-22T12:00:00+01:00</td><td>2023-09-22T12:00:00+01:00</td><td/></tr><tr><td style="white-space:nowrap">115<a name="TRE-R358-MotifStatutPersonnePriseCharge-115"> </a></td><td>L'ESMS n'est pas adapté au projet de vie actuel de l'usager</td><td>2023-09-22T12:00:00+01:00</td><td>2023-09-22T12:00:00+01:00</td><td/></tr><tr><td style="white-space:nowrap">116<a name="TRE-R358-MotifStatutPersonnePriseCharge-116"> </a></td><td>Le type de handicap ne relève pas de l'ESMS</td><td>2023-09-22T12:00:00+01:00</td><td>2023-09-22T12:00:00+01:00</td><td/></tr><tr><td style="white-space:nowrap">117<a name="TRE-R358-MotifStatutPersonnePriseCharge-117"> </a></td><td>La situation de l'usager a changé, l'ESMS n'est pas adapté</td><td>2023-09-22T12:00:00+01:00</td><td>2023-09-22T12:00:00+01:00</td><td/></tr><tr><td style="white-space:nowrap">118<a name="TRE-R358-MotifStatutPersonnePriseCharge-118"> </a></td><td>L'usager ou son représentant légal refuse de s'inscrire dans l'ESMS</td><td>2023-09-22T12:00:00+01:00</td><td>2023-09-22T12:00:00+01:00</td><td/></tr><tr><td style="white-space:nowrap">119<a name="TRE-R358-MotifStatutPersonnePriseCharge-119"> </a></td><td>L'usager a été admis dans un autre ESMS, l'orientation n'est plus pertinente</td><td>2023-09-22T12:00:00+01:00</td><td>2023-09-22T12:00:00+01:00</td><td/></tr><tr><td style="white-space:nowrap">120<a name="TRE-R358-MotifStatutPersonnePriseCharge-120"> </a></td><td>L'usager a déménagé, l'orientation n'est plus pertinente géographiquement</td><td>2023-09-22T12:00:00+01:00</td><td>2023-09-22T12:00:00+01:00</td><td/></tr><tr><td style="white-space:nowrap">121<a name="TRE-R358-MotifStatutPersonnePriseCharge-121"> </a></td><td>L'usager ou son représentant légal refuse d'adhérer au projet de vie de l'ESMS</td><td>2023-09-22T12:00:00+01:00</td><td>2023-09-22T12:00:00+01:00</td><td/></tr><tr><td style="white-space:nowrap">122<a name="TRE-R358-MotifStatutPersonnePriseCharge-122"> </a></td><td>L'âge de l'usager est incompatible</td><td>2023-09-22T12:00:00+01:00</td><td>2023-09-22T12:00:00+01:00</td><td/></tr><tr><td style="white-space:nowrap">124<a name="TRE-R358-MotifStatutPersonnePriseCharge-124"> </a></td><td>L'usager est décédé</td><td>2023-09-22T12:00:00+01:00</td><td>2023-09-22T12:00:00+01:00</td><td/></tr><tr><td style="white-space:nowrap">125<a name="TRE-R358-MotifStatutPersonnePriseCharge-125"> </a></td><td>L'usager a démissionné (ESAT)</td><td>2023-06-30T12:00:00+01:00</td><td>2023-09-22T12:00:00+01:00</td><td/></tr><tr><td style="white-space:nowrap">126<a name="TRE-R358-MotifStatutPersonnePriseCharge-126"> </a></td><td>Prise en charge invalidité SS (ESAT)</td><td>2023-06-30T12:00:00+01:00</td><td>2023-09-22T12:00:00+01:00</td><td/></tr><tr><td style="white-space:nowrap">127<a name="TRE-R358-MotifStatutPersonnePriseCharge-127"> </a></td><td>Retraite (ESAT)</td><td>2023-06-30T12:00:00+01:00</td><td>2023-09-22T12:00:00+01:00</td><td/></tr><tr><td style="white-space:nowrap">128<a name="TRE-R358-MotifStatutPersonnePriseCharge-128"> </a></td><td>Fin de contrat (SAVS/SAMSAH/SESSAD)</td><td>2023-06-30T12:00:00+01:00</td><td>2023-09-22T12:00:00+01:00</td><td/></tr><tr><td style="white-space:nowrap">135<a name="TRE-R358-MotifStatutPersonnePriseCharge-135"> </a></td><td>Fin de période d'essai</td><td>2023-06-30T12:00:00+01:00</td><td>2023-06-30T12:00:00+01:00</td><td/></tr><tr><td style="white-space:nowrap">136<a name="TRE-R358-MotifStatutPersonnePriseCharge-136"> </a></td><td>Renouvellement</td><td>2023-06-30T12:00:00+01:00</td><td>2023-06-30T12:00:00+01:00</td><td/></tr><tr><td style="white-space:nowrap">146<a name="TRE-R358-MotifStatutPersonnePriseCharge-146"> </a></td><td>Entrée en apprentissage</td><td>2023-06-30T12:00:00+01:00</td><td>2023-09-22T12:00:00+01:00</td><td/></tr><tr><td style="white-space:nowrap">147<a name="TRE-R358-MotifStatutPersonnePriseCharge-147"> </a></td><td>Réinsertion en milieu ordinaire</td><td>2023-06-30T12:00:00+01:00</td><td>2023-09-22T12:00:00+01:00</td><td/></tr><tr><td style="white-space:nowrap">148<a name="TRE-R358-MotifStatutPersonnePriseCharge-148"> </a></td><td>L'ESMS n'a pas réussi à joindre l'usager</td><td>2023-09-22T12:00:00+01:00</td><td>2023-09-22T12:00:00+01:00</td><td/></tr><tr><td style="white-space:nowrap">150<a name="TRE-R358-MotifStatutPersonnePriseCharge-150"> </a></td><td>L'usager a pris contact avec l'ESMS</td><td>2023-09-22T12:00:00+01:00</td><td>2023-09-22T12:00:00+01:00</td><td/></tr><tr><td style="white-space:nowrap">151<a name="TRE-R358-MotifStatutPersonnePriseCharge-151"> </a></td><td>L'ESMS a pris contact avec l'usager</td><td>2023-09-22T12:00:00+01:00</td><td>2023-09-22T12:00:00+01:00</td><td/></tr><tr><td style="white-space:nowrap">152<a name="TRE-R358-MotifStatutPersonnePriseCharge-152"> </a></td><td>L'usager a visité l'ESMS</td><td>2023-09-22T12:00:00+01:00</td><td>2023-09-22T12:00:00+01:00</td><td/></tr><tr><td style="white-space:nowrap">153<a name="TRE-R358-MotifStatutPersonnePriseCharge-153"> </a></td><td>L'ESMS a envoyé une documentation à l'usager</td><td>2023-09-22T12:00:00+01:00</td><td>2023-09-22T12:00:00+01:00</td><td/></tr><tr><td style="white-space:nowrap">157<a name="TRE-R358-MotifStatutPersonnePriseCharge-157"> </a></td><td>Hospitalisation</td><td>2023-06-30T12:00:00+01:00</td><td>2023-06-30T12:00:00+01:00</td><td/></tr><tr><td style="white-space:nowrap">158<a name="TRE-R358-MotifStatutPersonnePriseCharge-158"> </a></td><td>Admission en établissement pour personnes âgées</td><td>2023-06-30T12:00:00+01:00</td><td>2023-09-22T12:00:00+01:00</td><td/></tr><tr><td style="white-space:nowrap">159<a name="TRE-R358-MotifStatutPersonnePriseCharge-159"> </a></td><td>Fin de formation</td><td>2023-06-30T12:00:00+01:00</td><td>2023-06-30T12:00:00+01:00</td><td/></tr><tr><td style="white-space:nowrap">168<a name="TRE-R358-MotifStatutPersonnePriseCharge-168"> </a></td><td>Pour placer l'usager en liste d'attente</td><td>2023-09-22T12:00:00+01:00</td><td>2023-09-22T12:00:00+01:00</td><td/></tr><tr><td style="white-space:nowrap">170<a name="TRE-R358-MotifStatutPersonnePriseCharge-170"> </a></td><td>Pour prendre en charge l'usager à temps adapté</td><td>2023-09-22T12:00:00+01:00</td><td>2023-09-22T12:00:00+01:00</td><td/></tr><tr><td style="white-space:nowrap">172<a name="TRE-R358-MotifStatutPersonnePriseCharge-172"> </a></td><td>Changement de situation de l'usager</td><td>2023-09-22T12:00:00+01:00</td><td>2023-09-22T12:00:00+01:00</td><td/></tr><tr><td style="white-space:nowrap">173<a name="TRE-R358-MotifStatutPersonnePriseCharge-173"> </a></td><td>Une autre décision annule et remplace cette décision</td><td>2023-09-22T12:00:00+01:00</td><td>2023-09-22T12:00:00+01:00</td><td/></tr><tr><td style="white-space:nowrap">174<a name="TRE-R358-MotifStatutPersonnePriseCharge-174"> </a></td><td>Décision clôturée par la MDPH</td><td>2023-09-22T12:00:00+01:00</td><td>2023-09-22T12:00:00+01:00</td><td/></tr><tr><td style="white-space:nowrap">184<a name="TRE-R358-MotifStatutPersonnePriseCharge-184"> </a></td><td>L'usager est accueilli en famille d'accueil</td><td>2023-06-30T12:00:00+01:00</td><td>2023-09-22T12:00:00+01:00</td><td/></tr><tr><td style="white-space:nowrap">204<a name="TRE-R358-MotifStatutPersonnePriseCharge-204"> </a></td><td>Fin de l'accueil temporaire</td><td>2023-09-22T12:00:00+01:00</td><td>2023-09-22T12:00:00+01:00</td><td/></tr><tr><td style="white-space:nowrap">253<a name="TRE-R358-MotifStatutPersonnePriseCharge-253"> </a></td><td>L'usager est transféré dans une autre unité</td><td>2023-09-22T12:00:00+01:00</td><td>2023-09-22T12:00:00+01:00</td><td/></tr></table></div>
  </text>
  <extension url="http://hl7.org/fhir/StructureDefinition/resource-effectivePeriod">
    <valuePeriod>
      <start value="2023-06-30T12:00:00+01:00"/>
    </valuePeriod>
  </extension>
  <url value="https://mos.esante.gouv.fr/NOS/TRE_R358-MotifStatutPersonnePriseCharge/FHIR/TRE-R358-MotifStatutPersonnePriseCharge"/>
  <identifier>
    <value value="urn:oid:1.2.250.1.213.3.3.248"/>
  </identifier>
  <version value="1.2.0"/>
  <name value="TRE_R358-MotifStatutPersonnePriseCharge"/>
  <status value="active"/>
  <date value="2023-12-15T12:00:00+01:00"/>
  <publisher value="ANS"/>
  <contact>
    <name value="ANS"/>
    <telecom>
      <system value="url"/>
      <value value="https://esante.gouv.fr"/>
    </telecom>
  </contact>
  <description value="Motif du statut de la personne prise en charge"/>
  <content value="complete"/>
  <property>
    <code value="dateValid"/>
    <description value="date de validité d'un code concept"/>
    <type value="dateTime"/>
  </property>
  <property>
    <code value="dateMaj"/>
    <description value="Date de mise à jour d'un code concept"/>
    <type value="dateTime"/>
  </property>
  <property>
    <code value="dateFin"/>
    <description value="Date de fin d'exploitation d'un code concept"/>
    <type value="dateTime"/>
  </property>
  <concept>
    <code value="84"/>
    <display value="Le demandeur ne remplit pas les exigences d'admission"/>
    <designation>
      <use>
        <code value="LibelleCourt"/>
      </use>
      <value value="Remplit pas exigence admission"/>
    </designation>
    <designation>
      <use>
        <code value="LibelleAdapte"/>
      </use>
      <value value="Le demandeur ne remplit pas les exigences d'admission"/>
    </designation>
    <property>
      <code value="dateValid"/>
      <valueDateTime value="2023-06-30T12:00:00+01:00"/>
    </property>
    <property>
      <code value="dateMaj"/>
      <valueDateTime value="2023-06-30T12:00:00+01:00"/>
    </property>
  </concept>
  <concept>
    <code value="85"/>
    <display value="Volonté du demandeur"/>
    <designation>
      <use>
        <code value="LibelleCourt"/>
      </use>
      <value value="Volonté du demandeur"/>
    </designation>
    <designation>
      <use>
        <code value="LibelleAdapte"/>
      </use>
      <value value="Volonté du demandeur"/>
    </designation>
    <property>
      <code value="dateValid"/>
      <valueDateTime value="2023-06-30T12:00:00+01:00"/>
    </property>
    <property>
      <code value="dateMaj"/>
      <valueDateTime value="2023-06-30T12:00:00+01:00"/>
    </property>
  </concept>
  <concept>
    <code value="86"/>
    <display value="Le plateau technique n'est pas adapté à la prise en charge de l'usager"/>
    <designation>
      <use>
        <code value="LibelleCourt"/>
      </use>
      <value value="Plateau technique pas adapté"/>
    </designation>
    <designation>
      <use>
        <code value="LibelleAdapte"/>
      </use>
      <value value="Le plateau technique n'est pas adapté à la prise en charge de l'usager"/>
    </designation>
    <property>
      <code value="dateValid"/>
      <valueDateTime value="2023-09-22T12:00:00+01:00"/>
    </property>
    <property>
      <code value="dateMaj"/>
      <valueDateTime value="2023-09-22T12:00:00+01:00"/>
    </property>
  </concept>
  <concept>
    <code value="87"/>
    <display value="L'usager est admis dans un autre ESMS suite à un déménagement"/>
    <designation>
      <use>
        <code value="LibelleCourt"/>
      </use>
      <value value="Déménagement ESMS"/>
    </designation>
    <designation>
      <use>
        <code value="LibelleAdapte"/>
      </use>
      <value value="L'usager est admis dans un autre ESMS suite à un déménagement"/>
    </designation>
    <property>
      <code value="dateValid"/>
      <valueDateTime value="2023-06-30T12:00:00+01:00"/>
    </property>
    <property>
      <code value="dateMaj"/>
      <valueDateTime value="2023-09-22T12:00:00+01:00"/>
    </property>
  </concept>
  <concept>
    <code value="88"/>
    <display value="Suite à la décision de la CDAPH"/>
    <designation>
      <use>
        <code value="LibelleCourt"/>
      </use>
      <value value="Décision CDAPH"/>
    </designation>
    <designation>
      <use>
        <code value="LibelleAdapte"/>
      </use>
      <value value="Suite à la décision de la CDAPH"/>
    </designation>
    <property>
      <code value="dateValid"/>
      <valueDateTime value="2023-06-30T12:00:00+01:00"/>
    </property>
    <property>
      <code value="dateMaj"/>
      <valueDateTime value="2023-09-22T12:00:00+01:00"/>
    </property>
  </concept>
  <concept>
    <code value="89"/>
    <display value="L'usager ne souhaite plus être pris en charge par l'ESMS"/>
    <designation>
      <use>
        <code value="LibelleCourt"/>
      </use>
      <value value="Décision usager"/>
    </designation>
    <designation>
      <use>
        <code value="LibelleAdapte"/>
      </use>
      <value value="L'usager ne souhaite plus être pris en charge par l'ESMS"/>
    </designation>
    <property>
      <code value="dateValid"/>
      <valueDateTime value="2023-06-30T12:00:00+01:00"/>
    </property>
    <property>
      <code value="dateMaj"/>
      <valueDateTime value="2023-09-22T12:00:00+01:00"/>
    </property>
  </concept>
  <concept>
    <code value="90"/>
    <display value="Décès"/>
    <designation>
      <use>
        <code value="LibelleCourt"/>
      </use>
      <value value="Décès"/>
    </designation>
    <designation>
      <use>
        <code value="LibelleAdapte"/>
      </use>
      <value value="Décès"/>
    </designation>
    <property>
      <code value="dateValid"/>
      <valueDateTime value="2023-06-30T12:00:00+01:00"/>
    </property>
    <property>
      <code value="dateFin"/>
      <valueDateTime value="2023-09-22T12:00:00+01:00"/>
    </property>
    <property>
      <code value="dateMaj"/>
      <valueDateTime value="2023-09-22T12:00:00+01:00"/>
    </property>
  </concept>
  <concept>
    <code value="91"/>
    <display value="L'usager est admis dans un autre ESMS suite à une réorientation"/>
    <designation>
      <use>
        <code value="LibelleCourt"/>
      </use>
      <value value="Réorientation"/>
    </designation>
    <designation>
      <use>
        <code value="LibelleAdapte"/>
      </use>
      <value value="L'usager est admis dans un autre ESMS suite à une réorientation"/>
    </designation>
    <property>
      <code value="dateValid"/>
      <valueDateTime value="2023-06-30T12:00:00+01:00"/>
    </property>
    <property>
      <code value="dateMaj"/>
      <valueDateTime value="2023-09-22T12:00:00+01:00"/>
    </property>
  </concept>
  <concept>
    <code value="92"/>
    <display value="Amélioration notoire de la situation de l'usager"/>
    <designation>
      <use>
        <code value="LibelleCourt"/>
      </use>
      <value value="Amélioration"/>
    </designation>
    <designation>
      <use>
        <code value="LibelleAdapte"/>
      </use>
      <value value="Amélioration notoire de la situation de l'usager"/>
    </designation>
    <property>
      <code value="dateValid"/>
      <valueDateTime value="2023-09-22T12:00:00+01:00"/>
    </property>
    <property>
      <code value="dateMaj"/>
      <valueDateTime value="2023-09-22T12:00:00+01:00"/>
    </property>
  </concept>
  <concept>
    <code value="93"/>
    <display value="Aggravation notoire de la situation de l'usager"/>
    <designation>
      <use>
        <code value="LibelleCourt"/>
      </use>
      <value value="Aggravation"/>
    </designation>
    <designation>
      <use>
        <code value="LibelleAdapte"/>
      </use>
      <value value="Aggravation notoire de la situation de l'usager"/>
    </designation>
    <property>
      <code value="dateValid"/>
      <valueDateTime value="2023-09-22T12:00:00+01:00"/>
    </property>
    <property>
      <code value="dateMaj"/>
      <valueDateTime value="2023-09-22T12:00:00+01:00"/>
    </property>
  </concept>
  <concept>
    <code value="95"/>
    <display value="Annulation automatique"/>
    <designation>
      <use>
        <code value="LibelleCourt"/>
      </use>
      <value value="Annulation automatique"/>
    </designation>
    <designation>
      <use>
        <code value="LibelleAdapte"/>
      </use>
      <value value="Annulation automatique"/>
    </designation>
    <property>
      <code value="dateValid"/>
      <valueDateTime value="2023-09-22T12:00:00+01:00"/>
    </property>
    <property>
      <code value="dateMaj"/>
      <valueDateTime value="2023-09-22T12:00:00+01:00"/>
    </property>
  </concept>
  <concept>
    <code value="98"/>
    <display value="Fin de validité de la notification"/>
    <designation>
      <use>
        <code value="LibelleCourt"/>
      </use>
      <value value="Fin de validité"/>
    </designation>
    <designation>
      <use>
        <code value="LibelleAdapte"/>
      </use>
      <value value="Fin de validité de la notification"/>
    </designation>
    <property>
      <code value="dateValid"/>
      <valueDateTime value="2023-09-22T12:00:00+01:00"/>
    </property>
    <property>
      <code value="dateMaj"/>
      <valueDateTime value="2023-09-22T12:00:00+01:00"/>
    </property>
  </concept>
  <concept>
    <code value="100"/>
    <display value="Volonté de l'usager"/>
    <designation>
      <use>
        <code value="LibelleCourt"/>
      </use>
      <value value="Volonté de l'usager"/>
    </designation>
    <designation>
      <use>
        <code value="LibelleAdapte"/>
      </use>
      <value value="Volonté de l'usager"/>
    </designation>
    <property>
      <code value="dateValid"/>
      <valueDateTime value="2023-09-22T12:00:00+01:00"/>
    </property>
    <property>
      <code value="dateMaj"/>
      <valueDateTime value="2023-09-22T12:00:00+01:00"/>
    </property>
  </concept>
  <concept>
    <code value="109"/>
    <display value="Déménagement"/>
    <designation>
      <use>
        <code value="LibelleCourt"/>
      </use>
      <value value="Déménagement"/>
    </designation>
    <designation>
      <use>
        <code value="LibelleAdapte"/>
      </use>
      <value value="Déménagement"/>
    </designation>
    <property>
      <code value="dateValid"/>
      <valueDateTime value="2023-09-22T12:00:00+01:00"/>
    </property>
    <property>
      <code value="dateMaj"/>
      <valueDateTime value="2023-09-22T12:00:00+01:00"/>
    </property>
  </concept>
  <concept>
    <code value="112"/>
    <display value="Erreur d'utilisation du logiciel"/>
    <designation>
      <use>
        <code value="LibelleCourt"/>
      </use>
      <value value="Erreur utilisation logiciel"/>
    </designation>
    <designation>
      <use>
        <code value="LibelleAdapte"/>
      </use>
      <value value="Erreur d'utilisation du logiciel"/>
    </designation>
    <property>
      <code value="dateValid"/>
      <valueDateTime value="2023-09-22T12:00:00+01:00"/>
    </property>
    <property>
      <code value="dateMaj"/>
      <valueDateTime value="2023-09-22T12:00:00+01:00"/>
    </property>
  </concept>
  <concept>
    <code value="113"/>
    <display value="Eloignement géographique"/>
    <designation>
      <use>
        <code value="LibelleCourt"/>
      </use>
      <value value="Eloignement géographique"/>
    </designation>
    <designation>
      <use>
        <code value="LibelleAdapte"/>
      </use>
      <value value="Eloignement géographique"/>
    </designation>
    <property>
      <code value="dateValid"/>
      <valueDateTime value="2023-09-22T12:00:00+01:00"/>
    </property>
    <property>
      <code value="dateMaj"/>
      <valueDateTime value="2023-09-22T12:00:00+01:00"/>
    </property>
  </concept>
  <concept>
    <code value="114"/>
    <display value="Les ressources de l'ESMS ne sont pas suffisantes"/>
    <designation>
      <use>
        <code value="LibelleCourt"/>
      </use>
      <value value="Ressources ESMS insuffisantes"/>
    </designation>
    <designation>
      <use>
        <code value="LibelleAdapte"/>
      </use>
      <value value="Les ressources de l'ESMS ne sont pas suffisantes"/>
    </designation>
    <property>
      <code value="dateValid"/>
      <valueDateTime value="2023-09-22T12:00:00+01:00"/>
    </property>
    <property>
      <code value="dateMaj"/>
      <valueDateTime value="2023-09-22T12:00:00+01:00"/>
    </property>
  </concept>
  <concept>
    <code value="115"/>
    <display value="L'ESMS n'est pas adapté au projet de vie actuel de l'usager"/>
    <designation>
      <use>
        <code value="LibelleCourt"/>
      </use>
      <value value="L'ESMS n'est pas adapté"/>
    </designation>
    <designation>
      <use>
        <code value="LibelleAdapte"/>
      </use>
      <value value="L'ESMS n'est pas adapté au projet de vie actuel de l'usager"/>
    </designation>
    <property>
      <code value="dateValid"/>
      <valueDateTime value="2023-09-22T12:00:00+01:00"/>
    </property>
    <property>
      <code value="dateMaj"/>
      <valueDateTime value="2023-09-22T12:00:00+01:00"/>
    </property>
  </concept>
  <concept>
    <code value="116"/>
    <display value="Le type de handicap ne relève pas de l'ESMS"/>
    <designation>
      <use>
        <code value="LibelleCourt"/>
      </use>
      <value value="Handicap pas PEC par l'ESMS"/>
    </designation>
    <designation>
      <use>
        <code value="LibelleAdapte"/>
      </use>
      <value value="Le type de handicap ne relève pas de l'ESMS"/>
    </designation>
    <property>
      <code value="dateValid"/>
      <valueDateTime value="2023-09-22T12:00:00+01:00"/>
    </property>
    <property>
      <code value="dateMaj"/>
      <valueDateTime value="2023-09-22T12:00:00+01:00"/>
    </property>
  </concept>
  <concept>
    <code value="117"/>
    <display value="La situation de l'usager a changé, l'ESMS n'est pas adapté"/>
    <designation>
      <use>
        <code value="LibelleCourt"/>
      </use>
      <value value="Situation de l'usager changée"/>
    </designation>
    <designation>
      <use>
        <code value="LibelleAdapte"/>
      </use>
      <value value="La situation de l'usager a changé, l'ESMS n'est pas adapté"/>
    </designation>
    <property>
      <code value="dateValid"/>
      <valueDateTime value="2023-09-22T12:00:00+01:00"/>
    </property>
    <property>
      <code value="dateMaj"/>
      <valueDateTime value="2023-09-22T12:00:00+01:00"/>
    </property>
  </concept>
  <concept>
    <code value="118"/>
    <display value="L'usager ou son représentant légal refuse de s'inscrire dans l'ESMS"/>
    <designation>
      <use>
        <code value="LibelleCourt"/>
      </use>
      <value value="Refus inscription dans l'ESMS"/>
    </designation>
    <designation>
      <use>
        <code value="LibelleAdapte"/>
      </use>
      <value value="L'usager ou son représentant légal refuse de s'inscrire dans l'ESMS"/>
    </designation>
    <property>
      <code value="dateValid"/>
      <valueDateTime value="2023-09-22T12:00:00+01:00"/>
    </property>
    <property>
      <code value="dateMaj"/>
      <valueDateTime value="2023-09-22T12:00:00+01:00"/>
    </property>
  </concept>
  <concept>
    <code value="119"/>
    <display value="L'usager a été admis dans un autre ESMS, l'orientation n'est plus pertinente"/>
    <designation>
      <use>
        <code value="LibelleCourt"/>
      </use>
      <value value="Usager admis dans autre ESMS"/>
    </designation>
    <designation>
      <use>
        <code value="LibelleAdapte"/>
      </use>
      <value value="L'usager a été admis dans un autre ESMS, l'orientation n'est plus pertinente"/>
    </designation>
    <property>
      <code value="dateValid"/>
      <valueDateTime value="2023-09-22T12:00:00+01:00"/>
    </property>
    <property>
      <code value="dateMaj"/>
      <valueDateTime value="2023-09-22T12:00:00+01:00"/>
    </property>
  </concept>
  <concept>
    <code value="120"/>
    <display value="L'usager a déménagé, l'orientation n'est plus pertinente géographiquement"/>
    <designation>
      <use>
        <code value="LibelleCourt"/>
      </use>
      <value value="L'usager a déménagé"/>
    </designation>
    <designation>
      <use>
        <code value="LibelleAdapte"/>
      </use>
      <value value="L'usager a déménagé, l'orientation n'est plus pertinente géographiquement"/>
    </designation>
    <property>
      <code value="dateValid"/>
      <valueDateTime value="2023-09-22T12:00:00+01:00"/>
    </property>
    <property>
      <code value="dateMaj"/>
      <valueDateTime value="2023-09-22T12:00:00+01:00"/>
    </property>
  </concept>
  <concept>
    <code value="121"/>
    <display value="L'usager ou son représentant légal refuse d'adhérer au projet de vie de l'ESMS"/>
    <designation>
      <use>
        <code value="LibelleCourt"/>
      </use>
      <value value="Refus projet de vie de l'ESMS"/>
    </designation>
    <designation>
      <use>
        <code value="LibelleAdapte"/>
      </use>
      <value value="L'usager ou son représentant légal refuse d'adhérer au projet de vie de l'ESMS"/>
    </designation>
    <property>
      <code value="dateValid"/>
      <valueDateTime value="2023-09-22T12:00:00+01:00"/>
    </property>
    <property>
      <code value="dateMaj"/>
      <valueDateTime value="2023-09-22T12:00:00+01:00"/>
    </property>
  </concept>
  <concept>
    <code value="122"/>
    <display value="L'âge de l'usager est incompatible"/>
    <designation>
      <use>
        <code value="LibelleCourt"/>
      </use>
      <value value="Age usager est incompatible"/>
    </designation>
    <designation>
      <use>
        <code value="LibelleAdapte"/>
      </use>
      <value value="L'âge de l'usager est incompatible"/>
    </designation>
    <property>
      <code value="dateValid"/>
      <valueDateTime value="2023-09-22T12:00:00+01:00"/>
    </property>
    <property>
      <code value="dateMaj"/>
      <valueDateTime value="2023-09-22T12:00:00+01:00"/>
    </property>
  </concept>
  <concept>
    <code value="124"/>
    <display value="L'usager est décédé"/>
    <designation>
      <use>
        <code value="LibelleCourt"/>
      </use>
      <value value="L'usager est décédé"/>
    </designation>
    <designation>
      <use>
        <code value="LibelleAdapte"/>
      </use>
      <value value="L'usager est décédé"/>
    </designation>
    <property>
      <code value="dateValid"/>
      <valueDateTime value="2023-09-22T12:00:00+01:00"/>
    </property>
    <property>
      <code value="dateMaj"/>
      <valueDateTime value="2023-09-22T12:00:00+01:00"/>
    </property>
  </concept>
  <concept>
    <code value="125"/>
    <display value="L'usager a démissionné (ESAT)"/>
    <designation>
      <use>
        <code value="LibelleCourt"/>
      </use>
      <value value="Démission (ESAT)"/>
    </designation>
    <designation>
      <use>
        <code value="LibelleAdapte"/>
      </use>
      <value value="L'usager a démissionné (ESAT)"/>
    </designation>
    <property>
      <code value="dateValid"/>
      <valueDateTime value="2023-06-30T12:00:00+01:00"/>
    </property>
    <property>
      <code value="dateMaj"/>
      <valueDateTime value="2023-09-22T12:00:00+01:00"/>
    </property>
  </concept>
  <concept>
    <code value="126"/>
    <display value="Prise en charge invalidité SS (ESAT)"/>
    <designation>
      <use>
        <code value="LibelleCourt"/>
      </use>
      <value value="Prise charge invalidité SS"/>
    </designation>
    <designation>
      <use>
        <code value="LibelleAdapte"/>
      </use>
      <value value="L'usager est pris en charge par la sécurité sociale au titre de l'invalidité (ESAT)"/>
    </designation>
    <property>
      <code value="dateValid"/>
      <valueDateTime value="2023-06-30T12:00:00+01:00"/>
    </property>
    <property>
      <code value="dateMaj"/>
      <valueDateTime value="2023-09-22T12:00:00+01:00"/>
    </property>
  </concept>
  <concept>
    <code value="127"/>
    <display value="Retraite (ESAT)"/>
    <designation>
      <use>
        <code value="LibelleCourt"/>
      </use>
      <value value="Retraite (ESAT)"/>
    </designation>
    <designation>
      <use>
        <code value="LibelleAdapte"/>
      </use>
      <value value="L'usager a fait valoir ses droits à la retraite (ESAT)"/>
    </designation>
    <property>
      <code value="dateValid"/>
      <valueDateTime value="2023-06-30T12:00:00+01:00"/>
    </property>
    <property>
      <code value="dateMaj"/>
      <valueDateTime value="2023-09-22T12:00:00+01:00"/>
    </property>
  </concept>
  <concept>
    <code value="128"/>
    <display value="Fin de contrat (SAVS/SAMSAH/SESSAD)"/>
    <designation>
      <use>
        <code value="LibelleCourt"/>
      </use>
      <value value="Fin contrat SAVS/SAMSAH/SESSAD"/>
    </designation>
    <designation>
      <use>
        <code value="LibelleAdapte"/>
      </use>
      <value value="L'usager est arrivé à la fin du contrat de prise en charge (SAVS/SAMSAH/SESSAD)"/>
    </designation>
    <property>
      <code value="dateValid"/>
      <valueDateTime value="2023-06-30T12:00:00+01:00"/>
    </property>
    <property>
      <code value="dateMaj"/>
      <valueDateTime value="2023-09-22T12:00:00+01:00"/>
    </property>
  </concept>
  <concept>
    <code value="135"/>
    <display value="Fin de période d'essai"/>
    <designation>
      <use>
        <code value="LibelleCourt"/>
      </use>
      <value value="Fin de période d'essai"/>
    </designation>
    <designation>
      <use>
        <code value="LibelleAdapte"/>
      </use>
      <value value="Fin de période d'essai"/>
    </designation>
    <property>
      <code value="dateValid"/>
      <valueDateTime value="2023-06-30T12:00:00+01:00"/>
    </property>
    <property>
      <code value="dateMaj"/>
      <valueDateTime value="2023-06-30T12:00:00+01:00"/>
    </property>
  </concept>
  <concept>
    <code value="136"/>
    <display value="Renouvellement"/>
    <designation>
      <use>
        <code value="LibelleCourt"/>
      </use>
      <value value="Renouvellement"/>
    </designation>
    <designation>
      <use>
        <code value="LibelleAdapte"/>
      </use>
      <value value="Renouvellement"/>
    </designation>
    <property>
      <code value="dateValid"/>
      <valueDateTime value="2023-06-30T12:00:00+01:00"/>
    </property>
    <property>
      <code value="dateMaj"/>
      <valueDateTime value="2023-06-30T12:00:00+01:00"/>
    </property>
  </concept>
  <concept>
    <code value="146"/>
    <display value="Entrée en apprentissage"/>
    <designation>
      <use>
        <code value="LibelleCourt"/>
      </use>
      <value value="Entrée en apprentissage"/>
    </designation>
    <designation>
      <use>
        <code value="LibelleAdapte"/>
      </use>
      <value value="L'usager a pu entrer en apprentissage"/>
    </designation>
    <property>
      <code value="dateValid"/>
      <valueDateTime value="2023-06-30T12:00:00+01:00"/>
    </property>
    <property>
      <code value="dateMaj"/>
      <valueDateTime value="2023-09-22T12:00:00+01:00"/>
    </property>
  </concept>
  <concept>
    <code value="147"/>
    <display value="Réinsertion en milieu ordinaire"/>
    <designation>
      <use>
        <code value="LibelleCourt"/>
      </use>
      <value value="Réinsertion milieu ordinaire"/>
    </designation>
    <designation>
      <use>
        <code value="LibelleAdapte"/>
      </use>
      <value value="L'usager a pu se réinsérer en milieu ordinaire"/>
    </designation>
    <property>
      <code value="dateValid"/>
      <valueDateTime value="2023-06-30T12:00:00+01:00"/>
    </property>
    <property>
      <code value="dateMaj"/>
      <valueDateTime value="2023-09-22T12:00:00+01:00"/>
    </property>
  </concept>
  <concept>
    <code value="148"/>
    <display value="L'ESMS n'a pas réussi à joindre l'usager"/>
    <designation>
      <use>
        <code value="LibelleCourt"/>
      </use>
      <value value="Usager injoignable par ESMS"/>
    </designation>
    <designation>
      <use>
        <code value="LibelleAdapte"/>
      </use>
      <value value="L'ESMS n'a pas réussi à joindre l'usager"/>
    </designation>
    <property>
      <code value="dateValid"/>
      <valueDateTime value="2023-09-22T12:00:00+01:00"/>
    </property>
    <property>
      <code value="dateMaj"/>
      <valueDateTime value="2023-09-22T12:00:00+01:00"/>
    </property>
  </concept>
  <concept>
    <code value="150"/>
    <display value="L'usager a pris contact avec l'ESMS"/>
    <designation>
      <use>
        <code value="LibelleCourt"/>
      </use>
      <value value="Prise de contact avec l'ESMS"/>
    </designation>
    <designation>
      <use>
        <code value="LibelleAdapte"/>
      </use>
      <value value="L'usager a pris contact avec l'ESMS"/>
    </designation>
    <property>
      <code value="dateValid"/>
      <valueDateTime value="2023-09-22T12:00:00+01:00"/>
    </property>
    <property>
      <code value="dateMaj"/>
      <valueDateTime value="2023-09-22T12:00:00+01:00"/>
    </property>
  </concept>
  <concept>
    <code value="151"/>
    <display value="L'ESMS a pris contact avec l'usager"/>
    <designation>
      <use>
        <code value="LibelleCourt"/>
      </use>
      <value value="Prise de contact avec usager"/>
    </designation>
    <designation>
      <use>
        <code value="LibelleAdapte"/>
      </use>
      <value value="L'ESMS a pris contact avec l'usager"/>
    </designation>
    <property>
      <code value="dateValid"/>
      <valueDateTime value="2023-09-22T12:00:00+01:00"/>
    </property>
    <property>
      <code value="dateMaj"/>
      <valueDateTime value="2023-09-22T12:00:00+01:00"/>
    </property>
  </concept>
  <concept>
    <code value="152"/>
    <display value="L'usager a visité l'ESMS"/>
    <designation>
      <use>
        <code value="LibelleCourt"/>
      </use>
      <value value="L'usager a visité l'ESMS"/>
    </designation>
    <designation>
      <use>
        <code value="LibelleAdapte"/>
      </use>
      <value value="L'usager a visité l'ESMS"/>
    </designation>
    <property>
      <code value="dateValid"/>
      <valueDateTime value="2023-09-22T12:00:00+01:00"/>
    </property>
    <property>
      <code value="dateMaj"/>
      <valueDateTime value="2023-09-22T12:00:00+01:00"/>
    </property>
  </concept>
  <concept>
    <code value="153"/>
    <display value="L'ESMS a envoyé une documentation à l'usager"/>
    <designation>
      <use>
        <code value="LibelleCourt"/>
      </use>
      <value value="Documentation ESMS envoyée"/>
    </designation>
    <designation>
      <use>
        <code value="LibelleAdapte"/>
      </use>
      <value value="L'ESMS a envoyé une documentation à l'usager"/>
    </designation>
    <property>
      <code value="dateValid"/>
      <valueDateTime value="2023-09-22T12:00:00+01:00"/>
    </property>
    <property>
      <code value="dateMaj"/>
      <valueDateTime value="2023-09-22T12:00:00+01:00"/>
    </property>
  </concept>
  <concept>
    <code value="157"/>
    <display value="Hospitalisation"/>
    <designation>
      <use>
        <code value="LibelleCourt"/>
      </use>
      <value value="Hospitalisation"/>
    </designation>
    <designation>
      <use>
        <code value="LibelleAdapte"/>
      </use>
      <value value="Hospitalisation"/>
    </designation>
    <property>
      <code value="dateValid"/>
      <valueDateTime value="2023-06-30T12:00:00+01:00"/>
    </property>
    <property>
      <code value="dateMaj"/>
      <valueDateTime value="2023-06-30T12:00:00+01:00"/>
    </property>
  </concept>
  <concept>
    <code value="158"/>
    <display value="Admission en établissement pour personnes âgées"/>
    <designation>
      <use>
        <code value="LibelleCourt"/>
      </use>
      <value value="Adm étab. pr personnes âgées"/>
    </designation>
    <designation>
      <use>
        <code value="LibelleAdapte"/>
      </use>
      <value value="L'usager est admis dans un établissement pour personnes âgées"/>
    </designation>
    <property>
      <code value="dateValid"/>
      <valueDateTime value="2023-06-30T12:00:00+01:00"/>
    </property>
    <property>
      <code value="dateMaj"/>
      <valueDateTime value="2023-09-22T12:00:00+01:00"/>
    </property>
  </concept>
  <concept>
    <code value="159"/>
    <display value="Fin de formation"/>
    <designation>
      <use>
        <code value="LibelleCourt"/>
      </use>
      <value value="Fin de formation"/>
    </designation>
    <designation>
      <use>
        <code value="LibelleAdapte"/>
      </use>
      <value value="Fin de formation"/>
    </designation>
    <property>
      <code value="dateValid"/>
      <valueDateTime value="2023-06-30T12:00:00+01:00"/>
    </property>
    <property>
      <code value="dateMaj"/>
      <valueDateTime value="2023-06-30T12:00:00+01:00"/>
    </property>
  </concept>
  <concept>
    <code value="168"/>
    <display value="Pour placer l'usager en liste d'attente"/>
    <designation>
      <use>
        <code value="LibelleCourt"/>
      </use>
      <value value="Usager en liste d'attente"/>
    </designation>
    <designation>
      <use>
        <code value="LibelleAdapte"/>
      </use>
      <value value="Pour placer l'usager en liste d'attente"/>
    </designation>
    <property>
      <code value="dateValid"/>
      <valueDateTime value="2023-09-22T12:00:00+01:00"/>
    </property>
    <property>
      <code value="dateMaj"/>
      <valueDateTime value="2023-09-22T12:00:00+01:00"/>
    </property>
  </concept>
  <concept>
    <code value="170"/>
    <display value="Pour prendre en charge l'usager à temps adapté"/>
    <designation>
      <use>
        <code value="LibelleCourt"/>
      </use>
      <value value="PEC de l'usager à temps adapté"/>
    </designation>
    <designation>
      <use>
        <code value="LibelleAdapte"/>
      </use>
      <value value="Pour prendre en charge l'usager à temps adapté"/>
    </designation>
    <property>
      <code value="dateValid"/>
      <valueDateTime value="2023-09-22T12:00:00+01:00"/>
    </property>
    <property>
      <code value="dateMaj"/>
      <valueDateTime value="2023-09-22T12:00:00+01:00"/>
    </property>
  </concept>
  <concept>
    <code value="172"/>
    <display value="Changement de situation de l'usager"/>
    <designation>
      <use>
        <code value="LibelleCourt"/>
      </use>
      <value value="Changement de situation usager"/>
    </designation>
    <designation>
      <use>
        <code value="LibelleAdapte"/>
      </use>
      <value value="Changement de situation de l'usager"/>
    </designation>
    <property>
      <code value="dateValid"/>
      <valueDateTime value="2023-09-22T12:00:00+01:00"/>
    </property>
    <property>
      <code value="dateMaj"/>
      <valueDateTime value="2023-09-22T12:00:00+01:00"/>
    </property>
  </concept>
  <concept>
    <code value="173"/>
    <display value="Une autre décision annule et remplace cette décision"/>
    <designation>
      <use>
        <code value="LibelleCourt"/>
      </use>
      <value value="Annule et remplace décision"/>
    </designation>
    <designation>
      <use>
        <code value="LibelleAdapte"/>
      </use>
      <value value="Une autre décision annule et remplace cette décision"/>
    </designation>
    <property>
      <code value="dateValid"/>
      <valueDateTime value="2023-09-22T12:00:00+01:00"/>
    </property>
    <property>
      <code value="dateMaj"/>
      <valueDateTime value="2023-09-22T12:00:00+01:00"/>
    </property>
  </concept>
  <concept>
    <code value="174"/>
    <display value="Décision clôturée par la MDPH"/>
    <designation>
      <use>
        <code value="LibelleCourt"/>
      </use>
      <value value="Décision clôturée par la MDPH"/>
    </designation>
    <designation>
      <use>
        <code value="LibelleAdapte"/>
      </use>
      <value value="Décision clôturée par la MDPH"/>
    </designation>
    <property>
      <code value="dateValid"/>
      <valueDateTime value="2023-09-22T12:00:00+01:00"/>
    </property>
    <property>
      <code value="dateMaj"/>
      <valueDateTime value="2023-09-22T12:00:00+01:00"/>
    </property>
  </concept>
  <concept>
    <code value="184"/>
    <display value="L'usager est accueilli en famille d'accueil"/>
    <designation>
      <use>
        <code value="LibelleCourt"/>
      </use>
      <value value="Usager en famille d'accueil"/>
    </designation>
    <designation>
      <use>
        <code value="LibelleAdapte"/>
      </use>
      <value value="L'usager est accueilli en famille d'accueil"/>
    </designation>
    <property>
      <code value="dateValid"/>
      <valueDateTime value="2023-06-30T12:00:00+01:00"/>
    </property>
    <property>
      <code value="dateMaj"/>
      <valueDateTime value="2023-09-22T12:00:00+01:00"/>
    </property>
  </concept>
  <concept>
    <code value="204"/>
    <display value="Fin de l'accueil temporaire"/>
    <designation>
      <use>
        <code value="LibelleCourt"/>
      </use>
      <value value="Fin de l'accueil temporaire"/>
    </designation>
    <designation>
      <use>
        <code value="LibelleAdapte"/>
      </use>
      <value value="Fin de l'accueil temporaire"/>
    </designation>
    <property>
      <code value="dateValid"/>
      <valueDateTime value="2023-09-22T12:00:00+01:00"/>
    </property>
    <property>
      <code value="dateMaj"/>
      <valueDateTime value="2023-09-22T12:00:00+01:00"/>
    </property>
  </concept>
  <concept>
    <code value="253"/>
    <display value="L'usager est transféré dans une autre unité"/>
    <designation>
      <use>
        <code value="LibelleCourt"/>
      </use>
      <value value="Usager transféré - autre unité"/>
    </designation>
    <designation>
      <use>
        <code value="LibelleAdapte"/>
      </use>
      <value value="L'usager est transféré dans une autre unité"/>
    </designation>
    <property>
      <code value="dateValid"/>
      <valueDateTime value="2023-09-22T12:00:00+01:00"/>
    </property>
    <property>
      <code value="dateMaj"/>
      <valueDateTime value="2023-09-22T12:00:00+01:00"/>
    </property>
  </concept>
</CodeSystem>