<?xml version="1.0" encoding="UTF-8"?>

<CodeSystem xmlns="http://hl7.org/fhir">
  <id value="TRE-R201-TypeDivisionTerritoriale"/>
  <text>
    <status value="generated"/><div xmlns="http://www.w3.org/1999/xhtml"><p class="res-header-id"><b>Generated Narrative: CodeSystem TRE-R201-TypeDivisionTerritoriale</b></p><a name="TRE-R201-TypeDivisionTerritoriale"> </a><a name="hcTRE-R201-TypeDivisionTerritoriale"> </a><a name="TRE-R201-TypeDivisionTerritoriale-en-US"> </a><p><b>Properties</b></p><p><b>This code system defines the following properties for its concepts</b></p><table class="grid"><tr><td><b>Name</b></td><td><b>Code</b></td><td><b>Type</b></td><td><b>Description</b></td></tr><tr><td>dateValid</td><td>dateValid</td><td>dateTime</td><td>date de validité d'un code concept</td></tr><tr><td>dateMaj</td><td>dateMaj</td><td>dateTime</td><td>Date de mise à jour d'un code concept</td></tr><tr><td>dateFin</td><td>dateFin</td><td>dateTime</td><td>Date de fin d'exploitation d'un code concept</td></tr></table><p><b>Concepts</b></p><p>This  code system <code>https://mos.esante.gouv.fr/NOS/TRE_R201-TypeDivisionTerritoriale/FHIR/TRE-R201-TypeDivisionTerritoriale</code> defines the following codes:</p><table class="codes"><tr><td style="white-space:nowrap"><b>Code</b></td><td><b>Display</b></td><td><b>dateValid</b></td><td><b>dateMaj</b></td></tr><tr><td style="white-space:nowrap">1<a name="TRE-R201-TypeDivisionTerritoriale-1"> </a></td><td>Région</td><td>2015-03-25T00:00:00+01:00</td><td>2018-04-27T12:00:00+01:00</td></tr><tr><td style="white-space:nowrap">2<a name="TRE-R201-TypeDivisionTerritoriale-2"> </a></td><td>Département</td><td>2015-03-25T00:00:00+01:00</td><td>2018-04-27T12:00:00+01:00</td></tr><tr><td style="white-space:nowrap">3<a name="TRE-R201-TypeDivisionTerritoriale-3"> </a></td><td>Commune</td><td>2015-03-25T00:00:00+01:00</td><td>2018-04-27T12:00:00+01:00</td></tr><tr><td style="white-space:nowrap">4<a name="TRE-R201-TypeDivisionTerritoriale-4"> </a></td><td>Territoire de Santé</td><td>2015-03-25T00:00:00+01:00</td><td>2018-04-27T12:00:00+01:00</td></tr><tr><td style="white-space:nowrap">5<a name="TRE-R201-TypeDivisionTerritoriale-5"> </a></td><td>Pays</td><td>2015-03-25T00:00:00+01:00</td><td>2018-04-27T12:00:00+01:00</td></tr><tr><td style="white-space:nowrap">6<a name="TRE-R201-TypeDivisionTerritoriale-6"> </a></td><td>Zone de Défense</td><td>2018-04-27T12:00:00+01:00</td><td>2018-04-27T12:00:00+01:00</td></tr></table></div>
  </text>
  <extension url="http://hl7.org/fhir/StructureDefinition/resource-effectivePeriod">
    <valuePeriod>
      <start value="2015-03-25T00:00:00+01:00"/>
    </valuePeriod>
  </extension>
  <url value="https://mos.esante.gouv.fr/NOS/TRE_R201-TypeDivisionTerritoriale/FHIR/TRE-R201-TypeDivisionTerritoriale"/>
  <identifier>
    <value value="urn:oid:1.2.250.1.213.3.3.2"/>
  </identifier>
  <version value="1.3.0"/>
  <name value="TRE_R201-TypeDivisionTerritoriale"/>
  <status value="active"/>
  <date value="2023-12-15T12:00:00+01:00"/>
  <publisher value="ANS"/>
  <contact>
    <name value="ANS"/>
    <telecom>
      <system value="url"/>
      <value value="https://esante.gouv.fr"/>
    </telecom>
  </contact>
  <description value="Type de division territoriale"/>
  <content value="complete"/>
  <property>
    <code value="dateValid"/>
    <description value="date de validité d'un code concept"/>
    <type value="dateTime"/>
  </property>
  <property>
    <code value="dateMaj"/>
    <description value="Date de mise à jour d'un code concept"/>
    <type value="dateTime"/>
  </property>
  <property>
    <code value="dateFin"/>
    <description value="Date de fin d'exploitation d'un code concept"/>
    <type value="dateTime"/>
  </property>
  <concept>
    <code value="1"/>
    <display value="Région"/>
    <designation>
      <use>
        <code value="LibelleCourt"/>
      </use>
      <value value="Région"/>
    </designation>
    <designation>
      <use>
        <code value="LibelleAdapte"/>
      </use>
      <value value="Région"/>
    </designation>
    <property>
      <code value="dateValid"/>
      <valueDateTime value="2015-03-25T00:00:00+01:00"/>
    </property>
    <property>
      <code value="dateMaj"/>
      <valueDateTime value="2018-04-27T12:00:00+01:00"/>
    </property>
  </concept>
  <concept>
    <code value="2"/>
    <display value="Département"/>
    <designation>
      <use>
        <code value="LibelleCourt"/>
      </use>
      <value value="Département"/>
    </designation>
    <designation>
      <use>
        <code value="LibelleAdapte"/>
      </use>
      <value value="Département"/>
    </designation>
    <property>
      <code value="dateValid"/>
      <valueDateTime value="2015-03-25T00:00:00+01:00"/>
    </property>
    <property>
      <code value="dateMaj"/>
      <valueDateTime value="2018-04-27T12:00:00+01:00"/>
    </property>
  </concept>
  <concept>
    <code value="3"/>
    <display value="Commune"/>
    <designation>
      <use>
        <code value="LibelleCourt"/>
      </use>
      <value value="Commune"/>
    </designation>
    <designation>
      <use>
        <code value="LibelleAdapte"/>
      </use>
      <value value="Commune"/>
    </designation>
    <property>
      <code value="dateValid"/>
      <valueDateTime value="2015-03-25T00:00:00+01:00"/>
    </property>
    <property>
      <code value="dateMaj"/>
      <valueDateTime value="2018-04-27T12:00:00+01:00"/>
    </property>
  </concept>
  <concept>
    <code value="4"/>
    <display value="Territoire de Santé"/>
    <designation>
      <use>
        <code value="LibelleCourt"/>
      </use>
      <value value="Territoire de Santé"/>
    </designation>
    <designation>
      <use>
        <code value="LibelleAdapte"/>
      </use>
      <value value="Territoire de Santé"/>
    </designation>
    <property>
      <code value="dateValid"/>
      <valueDateTime value="2015-03-25T00:00:00+01:00"/>
    </property>
    <property>
      <code value="dateMaj"/>
      <valueDateTime value="2018-04-27T12:00:00+01:00"/>
    </property>
  </concept>
  <concept>
    <code value="5"/>
    <display value="Pays"/>
    <designation>
      <use>
        <code value="LibelleCourt"/>
      </use>
      <value value="Pays"/>
    </designation>
    <designation>
      <use>
        <code value="LibelleAdapte"/>
      </use>
      <value value="Pays"/>
    </designation>
    <property>
      <code value="dateValid"/>
      <valueDateTime value="2015-03-25T00:00:00+01:00"/>
    </property>
    <property>
      <code value="dateMaj"/>
      <valueDateTime value="2018-04-27T12:00:00+01:00"/>
    </property>
  </concept>
  <concept>
    <code value="6"/>
    <display value="Zone de Défense"/>
    <designation>
      <use>
        <code value="LibelleCourt"/>
      </use>
      <value value="Zone de Défense"/>
    </designation>
    <designation>
      <use>
        <code value="LibelleAdapte"/>
      </use>
      <value value="Zone de Défense"/>
    </designation>
    <property>
      <code value="dateValid"/>
      <valueDateTime value="2018-04-27T12:00:00+01:00"/>
    </property>
    <property>
      <code value="dateMaj"/>
      <valueDateTime value="2018-04-27T12:00:00+01:00"/>
    </property>
  </concept>
</CodeSystem>