<?xml version="1.0" encoding="UTF-8"?>

<CodeSystem xmlns="http://hl7.org/fhir">
  <id value="TRE-R87-TypeCarte"/>
  <text>
    <status value="generated"/><div xmlns="http://www.w3.org/1999/xhtml"><p><b>Properties</b></p><p><b>This code system  defines the following properties for its concepts</b></p><table class="grid"><tr><td><b>Code</b></td><td><b>Type</b></td><td><b>Description</b></td></tr><tr><td>dateValid</td><td>dateTime</td><td>date de validité d'un code concept</td></tr><tr><td>dateMaj</td><td>dateTime</td><td>Date de mise à jour d'un code concept</td></tr><tr><td>dateFin</td><td>dateTime</td><td>Date de fin d'exploitation d'un code concept</td></tr></table><p><b>Concepts</b></p><p>This  code system <code>https://mos.esante.gouv.fr/NOS/TRE_R87-TypeCarte/FHIR/TRE-R87-TypeCarte</code> defines the following codes:</p><table class="codes"><tr><td style="white-space:nowrap"><b>Code</b></td><td><b>Display</b></td><td><b>dateValid</b></td><td><b>dateMaj</b></td></tr><tr><td style="white-space:nowrap">CPA<a name="TRE-R87-TypeCarte-CPA"> </a></td><td>Carte de Personnel Autorisé (CDA/CPA)</td><td>2012-04-12T00:00:00+01:00</td><td>2016-03-22T00:00:00+01:00</td></tr><tr><td style="white-space:nowrap">CPE<a name="TRE-R87-TypeCarte-CPE"> </a></td><td>Carte de Personnel d'Etablissement de santé (CDE/CPE)</td><td>2012-04-12T00:00:00+01:00</td><td>2016-09-01T00:00:00+01:00</td></tr><tr><td style="white-space:nowrap">CPF<a name="TRE-R87-TypeCarte-CPF"> </a></td><td>Carte de Professionnel de Santé en Formation (CPF)</td><td>2012-04-12T00:00:00+01:00</td><td>2012-04-12T00:00:00+01:00</td></tr><tr><td style="white-space:nowrap">CPS<a name="TRE-R87-TypeCarte-CPS"> </a></td><td>Carte de Professionnel de Santé (CPS)</td><td>2012-04-12T00:00:00+01:00</td><td>2012-04-12T00:00:00+01:00</td></tr></table></div>
  </text>
  <extension url="http://hl7.org/fhir/StructureDefinition/resource-effectivePeriod">
    <valuePeriod>
      <start value="2012-04-12T00:00:00+01:00"/>
    </valuePeriod>
  </extension>
  <url value="https://mos.esante.gouv.fr/NOS/TRE_R87-TypeCarte/FHIR/TRE-R87-TypeCarte"/>
  <identifier>
    <value value="urn:oid:1.2.250.1.213.1.6.1.106"/>
  </identifier>
  <version value="1.2.0"/>
  <name value="TRE_R87-TypeCarte"/>
  <status value="active"/>
  <date value="2023-12-15T12:00:00+01:00"/>
  <publisher value="ANS"/>
  <contact>
    <name value="ANS"/>
    <telecom>
      <system value="url"/>
      <value value="https://esante.gouv.fr"/>
    </telecom>
  </contact>
  <description value="Type de carte"/>
  <content value="complete"/>
  <property>
    <code value="dateValid"/>
    <description value="date de validité d'un code concept"/>
    <type value="dateTime"/>
  </property>
  <property>
    <code value="dateMaj"/>
    <description value="Date de mise à jour d'un code concept"/>
    <type value="dateTime"/>
  </property>
  <property>
    <code value="dateFin"/>
    <description value="Date de fin d'exploitation d'un code concept"/>
    <type value="dateTime"/>
  </property>
  <concept>
    <code value="CPA"/>
    <display value="Carte de Personnel Autorisé (CDA/CPA)"/>
    <designation>
      <use>
        <code value="LibelleCourt"/>
      </use>
      <value value="CPA"/>
    </designation>
    <designation>
      <use>
        <code value="LibelleAdapte"/>
      </use>
      <value value="Carte de Personnel Autorisé (CDA/CPA)"/>
    </designation>
    <property>
      <code value="dateValid"/>
      <valueDateTime value="2012-04-12T00:00:00+01:00"/>
    </property>
    <property>
      <code value="dateMaj"/>
      <valueDateTime value="2016-03-22T00:00:00+01:00"/>
    </property>
  </concept>
  <concept>
    <code value="CPE"/>
    <display value="Carte de Personnel d'Etablissement de santé (CDE/CPE)"/>
    <designation>
      <use>
        <code value="LibelleCourt"/>
      </use>
      <value value="CPE"/>
    </designation>
    <designation>
      <use>
        <code value="LibelleAdapte"/>
      </use>
      <value value="Carte de Personnel d'Etablissement de santé (CDE/CPE)"/>
    </designation>
    <property>
      <code value="dateValid"/>
      <valueDateTime value="2012-04-12T00:00:00+01:00"/>
    </property>
    <property>
      <code value="dateMaj"/>
      <valueDateTime value="2016-09-01T00:00:00+01:00"/>
    </property>
  </concept>
  <concept>
    <code value="CPF"/>
    <display value="Carte de Professionnel de Santé en Formation (CPF)"/>
    <designation>
      <use>
        <code value="LibelleCourt"/>
      </use>
      <value value="CPF"/>
    </designation>
    <designation>
      <use>
        <code value="LibelleAdapte"/>
      </use>
      <value value="Carte de Professionnel de Santé en Formation (CPF)"/>
    </designation>
    <property>
      <code value="dateValid"/>
      <valueDateTime value="2012-04-12T00:00:00+01:00"/>
    </property>
    <property>
      <code value="dateMaj"/>
      <valueDateTime value="2012-04-12T00:00:00+01:00"/>
    </property>
  </concept>
  <concept>
    <code value="CPS"/>
    <display value="Carte de Professionnel de Santé (CPS)"/>
    <designation>
      <use>
        <code value="LibelleCourt"/>
      </use>
      <value value="CPS"/>
    </designation>
    <designation>
      <use>
        <code value="LibelleAdapte"/>
      </use>
      <value value="Carte de Professionnel de Santé (CPS)"/>
    </designation>
    <property>
      <code value="dateValid"/>
      <valueDateTime value="2012-04-12T00:00:00+01:00"/>
    </property>
    <property>
      <code value="dateMaj"/>
      <valueDateTime value="2012-04-12T00:00:00+01:00"/>
    </property>
  </concept>
</CodeSystem>