<?xml version="1.0" encoding="UTF-8"?>

<CodeSystem xmlns="http://hl7.org/fhir">
  <id value="TRE-R69-FinessAgregatStatutJuridiqueNiv2"/>
  <text>
    <status value="generated"/><div xmlns="http://www.w3.org/1999/xhtml"><p class="res-header-id"><b>Generated Narrative: CodeSystem TRE-R69-FinessAgregatStatutJuridiqueNiv2</b></p><a name="TRE-R69-FinessAgregatStatutJuridiqueNiv2"> </a><a name="hcTRE-R69-FinessAgregatStatutJuridiqueNiv2"> </a><a name="hcTRE-R69-FinessAgregatStatutJuridiqueNiv2-en-US"> </a><p><b>Properties</b></p><p><b>This code system defines the following properties for its concepts</b></p><table class="grid"><tr><td><b>Name</b></td><td><b>Code</b></td><td><b>Type</b></td><td><b>Description</b></td></tr><tr><td>dateValid</td><td>dateValid</td><td>dateTime</td><td>date de validité d'un code concept</td></tr><tr><td>dateMaj</td><td>dateMaj</td><td>dateTime</td><td>Date de mise à jour d'un code concept</td></tr><tr><td>dateFin</td><td>dateFin</td><td>dateTime</td><td>Date de fin d'exploitation d'un code concept</td></tr></table><p><b>Concepts</b></p><p>This  code system <code>https://mos.esante.gouv.fr/NOS/TRE_R69-FinessAgregatStatutJuridiqueNiv2/FHIR/TRE-R69-FinessAgregatStatutJuridiqueNiv2</code> defines the following codes:</p><table class="codes"><tr><td style="white-space:nowrap"><b>Code</b></td><td><b>Display</b></td><td><b>dateValid</b></td><td><b>dateMaj</b></td></tr><tr><td style="white-space:nowrap">1100<a name="TRE-R69-FinessAgregatStatutJuridiqueNiv2-1100"> </a></td><td>Etat et Collectivités Territoriales</td><td>1979-01-01T00:00:00+01:00</td><td>1979-01-01T00:00:00+01:00</td></tr><tr><td style="white-space:nowrap">1200<a name="TRE-R69-FinessAgregatStatutJuridiqueNiv2-1200"> </a></td><td>Etablissement Public</td><td>1979-01-01T00:00:00+01:00</td><td>1979-01-01T00:00:00+01:00</td></tr><tr><td style="white-space:nowrap">2100<a name="TRE-R69-FinessAgregatStatutJuridiqueNiv2-2100"> </a></td><td>Organisme Privé à But non Lucratif</td><td>1979-01-01T00:00:00+01:00</td><td>1979-01-01T00:00:00+01:00</td></tr><tr><td style="white-space:nowrap">2200<a name="TRE-R69-FinessAgregatStatutJuridiqueNiv2-2200"> </a></td><td>Organisme Privé à Caractère Commercial</td><td>1979-01-01T00:00:00+01:00</td><td>1979-01-01T00:00:00+01:00</td></tr><tr><td style="white-space:nowrap">3100<a name="TRE-R69-FinessAgregatStatutJuridiqueNiv2-3100"> </a></td><td>Personne Morale de Droit Etranger</td><td>1979-01-01T00:00:00+01:00</td><td>1979-01-01T00:00:00+01:00</td></tr></table></div>
  </text>
  <extension url="http://hl7.org/fhir/StructureDefinition/resource-effectivePeriod">
    <valuePeriod>
      <start value="1979-01-01T00:00:00+01:00"/>
    </valuePeriod>
  </extension>
  <url value="https://mos.esante.gouv.fr/NOS/TRE_R69-FinessAgregatStatutJuridiqueNiv2/FHIR/TRE-R69-FinessAgregatStatutJuridiqueNiv2"/>
  <identifier>
    <value value="urn:oid:1.2.250.1.213.1.6.1.64"/>
  </identifier>
  <version value="1.2.0"/>
  <name value="TRE_R69-FinessAgregatStatutJuridiqueNiv2"/>
  <status value="active"/>
  <date value="2023-12-15T12:00:00+01:00"/>
  <publisher value="ANS"/>
  <contact>
    <name value="ANS"/>
    <telecom>
      <system value="url"/>
      <value value="https://esante.gouv.fr"/>
    </telecom>
  </contact>
  <description value="Agrégats de statuts juridiques FINESS niveau 2"/>
  <content value="complete"/>
  <property>
    <code value="dateValid"/>
    <description value="date de validité d'un code concept"/>
    <type value="dateTime"/>
  </property>
  <property>
    <code value="dateMaj"/>
    <description value="Date de mise à jour d'un code concept"/>
    <type value="dateTime"/>
  </property>
  <property>
    <code value="dateFin"/>
    <description value="Date de fin d'exploitation d'un code concept"/>
    <type value="dateTime"/>
  </property>
  <concept>
    <code value="1100"/>
    <display value="Etat et Collectivités Territoriales"/>
    <designation>
      <use>
        <code value="LibelleCourt"/>
      </use>
      <value value="Etat &amp; Col.Territ."/>
    </designation>
    <designation>
      <use>
        <code value="LibelleAdapte"/>
      </use>
      <value value="Etat et Collectivités territoriales"/>
    </designation>
    <property>
      <code value="dateValid"/>
      <valueDateTime value="1979-01-01T00:00:00+01:00"/>
    </property>
    <property>
      <code value="dateMaj"/>
      <valueDateTime value="1979-01-01T00:00:00+01:00"/>
    </property>
  </concept>
  <concept>
    <code value="1200"/>
    <display value="Etablissement Public"/>
    <designation>
      <use>
        <code value="LibelleCourt"/>
      </use>
      <value value="Etablissement Public"/>
    </designation>
    <designation>
      <use>
        <code value="LibelleAdapte"/>
      </use>
      <value value="Etablissement public"/>
    </designation>
    <property>
      <code value="dateValid"/>
      <valueDateTime value="1979-01-01T00:00:00+01:00"/>
    </property>
    <property>
      <code value="dateMaj"/>
      <valueDateTime value="1979-01-01T00:00:00+01:00"/>
    </property>
  </concept>
  <concept>
    <code value="2100"/>
    <display value="Organisme Privé à But non Lucratif"/>
    <designation>
      <use>
        <code value="LibelleCourt"/>
      </use>
      <value value="Org.Privé non Lucr."/>
    </designation>
    <designation>
      <use>
        <code value="LibelleAdapte"/>
      </use>
      <value value="Organisme privé à but non lucratif"/>
    </designation>
    <property>
      <code value="dateValid"/>
      <valueDateTime value="1979-01-01T00:00:00+01:00"/>
    </property>
    <property>
      <code value="dateMaj"/>
      <valueDateTime value="1979-01-01T00:00:00+01:00"/>
    </property>
  </concept>
  <concept>
    <code value="2200"/>
    <display value="Organisme Privé à Caractère Commercial"/>
    <designation>
      <use>
        <code value="LibelleCourt"/>
      </use>
      <value value="Org. Privé Commer."/>
    </designation>
    <designation>
      <use>
        <code value="LibelleAdapte"/>
      </use>
      <value value="Organisme privé à caractère commercial"/>
    </designation>
    <property>
      <code value="dateValid"/>
      <valueDateTime value="1979-01-01T00:00:00+01:00"/>
    </property>
    <property>
      <code value="dateMaj"/>
      <valueDateTime value="1979-01-01T00:00:00+01:00"/>
    </property>
  </concept>
  <concept>
    <code value="3100"/>
    <display value="Personne Morale de Droit Etranger"/>
    <designation>
      <use>
        <code value="LibelleCourt"/>
      </use>
      <value value="Pers.Moral.Etranger"/>
    </designation>
    <designation>
      <use>
        <code value="LibelleAdapte"/>
      </use>
      <value value="Personne morale de droit étranger"/>
    </designation>
    <property>
      <code value="dateValid"/>
      <valueDateTime value="1979-01-01T00:00:00+01:00"/>
    </property>
    <property>
      <code value="dateMaj"/>
      <valueDateTime value="1979-01-01T00:00:00+01:00"/>
    </property>
  </concept>
</CodeSystem>