<?xml version="1.0" encoding="UTF-8"?>

<CodeSystem xmlns="http://hl7.org/fhir">
  <id value="TRE-R17-TypeAutorisation"/>
  <text>
    <status value="generated"/><div xmlns="http://www.w3.org/1999/xhtml"><p><b>Properties</b></p><p><b>This code system  defines the following properties for its concepts</b></p><table class="grid"><tr><td><b>Code</b></td><td><b>Type</b></td><td><b>Description</b></td></tr><tr><td>dateValid</td><td>dateTime</td><td>date de validité d'un code concept</td></tr><tr><td>dateMaj</td><td>dateTime</td><td>Date de mise à jour d'un code concept</td></tr><tr><td>dateFin</td><td>dateTime</td><td>Date de fin d'exploitation d'un code concept</td></tr></table><p><b>Concepts</b></p><p>This  code system <code>https://mos.esante.gouv.fr/NOS/TRE_R17-TypeAutorisation/FHIR/TRE-R17-TypeAutorisation</code> defines the following codes:</p><table class="codes"><tr><td style="white-space:nowrap"><b>Code</b></td><td><b>Display</b></td><td><b>Definition</b></td><td><b>dateValid</b></td><td><b>dateMaj</b></td><td><b>dateFin</b></td></tr><tr><td style="white-space:nowrap">AM00<a name="TRE-R17-TypeAutorisation-AM00"> </a></td><td>Autre type d'autorisation</td><td/><td>2007-07-26T17:43:20+01:00</td><td>2016-09-01T00:00:00+01:00</td><td/></tr><tr><td style="white-space:nowrap">AM01<a name="TRE-R17-TypeAutorisation-AM01"> </a></td><td>Autorisation de plein exercice</td><td/><td>2007-07-26T17:43:20+01:00</td><td>2023-03-31T12:00:00+01:00</td><td/></tr><tr><td style="white-space:nowrap">AM02<a name="TRE-R17-TypeAutorisation-AM02"> </a></td><td>Autorisation ministérielle d'exercice en qualité de PAC</td><td/><td>2007-07-26T17:43:20+01:00</td><td>2016-09-01T00:00:00+01:00</td><td/></tr><tr><td style="white-space:nowrap">AM03<a name="TRE-R17-TypeAutorisation-AM03"> </a></td><td>Autorisation d'exercice limité à un seul hôpital</td><td/><td>2007-07-26T17:43:20+01:00</td><td>2016-09-01T00:00:00+01:00</td><td/></tr><tr><td style="white-space:nowrap">AM04<a name="TRE-R17-TypeAutorisation-AM04"> </a></td><td>Autorisation Propharmacie</td><td/><td>2007-07-26T17:43:20+01:00</td><td>2016-09-01T00:00:00+01:00</td><td/></tr><tr><td style="white-space:nowrap">AM05<a name="TRE-R17-TypeAutorisation-AM05"> </a></td><td>Directeur de laboratoire (scientifique, médecin, pharmacien)</td><td/><td>2007-07-26T17:43:20+01:00</td><td>2016-09-01T00:00:00+01:00</td><td/></tr><tr><td style="white-space:nowrap">AM06<a name="TRE-R17-TypeAutorisation-AM06"> </a></td><td>Autorisation préfectorale de Guyane art L4131-5</td><td>Autorisation d'exercice des médecins telle que prévue à l'article L4131-5 du Code de la Santé Publique en vigueur du 28/01/2005 au 26/07/2020.</td><td>2007-07-26T17:43:20+01:00</td><td>2021-10-29T12:00:00+01:00</td><td>2021-10-29T12:00:00+01:00</td></tr><tr><td style="white-space:nowrap">AM07<a name="TRE-R17-TypeAutorisation-AM07"> </a></td><td>Autorisation préfectorale de Saint-Pierre-et-Miquelon art L4131-5</td><td>Autorisation d'exercice des médecins telle que prévue à l'article L4131-5 du Code de la Santé Publique en vigueur du 22/06/2000 au 26/07/2020.</td><td>2007-07-26T17:43:20+01:00</td><td>2021-10-29T12:00:00+01:00</td><td>2021-10-29T12:00:00+01:00</td></tr><tr><td style="white-space:nowrap">AM08<a name="TRE-R17-TypeAutorisation-AM08"> </a></td><td>Pays avec convention inter-état</td><td/><td>2007-07-26T00:00:00+01:00</td><td>2016-09-01T00:00:00+01:00</td><td/></tr><tr><td style="white-space:nowrap">AM09<a name="TRE-R17-TypeAutorisation-AM09"> </a></td><td>Code de la santé</td><td/><td>2007-07-26T00:00:00+01:00</td><td>2016-09-01T00:00:00+01:00</td><td/></tr><tr><td style="white-space:nowrap">AM10<a name="TRE-R17-TypeAutorisation-AM10"> </a></td><td>Traité de Rome</td><td/><td>2007-07-26T00:00:00+01:00</td><td>2016-09-01T00:00:00+01:00</td><td/></tr><tr><td style="white-space:nowrap">AM11<a name="TRE-R17-TypeAutorisation-AM11"> </a></td><td>Nombre par arrête (NPA art L 4111-2 1 et 1bis du CSP)</td><td/><td>2007-07-26T00:00:00+01:00</td><td>2016-09-01T00:00:00+01:00</td><td/></tr><tr><td style="white-space:nowrap">AM12<a name="TRE-R17-TypeAutorisation-AM12"> </a></td><td>Loi Hôpital, patients, santé et territoires (HPST) du 21 Juillet 2009</td><td/><td>2007-07-26T00:00:00+01:00</td><td>2016-09-01T00:00:00+01:00</td><td/></tr><tr><td style="white-space:nowrap">AM13<a name="TRE-R17-TypeAutorisation-AM13"> </a></td><td>Hôpital Américain exclusivement</td><td/><td>2007-07-26T00:00:00+01:00</td><td>2016-09-01T00:00:00+01:00</td><td/></tr><tr><td style="white-space:nowrap">AM14<a name="TRE-R17-TypeAutorisation-AM14"> </a></td><td>Arrangement France-Québec (art L 4111-3-1 CSP)</td><td/><td>2007-07-26T00:00:00+01:00</td><td>2016-09-01T00:00:00+01:00</td><td/></tr><tr><td style="white-space:nowrap">AM15<a name="TRE-R17-TypeAutorisation-AM15"> </a></td><td>Article L 4131-1-1 du CSP</td><td/><td>2007-07-26T00:00:00+01:00</td><td>2016-09-01T00:00:00+01:00</td><td/></tr><tr><td style="white-space:nowrap">AM16<a name="TRE-R17-TypeAutorisation-AM16"> </a></td><td>Arabie Saoudite décret n°2012-1123 du 03-10-2012</td><td/><td>2013-03-08T00:00:00+01:00</td><td>2016-09-01T00:00:00+01:00</td><td/></tr><tr><td style="white-space:nowrap">AM17<a name="TRE-R17-TypeAutorisation-AM17"> </a></td><td>Emirats Arabes Unis décret n°2012-863 du 5-07-2012</td><td/><td>2012-07-05T00:00:00+01:00</td><td>2016-09-01T00:00:00+01:00</td><td/></tr><tr><td style="white-space:nowrap">AM18<a name="TRE-R17-TypeAutorisation-AM18"> </a></td><td>Autorisation de l'Agence régionale de santé (ARS)</td><td/><td>2021-06-25T12:00:00+01:00</td><td>2021-06-25T12:00:00+01:00</td><td/></tr><tr><td style="white-space:nowrap">AM19<a name="TRE-R17-TypeAutorisation-AM19"> </a></td><td>Autorisation Dir régionale jeunesse, sports et cohésion sociale (DR-D-JSCS)</td><td>Suite au Décret n°2020-1545 du 9 décembre 2020, les DR-D-JSCS n'existent plus depuis le 1er avril 2021. Les missions de certification des professions sociales et de santé non médicales sont reprises par les DREETS.</td><td>2021-06-25T12:00:00+01:00</td><td>2021-06-25T12:00:00+01:00</td><td>2021-06-25T12:00:00+01:00</td></tr><tr><td style="white-space:nowrap">AM20<a name="TRE-R17-TypeAutorisation-AM20"> </a></td><td>Autorisation Dir régionale économie, emploi, travail et solidarités (DREETS)</td><td>Depuis le 1er avril 2021, les DREETS sont en charge de la certification dans le domaine des professions sociales et des professions de santé non médicales. Ces directions ont en effet repris certaines missions des anciennes DR-D-JSCS, suite au Décret n°2020-1545 du 9 décembre 2020.</td><td>2021-06-25T12:00:00+01:00</td><td>2021-06-25T12:00:00+01:00</td><td/></tr><tr><td style="white-space:nowrap">AM21<a name="TRE-R17-TypeAutorisation-AM21"> </a></td><td>Autorisation DGARS GP, GF, MQ ou préfet SPM (art. L4131-5 et L4221-14-3)</td><td>Autorisation d'exercice des médecins, sages-femmes et chirurgiens-dentistes telle que prévue aux articles L4131-5 du Code de la Santé Publique en vigueur depuis le 26/07/2020 et des pharmaciens telle que prévue à l'article L4221-14-3 en vigueur depuis le 27/07/2019.</td><td>2021-10-29T12:00:00+01:00</td><td>2023-09-22T12:00:00+01:00</td><td/></tr><tr><td style="white-space:nowrap">AM22<a name="TRE-R17-TypeAutorisation-AM22"> </a></td><td>Agrément Caisse Régionale d'Assurance Maladie</td><td>Articles D4364-8 et D4364-9 du code de la santé publique (CSP) ; Arrêté du 1er février 2011 relatif aux professions de prothésiste et orthésiste </td><td>2023-03-31T12:00:00+01:00</td><td>2023-03-31T12:00:00+01:00</td><td/></tr><tr><td style="white-space:nowrap">AM23<a name="TRE-R17-TypeAutorisation-AM23"> </a></td><td>Agrément Ministère des anciens combattants</td><td>Articles D4364-8 et D4364-9 du code de la santé publique (CSP) ; Arrêté du 1er février 2011 relatif aux professions de prothésiste et orthésiste</td><td>2023-03-31T12:00:00+01:00</td><td>2023-03-31T12:00:00+01:00</td><td/></tr><tr><td style="white-space:nowrap">AM24<a name="TRE-R17-TypeAutorisation-AM24"> </a></td><td>Exerce comme tech lab avant le 08/11/1976</td><td>Article L4352-3-1 du code de la santé publique (CSP)</td><td>2023-03-31T12:00:00+01:00</td><td>2023-03-31T12:00:00+01:00</td><td/></tr><tr><td style="white-space:nowrap">AM25<a name="TRE-R17-TypeAutorisation-AM25"> </a></td><td>Exerce comme tech lab au 29/11/1997</td><td>Article L4352-3-1 du code de la santé publique (CSP)</td><td>2023-03-31T12:00:00+01:00</td><td>2023-03-31T12:00:00+01:00</td><td/></tr><tr><td style="white-space:nowrap">AM26<a name="TRE-R17-TypeAutorisation-AM26"> </a></td><td>Exerce comme tech lab au 30/05/2013</td><td>Article L4352-3-2 du code de la santé publique (CSP)</td><td>2023-03-31T12:00:00+01:00</td><td>2023-03-31T12:00:00+01:00</td><td/></tr><tr><td style="white-space:nowrap">AM27<a name="TRE-R17-TypeAutorisation-AM27"> </a></td><td>Autorisation d'exercice UE/EEE</td><td/><td>2023-03-31T12:00:00+01:00</td><td>2023-03-31T12:00:00+01:00</td><td/></tr><tr><td style="white-space:nowrap">AM28<a name="TRE-R17-TypeAutorisation-AM28"> </a></td><td>Autorisation d'user du titre d'Ostéopathe</td><td>Article 16 du décret n° 2007-435 du 25 mars 2007 relatif aux actes et aux conditions d'exercice de l'ostéopathie Autorisation délivrée par l'autorité compétente pour user du titre dans le cadre de mesures transitoires mises en place lorsque la profession a été encadrée en 2007 afin d'intégrer les professionnels qui exerçaient avant cette date</td><td>2023-03-31T12:00:00+01:00</td><td>2023-03-31T12:00:00+01:00</td><td/></tr><tr><td style="white-space:nowrap">AM29<a name="TRE-R17-TypeAutorisation-AM29"> </a></td><td>Autorisation titre diététicien décision admin 86</td><td>Article L4371-6 2° du code de la santé publique (CSP)</td><td>2023-03-31T12:00:00+01:00</td><td>2023-03-31T12:00:00+01:00</td><td/></tr><tr><td style="white-space:nowrap">AM30<a name="TRE-R17-TypeAutorisation-AM30"> </a></td><td>Autorisation titre diététicien emploi permanent 86</td><td>Article L4371-6 1° du code de la santé publique (CSP)</td><td>2023-03-31T12:00:00+01:00</td><td>2023-03-31T12:00:00+01:00</td><td/></tr><tr><td style="white-space:nowrap">AM31<a name="TRE-R17-TypeAutorisation-AM31"> </a></td><td>Autorisation d'exercice de psychologue diplôme étranger</td><td>Art.1er, 5° du décret n°90-255 du 22 mars 1990 ; Décret n°2003-1073 du 14 novembre 2003</td><td>2023-03-31T12:00:00+01:00</td><td>2023-03-31T12:00:00+01:00</td><td/></tr><tr><td style="white-space:nowrap">AM32<a name="TRE-R17-TypeAutorisation-AM32"> </a></td><td>Autorisation préfectorale d'exercice de psychologue décret 90-259</td><td>Décret n°90-259 du 22 mars 1990</td><td>2023-03-31T12:00:00+01:00</td><td>2023-03-31T12:00:00+01:00</td><td/></tr><tr><td style="white-space:nowrap">AM33<a name="TRE-R17-TypeAutorisation-AM33"> </a></td><td>Autorisation d'exercice de psychothérapeute pour médecin spécialisé psychiatrie</td><td>Article 52 de la loi n° 2004-806 du 9 août 2004 relative à la politique de santé publique ; article 1 du décret n° 2010-534 du 20 mai 2010 relatif à l'usage du titre de psychothérapeute</td><td>2023-03-31T12:00:00+01:00</td><td>2023-03-31T12:00:00+01:00</td><td/></tr><tr><td style="white-space:nowrap">AM34<a name="TRE-R17-TypeAutorisation-AM34"> </a></td><td>Autorisation d'exercice d'audioprothésiste médecin</td><td>Article L4361-3 du code de la santé publique (CSP)</td><td>2023-03-31T12:00:00+01:00</td><td>2023-03-31T12:00:00+01:00</td><td/></tr><tr><td style="white-space:nowrap">AM35<a name="TRE-R17-TypeAutorisation-AM35"> </a></td><td>Autorisation d'user du titre de Chiropraxie</td><td>Article 23 du décret n° 2011-32 du 7 janvier 2011 relatif aux actes et aux conditions d'exercice de la chiropraxie</td><td>2023-03-31T12:00:00+01:00</td><td>2023-03-31T12:00:00+01:00</td><td/></tr><tr><td style="white-space:nowrap">AM36<a name="TRE-R17-TypeAutorisation-AM36"> </a></td><td>Autorisation d'exercice d'épithésiste pour chirurgien-dentiste</td><td>Article 6 de l'arrêté du 1er février 2011 relatif aux professions de prothésiste et orthésiste</td><td>2023-03-31T12:00:00+01:00</td><td>2023-03-31T12:00:00+01:00</td><td/></tr><tr><td style="white-space:nowrap">AM37<a name="TRE-R17-TypeAutorisation-AM37"> </a></td><td>Autorisation épithésiste pour médecin stomatologue ou chirurgie maxillo-faciale</td><td>Article 6 de l'arrêté du 1er février 2011 relatif aux professions de prothésiste et orthésiste</td><td>2023-03-31T12:00:00+01:00</td><td>2023-03-31T12:00:00+01:00</td><td/></tr><tr><td style="white-space:nowrap">AM38<a name="TRE-R17-TypeAutorisation-AM38"> </a></td><td>Arrêté de nomination de MER du Secteur Public</td><td>Article L4351-6 1° du code de la santé publique (CSP)</td><td>2023-03-31T12:00:00+01:00</td><td>2023-03-31T12:00:00+01:00</td><td/></tr><tr><td style="white-space:nowrap">AM39<a name="TRE-R17-TypeAutorisation-AM39"> </a></td><td>Autorisation d'exercice psychothérapeute médecin</td><td>Article 52 de la loi n° 2004-806 du 9 août 2004 relative à la politique de santé publique ; article 1 du décret n° 2010-534 du 20 mai 2010 relatif à l'usage du titre de psychothérapeute.</td><td>2023-03-31T12:00:00+01:00</td><td>2023-03-31T12:00:00+01:00</td><td/></tr><tr><td style="white-space:nowrap">AM40<a name="TRE-R17-TypeAutorisation-AM40"> </a></td><td>Autorisation d'exercice temporaire Nouvelle-Calédonie (loi du pays n°2023-8)</td><td>Autorisation d'exercice dérogatoire temporaire pour certains professionnels de santé, mise en place par la Loi du pays n° 2023-8 du 11 août 2023</td><td>2024-03-29T12:00:00+01:00</td><td>2024-03-29T12:00:00+01:00</td><td/></tr><tr><td style="white-space:nowrap">AM41<a name="TRE-R17-TypeAutorisation-AM41"> </a></td><td>Agrément de radiophysicien avant le 28/11/2004</td><td>Agrément de radiophysicien associé au DEA de physique radiologique et médicale délivré par l'Université Paul Sabatier (jusqu'en 1995)</td><td>2024-03-29T12:00:00+01:00</td><td>2024-03-29T12:00:00+01:00</td><td/></tr><tr><td style="white-space:nowrap">AMGP<a name="TRE-R17-TypeAutorisation-AMGP"> </a></td><td>En cours de validation au Guichet principal</td><td/><td>2007-07-26T00:00:00+01:00</td><td>2016-09-01T00:00:00+01:00</td><td/></tr></table></div>
  </text>
  <extension url="http://hl7.org/fhir/StructureDefinition/resource-effectivePeriod">
    <valuePeriod>
      <start value="2013-06-28T00:00:00+01:00"/>
    </valuePeriod>
  </extension>
  <url value="https://mos.esante.gouv.fr/NOS/TRE_R17-TypeAutorisation/FHIR/TRE-R17-TypeAutorisation"/>
  <identifier>
    <value value="urn:oid:1.2.250.1.213.1.6.1.14"/>
  </identifier>
  <version value="1.2.0"/>
  <name value="TRE_R17-TypeAutorisation"/>
  <status value="active"/>
  <date value="2024-03-29T12:00:00+01:00"/>
  <publisher value="ANS"/>
  <contact>
    <name value="ANS"/>
    <telecom>
      <system value="url"/>
      <value value="https://esante.gouv.fr"/>
    </telecom>
  </contact>
  <description value="Type d'autorisation"/>
  <content value="complete"/>
  <property>
    <code value="dateValid"/>
    <description value="date de validité d'un code concept"/>
    <type value="dateTime"/>
  </property>
  <property>
    <code value="dateMaj"/>
    <description value="Date de mise à jour d'un code concept"/>
    <type value="dateTime"/>
  </property>
  <property>
    <code value="dateFin"/>
    <description value="Date de fin d'exploitation d'un code concept"/>
    <type value="dateTime"/>
  </property>
  <concept>
    <code value="AM00"/>
    <display value="Autre type d'autorisation"/>
    <designation>
      <use>
        <code value="LibelleCourt"/>
      </use>
      <value value="Autre type d'autorisation"/>
    </designation>
    <designation>
      <use>
        <code value="LibelleAdapte"/>
      </use>
      <value value="Autre type d'autorisation"/>
    </designation>
    <property>
      <code value="dateValid"/>
      <valueDateTime value="2007-07-26T17:43:20+01:00"/>
    </property>
    <property>
      <code value="dateMaj"/>
      <valueDateTime value="2016-09-01T00:00:00+01:00"/>
    </property>
  </concept>
  <concept>
    <code value="AM01"/>
    <display value="Autorisation de plein exercice"/>
    <designation>
      <use>
        <code value="LibelleCourt"/>
      </use>
      <value value="Autorisation de plein exercice"/>
    </designation>
    <designation>
      <use>
        <code value="LibelleAdapte"/>
      </use>
      <value value="Autorisation de plein exercice"/>
    </designation>
    <property>
      <code value="dateValid"/>
      <valueDateTime value="2007-07-26T17:43:20+01:00"/>
    </property>
    <property>
      <code value="dateMaj"/>
      <valueDateTime value="2023-03-31T12:00:00+01:00"/>
    </property>
  </concept>
  <concept>
    <code value="AM02"/>
    <display value="Autorisation ministérielle d'exercice en qualité de PAC"/>
    <designation>
      <use>
        <code value="LibelleCourt"/>
      </use>
      <value value="Auto ministérielle PAC"/>
    </designation>
    <designation>
      <use>
        <code value="LibelleAdapte"/>
      </use>
      <value value="Autorisation ministérielle d'exercice en qualité de PAC"/>
    </designation>
    <property>
      <code value="dateValid"/>
      <valueDateTime value="2007-07-26T17:43:20+01:00"/>
    </property>
    <property>
      <code value="dateMaj"/>
      <valueDateTime value="2016-09-01T00:00:00+01:00"/>
    </property>
  </concept>
  <concept>
    <code value="AM03"/>
    <display value="Autorisation d'exercice limité à un seul hôpital"/>
    <designation>
      <use>
        <code value="LibelleCourt"/>
      </use>
      <value value="Auto exerc limité à un hôpital"/>
    </designation>
    <designation>
      <use>
        <code value="LibelleAdapte"/>
      </use>
      <value value="Autorisation d'exercice limité à un seul hôpital"/>
    </designation>
    <property>
      <code value="dateValid"/>
      <valueDateTime value="2007-07-26T17:43:20+01:00"/>
    </property>
    <property>
      <code value="dateMaj"/>
      <valueDateTime value="2016-09-01T00:00:00+01:00"/>
    </property>
  </concept>
  <concept>
    <code value="AM04"/>
    <display value="Autorisation Propharmacie"/>
    <designation>
      <use>
        <code value="LibelleCourt"/>
      </use>
      <value value="Autorisation Propharmacie"/>
    </designation>
    <designation>
      <use>
        <code value="LibelleAdapte"/>
      </use>
      <value value="Autorisation Propharmacie"/>
    </designation>
    <property>
      <code value="dateValid"/>
      <valueDateTime value="2007-07-26T17:43:20+01:00"/>
    </property>
    <property>
      <code value="dateMaj"/>
      <valueDateTime value="2016-09-01T00:00:00+01:00"/>
    </property>
  </concept>
  <concept>
    <code value="AM05"/>
    <display value="Directeur de laboratoire (scientifique, médecin, pharmacien)"/>
    <designation>
      <use>
        <code value="LibelleCourt"/>
      </use>
      <value value="Directeur de laboratoire"/>
    </designation>
    <designation>
      <use>
        <code value="LibelleAdapte"/>
      </use>
      <value value="Directeur de laboratoire (scientifique, médecin, pharmacien)"/>
    </designation>
    <property>
      <code value="dateValid"/>
      <valueDateTime value="2007-07-26T17:43:20+01:00"/>
    </property>
    <property>
      <code value="dateMaj"/>
      <valueDateTime value="2016-09-01T00:00:00+01:00"/>
    </property>
  </concept>
  <concept>
    <code value="AM06"/>
    <display value="Autorisation préfectorale de Guyane art L4131-5"/>
    <definition value="Autorisation d'exercice des médecins telle que prévue à l'article L4131-5 du Code de la Santé Publique en vigueur du 28/01/2005 au 26/07/2020."/>
    <designation>
      <use>
        <code value="LibelleCourt"/>
      </use>
      <value value="Auto préf Guyane"/>
    </designation>
    <designation>
      <use>
        <code value="LibelleAdapte"/>
      </use>
      <value value="Autorisation préfectorale de Guyane art L4131-5"/>
    </designation>
    <property>
      <code value="dateValid"/>
      <valueDateTime value="2007-07-26T17:43:20+01:00"/>
    </property>
    <property>
      <code value="dateFin"/>
      <valueDateTime value="2021-10-29T12:00:00+01:00"/>
    </property>
    <property>
      <code value="dateMaj"/>
      <valueDateTime value="2021-10-29T12:00:00+01:00"/>
    </property>
  </concept>
  <concept>
    <code value="AM07"/>
    <display value="Autorisation préfectorale de Saint-Pierre-et-Miquelon art L4131-5"/>
    <definition value="Autorisation d'exercice des médecins telle que prévue à l'article L4131-5 du Code de la Santé Publique en vigueur du 22/06/2000 au 26/07/2020."/>
    <designation>
      <use>
        <code value="LibelleCourt"/>
      </use>
      <value value="Auto préf St-Pierre-Miquelon"/>
    </designation>
    <designation>
      <use>
        <code value="LibelleAdapte"/>
      </use>
      <value value="Autorisation préfectorale de Saint-Pierre-et-Miquelon art L4131-5"/>
    </designation>
    <property>
      <code value="dateValid"/>
      <valueDateTime value="2007-07-26T17:43:20+01:00"/>
    </property>
    <property>
      <code value="dateFin"/>
      <valueDateTime value="2021-10-29T12:00:00+01:00"/>
    </property>
    <property>
      <code value="dateMaj"/>
      <valueDateTime value="2021-10-29T12:00:00+01:00"/>
    </property>
  </concept>
  <concept>
    <code value="AM08"/>
    <display value="Pays avec convention inter-état"/>
    <designation>
      <use>
        <code value="LibelleCourt"/>
      </use>
      <value value="Convention inter-état"/>
    </designation>
    <designation>
      <use>
        <code value="LibelleAdapte"/>
      </use>
      <value value="Pays avec convention inter-état"/>
    </designation>
    <property>
      <code value="dateValid"/>
      <valueDateTime value="2007-07-26T00:00:00+01:00"/>
    </property>
    <property>
      <code value="dateMaj"/>
      <valueDateTime value="2016-09-01T00:00:00+01:00"/>
    </property>
  </concept>
  <concept>
    <code value="AM09"/>
    <display value="Code de la santé"/>
    <designation>
      <use>
        <code value="LibelleCourt"/>
      </use>
      <value value="Code de la santé"/>
    </designation>
    <designation>
      <use>
        <code value="LibelleAdapte"/>
      </use>
      <value value="Code de la santé"/>
    </designation>
    <property>
      <code value="dateValid"/>
      <valueDateTime value="2007-07-26T00:00:00+01:00"/>
    </property>
    <property>
      <code value="dateMaj"/>
      <valueDateTime value="2016-09-01T00:00:00+01:00"/>
    </property>
  </concept>
  <concept>
    <code value="AM10"/>
    <display value="Traité de Rome"/>
    <designation>
      <use>
        <code value="LibelleCourt"/>
      </use>
      <value value="Traité de Rome"/>
    </designation>
    <designation>
      <use>
        <code value="LibelleAdapte"/>
      </use>
      <value value="Traité de Rome"/>
    </designation>
    <property>
      <code value="dateValid"/>
      <valueDateTime value="2007-07-26T00:00:00+01:00"/>
    </property>
    <property>
      <code value="dateMaj"/>
      <valueDateTime value="2016-09-01T00:00:00+01:00"/>
    </property>
  </concept>
  <concept>
    <code value="AM11"/>
    <display value="Nombre par arrête (NPA art L 4111-2 1 et 1bis du CSP)"/>
    <designation>
      <use>
        <code value="LibelleCourt"/>
      </use>
      <value value="Nombre par arrête"/>
    </designation>
    <designation>
      <use>
        <code value="LibelleAdapte"/>
      </use>
      <value value="Nombre par arrête (NPA art L 4111-2 1 et 1bis du CSP)"/>
    </designation>
    <property>
      <code value="dateValid"/>
      <valueDateTime value="2007-07-26T00:00:00+01:00"/>
    </property>
    <property>
      <code value="dateMaj"/>
      <valueDateTime value="2016-09-01T00:00:00+01:00"/>
    </property>
  </concept>
  <concept>
    <code value="AM12"/>
    <display value="Loi Hôpital, patients, santé et territoires (HPST) du 21 Juillet 2009"/>
    <designation>
      <use>
        <code value="LibelleCourt"/>
      </use>
      <value value="Loi HPST du 21-07-2009"/>
    </designation>
    <designation>
      <use>
        <code value="LibelleAdapte"/>
      </use>
      <value value="Loi Hôpital, patients, santé et territoires (HPST) du 21 Juillet 2009"/>
    </designation>
    <property>
      <code value="dateValid"/>
      <valueDateTime value="2007-07-26T00:00:00+01:00"/>
    </property>
    <property>
      <code value="dateMaj"/>
      <valueDateTime value="2016-09-01T00:00:00+01:00"/>
    </property>
  </concept>
  <concept>
    <code value="AM13"/>
    <display value="Hôpital Américain exclusivement"/>
    <designation>
      <use>
        <code value="LibelleCourt"/>
      </use>
      <value value="Hôp Américain exclusivement"/>
    </designation>
    <designation>
      <use>
        <code value="LibelleAdapte"/>
      </use>
      <value value="Hôpital Américain exclusivement"/>
    </designation>
    <property>
      <code value="dateValid"/>
      <valueDateTime value="2007-07-26T00:00:00+01:00"/>
    </property>
    <property>
      <code value="dateMaj"/>
      <valueDateTime value="2016-09-01T00:00:00+01:00"/>
    </property>
  </concept>
  <concept>
    <code value="AM14"/>
    <display value="Arrangement France-Québec (art L 4111-3-1 CSP)"/>
    <designation>
      <use>
        <code value="LibelleCourt"/>
      </use>
      <value value="Arrangement France-Québec"/>
    </designation>
    <designation>
      <use>
        <code value="LibelleAdapte"/>
      </use>
      <value value="Arrangement France-Québec (art L 4111-3-1 CSP)"/>
    </designation>
    <property>
      <code value="dateValid"/>
      <valueDateTime value="2007-07-26T00:00:00+01:00"/>
    </property>
    <property>
      <code value="dateMaj"/>
      <valueDateTime value="2016-09-01T00:00:00+01:00"/>
    </property>
  </concept>
  <concept>
    <code value="AM15"/>
    <display value="Article L 4131-1-1 du CSP"/>
    <designation>
      <use>
        <code value="LibelleCourt"/>
      </use>
      <value value="Article L 4131-1-1 du CSP"/>
    </designation>
    <designation>
      <use>
        <code value="LibelleAdapte"/>
      </use>
      <value value="Article L 4131-1-1 du CSP"/>
    </designation>
    <property>
      <code value="dateValid"/>
      <valueDateTime value="2007-07-26T00:00:00+01:00"/>
    </property>
    <property>
      <code value="dateMaj"/>
      <valueDateTime value="2016-09-01T00:00:00+01:00"/>
    </property>
  </concept>
  <concept>
    <code value="AM16"/>
    <display value="Arabie Saoudite décret n°2012-1123 du 03-10-2012"/>
    <designation>
      <use>
        <code value="LibelleCourt"/>
      </use>
      <value value="Arabie Saoud décret 2012-1123"/>
    </designation>
    <designation>
      <use>
        <code value="LibelleAdapte"/>
      </use>
      <value value="Arabie Saoudite décret n°2012-1123 du 03-10-2012"/>
    </designation>
    <property>
      <code value="dateValid"/>
      <valueDateTime value="2013-03-08T00:00:00+01:00"/>
    </property>
    <property>
      <code value="dateMaj"/>
      <valueDateTime value="2016-09-01T00:00:00+01:00"/>
    </property>
  </concept>
  <concept>
    <code value="AM17"/>
    <display value="Emirats Arabes Unis décret n°2012-863 du 5-07-2012"/>
    <designation>
      <use>
        <code value="LibelleCourt"/>
      </use>
      <value value="Emirats Arabes décret 2012-863"/>
    </designation>
    <designation>
      <use>
        <code value="LibelleAdapte"/>
      </use>
      <value value="Emirats Arabes Unis décret n°2012-863 du 5-07-2012"/>
    </designation>
    <property>
      <code value="dateValid"/>
      <valueDateTime value="2012-07-05T00:00:00+01:00"/>
    </property>
    <property>
      <code value="dateMaj"/>
      <valueDateTime value="2016-09-01T00:00:00+01:00"/>
    </property>
  </concept>
  <concept>
    <code value="AM18"/>
    <display value="Autorisation de l'Agence régionale de santé (ARS)"/>
    <designation>
      <use>
        <code value="LibelleCourt"/>
      </use>
      <value value="Autorisation de l'ARS"/>
    </designation>
    <designation>
      <use>
        <code value="LibelleAdapte"/>
      </use>
      <value value="Autorisation de l'Agence régionale de santé (ARS)"/>
    </designation>
    <property>
      <code value="dateValid"/>
      <valueDateTime value="2021-06-25T12:00:00+01:00"/>
    </property>
    <property>
      <code value="dateMaj"/>
      <valueDateTime value="2021-06-25T12:00:00+01:00"/>
    </property>
  </concept>
  <concept>
    <code value="AM19"/>
    <display value="Autorisation Dir régionale jeunesse, sports et cohésion sociale (DR-D-JSCS)"/>
    <definition value="Suite au Décret n°2020-1545 du 9 décembre 2020, les DR-D-JSCS n'existent plus depuis le 1er avril 2021. Les missions de certification des professions sociales et de santé non médicales sont reprises par les DREETS."/>
    <designation>
      <use>
        <code value="LibelleCourt"/>
      </use>
      <value value="Autorisation de la DR-D-JSCS"/>
    </designation>
    <designation>
      <use>
        <code value="LibelleAdapte"/>
      </use>
      <value value="Autorisation de la Direction régionale (et départementale) de la jeunesse, des sports et de la cohésion sociale (DR-D-JSCS)"/>
    </designation>
    <property>
      <code value="dateValid"/>
      <valueDateTime value="2021-06-25T12:00:00+01:00"/>
    </property>
    <property>
      <code value="dateFin"/>
      <valueDateTime value="2021-06-25T12:00:00+01:00"/>
    </property>
    <property>
      <code value="dateMaj"/>
      <valueDateTime value="2021-06-25T12:00:00+01:00"/>
    </property>
  </concept>
  <concept>
    <code value="AM20"/>
    <display value="Autorisation Dir régionale économie, emploi, travail et solidarités (DREETS)"/>
    <definition value="Depuis le 1er avril 2021, les DREETS sont en charge de la certification dans le domaine des professions sociales et des professions de santé non médicales. Ces directions ont en effet repris certaines missions des anciennes DR-D-JSCS, suite au Décret n°2020-1545 du 9 décembre 2020."/>
    <designation>
      <use>
        <code value="LibelleCourt"/>
      </use>
      <value value="Autorisation de la DREETS"/>
    </designation>
    <designation>
      <use>
        <code value="LibelleAdapte"/>
      </use>
      <value value="Autorisation de la Direction régionale de l'économie, de l'emploi, du travail et des solidarités (DREETS)"/>
    </designation>
    <property>
      <code value="dateValid"/>
      <valueDateTime value="2021-06-25T12:00:00+01:00"/>
    </property>
    <property>
      <code value="dateMaj"/>
      <valueDateTime value="2021-06-25T12:00:00+01:00"/>
    </property>
  </concept>
  <concept>
    <code value="AM21"/>
    <display value="Autorisation DGARS GP, GF, MQ ou préfet SPM (art. L4131-5 et L4221-14-3)"/>
    <definition value="Autorisation d'exercice des médecins, sages-femmes et chirurgiens-dentistes telle que prévue aux articles L4131-5 du Code de la Santé Publique en vigueur depuis le 26/07/2020 et des pharmaciens telle que prévue à l'article L4221-14-3 en vigueur depuis le 27/07/2019."/>
    <designation>
      <use>
        <code value="LibelleCourt"/>
      </use>
      <value value="Aut ARS DROM/PréfSPM"/>
    </designation>
    <designation>
      <use>
        <code value="LibelleAdapte"/>
      </use>
      <value value="Autorisation DGARS Guadeloupe, Guyane, Martinique ou préfet SPM (art. L4131-5 et L4221-14-3)"/>
    </designation>
    <property>
      <code value="dateValid"/>
      <valueDateTime value="2021-10-29T12:00:00+01:00"/>
    </property>
    <property>
      <code value="dateMaj"/>
      <valueDateTime value="2023-09-22T12:00:00+01:00"/>
    </property>
  </concept>
  <concept>
    <code value="AM22"/>
    <display value="Agrément Caisse Régionale d'Assurance Maladie"/>
    <definition value="Articles D4364-8 et D4364-9 du code de la santé publique (CSP) ; Arrêté du 1er février 2011 relatif aux professions de prothésiste et orthésiste "/>
    <designation>
      <use>
        <code value="LibelleCourt"/>
      </use>
      <value value="Agrément CRAM"/>
    </designation>
    <designation>
      <use>
        <code value="LibelleAdapte"/>
      </use>
      <value value="Agrément de la Caisse Régionale d'Assurance Maladie"/>
    </designation>
    <property>
      <code value="dateValid"/>
      <valueDateTime value="2023-03-31T12:00:00+01:00"/>
    </property>
    <property>
      <code value="dateMaj"/>
      <valueDateTime value="2023-03-31T12:00:00+01:00"/>
    </property>
  </concept>
  <concept>
    <code value="AM23"/>
    <display value="Agrément Ministère des anciens combattants"/>
    <definition value="Articles D4364-8 et D4364-9 du code de la santé publique (CSP) ; Arrêté du 1er février 2011 relatif aux professions de prothésiste et orthésiste"/>
    <designation>
      <use>
        <code value="LibelleCourt"/>
      </use>
      <value value="Agrément Ministère ancien comb"/>
    </designation>
    <designation>
      <use>
        <code value="LibelleAdapte"/>
      </use>
      <value value="Agrément du Ministère des anciens combattants"/>
    </designation>
    <property>
      <code value="dateValid"/>
      <valueDateTime value="2023-03-31T12:00:00+01:00"/>
    </property>
    <property>
      <code value="dateMaj"/>
      <valueDateTime value="2023-03-31T12:00:00+01:00"/>
    </property>
  </concept>
  <concept>
    <code value="AM24"/>
    <display value="Exerce comme tech lab avant le 08/11/1976"/>
    <definition value="Article L4352-3-1 du code de la santé publique (CSP)"/>
    <designation>
      <use>
        <code value="LibelleCourt"/>
      </use>
      <value value="Tech lab avant le 08/11/1976"/>
    </designation>
    <designation>
      <use>
        <code value="LibelleAdapte"/>
      </use>
      <value value="Exerce comme technicien de laboratoire avant le 08/11/1976"/>
    </designation>
    <property>
      <code value="dateValid"/>
      <valueDateTime value="2023-03-31T12:00:00+01:00"/>
    </property>
    <property>
      <code value="dateMaj"/>
      <valueDateTime value="2023-03-31T12:00:00+01:00"/>
    </property>
  </concept>
  <concept>
    <code value="AM25"/>
    <display value="Exerce comme tech lab au 29/11/1997"/>
    <definition value="Article L4352-3-1 du code de la santé publique (CSP)"/>
    <designation>
      <use>
        <code value="LibelleCourt"/>
      </use>
      <value value="Tech lab au 29/11/1997"/>
    </designation>
    <designation>
      <use>
        <code value="LibelleAdapte"/>
      </use>
      <value value="Exerce comme technicien de laboratoire au 29/11/1997"/>
    </designation>
    <property>
      <code value="dateValid"/>
      <valueDateTime value="2023-03-31T12:00:00+01:00"/>
    </property>
    <property>
      <code value="dateMaj"/>
      <valueDateTime value="2023-03-31T12:00:00+01:00"/>
    </property>
  </concept>
  <concept>
    <code value="AM26"/>
    <display value="Exerce comme tech lab au 30/05/2013"/>
    <definition value="Article L4352-3-2 du code de la santé publique (CSP)"/>
    <designation>
      <use>
        <code value="LibelleCourt"/>
      </use>
      <value value="Tech lab au 30/05/2013"/>
    </designation>
    <designation>
      <use>
        <code value="LibelleAdapte"/>
      </use>
      <value value="Exerce comme technicien de laboratoire au 30/05/2013"/>
    </designation>
    <property>
      <code value="dateValid"/>
      <valueDateTime value="2023-03-31T12:00:00+01:00"/>
    </property>
    <property>
      <code value="dateMaj"/>
      <valueDateTime value="2023-03-31T12:00:00+01:00"/>
    </property>
  </concept>
  <concept>
    <code value="AM27"/>
    <display value="Autorisation d'exercice UE/EEE"/>
    <designation>
      <use>
        <code value="LibelleCourt"/>
      </use>
      <value value="Autorisation d'exercice UE/EEE"/>
    </designation>
    <designation>
      <use>
        <code value="LibelleAdapte"/>
      </use>
      <value value="Autorisation d'exercice pour diplôme de l'UE/EEE"/>
    </designation>
    <property>
      <code value="dateValid"/>
      <valueDateTime value="2023-03-31T12:00:00+01:00"/>
    </property>
    <property>
      <code value="dateMaj"/>
      <valueDateTime value="2023-03-31T12:00:00+01:00"/>
    </property>
  </concept>
  <concept>
    <code value="AM28"/>
    <display value="Autorisation d'user du titre d'Ostéopathe"/>
    <definition value="Article 16 du décret n° 2007-435 du 25 mars 2007 relatif aux actes et aux conditions d'exercice de l'ostéopathie Autorisation délivrée par l'autorité compétente pour user du titre dans le cadre de mesures transitoires mises en place lorsque la profession a été encadrée en 2007 afin d'intégrer les professionnels qui exerçaient avant cette date"/>
    <designation>
      <use>
        <code value="LibelleCourt"/>
      </use>
      <value value="Autor titre Ostéopathe"/>
    </designation>
    <designation>
      <use>
        <code value="LibelleAdapte"/>
      </use>
      <value value="Autorisation d'user du titre d'Ostéopathe"/>
    </designation>
    <property>
      <code value="dateValid"/>
      <valueDateTime value="2023-03-31T12:00:00+01:00"/>
    </property>
    <property>
      <code value="dateMaj"/>
      <valueDateTime value="2023-03-31T12:00:00+01:00"/>
    </property>
  </concept>
  <concept>
    <code value="AM29"/>
    <display value="Autorisation titre diététicien décision admin 86"/>
    <definition value="Article L4371-6 2° du code de la santé publique (CSP)"/>
    <designation>
      <use>
        <code value="LibelleCourt"/>
      </use>
      <value value="Titre diététicien décision adm"/>
    </designation>
    <designation>
      <use>
        <code value="LibelleAdapte"/>
      </use>
      <value value="Autorisation d'user du titre de diététicien, décision administrative en 1986"/>
    </designation>
    <property>
      <code value="dateValid"/>
      <valueDateTime value="2023-03-31T12:00:00+01:00"/>
    </property>
    <property>
      <code value="dateMaj"/>
      <valueDateTime value="2023-03-31T12:00:00+01:00"/>
    </property>
  </concept>
  <concept>
    <code value="AM30"/>
    <display value="Autorisation titre diététicien emploi permanent 86"/>
    <definition value="Article L4371-6 1° du code de la santé publique (CSP)"/>
    <designation>
      <use>
        <code value="LibelleCourt"/>
      </use>
      <value value="Titre diététicien emploi perm"/>
    </designation>
    <designation>
      <use>
        <code value="LibelleAdapte"/>
      </use>
      <value value="Autorisation d'user du titre de diététicien, emploi permanent en 1986"/>
    </designation>
    <property>
      <code value="dateValid"/>
      <valueDateTime value="2023-03-31T12:00:00+01:00"/>
    </property>
    <property>
      <code value="dateMaj"/>
      <valueDateTime value="2023-03-31T12:00:00+01:00"/>
    </property>
  </concept>
  <concept>
    <code value="AM31"/>
    <display value="Autorisation d'exercice de psychologue diplôme étranger"/>
    <definition value="Art.1er, 5° du décret n°90-255 du 22 mars 1990 ; Décret n°2003-1073 du 14 novembre 2003"/>
    <designation>
      <use>
        <code value="LibelleCourt"/>
      </use>
      <value value="Autorisation dip étranger psy"/>
    </designation>
    <designation>
      <use>
        <code value="LibelleAdapte"/>
      </use>
      <value value="Autorisation d'exercice de psychologue diplôme étranger"/>
    </designation>
    <property>
      <code value="dateValid"/>
      <valueDateTime value="2023-03-31T12:00:00+01:00"/>
    </property>
    <property>
      <code value="dateMaj"/>
      <valueDateTime value="2023-03-31T12:00:00+01:00"/>
    </property>
  </concept>
  <concept>
    <code value="AM32"/>
    <display value="Autorisation préfectorale d'exercice de psychologue décret 90-259"/>
    <definition value="Décret n°90-259 du 22 mars 1990"/>
    <designation>
      <use>
        <code value="LibelleCourt"/>
      </use>
      <value value="Autor préfet décret 90-259"/>
    </designation>
    <designation>
      <use>
        <code value="LibelleAdapte"/>
      </use>
      <value value="Autorisation préfectorale d'exercice de psychologue décret 90-259"/>
    </designation>
    <property>
      <code value="dateValid"/>
      <valueDateTime value="2023-03-31T12:00:00+01:00"/>
    </property>
    <property>
      <code value="dateMaj"/>
      <valueDateTime value="2023-03-31T12:00:00+01:00"/>
    </property>
  </concept>
  <concept>
    <code value="AM33"/>
    <display value="Autorisation d'exercice de psychothérapeute pour médecin spécialisé psychiatrie"/>
    <definition value="Article 52 de la loi n° 2004-806 du 9 août 2004 relative à la politique de santé publique ; article 1 du décret n° 2010-534 du 20 mai 2010 relatif à l'usage du titre de psychothérapeute"/>
    <designation>
      <use>
        <code value="LibelleCourt"/>
      </use>
      <value value="Autor psychothérap méd spé psy"/>
    </designation>
    <designation>
      <use>
        <code value="LibelleAdapte"/>
      </use>
      <value value="Autorisation d'exercice de psychothérapeute pour médecin spécialisé psychiatrie"/>
    </designation>
    <property>
      <code value="dateValid"/>
      <valueDateTime value="2023-03-31T12:00:00+01:00"/>
    </property>
    <property>
      <code value="dateMaj"/>
      <valueDateTime value="2023-03-31T12:00:00+01:00"/>
    </property>
  </concept>
  <concept>
    <code value="AM34"/>
    <display value="Autorisation d'exercice d'audioprothésiste médecin"/>
    <definition value="Article L4361-3 du code de la santé publique (CSP)"/>
    <designation>
      <use>
        <code value="LibelleCourt"/>
      </use>
      <value value="Autor audioprothésiste médecin"/>
    </designation>
    <designation>
      <use>
        <code value="LibelleAdapte"/>
      </use>
      <value value="Autorisation d'exercice d'audioprothésiste pour médecin"/>
    </designation>
    <property>
      <code value="dateValid"/>
      <valueDateTime value="2023-03-31T12:00:00+01:00"/>
    </property>
    <property>
      <code value="dateMaj"/>
      <valueDateTime value="2023-03-31T12:00:00+01:00"/>
    </property>
  </concept>
  <concept>
    <code value="AM35"/>
    <display value="Autorisation d'user du titre de Chiropraxie"/>
    <definition value="Article 23 du décret n° 2011-32 du 7 janvier 2011 relatif aux actes et aux conditions d'exercice de la chiropraxie"/>
    <designation>
      <use>
        <code value="LibelleCourt"/>
      </use>
      <value value="Autor titre de Chiropraxie"/>
    </designation>
    <designation>
      <use>
        <code value="LibelleAdapte"/>
      </use>
      <value value="Autorisation d'user du titre de Chiropraxie"/>
    </designation>
    <property>
      <code value="dateValid"/>
      <valueDateTime value="2023-03-31T12:00:00+01:00"/>
    </property>
    <property>
      <code value="dateMaj"/>
      <valueDateTime value="2023-03-31T12:00:00+01:00"/>
    </property>
  </concept>
  <concept>
    <code value="AM36"/>
    <display value="Autorisation d'exercice d'épithésiste pour chirurgien-dentiste"/>
    <definition value="Article 6 de l'arrêté du 1er février 2011 relatif aux professions de prothésiste et orthésiste"/>
    <designation>
      <use>
        <code value="LibelleCourt"/>
      </use>
      <value value="Autor épithésiste dentiste"/>
    </designation>
    <designation>
      <use>
        <code value="LibelleAdapte"/>
      </use>
      <value value="Autorisation d'exercice d'épithésiste pour chirurgien-dentiste"/>
    </designation>
    <property>
      <code value="dateValid"/>
      <valueDateTime value="2023-03-31T12:00:00+01:00"/>
    </property>
    <property>
      <code value="dateMaj"/>
      <valueDateTime value="2023-03-31T12:00:00+01:00"/>
    </property>
  </concept>
  <concept>
    <code value="AM37"/>
    <display value="Autorisation épithésiste pour médecin stomatologue ou chirurgie maxillo-faciale"/>
    <definition value="Article 6 de l'arrêté du 1er février 2011 relatif aux professions de prothésiste et orthésiste"/>
    <designation>
      <use>
        <code value="LibelleCourt"/>
      </use>
      <value value="Autor épithésiste médecin"/>
    </designation>
    <designation>
      <use>
        <code value="LibelleAdapte"/>
      </use>
      <value value="Autorisation d'exercice d'épithésiste pour médecin stomatologue ou chirurgie maxillo-faciale"/>
    </designation>
    <property>
      <code value="dateValid"/>
      <valueDateTime value="2023-03-31T12:00:00+01:00"/>
    </property>
    <property>
      <code value="dateMaj"/>
      <valueDateTime value="2023-03-31T12:00:00+01:00"/>
    </property>
  </concept>
  <concept>
    <code value="AM38"/>
    <display value="Arrêté de nomination de MER du Secteur Public"/>
    <definition value="Article L4351-6 1° du code de la santé publique (CSP)"/>
    <designation>
      <use>
        <code value="LibelleCourt"/>
      </use>
      <value value="Arrêté de nomination de MER"/>
    </designation>
    <designation>
      <use>
        <code value="LibelleAdapte"/>
      </use>
      <value value="Arrêté de Nomination de Manipulateur d'Electro-Radiologie du Secteur Public"/>
    </designation>
    <property>
      <code value="dateValid"/>
      <valueDateTime value="2023-03-31T12:00:00+01:00"/>
    </property>
    <property>
      <code value="dateMaj"/>
      <valueDateTime value="2023-03-31T12:00:00+01:00"/>
    </property>
  </concept>
  <concept>
    <code value="AM39"/>
    <display value="Autorisation d'exercice psychothérapeute médecin"/>
    <definition value="Article 52 de la loi n° 2004-806 du 9 août 2004 relative à la politique de santé publique ; article 1 du décret n° 2010-534 du 20 mai 2010 relatif à l'usage du titre de psychothérapeute."/>
    <designation>
      <use>
        <code value="LibelleCourt"/>
      </use>
      <value value="Autor psychothérapeute médecin"/>
    </designation>
    <designation>
      <use>
        <code value="LibelleAdapte"/>
      </use>
      <value value="Autorisation d'exercice de psychothérapeute pour médecin"/>
    </designation>
    <property>
      <code value="dateValid"/>
      <valueDateTime value="2023-03-31T12:00:00+01:00"/>
    </property>
    <property>
      <code value="dateMaj"/>
      <valueDateTime value="2023-03-31T12:00:00+01:00"/>
    </property>
  </concept>
  <concept>
    <code value="AM40"/>
    <display value="Autorisation d'exercice temporaire Nouvelle-Calédonie (loi du pays n°2023-8)"/>
    <definition value="Autorisation d'exercice dérogatoire temporaire pour certains professionnels de santé, mise en place par la Loi du pays n° 2023-8 du 11 août 2023"/>
    <designation>
      <use>
        <code value="LibelleCourt"/>
      </use>
      <value value="Auto temporaire Nouv-Calédonie"/>
    </designation>
    <designation>
      <use>
        <code value="LibelleAdapte"/>
      </use>
      <value value="Autorisation d'exercice temporaire Nouvelle-Calédonie (loi du pays n°2023-8)"/>
    </designation>
    <property>
      <code value="dateValid"/>
      <valueDateTime value="2024-03-29T12:00:00+01:00"/>
    </property>
    <property>
      <code value="dateMaj"/>
      <valueDateTime value="2024-03-29T12:00:00+01:00"/>
    </property>
  </concept>
  <concept>
    <code value="AM41"/>
    <display value="Agrément de radiophysicien avant le 28/11/2004"/>
    <definition value="Agrément de radiophysicien associé au DEA de physique radiologique et médicale délivré par l'Université Paul Sabatier (jusqu'en 1995)"/>
    <designation>
      <use>
        <code value="LibelleCourt"/>
      </use>
      <value value="Agrément Radiophysicien"/>
    </designation>
    <designation>
      <use>
        <code value="LibelleAdapte"/>
      </use>
      <value value="Agrément de radiophysicien avant le 28/11/2004"/>
    </designation>
    <property>
      <code value="dateValid"/>
      <valueDateTime value="2024-03-29T12:00:00+01:00"/>
    </property>
    <property>
      <code value="dateMaj"/>
      <valueDateTime value="2024-03-29T12:00:00+01:00"/>
    </property>
  </concept>
  <concept>
    <code value="AMGP"/>
    <display value="En cours de validation au Guichet principal"/>
    <designation>
      <use>
        <code value="LibelleCourt"/>
      </use>
      <value value="En cours de validation GP"/>
    </designation>
    <designation>
      <use>
        <code value="LibelleAdapte"/>
      </use>
      <value value="En cours de validation au Guichet principal"/>
    </designation>
    <property>
      <code value="dateValid"/>
      <valueDateTime value="2007-07-26T00:00:00+01:00"/>
    </property>
    <property>
      <code value="dateMaj"/>
      <valueDateTime value="2016-09-01T00:00:00+01:00"/>
    </property>
  </concept>
</CodeSystem>