<?xml version="1.0" encoding="UTF-8"?>

<CodeSystem xmlns="http://hl7.org/fhir">
  <id value="TRE-R72-FinessStatutJuridique"/>
  <text>
    <status value="generated"/><div xmlns="http://www.w3.org/1999/xhtml"><p><b>Properties</b></p><p><b>This code system defines the following properties for its concepts</b></p><table class="grid"><tr><td><b>Code</b></td><td><b>Type</b></td><td><b>Description</b></td></tr><tr><td>dateValid</td><td>dateTime</td><td>date de validité d'un code concept</td></tr><tr><td>dateMaj</td><td>dateTime</td><td>Date de mise à jour d'un code concept</td></tr><tr><td>dateFin</td><td>dateTime</td><td>Date de fin d'exploitation d'un code concept</td></tr></table><p><b>Concepts</b></p><p>This  code system <code>https://mos.esante.gouv.fr/NOS/TRE_R72-FinessStatutJuridique/FHIR/TRE-R72-FinessStatutJuridique</code> defines the following codes:</p><table class="codes"><tr><td style="white-space:nowrap"><b>Code</b></td><td><b>Display</b></td><td><b>Definition</b></td><td><b>dateValid</b></td><td><b>dateMaj</b></td></tr><tr><td style="white-space:nowrap">000<a name="TRE-R72-FinessStatutJuridique-000"> </a></td><td>En cours de vérification</td><td>Code ne provenant pas du FINESS, ajouté pour des usages RPPS.</td><td>2017-10-13T12:00:00+01:00</td><td>2017-10-13T12:00:00+01:00</td></tr><tr><td style="white-space:nowrap">01<a name="TRE-R72-FinessStatutJuridique-01"> </a></td><td>Etat</td><td/><td>1979-01-01T00:00:00+01:00</td><td>1979-01-01T00:00:00+01:00</td></tr><tr><td style="white-space:nowrap">02<a name="TRE-R72-FinessStatutJuridique-02"> </a></td><td>Département</td><td/><td>1979-01-01T00:00:00+01:00</td><td>1979-01-01T00:00:00+01:00</td></tr><tr><td style="white-space:nowrap">03<a name="TRE-R72-FinessStatutJuridique-03"> </a></td><td>Commune</td><td/><td>1979-01-01T00:00:00+01:00</td><td>1979-01-01T00:00:00+01:00</td></tr><tr><td style="white-space:nowrap">04<a name="TRE-R72-FinessStatutJuridique-04"> </a></td><td>Région</td><td/><td>1979-01-01T00:00:00+01:00</td><td>1979-01-01T00:00:00+01:00</td></tr><tr><td style="white-space:nowrap">05<a name="TRE-R72-FinessStatutJuridique-05"> </a></td><td>Territoire d'Outre Mer</td><td/><td>1979-01-01T00:00:00+01:00</td><td>1979-01-01T00:00:00+01:00</td></tr><tr><td style="white-space:nowrap">06<a name="TRE-R72-FinessStatutJuridique-06"> </a></td><td>Autre Collectivité Territoriale</td><td/><td>1979-01-01T00:00:00+01:00</td><td>1979-01-01T00:00:00+01:00</td></tr><tr><td style="white-space:nowrap">07<a name="TRE-R72-FinessStatutJuridique-07"> </a></td><td>Métropole ou pôle métropolitain</td><td/><td>2016-01-01T00:00:00+01:00</td><td>2016-02-17T00:00:00+01:00</td></tr><tr><td style="white-space:nowrap">08<a name="TRE-R72-FinessStatutJuridique-08"> </a></td><td>Centre Intercommunal d'Action Sociale</td><td/><td>2019-05-29T12:00:00+01:00</td><td>2019-05-29T12:00:00+01:00</td></tr><tr><td style="white-space:nowrap">10<a name="TRE-R72-FinessStatutJuridique-10"> </a></td><td>Etablissement Public National d'Hospitalisation</td><td/><td>1979-01-01T00:00:00+01:00</td><td>1979-01-01T00:00:00+01:00</td></tr><tr><td style="white-space:nowrap">11<a name="TRE-R72-FinessStatutJuridique-11"> </a></td><td>Etablissement Public Départemental d'Hospitalisation</td><td/><td>1979-01-01T00:00:00+01:00</td><td>1979-01-01T00:00:00+01:00</td></tr><tr><td style="white-space:nowrap">12<a name="TRE-R72-FinessStatutJuridique-12"> </a></td><td>Etablissement Public Interdépartemental d'Hospitalisation</td><td/><td>1979-01-01T00:00:00+01:00</td><td>1979-01-01T00:00:00+01:00</td></tr><tr><td style="white-space:nowrap">13<a name="TRE-R72-FinessStatutJuridique-13"> </a></td><td>Etablissement Public Communal d'Hospitalisation</td><td/><td>1979-01-01T00:00:00+01:00</td><td>1979-01-01T00:00:00+01:00</td></tr><tr><td style="white-space:nowrap">14<a name="TRE-R72-FinessStatutJuridique-14"> </a></td><td>Etablissement Public Intercommunal d'Hospitalisation</td><td/><td>1979-01-01T00:00:00+01:00</td><td>1979-01-01T00:00:00+01:00</td></tr><tr><td style="white-space:nowrap">15<a name="TRE-R72-FinessStatutJuridique-15"> </a></td><td>Etablissement Public Régional d'Hospitalisation</td><td/><td>1979-01-01T00:00:00+01:00</td><td>1979-01-01T00:00:00+01:00</td></tr><tr><td style="white-space:nowrap">16<a name="TRE-R72-FinessStatutJuridique-16"> </a></td><td>Syndicat Inter Hospitalier</td><td/><td>1979-01-01T00:00:00+01:00</td><td>1979-01-01T00:00:00+01:00</td></tr><tr><td style="white-space:nowrap">17<a name="TRE-R72-FinessStatutJuridique-17"> </a></td><td>Centre Communal d'Action Sociale</td><td/><td>1979-01-01T00:00:00+01:00</td><td>1979-01-01T00:00:00+01:00</td></tr><tr><td style="white-space:nowrap">18<a name="TRE-R72-FinessStatutJuridique-18"> </a></td><td>Etablissement Social et Médico-Social National</td><td/><td>1979-01-01T00:00:00+01:00</td><td>1979-01-01T00:00:00+01:00</td></tr><tr><td style="white-space:nowrap">19<a name="TRE-R72-FinessStatutJuridique-19"> </a></td><td>Etablissement Social et Médico-Social Départemental</td><td/><td>1979-01-01T00:00:00+01:00</td><td>1979-01-01T00:00:00+01:00</td></tr><tr><td style="white-space:nowrap">20<a name="TRE-R72-FinessStatutJuridique-20"> </a></td><td>Etablissement Social et Médico-Social Interdépartemental</td><td/><td>1979-01-01T00:00:00+01:00</td><td>1979-01-01T00:00:00+01:00</td></tr><tr><td style="white-space:nowrap">21<a name="TRE-R72-FinessStatutJuridique-21"> </a></td><td>Etablissement Social et Médico-Social Communal</td><td/><td>1979-01-01T00:00:00+01:00</td><td>1979-01-01T00:00:00+01:00</td></tr><tr><td style="white-space:nowrap">22<a name="TRE-R72-FinessStatutJuridique-22"> </a></td><td>Etablissement Social et Médico-Social Intercommunal</td><td/><td>1979-01-01T00:00:00+01:00</td><td>1979-01-01T00:00:00+01:00</td></tr><tr><td style="white-space:nowrap">23<a name="TRE-R72-FinessStatutJuridique-23"> </a></td><td>Etablissement Social et Médico-Social Régional</td><td/><td>1979-01-01T00:00:00+01:00</td><td>1979-01-01T00:00:00+01:00</td></tr><tr><td style="white-space:nowrap">24<a name="TRE-R72-FinessStatutJuridique-24"> </a></td><td>Office Public d'H.L.M.</td><td/><td>1979-01-01T00:00:00+01:00</td><td>1979-01-01T00:00:00+01:00</td></tr><tr><td style="white-space:nowrap">25<a name="TRE-R72-FinessStatutJuridique-25"> </a></td><td>Caisse des Ecoles</td><td/><td>1979-01-01T00:00:00+01:00</td><td>1979-01-01T00:00:00+01:00</td></tr><tr><td style="white-space:nowrap">26<a name="TRE-R72-FinessStatutJuridique-26"> </a></td><td>Autre Etablissement Public à Caractère Administratif</td><td/><td>1979-01-01T00:00:00+01:00</td><td>1979-01-01T00:00:00+01:00</td></tr><tr><td style="white-space:nowrap">27<a name="TRE-R72-FinessStatutJuridique-27"> </a></td><td>Etablissement Public à Caractère Industriel ou Commercial</td><td/><td>1979-01-01T00:00:00+01:00</td><td>1979-01-01T00:00:00+01:00</td></tr><tr><td style="white-space:nowrap">28<a name="TRE-R72-FinessStatutJuridique-28"> </a></td><td>Groupement d'Intérêt Public (G.I.P.)</td><td/><td>1979-01-01T00:00:00+01:00</td><td>1979-01-01T00:00:00+01:00</td></tr><tr><td style="white-space:nowrap">29<a name="TRE-R72-FinessStatutJuridique-29"> </a></td><td>Groupement de Coopération Sanitaire public</td><td/><td>1999-06-17T00:00:00+01:00</td><td>1999-06-17T00:00:00+01:00</td></tr><tr><td style="white-space:nowrap">30<a name="TRE-R72-FinessStatutJuridique-30"> </a></td><td>Groupement de Coopération Sociale ou Médico-Sociale public</td><td/><td>2014-02-12T00:00:00+01:00</td><td>2014-02-12T00:00:00+01:00</td></tr><tr><td style="white-space:nowrap">40<a name="TRE-R72-FinessStatutJuridique-40"> </a></td><td>Régime Général de Sécurité Sociale</td><td/><td>1979-01-01T00:00:00+01:00</td><td>1979-01-01T00:00:00+01:00</td></tr><tr><td style="white-space:nowrap">41<a name="TRE-R72-FinessStatutJuridique-41"> </a></td><td>Régime Spécial de Sécurité Sociale</td><td/><td>1979-01-01T00:00:00+01:00</td><td>1979-01-01T00:00:00+01:00</td></tr><tr><td style="white-space:nowrap">42<a name="TRE-R72-FinessStatutJuridique-42"> </a></td><td>Institution de Prévoyance</td><td/><td>1979-01-01T00:00:00+01:00</td><td>1979-01-01T00:00:00+01:00</td></tr><tr><td style="white-space:nowrap">43<a name="TRE-R72-FinessStatutJuridique-43"> </a></td><td>Mutualité Sociale Agricole (M.S.A.)</td><td/><td>1979-01-01T00:00:00+01:00</td><td>1979-01-01T00:00:00+01:00</td></tr><tr><td style="white-space:nowrap">44<a name="TRE-R72-FinessStatutJuridique-44"> </a></td><td>Régime Maladie des non Salariés non Agricole</td><td/><td>1979-01-01T00:00:00+01:00</td><td>1979-01-01T00:00:00+01:00</td></tr><tr><td style="white-space:nowrap">45<a name="TRE-R72-FinessStatutJuridique-45"> </a></td><td>Régime Vieillesse Particulier</td><td/><td>1979-01-01T00:00:00+01:00</td><td>1979-01-01T00:00:00+01:00</td></tr><tr><td style="white-space:nowrap">46<a name="TRE-R72-FinessStatutJuridique-46"> </a></td><td>Autre Régime de Prévoyance Sociale</td><td/><td>1979-01-01T00:00:00+01:00</td><td>1979-01-01T00:00:00+01:00</td></tr><tr><td style="white-space:nowrap">47<a name="TRE-R72-FinessStatutJuridique-47"> </a></td><td>Société Mutualiste</td><td/><td>1979-01-01T00:00:00+01:00</td><td>1979-01-01T00:00:00+01:00</td></tr><tr><td style="white-space:nowrap">48<a name="TRE-R72-FinessStatutJuridique-48"> </a></td><td>Assurance Mutuelle Agricole</td><td/><td>1979-01-01T00:00:00+01:00</td><td>1979-01-01T00:00:00+01:00</td></tr><tr><td style="white-space:nowrap">49<a name="TRE-R72-FinessStatutJuridique-49"> </a></td><td>Autre Organisme Mutualiste</td><td/><td>1979-01-01T00:00:00+01:00</td><td>1979-01-01T00:00:00+01:00</td></tr><tr><td style="white-space:nowrap">50<a name="TRE-R72-FinessStatutJuridique-50"> </a></td><td>Comité d'Entreprise ou Comité d'Etablissement</td><td/><td>1979-01-01T00:00:00+01:00</td><td>1979-01-01T00:00:00+01:00</td></tr><tr><td style="white-space:nowrap">51<a name="TRE-R72-FinessStatutJuridique-51"> </a></td><td>Syndicat</td><td/><td>1979-01-01T00:00:00+01:00</td><td>1979-01-01T00:00:00+01:00</td></tr><tr><td style="white-space:nowrap">52<a name="TRE-R72-FinessStatutJuridique-52"> </a></td><td>Syndicat de Propriétaires</td><td/><td>1979-01-01T00:00:00+01:00</td><td>1979-01-01T00:00:00+01:00</td></tr><tr><td style="white-space:nowrap">60<a name="TRE-R72-FinessStatutJuridique-60"> </a></td><td>Association Loi 1901 non Reconnue d'Utilité Publique</td><td/><td>1979-01-01T00:00:00+01:00</td><td>1979-01-01T00:00:00+01:00</td></tr><tr><td style="white-space:nowrap">61<a name="TRE-R72-FinessStatutJuridique-61"> </a></td><td>Association Loi 1901 Reconnue d'Utilité Publique</td><td/><td>1979-01-01T00:00:00+01:00</td><td>1979-01-01T00:00:00+01:00</td></tr><tr><td style="white-space:nowrap">62<a name="TRE-R72-FinessStatutJuridique-62"> </a></td><td>Association de Droit Local</td><td/><td>1979-01-01T00:00:00+01:00</td><td>1979-01-01T00:00:00+01:00</td></tr><tr><td style="white-space:nowrap">63<a name="TRE-R72-FinessStatutJuridique-63"> </a></td><td>Fondation</td><td/><td>1979-01-01T00:00:00+01:00</td><td>1979-01-01T00:00:00+01:00</td></tr><tr><td style="white-space:nowrap">64<a name="TRE-R72-FinessStatutJuridique-64"> </a></td><td>Congrégation</td><td/><td>1979-01-01T00:00:00+01:00</td><td>1979-01-01T00:00:00+01:00</td></tr><tr><td style="white-space:nowrap">65<a name="TRE-R72-FinessStatutJuridique-65"> </a></td><td>Autre Organisme Privé à But non Lucratif</td><td/><td>1979-01-01T00:00:00+01:00</td><td>1979-01-01T00:00:00+01:00</td></tr><tr><td style="white-space:nowrap">66<a name="TRE-R72-FinessStatutJuridique-66"> </a></td><td>Groupement de Coopération Sociale ou Médico-Sociale privé</td><td/><td>2014-02-12T00:00:00+01:00</td><td>2014-02-12T00:00:00+01:00</td></tr><tr><td style="white-space:nowrap">70<a name="TRE-R72-FinessStatutJuridique-70"> </a></td><td>Personne Physique</td><td/><td>1979-01-01T00:00:00+01:00</td><td>1979-01-01T00:00:00+01:00</td></tr><tr><td style="white-space:nowrap">71<a name="TRE-R72-FinessStatutJuridique-71"> </a></td><td>Société en Nom Collectif (S.N.C.)</td><td/><td>1979-01-01T00:00:00+01:00</td><td>1979-01-01T00:00:00+01:00</td></tr><tr><td style="white-space:nowrap">72<a name="TRE-R72-FinessStatutJuridique-72"> </a></td><td>Société A Responsabilité Limitée (S.A.R.L.)</td><td/><td>1979-01-01T00:00:00+01:00</td><td>1979-01-01T00:00:00+01:00</td></tr><tr><td style="white-space:nowrap">73<a name="TRE-R72-FinessStatutJuridique-73"> </a></td><td>Société Anonyme (S.A.)</td><td/><td>1979-01-01T00:00:00+01:00</td><td>1979-01-01T00:00:00+01:00</td></tr><tr><td style="white-space:nowrap">74<a name="TRE-R72-FinessStatutJuridique-74"> </a></td><td>Société Civile</td><td/><td>1979-01-01T00:00:00+01:00</td><td>1979-01-01T00:00:00+01:00</td></tr><tr><td style="white-space:nowrap">75<a name="TRE-R72-FinessStatutJuridique-75"> </a></td><td>Autre Société</td><td/><td>1979-01-01T00:00:00+01:00</td><td>1979-01-01T00:00:00+01:00</td></tr><tr><td style="white-space:nowrap">76<a name="TRE-R72-FinessStatutJuridique-76"> </a></td><td>Groupement d'Intérêt Economique (G.I.E.)</td><td/><td>2007-07-25T15:04:35+01:00</td><td>2008-02-28T00:00:00+01:00</td></tr><tr><td style="white-space:nowrap">77<a name="TRE-R72-FinessStatutJuridique-77"> </a></td><td>Autre Organisme Privé à Caractère Commercial</td><td/><td>2007-07-25T15:04:35+01:00</td><td>2008-02-28T00:00:00+01:00</td></tr><tr><td style="white-space:nowrap">78<a name="TRE-R72-FinessStatutJuridique-78"> </a></td><td>Entreprise Unipersonnelle Responsabilité Limitée (E.U.R.L.)</td><td/><td>1979-01-01T00:00:00+01:00</td><td>1979-01-01T00:00:00+01:00</td></tr><tr><td style="white-space:nowrap">79<a name="TRE-R72-FinessStatutJuridique-79"> </a></td><td>Société Civile de Moyens (S.C.M.)</td><td/><td>1979-01-01T00:00:00+01:00</td><td>1979-01-01T00:00:00+01:00</td></tr><tr><td style="white-space:nowrap">80<a name="TRE-R72-FinessStatutJuridique-80"> </a></td><td>Société Interprofessionnelle Soins Ambulatoires (S.I.S.A.)</td><td/><td>2012-04-03T00:00:00+01:00</td><td>2012-04-03T00:00:00+01:00</td></tr><tr><td style="white-space:nowrap">85<a name="TRE-R72-FinessStatutJuridique-85"> </a></td><td>Soc. Exercice Libéral Responsabilité Limitée (S.E.L.A.R.L.)</td><td/><td>1979-01-01T00:00:00+01:00</td><td>1979-01-01T00:00:00+01:00</td></tr><tr><td style="white-space:nowrap">86<a name="TRE-R72-FinessStatutJuridique-86"> </a></td><td>Société d'Exercice Libéral à Forme Anonyme (S.E.L.A.F.A.)</td><td/><td>1979-01-01T00:00:00+01:00</td><td>1979-01-01T00:00:00+01:00</td></tr><tr><td style="white-space:nowrap">87<a name="TRE-R72-FinessStatutJuridique-87"> </a></td><td>Société Exercice Libéral Commandite par Actions (S.E.L.C.A.)</td><td/><td>1979-01-01T00:00:00+01:00</td><td>1979-01-01T00:00:00+01:00</td></tr><tr><td style="white-space:nowrap">88<a name="TRE-R72-FinessStatutJuridique-88"> </a></td><td>Société Civile Professionnelle (S.C.P.)</td><td/><td>1996-10-24T00:00:00+01:00</td><td>1996-10-24T00:00:00+01:00</td></tr><tr><td style="white-space:nowrap">89<a name="TRE-R72-FinessStatutJuridique-89"> </a></td><td>Groupement de Coopération Sanitaire Privé</td><td/><td>1999-06-17T00:00:00+01:00</td><td>1999-06-17T00:00:00+01:00</td></tr><tr><td style="white-space:nowrap">90<a name="TRE-R72-FinessStatutJuridique-90"> </a></td><td>Organisme de Droit Etranger</td><td/><td>2007-07-25T15:04:35+01:00</td><td>2008-02-28T00:00:00+01:00</td></tr><tr><td style="white-space:nowrap">91<a name="TRE-R72-FinessStatutJuridique-91"> </a></td><td>Société Exercice Libéral par Actions Simplifiée (S.E.L.A.S.)</td><td/><td>2014-02-12T00:00:00+01:00</td><td>2014-02-12T00:00:00+01:00</td></tr><tr><td style="white-space:nowrap">93<a name="TRE-R72-FinessStatutJuridique-93"> </a></td><td>Société en commandite</td><td/><td>2014-02-12T00:00:00+01:00</td><td>2014-02-12T00:00:00+01:00</td></tr><tr><td style="white-space:nowrap">95<a name="TRE-R72-FinessStatutJuridique-95"> </a></td><td>Société par Actions Simplifiée (S.A.S.)</td><td/><td>2014-02-12T00:00:00+01:00</td><td>2014-02-12T00:00:00+01:00</td></tr><tr><td style="white-space:nowrap">100<a name="TRE-R72-FinessStatutJuridique-100"> </a></td><td>Société d'exercice libéral à responsabilité limitée unipersonnelle (SELURL)</td><td>Code ne provenant pas du FINESS, ajouté pour des usages RPPS.</td><td>2017-10-13T12:00:00+01:00</td><td>2017-10-13T12:00:00+01:00</td></tr><tr><td style="white-space:nowrap">101<a name="TRE-R72-FinessStatutJuridique-101"> </a></td><td>Société d'exercice libéral par actions simplifiée (SELAS)</td><td>Code ne provenant pas du FINESS, ajouté pour des usages RPPS.</td><td>2017-10-13T12:00:00+01:00</td><td>2017-10-13T12:00:00+01:00</td></tr><tr><td style="white-space:nowrap">102<a name="TRE-R72-FinessStatutJuridique-102"> </a></td><td>Société d'exercice libéral par actions simplifiée unipersonnelle (SELASU)</td><td>Code ne provenant pas du FINESS, ajouté pour des usages RPPS.</td><td>2017-10-13T12:00:00+01:00</td><td>2017-10-13T12:00:00+01:00</td></tr><tr><td style="white-space:nowrap">103<a name="TRE-R72-FinessStatutJuridique-103"> </a></td><td>Société en commandite simple (SCS)</td><td>Code ne provenant pas du FINESS, ajouté pour des usages RPPS.</td><td>2017-10-13T12:00:00+01:00</td><td>2017-10-13T12:00:00+01:00</td></tr><tr><td style="white-space:nowrap">104<a name="TRE-R72-FinessStatutJuridique-104"> </a></td><td>Société en commandite par actions (SCA)</td><td>Code ne provenant pas du FINESS, ajouté pour des usages RPPS.</td><td>2017-10-13T12:00:00+01:00</td><td>2017-10-13T12:00:00+01:00</td></tr><tr><td style="white-space:nowrap">105<a name="TRE-R72-FinessStatutJuridique-105"> </a></td><td>Société par actions simplifiée (SAS)</td><td>Code ne provenant pas du FINESS, ajouté pour des usages RPPS.</td><td>2017-10-13T12:00:00+01:00</td><td>2017-10-13T12:00:00+01:00</td></tr><tr><td style="white-space:nowrap">106<a name="TRE-R72-FinessStatutJuridique-106"> </a></td><td>Société anonyme à directoire (SADI)</td><td>Code ne provenant pas du FINESS, ajouté pour des usages RPPS.</td><td>2017-10-13T12:00:00+01:00</td><td>2017-10-13T12:00:00+01:00</td></tr><tr><td style="white-space:nowrap">107<a name="TRE-R72-FinessStatutJuridique-107"> </a></td><td>Société Anonyme à conseil d'administration (SACA)</td><td>Code ne provenant pas du FINESS, ajouté pour des usages RPPS.</td><td>2017-10-13T12:00:00+01:00</td><td>2017-10-13T12:00:00+01:00</td></tr><tr><td style="white-space:nowrap">110<a name="TRE-R72-FinessStatutJuridique-110"> </a></td><td>Société en participation (SEP)</td><td>Code ne provenant pas du FINESS, ajouté pour des usages RPPS.</td><td>2017-10-13T12:00:00+01:00</td><td>2017-10-13T12:00:00+01:00</td></tr></table></div>
  </text>
  <extension url="http://hl7.org/fhir/StructureDefinition/resource-effectivePeriod">
    <valuePeriod>
      <start value="1979-01-01T00:00:00+01:00"/>
    </valuePeriod>
  </extension>
  <url value="https://mos.esante.gouv.fr/NOS/TRE_R72-FinessStatutJuridique/FHIR/TRE-R72-FinessStatutJuridique"/>
  <identifier>
    <value value="urn:oid:1.2.250.1.213.1.6.1.44"/>
  </identifier>
  <version value="1.2.0"/>
  <name value="TRE_R72-FinessStatutJuridique"/>
  <status value="active"/>
  <date value="2024-03-29T12:00:00+01:00"/>
  <publisher value="ANS"/>
  <contact>
    <name value="ANS"/>
    <telecom>
      <system value="url"/>
      <value value="https://esante.gouv.fr"/>
    </telecom>
  </contact>
  <description value="Statuts juridiques provenant de FINESS, excepté pour les codes 000 et 100 à 110 qui ont été ajoutés pour les besoins du RPPS en 2017."/>
  <content value="complete"/>
  <property>
    <code value="dateValid"/>
    <description value="date de validité d'un code concept"/>
    <type value="dateTime"/>
  </property>
  <property>
    <code value="dateMaj"/>
    <description value="Date de mise à jour d'un code concept"/>
    <type value="dateTime"/>
  </property>
  <property>
    <code value="dateFin"/>
    <description value="Date de fin d'exploitation d'un code concept"/>
    <type value="dateTime"/>
  </property>
  <concept>
    <code value="000"/>
    <display value="En cours de vérification"/>
    <definition value="Code ne provenant pas du FINESS, ajouté pour des usages RPPS."/>
    <designation>
      <use>
        <code value="LibelleCourt"/>
      </use>
      <value value="En cours de vérification"/>
    </designation>
    <designation>
      <use>
        <code value="LibelleAdapte"/>
      </use>
      <value value="En cours de vérification"/>
    </designation>
    <property>
      <code value="dateValid"/>
      <valueDateTime value="2017-10-13T12:00:00+01:00"/>
    </property>
    <property>
      <code value="dateMaj"/>
      <valueDateTime value="2017-10-13T12:00:00+01:00"/>
    </property>
  </concept>
  <concept>
    <code value="01"/>
    <display value="Etat"/>
    <designation>
      <use>
        <code value="LibelleCourt"/>
      </use>
      <value value="Etat"/>
    </designation>
    <designation>
      <use>
        <code value="LibelleAdapte"/>
      </use>
      <value value="Etat"/>
    </designation>
    <property>
      <code value="dateValid"/>
      <valueDateTime value="1979-01-01T00:00:00+01:00"/>
    </property>
    <property>
      <code value="dateMaj"/>
      <valueDateTime value="1979-01-01T00:00:00+01:00"/>
    </property>
  </concept>
  <concept>
    <code value="02"/>
    <display value="Département"/>
    <designation>
      <use>
        <code value="LibelleCourt"/>
      </use>
      <value value="Département"/>
    </designation>
    <designation>
      <use>
        <code value="LibelleAdapte"/>
      </use>
      <value value="Département"/>
    </designation>
    <property>
      <code value="dateValid"/>
      <valueDateTime value="1979-01-01T00:00:00+01:00"/>
    </property>
    <property>
      <code value="dateMaj"/>
      <valueDateTime value="1979-01-01T00:00:00+01:00"/>
    </property>
  </concept>
  <concept>
    <code value="03"/>
    <display value="Commune"/>
    <designation>
      <use>
        <code value="LibelleCourt"/>
      </use>
      <value value="Commune"/>
    </designation>
    <designation>
      <use>
        <code value="LibelleAdapte"/>
      </use>
      <value value="Commune"/>
    </designation>
    <property>
      <code value="dateValid"/>
      <valueDateTime value="1979-01-01T00:00:00+01:00"/>
    </property>
    <property>
      <code value="dateMaj"/>
      <valueDateTime value="1979-01-01T00:00:00+01:00"/>
    </property>
  </concept>
  <concept>
    <code value="04"/>
    <display value="Région"/>
    <designation>
      <use>
        <code value="LibelleCourt"/>
      </use>
      <value value="Région"/>
    </designation>
    <designation>
      <use>
        <code value="LibelleAdapte"/>
      </use>
      <value value="Région"/>
    </designation>
    <property>
      <code value="dateValid"/>
      <valueDateTime value="1979-01-01T00:00:00+01:00"/>
    </property>
    <property>
      <code value="dateMaj"/>
      <valueDateTime value="1979-01-01T00:00:00+01:00"/>
    </property>
  </concept>
  <concept>
    <code value="05"/>
    <display value="Territoire d'Outre Mer"/>
    <designation>
      <use>
        <code value="LibelleCourt"/>
      </use>
      <value value="Territoire Outre Mer"/>
    </designation>
    <designation>
      <use>
        <code value="LibelleAdapte"/>
      </use>
      <value value="Territoire d'Outre Mer"/>
    </designation>
    <property>
      <code value="dateValid"/>
      <valueDateTime value="1979-01-01T00:00:00+01:00"/>
    </property>
    <property>
      <code value="dateMaj"/>
      <valueDateTime value="1979-01-01T00:00:00+01:00"/>
    </property>
  </concept>
  <concept>
    <code value="06"/>
    <display value="Autre Collectivité Territoriale"/>
    <designation>
      <use>
        <code value="LibelleCourt"/>
      </use>
      <value value="Autre Collect. Terr."/>
    </designation>
    <designation>
      <use>
        <code value="LibelleAdapte"/>
      </use>
      <value value="Autre collectivité territoriale"/>
    </designation>
    <property>
      <code value="dateValid"/>
      <valueDateTime value="1979-01-01T00:00:00+01:00"/>
    </property>
    <property>
      <code value="dateMaj"/>
      <valueDateTime value="1979-01-01T00:00:00+01:00"/>
    </property>
  </concept>
  <concept>
    <code value="07"/>
    <display value="Métropole ou pôle métropolitain"/>
    <designation>
      <use>
        <code value="LibelleCourt"/>
      </use>
      <value value="Métropole"/>
    </designation>
    <designation>
      <use>
        <code value="LibelleAdapte"/>
      </use>
      <value value="Métropole ou Pôle métropolitain"/>
    </designation>
    <property>
      <code value="dateValid"/>
      <valueDateTime value="2016-01-01T00:00:00+01:00"/>
    </property>
    <property>
      <code value="dateMaj"/>
      <valueDateTime value="2016-02-17T00:00:00+01:00"/>
    </property>
  </concept>
  <concept>
    <code value="08"/>
    <display value="Centre Intercommunal d'Action Sociale"/>
    <designation>
      <use>
        <code value="LibelleCourt"/>
      </use>
      <value value="C.I.A.S"/>
    </designation>
    <designation>
      <use>
        <code value="LibelleAdapte"/>
      </use>
      <value value="Centre Intercommunal d'Action Sociale"/>
    </designation>
    <property>
      <code value="dateValid"/>
      <valueDateTime value="2019-05-29T12:00:00+01:00"/>
    </property>
    <property>
      <code value="dateMaj"/>
      <valueDateTime value="2019-05-29T12:00:00+01:00"/>
    </property>
  </concept>
  <concept>
    <code value="10"/>
    <display value="Etablissement Public National d'Hospitalisation"/>
    <designation>
      <use>
        <code value="LibelleCourt"/>
      </use>
      <value value="Etb.Public Nat.Hosp."/>
    </designation>
    <designation>
      <use>
        <code value="LibelleAdapte"/>
      </use>
      <value value="Etablissement public national d'hospitalisation"/>
    </designation>
    <property>
      <code value="dateValid"/>
      <valueDateTime value="1979-01-01T00:00:00+01:00"/>
    </property>
    <property>
      <code value="dateMaj"/>
      <valueDateTime value="1979-01-01T00:00:00+01:00"/>
    </property>
  </concept>
  <concept>
    <code value="11"/>
    <display value="Etablissement Public Départemental d'Hospitalisation"/>
    <designation>
      <use>
        <code value="LibelleCourt"/>
      </use>
      <value value="Etb.Pub.Départ.Hosp."/>
    </designation>
    <designation>
      <use>
        <code value="LibelleAdapte"/>
      </use>
      <value value="Etablissement public départemental d'hospitalisation"/>
    </designation>
    <property>
      <code value="dateValid"/>
      <valueDateTime value="1979-01-01T00:00:00+01:00"/>
    </property>
    <property>
      <code value="dateMaj"/>
      <valueDateTime value="1979-01-01T00:00:00+01:00"/>
    </property>
  </concept>
  <concept>
    <code value="12"/>
    <display value="Etablissement Public Interdépartemental d'Hospitalisation"/>
    <designation>
      <use>
        <code value="LibelleCourt"/>
      </use>
      <value value="Etb.Pub.Intdép.Hosp."/>
    </designation>
    <designation>
      <use>
        <code value="LibelleAdapte"/>
      </use>
      <value value="Etablissement public interdépartemental d'hospitalisation"/>
    </designation>
    <property>
      <code value="dateValid"/>
      <valueDateTime value="1979-01-01T00:00:00+01:00"/>
    </property>
    <property>
      <code value="dateMaj"/>
      <valueDateTime value="1979-01-01T00:00:00+01:00"/>
    </property>
  </concept>
  <concept>
    <code value="13"/>
    <display value="Etablissement Public Communal d'Hospitalisation"/>
    <designation>
      <use>
        <code value="LibelleCourt"/>
      </use>
      <value value="Etb.Pub.Commun.Hosp."/>
    </designation>
    <designation>
      <use>
        <code value="LibelleAdapte"/>
      </use>
      <value value="Etablissement public communal d'hospitalisation"/>
    </designation>
    <property>
      <code value="dateValid"/>
      <valueDateTime value="1979-01-01T00:00:00+01:00"/>
    </property>
    <property>
      <code value="dateMaj"/>
      <valueDateTime value="1979-01-01T00:00:00+01:00"/>
    </property>
  </concept>
  <concept>
    <code value="14"/>
    <display value="Etablissement Public Intercommunal d'Hospitalisation"/>
    <designation>
      <use>
        <code value="LibelleCourt"/>
      </use>
      <value value="Etb.Pub.Intcom.Hosp."/>
    </designation>
    <designation>
      <use>
        <code value="LibelleAdapte"/>
      </use>
      <value value="Etablissement public intercommunal d'hospitalisation"/>
    </designation>
    <property>
      <code value="dateValid"/>
      <valueDateTime value="1979-01-01T00:00:00+01:00"/>
    </property>
    <property>
      <code value="dateMaj"/>
      <valueDateTime value="1979-01-01T00:00:00+01:00"/>
    </property>
  </concept>
  <concept>
    <code value="15"/>
    <display value="Etablissement Public Régional d'Hospitalisation"/>
    <designation>
      <use>
        <code value="LibelleCourt"/>
      </use>
      <value value="Etb.Public Rég.Hosp."/>
    </designation>
    <designation>
      <use>
        <code value="LibelleAdapte"/>
      </use>
      <value value="Etablissement public régional d'hospitalisation"/>
    </designation>
    <property>
      <code value="dateValid"/>
      <valueDateTime value="1979-01-01T00:00:00+01:00"/>
    </property>
    <property>
      <code value="dateMaj"/>
      <valueDateTime value="1979-01-01T00:00:00+01:00"/>
    </property>
  </concept>
  <concept>
    <code value="16"/>
    <display value="Syndicat Inter Hospitalier"/>
    <designation>
      <use>
        <code value="LibelleCourt"/>
      </use>
      <value value="S.I.H."/>
    </designation>
    <designation>
      <use>
        <code value="LibelleAdapte"/>
      </use>
      <value value="Syndicat interhospitalier"/>
    </designation>
    <property>
      <code value="dateValid"/>
      <valueDateTime value="1979-01-01T00:00:00+01:00"/>
    </property>
    <property>
      <code value="dateMaj"/>
      <valueDateTime value="1979-01-01T00:00:00+01:00"/>
    </property>
  </concept>
  <concept>
    <code value="17"/>
    <display value="Centre Communal d'Action Sociale"/>
    <designation>
      <use>
        <code value="LibelleCourt"/>
      </use>
      <value value="C.C.A.S."/>
    </designation>
    <designation>
      <use>
        <code value="LibelleAdapte"/>
      </use>
      <value value="Centre communal d'action sociale"/>
    </designation>
    <property>
      <code value="dateValid"/>
      <valueDateTime value="1979-01-01T00:00:00+01:00"/>
    </property>
    <property>
      <code value="dateMaj"/>
      <valueDateTime value="1979-01-01T00:00:00+01:00"/>
    </property>
  </concept>
  <concept>
    <code value="18"/>
    <display value="Etablissement Social et Médico-Social National"/>
    <designation>
      <use>
        <code value="LibelleCourt"/>
      </use>
      <value value="Etb.Social National"/>
    </designation>
    <designation>
      <use>
        <code value="LibelleAdapte"/>
      </use>
      <value value="Etablissement social et médico-social national"/>
    </designation>
    <property>
      <code value="dateValid"/>
      <valueDateTime value="1979-01-01T00:00:00+01:00"/>
    </property>
    <property>
      <code value="dateMaj"/>
      <valueDateTime value="1979-01-01T00:00:00+01:00"/>
    </property>
  </concept>
  <concept>
    <code value="19"/>
    <display value="Etablissement Social et Médico-Social Départemental"/>
    <designation>
      <use>
        <code value="LibelleCourt"/>
      </use>
      <value value="Etb.Social Départ."/>
    </designation>
    <designation>
      <use>
        <code value="LibelleAdapte"/>
      </use>
      <value value="Etablissement social et médico-social départemental"/>
    </designation>
    <property>
      <code value="dateValid"/>
      <valueDateTime value="1979-01-01T00:00:00+01:00"/>
    </property>
    <property>
      <code value="dateMaj"/>
      <valueDateTime value="1979-01-01T00:00:00+01:00"/>
    </property>
  </concept>
  <concept>
    <code value="20"/>
    <display value="Etablissement Social et Médico-Social Interdépartemental"/>
    <designation>
      <use>
        <code value="LibelleCourt"/>
      </use>
      <value value="Etb.Social Interdept"/>
    </designation>
    <designation>
      <use>
        <code value="LibelleAdapte"/>
      </use>
      <value value="Etablissement social et médico-social interdépartemental"/>
    </designation>
    <property>
      <code value="dateValid"/>
      <valueDateTime value="1979-01-01T00:00:00+01:00"/>
    </property>
    <property>
      <code value="dateMaj"/>
      <valueDateTime value="1979-01-01T00:00:00+01:00"/>
    </property>
  </concept>
  <concept>
    <code value="21"/>
    <display value="Etablissement Social et Médico-Social Communal"/>
    <designation>
      <use>
        <code value="LibelleCourt"/>
      </use>
      <value value="Etb.Social Communal"/>
    </designation>
    <designation>
      <use>
        <code value="LibelleAdapte"/>
      </use>
      <value value="Etablissement social et médico-social communal"/>
    </designation>
    <property>
      <code value="dateValid"/>
      <valueDateTime value="1979-01-01T00:00:00+01:00"/>
    </property>
    <property>
      <code value="dateMaj"/>
      <valueDateTime value="1979-01-01T00:00:00+01:00"/>
    </property>
  </concept>
  <concept>
    <code value="22"/>
    <display value="Etablissement Social et Médico-Social Intercommunal"/>
    <designation>
      <use>
        <code value="LibelleCourt"/>
      </use>
      <value value="Etb.Social Intercom."/>
    </designation>
    <designation>
      <use>
        <code value="LibelleAdapte"/>
      </use>
      <value value="Etablissement social et médico-social intercommunal"/>
    </designation>
    <property>
      <code value="dateValid"/>
      <valueDateTime value="1979-01-01T00:00:00+01:00"/>
    </property>
    <property>
      <code value="dateMaj"/>
      <valueDateTime value="1979-01-01T00:00:00+01:00"/>
    </property>
  </concept>
  <concept>
    <code value="23"/>
    <display value="Etablissement Social et Médico-Social Régional"/>
    <designation>
      <use>
        <code value="LibelleCourt"/>
      </use>
      <value value="Etb.Social Régional"/>
    </designation>
    <designation>
      <use>
        <code value="LibelleAdapte"/>
      </use>
      <value value="Etablissement social et médico-social régional"/>
    </designation>
    <property>
      <code value="dateValid"/>
      <valueDateTime value="1979-01-01T00:00:00+01:00"/>
    </property>
    <property>
      <code value="dateMaj"/>
      <valueDateTime value="1979-01-01T00:00:00+01:00"/>
    </property>
  </concept>
  <concept>
    <code value="24"/>
    <display value="Office Public d'H.L.M."/>
    <designation>
      <use>
        <code value="LibelleCourt"/>
      </use>
      <value value="Office Public H.L.M."/>
    </designation>
    <designation>
      <use>
        <code value="LibelleAdapte"/>
      </use>
      <value value="Office public d'HLM"/>
    </designation>
    <property>
      <code value="dateValid"/>
      <valueDateTime value="1979-01-01T00:00:00+01:00"/>
    </property>
    <property>
      <code value="dateMaj"/>
      <valueDateTime value="1979-01-01T00:00:00+01:00"/>
    </property>
  </concept>
  <concept>
    <code value="25"/>
    <display value="Caisse des Ecoles"/>
    <designation>
      <use>
        <code value="LibelleCourt"/>
      </use>
      <value value="Caisse des Ecoles"/>
    </designation>
    <designation>
      <use>
        <code value="LibelleAdapte"/>
      </use>
      <value value="Caisse des écoles"/>
    </designation>
    <property>
      <code value="dateValid"/>
      <valueDateTime value="1979-01-01T00:00:00+01:00"/>
    </property>
    <property>
      <code value="dateMaj"/>
      <valueDateTime value="1979-01-01T00:00:00+01:00"/>
    </property>
  </concept>
  <concept>
    <code value="26"/>
    <display value="Autre Etablissement Public à Caractère Administratif"/>
    <designation>
      <use>
        <code value="LibelleCourt"/>
      </use>
      <value value="Autre Etb. Pub. Adm"/>
    </designation>
    <designation>
      <use>
        <code value="LibelleAdapte"/>
      </use>
      <value value="Autre établissement public à caractère administratif"/>
    </designation>
    <property>
      <code value="dateValid"/>
      <valueDateTime value="1979-01-01T00:00:00+01:00"/>
    </property>
    <property>
      <code value="dateMaj"/>
      <valueDateTime value="1979-01-01T00:00:00+01:00"/>
    </property>
  </concept>
  <concept>
    <code value="27"/>
    <display value="Etablissement Public à Caractère Industriel ou Commercial"/>
    <designation>
      <use>
        <code value="LibelleCourt"/>
      </use>
      <value value="Etb.Pub. Indus. Com."/>
    </designation>
    <designation>
      <use>
        <code value="LibelleAdapte"/>
      </use>
      <value value="Etablissement public à caractère industriel ou commercial"/>
    </designation>
    <property>
      <code value="dateValid"/>
      <valueDateTime value="1979-01-01T00:00:00+01:00"/>
    </property>
    <property>
      <code value="dateMaj"/>
      <valueDateTime value="1979-01-01T00:00:00+01:00"/>
    </property>
  </concept>
  <concept>
    <code value="28"/>
    <display value="Groupement d'Intérêt Public (G.I.P.)"/>
    <designation>
      <use>
        <code value="LibelleCourt"/>
      </use>
      <value value="G.I.P."/>
    </designation>
    <designation>
      <use>
        <code value="LibelleAdapte"/>
      </use>
      <value value="Groupement d'intérêt public (GIP)"/>
    </designation>
    <property>
      <code value="dateValid"/>
      <valueDateTime value="1979-01-01T00:00:00+01:00"/>
    </property>
    <property>
      <code value="dateMaj"/>
      <valueDateTime value="1979-01-01T00:00:00+01:00"/>
    </property>
  </concept>
  <concept>
    <code value="29"/>
    <display value="Groupement de Coopération Sanitaire public"/>
    <designation>
      <use>
        <code value="LibelleCourt"/>
      </use>
      <value value="G.C.S. public"/>
    </designation>
    <designation>
      <use>
        <code value="LibelleAdapte"/>
      </use>
      <value value="Groupement de coopération sanitaire (GCS) public"/>
    </designation>
    <property>
      <code value="dateValid"/>
      <valueDateTime value="1999-06-17T00:00:00+01:00"/>
    </property>
    <property>
      <code value="dateMaj"/>
      <valueDateTime value="1999-06-17T00:00:00+01:00"/>
    </property>
  </concept>
  <concept>
    <code value="30"/>
    <display value="Groupement de Coopération Sociale ou Médico-Sociale public"/>
    <designation>
      <use>
        <code value="LibelleCourt"/>
      </use>
      <value value="G.C.S.M.S. public"/>
    </designation>
    <designation>
      <use>
        <code value="LibelleAdapte"/>
      </use>
      <value value="Groupement de coopération sociale ou médico-sociale public (GCSMS)"/>
    </designation>
    <property>
      <code value="dateValid"/>
      <valueDateTime value="2014-02-12T00:00:00+01:00"/>
    </property>
    <property>
      <code value="dateMaj"/>
      <valueDateTime value="2014-02-12T00:00:00+01:00"/>
    </property>
  </concept>
  <concept>
    <code value="40"/>
    <display value="Régime Général de Sécurité Sociale"/>
    <designation>
      <use>
        <code value="LibelleCourt"/>
      </use>
      <value value="Rég.Gén.Sécu.Sociale"/>
    </designation>
    <designation>
      <use>
        <code value="LibelleAdapte"/>
      </use>
      <value value="Régime général de sécurité sociale"/>
    </designation>
    <property>
      <code value="dateValid"/>
      <valueDateTime value="1979-01-01T00:00:00+01:00"/>
    </property>
    <property>
      <code value="dateMaj"/>
      <valueDateTime value="1979-01-01T00:00:00+01:00"/>
    </property>
  </concept>
  <concept>
    <code value="41"/>
    <display value="Régime Spécial de Sécurité Sociale"/>
    <designation>
      <use>
        <code value="LibelleCourt"/>
      </use>
      <value value="Rég.Spé.Sécu.Sociale"/>
    </designation>
    <designation>
      <use>
        <code value="LibelleAdapte"/>
      </use>
      <value value="Régime spécial de sécurité sociale"/>
    </designation>
    <property>
      <code value="dateValid"/>
      <valueDateTime value="1979-01-01T00:00:00+01:00"/>
    </property>
    <property>
      <code value="dateMaj"/>
      <valueDateTime value="1979-01-01T00:00:00+01:00"/>
    </property>
  </concept>
  <concept>
    <code value="42"/>
    <display value="Institution de Prévoyance"/>
    <designation>
      <use>
        <code value="LibelleCourt"/>
      </use>
      <value value="Institut Prévoyance"/>
    </designation>
    <designation>
      <use>
        <code value="LibelleAdapte"/>
      </use>
      <value value="Institution de prévoyance"/>
    </designation>
    <property>
      <code value="dateValid"/>
      <valueDateTime value="1979-01-01T00:00:00+01:00"/>
    </property>
    <property>
      <code value="dateMaj"/>
      <valueDateTime value="1979-01-01T00:00:00+01:00"/>
    </property>
  </concept>
  <concept>
    <code value="43"/>
    <display value="Mutualité Sociale Agricole (M.S.A.)"/>
    <designation>
      <use>
        <code value="LibelleCourt"/>
      </use>
      <value value="Mut.Sociale Agricole"/>
    </designation>
    <designation>
      <use>
        <code value="LibelleAdapte"/>
      </use>
      <value value="Mutualité sociale agricole (MSA)"/>
    </designation>
    <property>
      <code value="dateValid"/>
      <valueDateTime value="1979-01-01T00:00:00+01:00"/>
    </property>
    <property>
      <code value="dateMaj"/>
      <valueDateTime value="1979-01-01T00:00:00+01:00"/>
    </property>
  </concept>
  <concept>
    <code value="44"/>
    <display value="Régime Maladie des non Salariés non Agricole"/>
    <designation>
      <use>
        <code value="LibelleCourt"/>
      </use>
      <value value="Rég.Mal.n Sal.n Agr."/>
    </designation>
    <designation>
      <use>
        <code value="LibelleAdapte"/>
      </use>
      <value value="Régime maladie des non salariés, non agricole"/>
    </designation>
    <property>
      <code value="dateValid"/>
      <valueDateTime value="1979-01-01T00:00:00+01:00"/>
    </property>
    <property>
      <code value="dateMaj"/>
      <valueDateTime value="1979-01-01T00:00:00+01:00"/>
    </property>
  </concept>
  <concept>
    <code value="45"/>
    <display value="Régime Vieillesse Particulier"/>
    <designation>
      <use>
        <code value="LibelleCourt"/>
      </use>
      <value value="Rég.Vieillesse Part."/>
    </designation>
    <designation>
      <use>
        <code value="LibelleAdapte"/>
      </use>
      <value value="Régime vieillesse particulier"/>
    </designation>
    <property>
      <code value="dateValid"/>
      <valueDateTime value="1979-01-01T00:00:00+01:00"/>
    </property>
    <property>
      <code value="dateMaj"/>
      <valueDateTime value="1979-01-01T00:00:00+01:00"/>
    </property>
  </concept>
  <concept>
    <code value="46"/>
    <display value="Autre Régime de Prévoyance Sociale"/>
    <designation>
      <use>
        <code value="LibelleCourt"/>
      </use>
      <value value="Autre Rég.Prév.Soc."/>
    </designation>
    <designation>
      <use>
        <code value="LibelleAdapte"/>
      </use>
      <value value="Autre régime de prévoyance sociale"/>
    </designation>
    <property>
      <code value="dateValid"/>
      <valueDateTime value="1979-01-01T00:00:00+01:00"/>
    </property>
    <property>
      <code value="dateMaj"/>
      <valueDateTime value="1979-01-01T00:00:00+01:00"/>
    </property>
  </concept>
  <concept>
    <code value="47"/>
    <display value="Société Mutualiste"/>
    <designation>
      <use>
        <code value="LibelleCourt"/>
      </use>
      <value value="Société Mutualiste"/>
    </designation>
    <designation>
      <use>
        <code value="LibelleAdapte"/>
      </use>
      <value value="Société mutualiste"/>
    </designation>
    <property>
      <code value="dateValid"/>
      <valueDateTime value="1979-01-01T00:00:00+01:00"/>
    </property>
    <property>
      <code value="dateMaj"/>
      <valueDateTime value="1979-01-01T00:00:00+01:00"/>
    </property>
  </concept>
  <concept>
    <code value="48"/>
    <display value="Assurance Mutuelle Agricole"/>
    <designation>
      <use>
        <code value="LibelleCourt"/>
      </use>
      <value value="Assur. Mut. Agricole"/>
    </designation>
    <designation>
      <use>
        <code value="LibelleAdapte"/>
      </use>
      <value value="Assurance mutuelle agricole"/>
    </designation>
    <property>
      <code value="dateValid"/>
      <valueDateTime value="1979-01-01T00:00:00+01:00"/>
    </property>
    <property>
      <code value="dateMaj"/>
      <valueDateTime value="1979-01-01T00:00:00+01:00"/>
    </property>
  </concept>
  <concept>
    <code value="49"/>
    <display value="Autre Organisme Mutualiste"/>
    <designation>
      <use>
        <code value="LibelleCourt"/>
      </use>
      <value value="Autre Org.Mutualiste"/>
    </designation>
    <designation>
      <use>
        <code value="LibelleAdapte"/>
      </use>
      <value value="Autre organisme mutualiste"/>
    </designation>
    <property>
      <code value="dateValid"/>
      <valueDateTime value="1979-01-01T00:00:00+01:00"/>
    </property>
    <property>
      <code value="dateMaj"/>
      <valueDateTime value="1979-01-01T00:00:00+01:00"/>
    </property>
  </concept>
  <concept>
    <code value="50"/>
    <display value="Comité d'Entreprise ou Comité d'Etablissement"/>
    <designation>
      <use>
        <code value="LibelleCourt"/>
      </use>
      <value value="Comité d'Entreprise"/>
    </designation>
    <designation>
      <use>
        <code value="LibelleAdapte"/>
      </use>
      <value value="Comité d'entreprise ou Comité d'établissement"/>
    </designation>
    <property>
      <code value="dateValid"/>
      <valueDateTime value="1979-01-01T00:00:00+01:00"/>
    </property>
    <property>
      <code value="dateMaj"/>
      <valueDateTime value="1979-01-01T00:00:00+01:00"/>
    </property>
  </concept>
  <concept>
    <code value="51"/>
    <display value="Syndicat"/>
    <designation>
      <use>
        <code value="LibelleCourt"/>
      </use>
      <value value="Syndicat"/>
    </designation>
    <designation>
      <use>
        <code value="LibelleAdapte"/>
      </use>
      <value value="Syndicat"/>
    </designation>
    <property>
      <code value="dateValid"/>
      <valueDateTime value="1979-01-01T00:00:00+01:00"/>
    </property>
    <property>
      <code value="dateMaj"/>
      <valueDateTime value="1979-01-01T00:00:00+01:00"/>
    </property>
  </concept>
  <concept>
    <code value="52"/>
    <display value="Syndicat de Propriétaires"/>
    <designation>
      <use>
        <code value="LibelleCourt"/>
      </use>
      <value value="Synd. Propriétaires"/>
    </designation>
    <designation>
      <use>
        <code value="LibelleAdapte"/>
      </use>
      <value value="Syndicat de propriétaires"/>
    </designation>
    <property>
      <code value="dateValid"/>
      <valueDateTime value="1979-01-01T00:00:00+01:00"/>
    </property>
    <property>
      <code value="dateMaj"/>
      <valueDateTime value="1979-01-01T00:00:00+01:00"/>
    </property>
  </concept>
  <concept>
    <code value="60"/>
    <display value="Association Loi 1901 non Reconnue d'Utilité Publique"/>
    <designation>
      <use>
        <code value="LibelleCourt"/>
      </use>
      <value value="Ass.L.1901 non R.U.P"/>
    </designation>
    <designation>
      <use>
        <code value="LibelleAdapte"/>
      </use>
      <value value="Association Loi 1901 non reconnue d'utilité publique"/>
    </designation>
    <property>
      <code value="dateValid"/>
      <valueDateTime value="1979-01-01T00:00:00+01:00"/>
    </property>
    <property>
      <code value="dateMaj"/>
      <valueDateTime value="1979-01-01T00:00:00+01:00"/>
    </property>
  </concept>
  <concept>
    <code value="61"/>
    <display value="Association Loi 1901 Reconnue d'Utilité Publique"/>
    <designation>
      <use>
        <code value="LibelleCourt"/>
      </use>
      <value value="Ass.L.1901 R.U.P."/>
    </designation>
    <designation>
      <use>
        <code value="LibelleAdapte"/>
      </use>
      <value value="Association Loi 1901 reconnue d'utilité publique"/>
    </designation>
    <property>
      <code value="dateValid"/>
      <valueDateTime value="1979-01-01T00:00:00+01:00"/>
    </property>
    <property>
      <code value="dateMaj"/>
      <valueDateTime value="1979-01-01T00:00:00+01:00"/>
    </property>
  </concept>
  <concept>
    <code value="62"/>
    <display value="Association de Droit Local"/>
    <designation>
      <use>
        <code value="LibelleCourt"/>
      </use>
      <value value="Ass. de Droit Local"/>
    </designation>
    <designation>
      <use>
        <code value="LibelleAdapte"/>
      </use>
      <value value="Association de droit local"/>
    </designation>
    <property>
      <code value="dateValid"/>
      <valueDateTime value="1979-01-01T00:00:00+01:00"/>
    </property>
    <property>
      <code value="dateMaj"/>
      <valueDateTime value="1979-01-01T00:00:00+01:00"/>
    </property>
  </concept>
  <concept>
    <code value="63"/>
    <display value="Fondation"/>
    <designation>
      <use>
        <code value="LibelleCourt"/>
      </use>
      <value value="Fondation"/>
    </designation>
    <designation>
      <use>
        <code value="LibelleAdapte"/>
      </use>
      <value value="Fondation"/>
    </designation>
    <property>
      <code value="dateValid"/>
      <valueDateTime value="1979-01-01T00:00:00+01:00"/>
    </property>
    <property>
      <code value="dateMaj"/>
      <valueDateTime value="1979-01-01T00:00:00+01:00"/>
    </property>
  </concept>
  <concept>
    <code value="64"/>
    <display value="Congrégation"/>
    <designation>
      <use>
        <code value="LibelleCourt"/>
      </use>
      <value value="Congrégation"/>
    </designation>
    <designation>
      <use>
        <code value="LibelleAdapte"/>
      </use>
      <value value="Congrégation"/>
    </designation>
    <property>
      <code value="dateValid"/>
      <valueDateTime value="1979-01-01T00:00:00+01:00"/>
    </property>
    <property>
      <code value="dateMaj"/>
      <valueDateTime value="1979-01-01T00:00:00+01:00"/>
    </property>
  </concept>
  <concept>
    <code value="65"/>
    <display value="Autre Organisme Privé à But non Lucratif"/>
    <designation>
      <use>
        <code value="LibelleCourt"/>
      </use>
      <value value="Autr.Org.Pri.non Luc"/>
    </designation>
    <designation>
      <use>
        <code value="LibelleAdapte"/>
      </use>
      <value value="Autre organisme privé à but non lucratif"/>
    </designation>
    <property>
      <code value="dateValid"/>
      <valueDateTime value="1979-01-01T00:00:00+01:00"/>
    </property>
    <property>
      <code value="dateMaj"/>
      <valueDateTime value="1979-01-01T00:00:00+01:00"/>
    </property>
  </concept>
  <concept>
    <code value="66"/>
    <display value="Groupement de Coopération Sociale ou Médico-Sociale privé"/>
    <designation>
      <use>
        <code value="LibelleCourt"/>
      </use>
      <value value="G.C.S.M.S. privé"/>
    </designation>
    <designation>
      <use>
        <code value="LibelleAdapte"/>
      </use>
      <value value="Groupement de coopération sociale ou médico-sociale (GCSMS) privé"/>
    </designation>
    <property>
      <code value="dateValid"/>
      <valueDateTime value="2014-02-12T00:00:00+01:00"/>
    </property>
    <property>
      <code value="dateMaj"/>
      <valueDateTime value="2014-02-12T00:00:00+01:00"/>
    </property>
  </concept>
  <concept>
    <code value="70"/>
    <display value="Personne Physique"/>
    <designation>
      <use>
        <code value="LibelleCourt"/>
      </use>
      <value value="Personne Physique"/>
    </designation>
    <designation>
      <use>
        <code value="LibelleAdapte"/>
      </use>
      <value value="Personne physique"/>
    </designation>
    <property>
      <code value="dateValid"/>
      <valueDateTime value="1979-01-01T00:00:00+01:00"/>
    </property>
    <property>
      <code value="dateMaj"/>
      <valueDateTime value="1979-01-01T00:00:00+01:00"/>
    </property>
  </concept>
  <concept>
    <code value="71"/>
    <display value="Société en Nom Collectif (S.N.C.)"/>
    <designation>
      <use>
        <code value="LibelleCourt"/>
      </use>
      <value value="S.N.C."/>
    </designation>
    <designation>
      <use>
        <code value="LibelleAdapte"/>
      </use>
      <value value="Société en nom collectif (SNC)"/>
    </designation>
    <property>
      <code value="dateValid"/>
      <valueDateTime value="1979-01-01T00:00:00+01:00"/>
    </property>
    <property>
      <code value="dateMaj"/>
      <valueDateTime value="1979-01-01T00:00:00+01:00"/>
    </property>
  </concept>
  <concept>
    <code value="72"/>
    <display value="Société A Responsabilité Limitée (S.A.R.L.)"/>
    <designation>
      <use>
        <code value="LibelleCourt"/>
      </use>
      <value value="S.A.R.L."/>
    </designation>
    <designation>
      <use>
        <code value="LibelleAdapte"/>
      </use>
      <value value="Société à responsabilité limitée (SARL)"/>
    </designation>
    <property>
      <code value="dateValid"/>
      <valueDateTime value="1979-01-01T00:00:00+01:00"/>
    </property>
    <property>
      <code value="dateMaj"/>
      <valueDateTime value="1979-01-01T00:00:00+01:00"/>
    </property>
  </concept>
  <concept>
    <code value="73"/>
    <display value="Société Anonyme (S.A.)"/>
    <designation>
      <use>
        <code value="LibelleCourt"/>
      </use>
      <value value="Société Anonyme"/>
    </designation>
    <designation>
      <use>
        <code value="LibelleAdapte"/>
      </use>
      <value value="Société anonyme (SA)"/>
    </designation>
    <property>
      <code value="dateValid"/>
      <valueDateTime value="1979-01-01T00:00:00+01:00"/>
    </property>
    <property>
      <code value="dateMaj"/>
      <valueDateTime value="1979-01-01T00:00:00+01:00"/>
    </property>
  </concept>
  <concept>
    <code value="74"/>
    <display value="Société Civile"/>
    <designation>
      <use>
        <code value="LibelleCourt"/>
      </use>
      <value value="Société Civile"/>
    </designation>
    <designation>
      <use>
        <code value="LibelleAdapte"/>
      </use>
      <value value="Société civile"/>
    </designation>
    <property>
      <code value="dateValid"/>
      <valueDateTime value="1979-01-01T00:00:00+01:00"/>
    </property>
    <property>
      <code value="dateMaj"/>
      <valueDateTime value="1979-01-01T00:00:00+01:00"/>
    </property>
  </concept>
  <concept>
    <code value="75"/>
    <display value="Autre Société"/>
    <designation>
      <use>
        <code value="LibelleCourt"/>
      </use>
      <value value="Autre Société"/>
    </designation>
    <designation>
      <use>
        <code value="LibelleAdapte"/>
      </use>
      <value value="Autre société"/>
    </designation>
    <property>
      <code value="dateValid"/>
      <valueDateTime value="1979-01-01T00:00:00+01:00"/>
    </property>
    <property>
      <code value="dateMaj"/>
      <valueDateTime value="1979-01-01T00:00:00+01:00"/>
    </property>
  </concept>
  <concept>
    <code value="76"/>
    <display value="Groupement d'Intérêt Economique (G.I.E.)"/>
    <designation>
      <use>
        <code value="LibelleCourt"/>
      </use>
      <value value="G.I.E."/>
    </designation>
    <designation>
      <use>
        <code value="LibelleAdapte"/>
      </use>
      <value value="Groupement d'intérêt économique (GIE)"/>
    </designation>
    <property>
      <code value="dateValid"/>
      <valueDateTime value="2007-07-25T15:04:35+01:00"/>
    </property>
    <property>
      <code value="dateMaj"/>
      <valueDateTime value="2008-02-28T00:00:00+01:00"/>
    </property>
  </concept>
  <concept>
    <code value="77"/>
    <display value="Autre Organisme Privé à Caractère Commercial"/>
    <designation>
      <use>
        <code value="LibelleCourt"/>
      </use>
      <value value="Autre Org.Priv.Com."/>
    </designation>
    <designation>
      <use>
        <code value="LibelleAdapte"/>
      </use>
      <value value="Autre organisme privé à caractère commercial"/>
    </designation>
    <property>
      <code value="dateValid"/>
      <valueDateTime value="2007-07-25T15:04:35+01:00"/>
    </property>
    <property>
      <code value="dateMaj"/>
      <valueDateTime value="2008-02-28T00:00:00+01:00"/>
    </property>
  </concept>
  <concept>
    <code value="78"/>
    <display value="Entreprise Unipersonnelle Responsabilité Limitée (E.U.R.L.)"/>
    <designation>
      <use>
        <code value="LibelleCourt"/>
      </use>
      <value value="E.U.R.L."/>
    </designation>
    <designation>
      <use>
        <code value="LibelleAdapte"/>
      </use>
      <value value="Entreprise unipersonnelle à responsabilité limitée (EURL)"/>
    </designation>
    <property>
      <code value="dateValid"/>
      <valueDateTime value="1979-01-01T00:00:00+01:00"/>
    </property>
    <property>
      <code value="dateMaj"/>
      <valueDateTime value="1979-01-01T00:00:00+01:00"/>
    </property>
  </concept>
  <concept>
    <code value="79"/>
    <display value="Société Civile de Moyens (S.C.M.)"/>
    <designation>
      <use>
        <code value="LibelleCourt"/>
      </use>
      <value value="S.C.M."/>
    </designation>
    <designation>
      <use>
        <code value="LibelleAdapte"/>
      </use>
      <value value="Société civile de moyens (SCM)"/>
    </designation>
    <property>
      <code value="dateValid"/>
      <valueDateTime value="1979-01-01T00:00:00+01:00"/>
    </property>
    <property>
      <code value="dateMaj"/>
      <valueDateTime value="1979-01-01T00:00:00+01:00"/>
    </property>
  </concept>
  <concept>
    <code value="80"/>
    <display value="Société Interprofessionnelle Soins Ambulatoires (S.I.S.A.)"/>
    <designation>
      <use>
        <code value="LibelleCourt"/>
      </use>
      <value value="S.I.S.A."/>
    </designation>
    <designation>
      <use>
        <code value="LibelleAdapte"/>
      </use>
      <value value="Société interprofessionnelle soins ambulatoires (SISA)"/>
    </designation>
    <property>
      <code value="dateValid"/>
      <valueDateTime value="2012-04-03T00:00:00+01:00"/>
    </property>
    <property>
      <code value="dateMaj"/>
      <valueDateTime value="2012-04-03T00:00:00+01:00"/>
    </property>
  </concept>
  <concept>
    <code value="85"/>
    <display value="Soc. Exercice Libéral Responsabilité Limitée (S.E.L.A.R.L.)"/>
    <designation>
      <use>
        <code value="LibelleCourt"/>
      </use>
      <value value="S.E.L.A.R.L."/>
    </designation>
    <designation>
      <use>
        <code value="LibelleAdapte"/>
      </use>
      <value value="Société d'exercice libéral responsabilité limitée (SELARL)"/>
    </designation>
    <property>
      <code value="dateValid"/>
      <valueDateTime value="1979-01-01T00:00:00+01:00"/>
    </property>
    <property>
      <code value="dateMaj"/>
      <valueDateTime value="1979-01-01T00:00:00+01:00"/>
    </property>
  </concept>
  <concept>
    <code value="86"/>
    <display value="Société d'Exercice Libéral à Forme Anonyme (S.E.L.A.F.A.)"/>
    <designation>
      <use>
        <code value="LibelleCourt"/>
      </use>
      <value value="S.E.L.A.F.A."/>
    </designation>
    <designation>
      <use>
        <code value="LibelleAdapte"/>
      </use>
      <value value="Société d'exercice libéral à forme anonyme (SELAFA)"/>
    </designation>
    <property>
      <code value="dateValid"/>
      <valueDateTime value="1979-01-01T00:00:00+01:00"/>
    </property>
    <property>
      <code value="dateMaj"/>
      <valueDateTime value="1979-01-01T00:00:00+01:00"/>
    </property>
  </concept>
  <concept>
    <code value="87"/>
    <display value="Société Exercice Libéral Commandite par Actions (S.E.L.C.A.)"/>
    <designation>
      <use>
        <code value="LibelleCourt"/>
      </use>
      <value value="S.E.L.C.A."/>
    </designation>
    <designation>
      <use>
        <code value="LibelleAdapte"/>
      </use>
      <value value="Société d'exercice libéral commandite par actions (SELCA)"/>
    </designation>
    <property>
      <code value="dateValid"/>
      <valueDateTime value="1979-01-01T00:00:00+01:00"/>
    </property>
    <property>
      <code value="dateMaj"/>
      <valueDateTime value="1979-01-01T00:00:00+01:00"/>
    </property>
  </concept>
  <concept>
    <code value="88"/>
    <display value="Société Civile Professionnelle (S.C.P.)"/>
    <designation>
      <use>
        <code value="LibelleCourt"/>
      </use>
      <value value="S.C.P."/>
    </designation>
    <designation>
      <use>
        <code value="LibelleAdapte"/>
      </use>
      <value value="Société civile professionnelle (SCP)"/>
    </designation>
    <property>
      <code value="dateValid"/>
      <valueDateTime value="1996-10-24T00:00:00+01:00"/>
    </property>
    <property>
      <code value="dateMaj"/>
      <valueDateTime value="1996-10-24T00:00:00+01:00"/>
    </property>
  </concept>
  <concept>
    <code value="89"/>
    <display value="Groupement de Coopération Sanitaire Privé"/>
    <designation>
      <use>
        <code value="LibelleCourt"/>
      </use>
      <value value="G.C.S. privé"/>
    </designation>
    <designation>
      <use>
        <code value="LibelleAdapte"/>
      </use>
      <value value="Groupement de coopération sanitaire (GCS) privé"/>
    </designation>
    <property>
      <code value="dateValid"/>
      <valueDateTime value="1999-06-17T00:00:00+01:00"/>
    </property>
    <property>
      <code value="dateMaj"/>
      <valueDateTime value="1999-06-17T00:00:00+01:00"/>
    </property>
  </concept>
  <concept>
    <code value="90"/>
    <display value="Organisme de Droit Etranger"/>
    <designation>
      <use>
        <code value="LibelleCourt"/>
      </use>
      <value value="Org. Droit Etranger"/>
    </designation>
    <designation>
      <use>
        <code value="LibelleAdapte"/>
      </use>
      <value value="Organisme de droit étranger"/>
    </designation>
    <property>
      <code value="dateValid"/>
      <valueDateTime value="2007-07-25T15:04:35+01:00"/>
    </property>
    <property>
      <code value="dateMaj"/>
      <valueDateTime value="2008-02-28T00:00:00+01:00"/>
    </property>
  </concept>
  <concept>
    <code value="91"/>
    <display value="Société Exercice Libéral par Actions Simplifiée (S.E.L.A.S.)"/>
    <designation>
      <use>
        <code value="LibelleCourt"/>
      </use>
      <value value="S.E.L.A.S."/>
    </designation>
    <designation>
      <use>
        <code value="LibelleAdapte"/>
      </use>
      <value value="Société d'exercice libéral par actions simplifiée (SELAS)"/>
    </designation>
    <property>
      <code value="dateValid"/>
      <valueDateTime value="2014-02-12T00:00:00+01:00"/>
    </property>
    <property>
      <code value="dateMaj"/>
      <valueDateTime value="2014-02-12T00:00:00+01:00"/>
    </property>
  </concept>
  <concept>
    <code value="93"/>
    <display value="Société en commandite"/>
    <designation>
      <use>
        <code value="LibelleCourt"/>
      </use>
      <value value="Société commandite"/>
    </designation>
    <designation>
      <use>
        <code value="LibelleAdapte"/>
      </use>
      <value value="Société en commandite"/>
    </designation>
    <property>
      <code value="dateValid"/>
      <valueDateTime value="2014-02-12T00:00:00+01:00"/>
    </property>
    <property>
      <code value="dateMaj"/>
      <valueDateTime value="2014-02-12T00:00:00+01:00"/>
    </property>
  </concept>
  <concept>
    <code value="95"/>
    <display value="Société par Actions Simplifiée (S.A.S.)"/>
    <designation>
      <use>
        <code value="LibelleCourt"/>
      </use>
      <value value="SAS"/>
    </designation>
    <designation>
      <use>
        <code value="LibelleAdapte"/>
      </use>
      <value value="Société par actions simplifiée (SAS)"/>
    </designation>
    <property>
      <code value="dateValid"/>
      <valueDateTime value="2014-02-12T00:00:00+01:00"/>
    </property>
    <property>
      <code value="dateMaj"/>
      <valueDateTime value="2014-02-12T00:00:00+01:00"/>
    </property>
  </concept>
  <concept>
    <code value="100"/>
    <display value="Société d'exercice libéral à responsabilité limitée unipersonnelle (SELURL)"/>
    <definition value="Code ne provenant pas du FINESS, ajouté pour des usages RPPS."/>
    <designation>
      <use>
        <code value="LibelleCourt"/>
      </use>
      <value value="SELURL"/>
    </designation>
    <designation>
      <use>
        <code value="LibelleAdapte"/>
      </use>
      <value value="Société d'exercice libéral à responsabilité limitée unipersonnelle (SELURL)"/>
    </designation>
    <property>
      <code value="dateValid"/>
      <valueDateTime value="2017-10-13T12:00:00+01:00"/>
    </property>
    <property>
      <code value="dateMaj"/>
      <valueDateTime value="2017-10-13T12:00:00+01:00"/>
    </property>
  </concept>
  <concept>
    <code value="101"/>
    <display value="Société d'exercice libéral par actions simplifiée (SELAS)"/>
    <definition value="Code ne provenant pas du FINESS, ajouté pour des usages RPPS."/>
    <designation>
      <use>
        <code value="LibelleCourt"/>
      </use>
      <value value="SELAS"/>
    </designation>
    <designation>
      <use>
        <code value="LibelleAdapte"/>
      </use>
      <value value="Société d'exercice libéral par actions simplifiée (SELAS)"/>
    </designation>
    <property>
      <code value="dateValid"/>
      <valueDateTime value="2017-10-13T12:00:00+01:00"/>
    </property>
    <property>
      <code value="dateMaj"/>
      <valueDateTime value="2017-10-13T12:00:00+01:00"/>
    </property>
  </concept>
  <concept>
    <code value="102"/>
    <display value="Société d'exercice libéral par actions simplifiée unipersonnelle (SELASU)"/>
    <definition value="Code ne provenant pas du FINESS, ajouté pour des usages RPPS."/>
    <designation>
      <use>
        <code value="LibelleCourt"/>
      </use>
      <value value="SELASU"/>
    </designation>
    <designation>
      <use>
        <code value="LibelleAdapte"/>
      </use>
      <value value="Société d'exercice libéral par actions simplifiée unipersonnelle (SELASU)"/>
    </designation>
    <property>
      <code value="dateValid"/>
      <valueDateTime value="2017-10-13T12:00:00+01:00"/>
    </property>
    <property>
      <code value="dateMaj"/>
      <valueDateTime value="2017-10-13T12:00:00+01:00"/>
    </property>
  </concept>
  <concept>
    <code value="103"/>
    <display value="Société en commandite simple (SCS)"/>
    <definition value="Code ne provenant pas du FINESS, ajouté pour des usages RPPS."/>
    <designation>
      <use>
        <code value="LibelleCourt"/>
      </use>
      <value value="SCS"/>
    </designation>
    <designation>
      <use>
        <code value="LibelleAdapte"/>
      </use>
      <value value="Société en commandite simple (SCS)"/>
    </designation>
    <property>
      <code value="dateValid"/>
      <valueDateTime value="2017-10-13T12:00:00+01:00"/>
    </property>
    <property>
      <code value="dateMaj"/>
      <valueDateTime value="2017-10-13T12:00:00+01:00"/>
    </property>
  </concept>
  <concept>
    <code value="104"/>
    <display value="Société en commandite par actions (SCA)"/>
    <definition value="Code ne provenant pas du FINESS, ajouté pour des usages RPPS."/>
    <designation>
      <use>
        <code value="LibelleCourt"/>
      </use>
      <value value="SCA"/>
    </designation>
    <designation>
      <use>
        <code value="LibelleAdapte"/>
      </use>
      <value value="Société en commandite par actions (SCA)"/>
    </designation>
    <property>
      <code value="dateValid"/>
      <valueDateTime value="2017-10-13T12:00:00+01:00"/>
    </property>
    <property>
      <code value="dateMaj"/>
      <valueDateTime value="2017-10-13T12:00:00+01:00"/>
    </property>
  </concept>
  <concept>
    <code value="105"/>
    <display value="Société par actions simplifiée (SAS)"/>
    <definition value="Code ne provenant pas du FINESS, ajouté pour des usages RPPS."/>
    <designation>
      <use>
        <code value="LibelleCourt"/>
      </use>
      <value value="SAS"/>
    </designation>
    <designation>
      <use>
        <code value="LibelleAdapte"/>
      </use>
      <value value="Société par actions simplifiée (SAS)"/>
    </designation>
    <property>
      <code value="dateValid"/>
      <valueDateTime value="2017-10-13T12:00:00+01:00"/>
    </property>
    <property>
      <code value="dateMaj"/>
      <valueDateTime value="2017-10-13T12:00:00+01:00"/>
    </property>
  </concept>
  <concept>
    <code value="106"/>
    <display value="Société anonyme à directoire (SADI)"/>
    <definition value="Code ne provenant pas du FINESS, ajouté pour des usages RPPS."/>
    <designation>
      <use>
        <code value="LibelleCourt"/>
      </use>
      <value value="SADI"/>
    </designation>
    <designation>
      <use>
        <code value="LibelleAdapte"/>
      </use>
      <value value="Société anonyme à directoire (SADI)"/>
    </designation>
    <property>
      <code value="dateValid"/>
      <valueDateTime value="2017-10-13T12:00:00+01:00"/>
    </property>
    <property>
      <code value="dateMaj"/>
      <valueDateTime value="2017-10-13T12:00:00+01:00"/>
    </property>
  </concept>
  <concept>
    <code value="107"/>
    <display value="Société Anonyme à conseil d'administration (SACA)"/>
    <definition value="Code ne provenant pas du FINESS, ajouté pour des usages RPPS."/>
    <designation>
      <use>
        <code value="LibelleCourt"/>
      </use>
      <value value="SACA"/>
    </designation>
    <designation>
      <use>
        <code value="LibelleAdapte"/>
      </use>
      <value value="Société Anonyme à conseil d'administration (SACA)"/>
    </designation>
    <property>
      <code value="dateValid"/>
      <valueDateTime value="2017-10-13T12:00:00+01:00"/>
    </property>
    <property>
      <code value="dateMaj"/>
      <valueDateTime value="2017-10-13T12:00:00+01:00"/>
    </property>
  </concept>
  <concept>
    <code value="110"/>
    <display value="Société en participation (SEP)"/>
    <definition value="Code ne provenant pas du FINESS, ajouté pour des usages RPPS."/>
    <designation>
      <use>
        <code value="LibelleCourt"/>
      </use>
      <value value="SEP"/>
    </designation>
    <designation>
      <use>
        <code value="LibelleAdapte"/>
      </use>
      <value value="Société en participation (SEP)"/>
    </designation>
    <property>
      <code value="dateValid"/>
      <valueDateTime value="2017-10-13T12:00:00+01:00"/>
    </property>
    <property>
      <code value="dateMaj"/>
      <valueDateTime value="2017-10-13T12:00:00+01:00"/>
    </property>
  </concept>
</CodeSystem>