<?xml version="1.0" encoding="UTF-8"?>

<CodeSystem xmlns="http://hl7.org/fhir">
  <id value="TRE-R301-SourceInformationInstallation"/>
  <text>
    <status value="generated"/><div xmlns="http://www.w3.org/1999/xhtml"><p class="res-header-id"><b>Generated Narrative: CodeSystem TRE-R301-SourceInformationInstallation</b></p><a name="TRE-R301-SourceInformationInstallation"> </a><a name="hcTRE-R301-SourceInformationInstallation"> </a><a name="hcTRE-R301-SourceInformationInstallation-en-US"> </a><p><b>Properties</b></p><p><b>This code system defines the following properties for its concepts</b></p><table class="grid"><tr><td><b>Name</b></td><td><b>Code</b></td><td><b>Type</b></td><td><b>Description</b></td></tr><tr><td>dateValid</td><td>dateValid</td><td>dateTime</td><td>date de validité d'un code concept</td></tr><tr><td>dateMaj</td><td>dateMaj</td><td>dateTime</td><td>Date de mise à jour d'un code concept</td></tr><tr><td>dateFin</td><td>dateFin</td><td>dateTime</td><td>Date de fin d'exploitation d'un code concept</td></tr></table><p><b>Concepts</b></p><p>This  code system <code>https://mos.esante.gouv.fr/NOS/TRE_R301-SourceInformationInstallation/FHIR/TRE-R301-SourceInformationInstallation</code> defines the following codes:</p><table class="codes"><tr><td style="white-space:nowrap"><b>Code</b></td><td><b>Display</b></td><td><b>dateValid</b></td><td><b>dateMaj</b></td><td><b>dateFin</b></td></tr><tr><td style="white-space:nowrap">V<a name="TRE-R301-SourceInformationInstallation-V"> </a></td><td>Visite de conformité</td><td>2020-07-31T12:00:00+01:00</td><td>2022-08-26T12:00:00+01:00</td><td/></tr><tr><td style="white-space:nowrap">E<a name="TRE-R301-SourceInformationInstallation-E"> </a></td><td>Enquête statistique</td><td>2020-07-31T12:00:00+01:00</td><td>2022-08-26T12:00:00+01:00</td><td/></tr><tr><td style="white-space:nowrap">I<a name="TRE-R301-SourceInformationInstallation-I"> </a></td><td>Interrogation de l'ET</td><td>2020-07-31T12:00:00+01:00</td><td>2022-08-26T12:00:00+01:00</td><td/></tr><tr><td style="white-space:nowrap">D<a name="TRE-R301-SourceInformationInstallation-D"> </a></td><td>Document de tarification</td><td>2020-07-31T12:00:00+01:00</td><td>2022-08-26T12:00:00+01:00</td><td/></tr><tr><td style="white-space:nowrap">S<a name="TRE-R301-SourceInformationInstallation-S"> </a></td><td>Inspection</td><td>2020-07-31T12:00:00+01:00</td><td>2022-08-26T12:00:00+01:00</td><td/></tr><tr><td style="white-space:nowrap">C<a name="TRE-R301-SourceInformationInstallation-C"> </a></td><td>Convention</td><td>2020-07-31T12:00:00+01:00</td><td>2022-08-26T12:00:00+01:00</td><td/></tr><tr><td style="white-space:nowrap">L<a name="TRE-R301-SourceInformationInstallation-L"> </a></td><td>Labellisation</td><td>2020-07-31T12:00:00+01:00</td><td>2022-08-26T12:00:00+01:00</td><td/></tr><tr><td style="white-space:nowrap">A<a name="TRE-R301-SourceInformationInstallation-A"> </a></td><td>Autre</td><td>2020-07-31T12:00:00+01:00</td><td>2022-08-26T12:00:00+01:00</td><td/></tr><tr><td style="white-space:nowrap">R<a name="TRE-R301-SourceInformationInstallation-R"> </a></td><td>Arrêté</td><td>2022-08-26T12:00:00+01:00</td><td>2022-08-26T12:00:00+01:00</td><td/></tr><tr><td style="white-space:nowrap">9<a name="TRE-R301-SourceInformationInstallation-9"> </a></td><td>Indéterminée</td><td>2022-08-26T12:00:00+01:00</td><td>2022-08-26T12:00:00+01:00</td><td>2022-08-26T12:00:00+01:00</td></tr></table></div>
  </text>
  <extension url="http://hl7.org/fhir/StructureDefinition/resource-effectivePeriod">
    <valuePeriod>
      <start value="2020-07-31T12:00:00+01:00"/>
    </valuePeriod>
  </extension>
  <url value="https://mos.esante.gouv.fr/NOS/TRE_R301-SourceInformationInstallation/FHIR/TRE-R301-SourceInformationInstallation"/>
  <identifier>
    <value value="urn:oid:1.2.250.1.213.1.6.1.208"/>
  </identifier>
  <version value="1.2.0"/>
  <name value="TRE_R301-SourceInformationInstallation"/>
  <status value="active"/>
  <date value="2023-12-15T12:00:00+01:00"/>
  <publisher value="ANS"/>
  <contact>
    <name value="ANS"/>
    <telecom>
      <system value="url"/>
      <value value="https://esante.gouv.fr"/>
    </telecom>
  </contact>
  <description value="Sources d'information possible concernant l'installation de l'activité sociale"/>
  <content value="complete"/>
  <property>
    <code value="dateValid"/>
    <description value="date de validité d'un code concept"/>
    <type value="dateTime"/>
  </property>
  <property>
    <code value="dateMaj"/>
    <description value="Date de mise à jour d'un code concept"/>
    <type value="dateTime"/>
  </property>
  <property>
    <code value="dateFin"/>
    <description value="Date de fin d'exploitation d'un code concept"/>
    <type value="dateTime"/>
  </property>
  <concept>
    <code value="V"/>
    <display value="Visite de conformité"/>
    <designation>
      <use>
        <code value="LibelleCourt"/>
      </use>
      <value value="Visite de conformité"/>
    </designation>
    <designation>
      <use>
        <code value="LibelleAdapte"/>
      </use>
      <value value="Visite de conformité"/>
    </designation>
    <property>
      <code value="dateValid"/>
      <valueDateTime value="2020-07-31T12:00:00+01:00"/>
    </property>
    <property>
      <code value="dateMaj"/>
      <valueDateTime value="2022-08-26T12:00:00+01:00"/>
    </property>
  </concept>
  <concept>
    <code value="E"/>
    <display value="Enquête statistique"/>
    <designation>
      <use>
        <code value="LibelleCourt"/>
      </use>
      <value value="Enquête statistique"/>
    </designation>
    <designation>
      <use>
        <code value="LibelleAdapte"/>
      </use>
      <value value="Enquête statistique"/>
    </designation>
    <property>
      <code value="dateValid"/>
      <valueDateTime value="2020-07-31T12:00:00+01:00"/>
    </property>
    <property>
      <code value="dateMaj"/>
      <valueDateTime value="2022-08-26T12:00:00+01:00"/>
    </property>
  </concept>
  <concept>
    <code value="I"/>
    <display value="Interrogation de l'ET"/>
    <designation>
      <use>
        <code value="LibelleCourt"/>
      </use>
      <value value="Interrogation de l'ET"/>
    </designation>
    <designation>
      <use>
        <code value="LibelleAdapte"/>
      </use>
      <value value="Interrogation de l'ET"/>
    </designation>
    <property>
      <code value="dateValid"/>
      <valueDateTime value="2020-07-31T12:00:00+01:00"/>
    </property>
    <property>
      <code value="dateMaj"/>
      <valueDateTime value="2022-08-26T12:00:00+01:00"/>
    </property>
  </concept>
  <concept>
    <code value="D"/>
    <display value="Document de tarification"/>
    <designation>
      <use>
        <code value="LibelleCourt"/>
      </use>
      <value value="Document de tarification"/>
    </designation>
    <designation>
      <use>
        <code value="LibelleAdapte"/>
      </use>
      <value value="Document de tarification"/>
    </designation>
    <property>
      <code value="dateValid"/>
      <valueDateTime value="2020-07-31T12:00:00+01:00"/>
    </property>
    <property>
      <code value="dateMaj"/>
      <valueDateTime value="2022-08-26T12:00:00+01:00"/>
    </property>
  </concept>
  <concept>
    <code value="S"/>
    <display value="Inspection"/>
    <designation>
      <use>
        <code value="LibelleCourt"/>
      </use>
      <value value="Inspection"/>
    </designation>
    <designation>
      <use>
        <code value="LibelleAdapte"/>
      </use>
      <value value="Inspection"/>
    </designation>
    <property>
      <code value="dateValid"/>
      <valueDateTime value="2020-07-31T12:00:00+01:00"/>
    </property>
    <property>
      <code value="dateMaj"/>
      <valueDateTime value="2022-08-26T12:00:00+01:00"/>
    </property>
  </concept>
  <concept>
    <code value="C"/>
    <display value="Convention"/>
    <designation>
      <use>
        <code value="LibelleCourt"/>
      </use>
      <value value="Convention"/>
    </designation>
    <designation>
      <use>
        <code value="LibelleAdapte"/>
      </use>
      <value value="Convention"/>
    </designation>
    <property>
      <code value="dateValid"/>
      <valueDateTime value="2020-07-31T12:00:00+01:00"/>
    </property>
    <property>
      <code value="dateMaj"/>
      <valueDateTime value="2022-08-26T12:00:00+01:00"/>
    </property>
  </concept>
  <concept>
    <code value="L"/>
    <display value="Labellisation"/>
    <designation>
      <use>
        <code value="LibelleCourt"/>
      </use>
      <value value="Labellisation"/>
    </designation>
    <designation>
      <use>
        <code value="LibelleAdapte"/>
      </use>
      <value value="Labellisation"/>
    </designation>
    <property>
      <code value="dateValid"/>
      <valueDateTime value="2020-07-31T12:00:00+01:00"/>
    </property>
    <property>
      <code value="dateMaj"/>
      <valueDateTime value="2022-08-26T12:00:00+01:00"/>
    </property>
  </concept>
  <concept>
    <code value="A"/>
    <display value="Autre"/>
    <designation>
      <use>
        <code value="LibelleCourt"/>
      </use>
      <value value="Autre"/>
    </designation>
    <designation>
      <use>
        <code value="LibelleAdapte"/>
      </use>
      <value value="Autre"/>
    </designation>
    <property>
      <code value="dateValid"/>
      <valueDateTime value="2020-07-31T12:00:00+01:00"/>
    </property>
    <property>
      <code value="dateMaj"/>
      <valueDateTime value="2022-08-26T12:00:00+01:00"/>
    </property>
  </concept>
  <concept>
    <code value="R"/>
    <display value="Arrêté"/>
    <designation>
      <use>
        <code value="LibelleCourt"/>
      </use>
      <value value="Arrêté"/>
    </designation>
    <designation>
      <use>
        <code value="LibelleAdapte"/>
      </use>
      <value value="Arrêté"/>
    </designation>
    <property>
      <code value="dateValid"/>
      <valueDateTime value="2022-08-26T12:00:00+01:00"/>
    </property>
    <property>
      <code value="dateMaj"/>
      <valueDateTime value="2022-08-26T12:00:00+01:00"/>
    </property>
  </concept>
  <concept>
    <code value="9"/>
    <display value="Indéterminée"/>
    <designation>
      <use>
        <code value="LibelleCourt"/>
      </use>
      <value value="Indéterminée"/>
    </designation>
    <designation>
      <use>
        <code value="LibelleAdapte"/>
      </use>
      <value value="Indéterminée"/>
    </designation>
    <property>
      <code value="dateValid"/>
      <valueDateTime value="2022-08-26T12:00:00+01:00"/>
    </property>
    <property>
      <code value="dateFin"/>
      <valueDateTime value="2022-08-26T12:00:00+01:00"/>
    </property>
    <property>
      <code value="dateMaj"/>
      <valueDateTime value="2022-08-26T12:00:00+01:00"/>
    </property>
  </concept>
</CodeSystem>