<?xml version="1.0" encoding="UTF-8"?>

<ValueSet xmlns="http://hl7.org/fhir">
  <id value="JDV-J11-RelationPatient-CISIS"/>
  <text>
    <status value="generated"/><div xmlns="http://www.w3.org/1999/xhtml"><p>This value set includes codes based on the following rules:</p><ul><li>Include these codes as defined in <a href="CodeSystem-TRE-R216-HL7RoleCode.html"><code>https://mos.esante.gouv.fr/NOS/TRE_R216-HL7RoleCode/FHIR/TRE-R216-HL7RoleCode</code></a><table class="none"><tr><td style="white-space:nowrap"><b>Code</b></td><td><b>Display</b></td></tr><tr><td><a href="CodeSystem-TRE-R216-HL7RoleCode.html#TRE-R216-HL7RoleCode-MTH">MTH</a></td><td>Mère</td></tr><tr><td><a href="CodeSystem-TRE-R216-HL7RoleCode.html#TRE-R216-HL7RoleCode-FTH">FTH</a></td><td>Père</td></tr><tr><td><a href="CodeSystem-TRE-R216-HL7RoleCode.html#TRE-R216-HL7RoleCode-NMTH">NMTH</a></td><td>Mère biologique</td></tr><tr><td><a href="CodeSystem-TRE-R216-HL7RoleCode.html#TRE-R216-HL7RoleCode-NFTH">NFTH</a></td><td>Père biologique</td></tr><tr><td><a href="CodeSystem-TRE-R216-HL7RoleCode.html#TRE-R216-HL7RoleCode-STPMTH">STPMTH</a></td><td>Belle-mère - épouse du père ou de la mère</td></tr><tr><td><a href="CodeSystem-TRE-R216-HL7RoleCode.html#TRE-R216-HL7RoleCode-STPFTH">STPFTH</a></td><td>Beau-père - époux du père ou de la mère</td></tr><tr><td><a href="CodeSystem-TRE-R216-HL7RoleCode.html#TRE-R216-HL7RoleCode-GRMTH">GRMTH</a></td><td>Grand-mère</td></tr><tr><td><a href="CodeSystem-TRE-R216-HL7RoleCode.html#TRE-R216-HL7RoleCode-GRFTH">GRFTH</a></td><td>Grand-père</td></tr><tr><td><a href="CodeSystem-TRE-R216-HL7RoleCode.html#TRE-R216-HL7RoleCode-GGRMTH">GGRMTH</a></td><td>Arrière-grand-mère</td></tr><tr><td><a href="CodeSystem-TRE-R216-HL7RoleCode.html#TRE-R216-HL7RoleCode-GGRFTH">GGRFTH</a></td><td>Arrière-grand-père</td></tr><tr><td><a href="CodeSystem-TRE-R216-HL7RoleCode.html#TRE-R216-HL7RoleCode-DAU">DAU</a></td><td>Fille biologique</td></tr><tr><td><a href="CodeSystem-TRE-R216-HL7RoleCode.html#TRE-R216-HL7RoleCode-SON">SON</a></td><td>Fils biologique</td></tr><tr><td><a href="CodeSystem-TRE-R216-HL7RoleCode.html#TRE-R216-HL7RoleCode-BRO">BRO</a></td><td>Frère</td></tr><tr><td><a href="CodeSystem-TRE-R216-HL7RoleCode.html#TRE-R216-HL7RoleCode-SIS">SIS</a></td><td>Soeur</td></tr><tr><td><a href="CodeSystem-TRE-R216-HL7RoleCode.html#TRE-R216-HL7RoleCode-HBRO">HBRO</a></td><td>Demi-frère</td></tr><tr><td><a href="CodeSystem-TRE-R216-HL7RoleCode.html#TRE-R216-HL7RoleCode-HSIS">HSIS</a></td><td>Demi-soeur</td></tr><tr><td><a href="CodeSystem-TRE-R216-HL7RoleCode.html#TRE-R216-HL7RoleCode-GRNDDAU">GRNDDAU</a></td><td>Petite-fille</td></tr><tr><td><a href="CodeSystem-TRE-R216-HL7RoleCode.html#TRE-R216-HL7RoleCode-GRNDSO">GRNDSO</a></td><td>Petit-fils</td></tr><tr><td><a href="CodeSystem-TRE-R216-HL7RoleCode.html#TRE-R216-HL7RoleCode-UNCLE">UNCLE</a></td><td>Oncle</td></tr><tr><td><a href="CodeSystem-TRE-R216-HL7RoleCode.html#TRE-R216-HL7RoleCode-AUNT">AUNT</a></td><td>Tante</td></tr><tr><td><a href="CodeSystem-TRE-R216-HL7RoleCode.html#TRE-R216-HL7RoleCode-NEPHEW">NEPHEW</a></td><td>Neveu</td></tr><tr><td><a href="CodeSystem-TRE-R216-HL7RoleCode.html#TRE-R216-HL7RoleCode-NIECE">NIECE</a></td><td>Nièce</td></tr><tr><td><a href="CodeSystem-TRE-R216-HL7RoleCode.html#TRE-R216-HL7RoleCode-HUSB">HUSB</a></td><td>Epoux</td></tr><tr><td><a href="CodeSystem-TRE-R216-HL7RoleCode.html#TRE-R216-HL7RoleCode-WIFE">WIFE</a></td><td>Epouse</td></tr><tr><td><a href="CodeSystem-TRE-R216-HL7RoleCode.html#TRE-R216-HL7RoleCode-DOMPART">DOMPART</a></td><td>Concubin(e) ou partenaire PACS</td></tr><tr><td><a href="CodeSystem-TRE-R216-HL7RoleCode.html#TRE-R216-HL7RoleCode-ROOM">ROOM</a></td><td>Personne vivant sous le même toit</td></tr><tr><td><a href="CodeSystem-TRE-R216-HL7RoleCode.html#TRE-R216-HL7RoleCode-FRND">FRND</a></td><td>Autre proche</td></tr><tr><td><a href="CodeSystem-TRE-R216-HL7RoleCode.html#TRE-R216-HL7RoleCode-NBOR">NBOR</a></td><td>Voisin(e)</td></tr><tr><td><a href="CodeSystem-TRE-R216-HL7RoleCode.html#TRE-R216-HL7RoleCode-FAMMEMB">FAMMEMB</a></td><td>Autre membre de la famille</td></tr><tr><td><a href="CodeSystem-TRE-R216-HL7RoleCode.html#TRE-R216-HL7RoleCode-CHILD">CHILD</a></td><td>Enfant</td></tr><tr><td><a href="CodeSystem-TRE-R216-HL7RoleCode.html#TRE-R216-HL7RoleCode-COUSN">COUSN</a></td><td>Cousin(e)</td></tr><tr><td><a href="CodeSystem-TRE-R216-HL7RoleCode.html#TRE-R216-HL7RoleCode-SIGOTHR">SIGOTHR</a></td><td>Conjoint</td></tr><tr><td><a href="CodeSystem-TRE-R216-HL7RoleCode.html#TRE-R216-HL7RoleCode-DAUC">DAUC</a></td><td>Fille</td></tr><tr><td><a href="CodeSystem-TRE-R216-HL7RoleCode.html#TRE-R216-HL7RoleCode-SONC">SONC</a></td><td>Fils</td></tr></table></li><li>Include these codes as defined in <a href="CodeSystem-TRE-R217-ProtectionJuridique.html"><code>https://mos.esante.gouv.fr/NOS/TRE_R217-ProtectionJuridique/FHIR/TRE-R217-ProtectionJuridique</code></a><table class="none"><tr><td style="white-space:nowrap"><b>Code</b></td><td><b>Display</b></td></tr><tr><td><a href="CodeSystem-TRE-R217-ProtectionJuridique.html#TRE-R217-ProtectionJuridique-TUTEUR">TUTEUR</a></td><td>Tuteur</td></tr><tr><td><a href="CodeSystem-TRE-R217-ProtectionJuridique.html#TRE-R217-ProtectionJuridique-CURATEUR">CURATEUR</a></td><td>Curateur</td></tr><tr><td><a href="CodeSystem-TRE-R217-ProtectionJuridique.html#TRE-R217-ProtectionJuridique-MSVG">MSVG</a></td><td>Mandataire de sauvegarde</td></tr></table></li></ul></div>
  </text>
  <extension url="http://hl7.org/fhir/StructureDefinition/resource-effectivePeriod">
    <valuePeriod>
      <start value="2016-09-01T00:00:00+01:00"/>
    </valuePeriod>
  </extension>
  <url value="https://mos.esante.gouv.fr/NOS/JDV_J11-RelationPatient-CISIS/FHIR/JDV-J11-RelationPatient-CISIS"/>
  <identifier>
    <value value="urn:oid:1.2.250.1.213.3.3.16"/>
  </identifier>
  <version value="1.2.0"/>
  <name value="JDV_J11-RelationPatient-CISIS"/>
  <status value="active"/>
  <date value="2020-04-24T12:00:00+01:00"/>
  <publisher value="ANS"/>
  <contact>
    <name value="ANS"/>
    <telecom>
      <system value="url"/>
      <value value="https://esante.gouv.fr"/>
    </telecom>
  </contact>
  <description value="Relation par rapport au patient - CI-SIS"/>
  <compose>
    <include>
      <system value="https://mos.esante.gouv.fr/NOS/TRE_R216-HL7RoleCode/FHIR/TRE-R216-HL7RoleCode"/>
      <concept>
        <code value="MTH"/>
        <display value="Mère"/>
        <designation>
          <use>
            <code value="OID"/>
          </use>
          <value value="urn:oid:2.16.840.1.113883.5.111"/>
        </designation>
      </concept>
      <concept>
        <code value="FTH"/>
        <display value="Père"/>
        <designation>
          <use>
            <code value="OID"/>
          </use>
          <value value="urn:oid:2.16.840.1.113883.5.111"/>
        </designation>
      </concept>
      <concept>
        <code value="NMTH"/>
        <display value="Mère biologique"/>
        <designation>
          <use>
            <code value="OID"/>
          </use>
          <value value="urn:oid:2.16.840.1.113883.5.111"/>
        </designation>
      </concept>
      <concept>
        <code value="NFTH"/>
        <display value="Père biologique"/>
        <designation>
          <use>
            <code value="OID"/>
          </use>
          <value value="urn:oid:2.16.840.1.113883.5.111"/>
        </designation>
      </concept>
      <concept>
        <code value="STPMTH"/>
        <display value="Belle-mère - épouse du père ou de la mère"/>
        <designation>
          <use>
            <code value="OID"/>
          </use>
          <value value="urn:oid:2.16.840.1.113883.5.111"/>
        </designation>
      </concept>
      <concept>
        <code value="STPFTH"/>
        <display value="Beau-père - époux du père ou de la mère"/>
        <designation>
          <use>
            <code value="OID"/>
          </use>
          <value value="urn:oid:2.16.840.1.113883.5.111"/>
        </designation>
      </concept>
      <concept>
        <code value="GRMTH"/>
        <display value="Grand-mère"/>
        <designation>
          <use>
            <code value="OID"/>
          </use>
          <value value="urn:oid:2.16.840.1.113883.5.111"/>
        </designation>
      </concept>
      <concept>
        <code value="GRFTH"/>
        <display value="Grand-père"/>
        <designation>
          <use>
            <code value="OID"/>
          </use>
          <value value="urn:oid:2.16.840.1.113883.5.111"/>
        </designation>
      </concept>
      <concept>
        <code value="GGRMTH"/>
        <display value="Arrière-grand-mère"/>
        <designation>
          <use>
            <code value="OID"/>
          </use>
          <value value="urn:oid:2.16.840.1.113883.5.111"/>
        </designation>
      </concept>
      <concept>
        <code value="GGRFTH"/>
        <display value="Arrière-grand-père"/>
        <designation>
          <use>
            <code value="OID"/>
          </use>
          <value value="urn:oid:2.16.840.1.113883.5.111"/>
        </designation>
      </concept>
      <concept>
        <code value="DAU"/>
        <display value="Fille biologique"/>
        <designation>
          <use>
            <code value="OID"/>
          </use>
          <value value="urn:oid:2.16.840.1.113883.5.111"/>
        </designation>
      </concept>
      <concept>
        <code value="SON"/>
        <display value="Fils biologique"/>
        <designation>
          <use>
            <code value="OID"/>
          </use>
          <value value="urn:oid:2.16.840.1.113883.5.111"/>
        </designation>
      </concept>
      <concept>
        <code value="BRO"/>
        <display value="Frère"/>
        <designation>
          <use>
            <code value="OID"/>
          </use>
          <value value="urn:oid:2.16.840.1.113883.5.111"/>
        </designation>
      </concept>
      <concept>
        <code value="SIS"/>
        <display value="Soeur"/>
        <designation>
          <use>
            <code value="OID"/>
          </use>
          <value value="urn:oid:2.16.840.1.113883.5.111"/>
        </designation>
      </concept>
      <concept>
        <code value="HBRO"/>
        <display value="Demi-frère"/>
        <designation>
          <use>
            <code value="OID"/>
          </use>
          <value value="urn:oid:2.16.840.1.113883.5.111"/>
        </designation>
      </concept>
      <concept>
        <code value="HSIS"/>
        <display value="Demi-soeur"/>
        <designation>
          <use>
            <code value="OID"/>
          </use>
          <value value="urn:oid:2.16.840.1.113883.5.111"/>
        </designation>
      </concept>
      <concept>
        <code value="GRNDDAU"/>
        <display value="Petite-fille"/>
        <designation>
          <use>
            <code value="OID"/>
          </use>
          <value value="urn:oid:2.16.840.1.113883.5.111"/>
        </designation>
      </concept>
      <concept>
        <code value="GRNDSO"/>
        <display value="Petit-fils"/>
        <designation>
          <use>
            <code value="OID"/>
          </use>
          <value value="urn:oid:2.16.840.1.113883.5.111"/>
        </designation>
      </concept>
      <concept>
        <code value="UNCLE"/>
        <display value="Oncle"/>
        <designation>
          <use>
            <code value="OID"/>
          </use>
          <value value="urn:oid:2.16.840.1.113883.5.111"/>
        </designation>
      </concept>
      <concept>
        <code value="AUNT"/>
        <display value="Tante"/>
        <designation>
          <use>
            <code value="OID"/>
          </use>
          <value value="urn:oid:2.16.840.1.113883.5.111"/>
        </designation>
      </concept>
      <concept>
        <code value="NEPHEW"/>
        <display value="Neveu"/>
        <designation>
          <use>
            <code value="OID"/>
          </use>
          <value value="urn:oid:2.16.840.1.113883.5.111"/>
        </designation>
      </concept>
      <concept>
        <code value="NIECE"/>
        <display value="Nièce"/>
        <designation>
          <use>
            <code value="OID"/>
          </use>
          <value value="urn:oid:2.16.840.1.113883.5.111"/>
        </designation>
      </concept>
      <concept>
        <code value="HUSB"/>
        <display value="Epoux"/>
        <designation>
          <use>
            <code value="OID"/>
          </use>
          <value value="urn:oid:2.16.840.1.113883.5.111"/>
        </designation>
      </concept>
      <concept>
        <code value="WIFE"/>
        <display value="Epouse"/>
        <designation>
          <use>
            <code value="OID"/>
          </use>
          <value value="urn:oid:2.16.840.1.113883.5.111"/>
        </designation>
      </concept>
      <concept>
        <code value="DOMPART"/>
        <display value="Concubin(e) ou partenaire PACS"/>
        <designation>
          <use>
            <code value="OID"/>
          </use>
          <value value="urn:oid:2.16.840.1.113883.5.111"/>
        </designation>
      </concept>
      <concept>
        <code value="ROOM"/>
        <display value="Personne vivant sous le même toit"/>
        <designation>
          <use>
            <code value="OID"/>
          </use>
          <value value="urn:oid:2.16.840.1.113883.5.111"/>
        </designation>
      </concept>
      <concept>
        <code value="FRND"/>
        <display value="Autre proche"/>
        <designation>
          <use>
            <code value="OID"/>
          </use>
          <value value="urn:oid:2.16.840.1.113883.5.111"/>
        </designation>
      </concept>
      <concept>
        <code value="NBOR"/>
        <display value="Voisin(e)"/>
        <designation>
          <use>
            <code value="OID"/>
          </use>
          <value value="urn:oid:2.16.840.1.113883.5.111"/>
        </designation>
      </concept>
      <concept>
        <code value="FAMMEMB"/>
        <display value="Autre membre de la famille"/>
        <designation>
          <use>
            <code value="OID"/>
          </use>
          <value value="urn:oid:2.16.840.1.113883.5.111"/>
        </designation>
      </concept>
      <concept>
        <code value="CHILD"/>
        <display value="Enfant"/>
        <designation>
          <use>
            <code value="OID"/>
          </use>
          <value value="urn:oid:2.16.840.1.113883.5.111"/>
        </designation>
      </concept>
      <concept>
        <code value="COUSN"/>
        <display value="Cousin(e)"/>
        <designation>
          <use>
            <code value="OID"/>
          </use>
          <value value="urn:oid:2.16.840.1.113883.5.111"/>
        </designation>
      </concept>
      <concept>
        <code value="SIGOTHR"/>
        <display value="Conjoint"/>
        <designation>
          <use>
            <code value="OID"/>
          </use>
          <value value="urn:oid:2.16.840.1.113883.5.111"/>
        </designation>
      </concept>
      <concept>
        <code value="DAUC"/>
        <display value="Fille"/>
        <designation>
          <use>
            <code value="OID"/>
          </use>
          <value value="urn:oid:2.16.840.1.113883.5.111"/>
        </designation>
      </concept>
      <concept>
        <code value="SONC"/>
        <display value="Fils"/>
        <designation>
          <use>
            <code value="OID"/>
          </use>
          <value value="urn:oid:2.16.840.1.113883.5.111"/>
        </designation>
      </concept>
    </include>
    <include>
      <system value="https://mos.esante.gouv.fr/NOS/TRE_R217-ProtectionJuridique/FHIR/TRE-R217-ProtectionJuridique"/>
      <concept>
        <code value="TUTEUR"/>
        <display value="Tuteur"/>
        <designation>
          <use>
            <code value="OID"/>
          </use>
          <value value="urn:oid:1.2.250.1.213.1.1.4.327"/>
        </designation>
      </concept>
      <concept>
        <code value="CURATEUR"/>
        <display value="Curateur"/>
        <designation>
          <use>
            <code value="OID"/>
          </use>
          <value value="urn:oid:1.2.250.1.213.1.1.4.327"/>
        </designation>
      </concept>
      <concept>
        <code value="MSVG"/>
        <display value="Mandataire de sauvegarde"/>
        <designation>
          <use>
            <code value="OID"/>
          </use>
          <value value="urn:oid:1.2.250.1.213.1.1.4.327"/>
        </designation>
      </concept>
    </include>
  </compose>
</ValueSet>