<?xml version="1.0" encoding="UTF-8"?>

<ValueSet xmlns="http://hl7.org/fhir">
  <id value="JDV-J278-UcumUniteMesure-UPNOS"/>
  <text>
    <status value="generated"/><div xmlns="http://www.w3.org/1999/xhtml"><p class="res-header-id"><b>Generated Narrative: ValueSet JDV-J278-UcumUniteMesure-UPNOS</b></p><a name="JDV-J278-UcumUniteMesure-UPNOS"> </a><a name="hcJDV-J278-UcumUniteMesure-UPNOS"> </a><a name="JDV-J278-UcumUniteMesure-UPNOS-en-US"> </a><ul><li>Include these codes as defined in <a href="http://unitsofmeasure.org"><code>http://unitsofmeasure.org</code></a><table class="none"><tr><td style="white-space:nowrap"><b>Code</b></td><td><b>Display</b></td></tr><tr><td>a</td><td>année</td></tr><tr><td>mo</td><td>mois</td></tr><tr><td>wk</td><td>semaine</td></tr><tr><td>d</td><td>jour</td></tr><tr><td>h</td><td>heure</td></tr><tr><td>min</td><td>minute</td></tr><tr><td>s</td><td>seconde</td></tr><tr><td>ms</td><td>milliseconde</td></tr><tr><td>m</td><td>mètre</td></tr><tr><td>mg/dL</td><td>milligramme par décilitre</td></tr><tr><td>%</td><td>pourcentage</td></tr><tr><td>g/L</td><td>gramme par litre</td></tr><tr><td>cm</td><td>centimètre</td></tr><tr><td>kg</td><td>kilogramme</td></tr></table></li></ul></div>
  </text>
  <extension url="http://hl7.org/fhir/StructureDefinition/resource-effectivePeriod">
    <valuePeriod>
      <start value="2024-09-27T12:00:00+01:00"/>
    </valuePeriod>
  </extension>
  <url value="https://mos.esante.gouv.fr/NOS/JDV_J278-UcumUniteMesure-UPNOS/FHIR/JDV-J278-UcumUniteMesure-UPNOS"/>
  <identifier>
    <value value="urn:oid:1.2.250.1.213.3.3.248"/>
  </identifier>
  <version value="1.5.0"/>
  <name value="JDV_J278-UcumUniteMesure-UPNOS"/>
  <status value="active"/>
  <date value="2024-09-27T12:00:00+01:00"/>
  <publisher value="ANS"/>
  <contact>
    <name value="ANS"/>
    <telecom>
      <system value="url"/>
      <value value="https://esante.gouv.fr"/>
    </telecom>
  </contact>
  <description value="Termes UCUM utilisés"/>
  <compose>
    <include>
      <system value="http://unitsofmeasure.org"/>
      <concept>
        <code value="a"/>
        <display value="année"/>
        <designation>
          <use>
            <code value="OID"/>
          </use>
          <value value="urn:oid:2.16.840.1.113883.6.8"/>
        </designation>
      </concept>
      <concept>
        <code value="mo"/>
        <display value="mois"/>
        <designation>
          <use>
            <code value="OID"/>
          </use>
          <value value="urn:oid:2.16.840.1.113883.6.8"/>
        </designation>
      </concept>
      <concept>
        <code value="wk"/>
        <display value="semaine"/>
        <designation>
          <use>
            <code value="OID"/>
          </use>
          <value value="urn:oid:2.16.840.1.113883.6.8"/>
        </designation>
      </concept>
      <concept>
        <code value="d"/>
        <display value="jour"/>
        <designation>
          <use>
            <code value="OID"/>
          </use>
          <value value="urn:oid:2.16.840.1.113883.6.8"/>
        </designation>
      </concept>
      <concept>
        <code value="h"/>
        <display value="heure"/>
        <designation>
          <use>
            <code value="OID"/>
          </use>
          <value value="urn:oid:2.16.840.1.113883.6.8"/>
        </designation>
      </concept>
      <concept>
        <code value="min"/>
        <display value="minute"/>
        <designation>
          <use>
            <code value="OID"/>
          </use>
          <value value="urn:oid:2.16.840.1.113883.6.8"/>
        </designation>
      </concept>
      <concept>
        <code value="s"/>
        <display value="seconde"/>
        <designation>
          <use>
            <code value="OID"/>
          </use>
          <value value="urn:oid:2.16.840.1.113883.6.8"/>
        </designation>
      </concept>
      <concept>
        <code value="ms"/>
        <display value="milliseconde"/>
        <designation>
          <use>
            <code value="OID"/>
          </use>
          <value value="urn:oid:2.16.840.1.113883.6.8"/>
        </designation>
      </concept>
      <concept>
        <code value="m"/>
        <display value="mètre"/>
        <designation>
          <use>
            <code value="OID"/>
          </use>
          <value value="urn:oid:2.16.840.1.113883.6.8"/>
        </designation>
      </concept>
      <concept>
        <code value="mg/dL"/>
        <display value="milligramme par décilitre"/>
        <designation>
          <use>
            <code value="OID"/>
          </use>
          <value value="urn:oid:2.16.840.1.113883.6.8"/>
        </designation>
      </concept>
      <concept>
        <code value="%"/>
        <display value="pourcentage"/>
        <designation>
          <use>
            <code value="OID"/>
          </use>
          <value value="urn:oid:2.16.840.1.113883.6.8"/>
        </designation>
      </concept>
      <concept>
        <code value="g/L"/>
        <display value="gramme par litre"/>
        <designation>
          <use>
            <code value="OID"/>
          </use>
          <value value="urn:oid:2.16.840.1.113883.6.8"/>
        </designation>
      </concept>
      <concept>
        <code value="cm"/>
        <display value="centimètre"/>
        <designation>
          <use>
            <code value="OID"/>
          </use>
          <value value="urn:oid:2.16.840.1.113883.6.8"/>
        </designation>
      </concept>
      <concept>
        <code value="kg"/>
        <display value="kilogramme"/>
        <designation>
          <use>
            <code value="OID"/>
          </use>
          <value value="urn:oid:2.16.840.1.113883.6.8"/>
        </designation>
      </concept>
    </include>
  </compose>
</ValueSet>