<?xml version="1.0" encoding="UTF-8"?>

<ValueSet xmlns="http://hl7.org/fhir">
  <id value="JDV-J145-MethodBodyWeight-ENS"/>
  <text>
    <status value="generated"/><div xmlns="http://www.w3.org/1999/xhtml"><ul><li>Import all the codes that are contained in </li></ul></div>
  </text>
  <extension url="http://hl7.org/fhir/StructureDefinition/resource-effectivePeriod">
    <valuePeriod>
      <start value="2021-04-30T12:00:00+01:00"/>
    </valuePeriod>
  </extension>
  <url value="https://mos.esante.gouv.fr/NOS/JDV_J145-MethodBodyWeight-ENS/FHIR/JDV-J145-MethodBodyWeight-ENS"/>
  <identifier>
    <value value="urn:oid:1.2.250.1.213.1.1.5.600"/>
  </identifier>
  <version value="1.1.0"/>
  <name value="JDV_J145-MethodBodyWeight-ENS"/>
  <status value="active"/>
  <date value="2023-06-30T12:00:00+01:00"/>
  <publisher value="ANS"/>
  <contact>
    <name value="ANS"/>
    <telecom>
      <system value="url"/>
      <value value="https://esante.gouv.fr"/>
    </telecom>
  </contact>
  <description value="JDV pour la méthode de mesure du poids"/>
  <compose>
    <include>
      <concept>
        <code value="V030210"/>
        <display value="PÈSE-PERSONNES (SAUF CEUX DE NÉONATALOGIE)"/>
        <designation>
          <use>
            <code value="OID"/>
          </use>
          <value value="urn:oid:1.2.250.1.213.2.68"/>
        </designation>
      </concept>
    </include>
  </compose>
</ValueSet>