<?xml version="1.0" encoding="UTF-8"?>

<ValueSet xmlns="http://hl7.org/fhir">
  <id value="JDV-J66-TypeCode-DMP"/>
  <text>
    <status value="extensions"/><div xmlns="http://www.w3.org/1999/xhtml"><p>This value set includes codes based on the following rules:</p><ul><li>Include these codes as defined in <a href="CodeSystem-TRE-A05-TypeDocComplementaire.html"><code>https://mos.esante.gouv.fr/NOS/TRE_A05-TypeDocComplementaire/FHIR/TRE-A05-TypeDocComplementaire</code></a><table class="none"><tr><td style="white-space:nowrap"><b>Code</b></td><td><b>Display</b></td><td><b>Definition</b></td></tr><tr><td><a href="CodeSystem-TRE-A05-TypeDocComplementaire.html#TRE-A05-TypeDocComplementaire-AUTORIS-SOINS">AUTORIS-SOINS</a></td><td>Autorisation de soins et actes non usuels sanitaires</td><td/></tr><tr><td><a href="CodeSystem-TRE-A05-TypeDocComplementaire.html#TRE-A05-TypeDocComplementaire-ATTEST-RESID">ATTEST-RESID</a></td><td>Attestation de résidence</td><td/></tr><tr><td><a href="CodeSystem-TRE-A05-TypeDocComplementaire.html#TRE-A05-TypeDocComplementaire-ATTEST-DROITS-AM">ATTEST-DROITS-AM</a></td><td>Attestation de droits à l'assurance maladie</td><td/></tr><tr><td><a href="CodeSystem-TRE-A05-TypeDocComplementaire.html#TRE-A05-TypeDocComplementaire-ATTEST-ASS-COMPL">ATTEST-ASS-COMPL</a></td><td>Attestation assurance complémentaire</td><td/></tr><tr><td><a href="CodeSystem-TRE-A05-TypeDocComplementaire.html#TRE-A05-TypeDocComplementaire-ATTEST-HEBGT">ATTEST-HEBGT</a></td><td>Attestation d'hébergement</td><td/></tr><tr><td><a href="CodeSystem-TRE-A05-TypeDocComplementaire.html#TRE-A05-TypeDocComplementaire-BIL_AUTO">BIL_AUTO</a></td><td>CR de bilan d'évaluation de la perte d'autonomie</td><td>Document réalisé par un médecin ou par certains auxiliaires médicaux décrivant la perte d'autonomie dans la vie quotidienne d'un patient, suivant différents axes.</td></tr><tr><td><a href="CodeSystem-TRE-A05-TypeDocComplementaire.html#TRE-A05-TypeDocComplementaire-CERT_DECL">CERT_DECL</a></td><td>Certificat, déclaration</td><td>Certificat : Document médical justificatif attestant de J48 de santé d'un patient et remis à celui-ci, à sa demande, par un médecin dans son domaine de compétence. Déclaration : Document à visée épidémiologique ou de prévention, établi à l'intention de l'autorité sanitaire et rédigé par tout médecin ayant fait le diagnostic d'une maladie à déclaration obligatoire listée au Code de la Santé Publique.</td></tr><tr><td><a href="CodeSystem-TRE-A05-TypeDocComplementaire.html#TRE-A05-TypeDocComplementaire-DISP_AUT">DISP_AUT</a></td><td>Dispensation (autre)</td><td>Document listant les produits, autres que des médicaments, ou les dispositifs dispensés au patient.</td></tr><tr><td><a href="CodeSystem-TRE-A05-TypeDocComplementaire.html#TRE-A05-TypeDocComplementaire-EXPPAT_1">EXPPAT_1</a></td><td>Volontés et droits du patient</td><td>Personnes à prévenir en cas d'urgence, personne de confiance, directives anticipées, don d'organe, don du corps, accès au dossier du patient par ses ayants droit.</td></tr><tr><td><a href="CodeSystem-TRE-A05-TypeDocComplementaire.html#TRE-A05-TypeDocComplementaire-EXPPAT_2">EXPPAT_2</a></td><td>Autre document du patient</td><td>Informations personnelles saisies dans un éditeur de texte</td></tr><tr><td><a href="CodeSystem-TRE-A05-TypeDocComplementaire.html#TRE-A05-TypeDocComplementaire-EXPPAT_3">EXPPAT_3</a></td><td>Directives anticipées</td><td/></tr><tr><td><a href="CodeSystem-TRE-A05-TypeDocComplementaire.html#TRE-A05-TypeDocComplementaire-IMG-KOS">IMG-KOS</a></td><td>Reference d'objets d'un examen d'imagerie</td><td/></tr><tr><td><a href="CodeSystem-TRE-A05-TypeDocComplementaire.html#TRE-A05-TypeDocComplementaire-PROT_ALD">PROT_ALD</a></td><td>Protocole de soins ALD</td><td>Document établi par le médecin traitant pour une demande de prise en charge à 100 % concernant les soins et les traitements d'un patient, liés à une affection de longue durée (A.L.D.) exonérante. Le caractère exonérant nécessite un suivi de la maladie et des soins prolongés de plus de six mois et des traitements coûteux.</td></tr><tr><td><a href="CodeSystem-TRE-A05-TypeDocComplementaire.html#TRE-A05-TypeDocComplementaire-REMB">REMB</a></td><td>Données de remboursement</td><td/></tr><tr><td><a href="CodeSystem-TRE-A05-TypeDocComplementaire.html#TRE-A05-TypeDocComplementaire-SYNTH">SYNTH</a></td><td>Synthèse</td><td>Document réalisé par un professionnel de santé, résumant et mettant en évidence les éléments essentiels de l'état de santé et de la prise en charge médicale d'un patient, à un instant donné. Il peut s'agir d'une synthèse globale ou d'une synthèse centrée sur une pathologie.</td></tr><tr><td><a href="CodeSystem-TRE-A05-TypeDocComplementaire.html#TRE-A05-TypeDocComplementaire-DOCPAT01">DOCPAT01</a></td><td>Synthèse déposée par le patient</td><td/></tr><tr><td><a href="CodeSystem-TRE-A05-TypeDocComplementaire.html#TRE-A05-TypeDocComplementaire-DOCPAT02">DOCPAT02</a></td><td>Traitement ou document de soins déposé par le patient</td><td/></tr><tr><td><a href="CodeSystem-TRE-A05-TypeDocComplementaire.html#TRE-A05-TypeDocComplementaire-DOCPAT03">DOCPAT03</a></td><td>CR déposé par le patient</td><td/></tr><tr><td><a href="CodeSystem-TRE-A05-TypeDocComplementaire.html#TRE-A05-TypeDocComplementaire-DOCPAT04">DOCPAT04</a></td><td>Imagerie déposée par le patient</td><td/></tr><tr><td><a href="CodeSystem-TRE-A05-TypeDocComplementaire.html#TRE-A05-TypeDocComplementaire-DOCPAT05">DOCPAT05</a></td><td>CR de biologie déposé par le patient</td><td/></tr><tr><td><a href="CodeSystem-TRE-A05-TypeDocComplementaire.html#TRE-A05-TypeDocComplementaire-DOCPAT06">DOCPAT06</a></td><td>CR de prévention déposé par le patient</td><td/></tr><tr><td><a href="CodeSystem-TRE-A05-TypeDocComplementaire.html#TRE-A05-TypeDocComplementaire-DOCPAT07">DOCPAT07</a></td><td>Certificat déposé par le patient</td><td/></tr><tr><td><a href="CodeSystem-TRE-A05-TypeDocComplementaire.html#TRE-A05-TypeDocComplementaire-DOCPAT08">DOCPAT08</a></td><td>Profil médical Mon espace santé</td><td/></tr><tr><td><a href="CodeSystem-TRE-A05-TypeDocComplementaire.html#TRE-A05-TypeDocComplementaire-DOCPAT09">DOCPAT09</a></td><td>Document administratif déposé par le patient</td><td/></tr><tr><td><a href="CodeSystem-TRE-A05-TypeDocComplementaire.html#TRE-A05-TypeDocComplementaire-PRESC-AAT">PRESC-AAT</a></td><td>Prescription arrêt de travail</td><td/></tr><tr><td><a href="CodeSystem-TRE-A05-TypeDocComplementaire.html#TRE-A05-TypeDocComplementaire-PRESC-BIO">PRESC-BIO</a></td><td>Prescription d'actes de biologie médicale</td><td>Prescription d'actes de biologie médicale</td></tr><tr><td><a href="CodeSystem-TRE-A05-TypeDocComplementaire.html#TRE-A05-TypeDocComplementaire-PRESC-KINE">PRESC-KINE</a></td><td>Prescription d'actes de kinésithérapie</td><td>Prescription d'actes de kinésithérapie</td></tr><tr><td><a href="CodeSystem-TRE-A05-TypeDocComplementaire.html#TRE-A05-TypeDocComplementaire-PRESC-INF">PRESC-INF</a></td><td>Prescription d'actes infirmiers</td><td>Prescription d'actes infirmiers</td></tr><tr><td><a href="CodeSystem-TRE-A05-TypeDocComplementaire.html#TRE-A05-TypeDocComplementaire-PRESC-PEDI">PRESC-PEDI</a></td><td>Prescription d'actes de pédicurie</td><td>Prescription d'actes de pédicurie</td></tr><tr><td><a href="CodeSystem-TRE-A05-TypeDocComplementaire.html#TRE-A05-TypeDocComplementaire-PRESC-ORTHOPHO">PRESC-ORTHOPHO</a></td><td>Prescription d'actes d'orthophonie</td><td>Prescription d'actes d'orthophonie</td></tr><tr><td><a href="CodeSystem-TRE-A05-TypeDocComplementaire.html#TRE-A05-TypeDocComplementaire-PRESC-ORTHOPTIE">PRESC-ORTHOPTIE</a></td><td>Prescription d'actes d'orthoptie</td><td>Prescription d'actes d'orthoptie</td></tr></table></li><li>Include these codes as defined in <a href="CodeSystem-TRE-A04-Loinc.html"><code>https://mos.esante.gouv.fr/NOS/TRE_A04-Loinc/FHIR/TRE-A04-Loinc</code></a><table class="none"><tr><td style="white-space:nowrap"><b>Code</b></td><td><b>Display</b></td><td><b>Definition</b></td></tr><tr><td><a href="CodeSystem-TRE-A04-Loinc.html#TRE-A04-Loinc-11369-6">11369-6</a></td><td>Historique des vaccinations</td><td/></tr><tr><td><a href="CodeSystem-TRE-A04-Loinc.html#TRE-A04-Loinc-11488-4">11488-4</a></td><td>CR ou fiche de consultation ou de visite</td><td>Consultation note {Provider} Document réalisé à l'issue d'une consultation médicale ou chirurgicale indiquant le motif de la consultation, les principales observations, le résultat de consultation et la conduite à tenir.</td></tr><tr><td><a href="CodeSystem-TRE-A04-Loinc.html#TRE-A04-Loinc-11490-0">11490-0</a></td><td>Lettre de liaison à la sortie d'un établissement de soins</td><td>Physician hospital discharge summary La lettre de sortie synthétise le cas d'un patient à l'occasion d'un séjour dans un hôpital ou dans un centre de soins. Elle comprend en principe l'ensemble des diagnostics qui ont été posés durant ce séjour. Les diagnostics actifs sont étayés par d'autres éléments du dossier dont les conclusions sont citées. La lettre de sortie contient aussi des commentaires, ou une discussion si nécessaire, et le traitement à suivre après le départ de l'hôpital. Enfin, la lettre de sortie donne des recommandations pour le suivi médical. Le but premier d'une lettre de sortie est par conséquent d'informer le médecin traitant qui suivra le patient après sa sortie.</td></tr><tr><td><a href="CodeSystem-TRE-A04-Loinc.html#TRE-A04-Loinc-11502-2">11502-2</a></td><td>CR d'examens biologiques</td><td>LABORATORY REPORT TOTAL Compte rendu d'analyses de biologie médicale.</td></tr><tr><td><a href="CodeSystem-TRE-A04-Loinc.html#TRE-A04-Loinc-11505-5">11505-5</a></td><td>CR d'acte thérapeutique (autre)</td><td>Physician procedure note Document rendant compte d'un acte thérapeutique.</td></tr><tr><td><a href="CodeSystem-TRE-A04-Loinc.html#TRE-A04-Loinc-11506-3">11506-3</a></td><td>CR ou fiche de suivi de soins par auxiliaire médical</td><td>Provider-unspecified Progress Note Document rédigé par une sage-femme, un infirmier ou un auxiliaire médical rendant compte des soins réalisés et des résultats obtenus.</td></tr><tr><td><a href="CodeSystem-TRE-A04-Loinc.html#TRE-A04-Loinc-15507-7">15507-7</a></td><td>CR de passage aux urgences</td><td>Provider-unspecified ED Progress note RPU.</td></tr><tr><td><a href="CodeSystem-TRE-A04-Loinc.html#TRE-A04-Loinc-15508-5">15508-5</a></td><td>CR d'accouchement</td><td>Labor and delivery records Document réalisé par un gynécologue obstétricien ou par une sage-femme, décrivant le déroulement d'un accouchement, le mode de délivrance et l'état de l'enfant à la naissance.</td></tr><tr><td><a href="CodeSystem-TRE-A04-Loinc.html#TRE-A04-Loinc-18748-4">18748-4</a></td><td>CR d'imagerie médicale</td><td/></tr><tr><td><a href="CodeSystem-TRE-A04-Loinc.html#TRE-A04-Loinc-18761-7">18761-7</a></td><td>Note de transfert (dont lettre de liaison à l'entrée en établissement de soins)</td><td/></tr><tr><td><a href="CodeSystem-TRE-A04-Loinc.html#TRE-A04-Loinc-18776-5">18776-5</a></td><td>Plan personnalisé de soins</td><td>Plan of treatment Document rédigé par un professionnel de santé identifiant le(s) problème(s) du patient et le plan de prise en charge prévu pour une période déterminée.</td></tr><tr><td><a href="CodeSystem-TRE-A04-Loinc.html#TRE-A04-Loinc-28653-4">28653-4</a></td><td>Document du secteur social / médico-social</td><td/></tr><tr><td><a href="CodeSystem-TRE-A04-Loinc.html#TRE-A04-Loinc-29274-8">29274-8</a></td><td>Mesures de signes vitaux</td><td/></tr><tr><td><a href="CodeSystem-TRE-A04-Loinc.html#TRE-A04-Loinc-34112-3">34112-3</a></td><td>CR hospitalier (séjour)</td><td/></tr><tr><td><a href="CodeSystem-TRE-A04-Loinc.html#TRE-A04-Loinc-34133-9">34133-9</a></td><td>Synthèse d'épisode de soins</td><td>Summarization of episode note Document réalisé par un professionnel de santé résumant l'état clinique et l'état de la prise en charge médicale d'un(e) patient(e) à l'issue d'un épisode de soins.</td></tr><tr><td><a href="CodeSystem-TRE-A04-Loinc.html#TRE-A04-Loinc-34749-2">34749-2</a></td><td>CR de consultation pré-anesthésique</td><td>Consultation note {Anesthesia} Document réalisé par un anesthésiste, rendant compte de sa consultation, en vue d'une anesthésie à venir.</td></tr><tr><td><a href="CodeSystem-TRE-A04-Loinc.html#TRE-A04-Loinc-34794-8">34794-8</a></td><td>CR de réunion de concertation pluridisciplinaire</td><td>Multidisciplinary evaluation and management note Document rédigé par un PS à l'issue d'une réunion réunissant plusieurs PS autour de la prise en charge d'un patient, et décrivant les décisions prises à son sujet.</td></tr><tr><td><a href="CodeSystem-TRE-A04-Loinc.html#TRE-A04-Loinc-34842-5">34842-5</a></td><td>Grille d'évaluation médico-social</td><td/></tr><tr><td><a href="CodeSystem-TRE-A04-Loinc.html#TRE-A04-Loinc-34874-8">34874-8</a></td><td>CR opératoire</td><td>Surgery Surgical operation note Document réalisé par un chirurgien décrivant la technique employé, le déroulement de l'intervention chirurgicale, les pièces éventuellement prélevée, et les dispositifs médicaux éventuellement administrés.</td></tr><tr><td><a href="CodeSystem-TRE-A04-Loinc.html#TRE-A04-Loinc-34875-5">34875-5</a></td><td>Évaluation postopératoire et note de suivi</td><td/></tr><tr><td><a href="CodeSystem-TRE-A04-Loinc.html#TRE-A04-Loinc-47420-5">47420-5</a></td><td>CR de bilan fonctionnel (par auxiliaire médical)</td><td>Functional status assessment Document Document réalisé par un auxiliaire médical décrivant l'état d'une fonction d'un patient</td></tr><tr><td><a href="CodeSystem-TRE-A04-Loinc.html#TRE-A04-Loinc-52040-3">52040-3</a></td><td>Document encapsulant une image d'illustration non DICOM</td><td>Dental X-rays and other images (not DICOM) attachment Images acquises au cours d'un acte diagnostique ou thérapeutique, conservées dans un dossier partagé sous un format autre que DICOM (ex : TIFF, JPEG, PNG …).</td></tr><tr><td><a href="CodeSystem-TRE-A04-Loinc.html#TRE-A04-Loinc-51969-4">51969-4</a></td><td>CR de génétique moléculaire</td><td/></tr><tr><td><a href="CodeSystem-TRE-A04-Loinc.html#TRE-A04-Loinc-55115-0">55115-0</a></td><td>Demande d'actes d'imagerie</td><td>Demande d'acte d'imagerie.</td></tr><tr><td><a href="CodeSystem-TRE-A04-Loinc.html#TRE-A04-Loinc-56445-0">56445-0</a></td><td>Bilan médicamenteux (Officine)</td><td>Bilan médicamenteux réalisé dans le cadre d'une conciliation des traitements médicamenteux ou d'un bilan partagé de médication.</td></tr><tr><td><a href="CodeSystem-TRE-A04-Loinc.html#TRE-A04-Loinc-57057-2">57057-2</a></td><td>Synthèse Salle de Naissance Mère</td><td/></tr><tr><td><a href="CodeSystem-TRE-A04-Loinc.html#TRE-A04-Loinc-57055-6">57055-6</a></td><td>Synthèse antepartum</td><td/></tr><tr><td><a href="CodeSystem-TRE-A04-Loinc.html#TRE-A04-Loinc-57075-4">57075-4</a></td><td>Synthèse Salle de Naissance Enfant</td><td/></tr><tr><td><a href="CodeSystem-TRE-A04-Loinc.html#TRE-A04-Loinc-57828-6">57828-6</a></td><td>Prescription (autre)</td><td/></tr><tr><td><a href="CodeSystem-TRE-A04-Loinc.html#TRE-A04-Loinc-57832-8">57832-8</a></td><td>Prescription de soins</td><td/></tr><tr><td><a href="CodeSystem-TRE-A04-Loinc.html#TRE-A04-Loinc-57833-6">57833-6</a></td><td>Prescription de produits de santé</td><td>Prescription de produits de santé</td></tr><tr><td><a href="CodeSystem-TRE-A04-Loinc.html#TRE-A04-Loinc-59283-2">59283-2</a></td><td>CR d'examen de l'enfant</td><td/></tr><tr><td><a href="CodeSystem-TRE-A04-Loinc.html#TRE-A04-Loinc-59284-0">59284-0</a></td><td>Attestation de consentement</td><td/></tr><tr><td><a href="CodeSystem-TRE-A04-Loinc.html#TRE-A04-Loinc-60568-3">60568-3</a></td><td>CR d'anatomie et de cytologie pathologiques</td><td/></tr><tr><td><a href="CodeSystem-TRE-A04-Loinc.html#TRE-A04-Loinc-60591-5">60591-5</a></td><td>Synthèse du dossier médical</td><td/></tr><tr><td><a href="CodeSystem-TRE-A04-Loinc.html#TRE-A04-Loinc-60593-1">60593-1</a></td><td>Dispensation médicamenteuse</td><td/></tr><tr><td><a href="CodeSystem-TRE-A04-Loinc.html#TRE-A04-Loinc-61357-0">61357-0</a></td><td>Intervention pharmaceutique</td><td>Intervention du pharmacien auprès du prescripteur sur une ligne de prescription.</td></tr><tr><td><a href="CodeSystem-TRE-A04-Loinc.html#TRE-A04-Loinc-67851-6">67851-6</a></td><td>CR d'admission</td><td/></tr><tr><td><a href="CodeSystem-TRE-A04-Loinc.html#TRE-A04-Loinc-68599-0">68599-0</a></td><td>Synthèse psychiatrique</td><td/></tr><tr><td><a href="CodeSystem-TRE-A04-Loinc.html#TRE-A04-Loinc-68817-6">68817-6</a></td><td>Bilan de santé et de prévention de l'enfant</td><td/></tr><tr><td><a href="CodeSystem-TRE-A04-Loinc.html#TRE-A04-Loinc-70004-7">70004-7</a></td><td>CR d'acte diagnostique (autre)</td><td/></tr><tr><td><a href="CodeSystem-TRE-A04-Loinc.html#TRE-A04-Loinc-74207-2">74207-2</a></td><td>Dossier de liaison d'urgence</td><td/></tr><tr><td><a href="CodeSystem-TRE-A04-Loinc.html#TRE-A04-Loinc-74465-6">74465-6</a></td><td>Questionnaire patient</td><td/></tr><tr><td><a href="CodeSystem-TRE-A04-Loinc.html#TRE-A04-Loinc-75468-9">75468-9</a></td><td>Renouvellement ordonnance par pharmacien correspondant</td><td>Renouvellement et adaptation des posologies par le pharmacien correspondant. Dans le cadre d'un renouvellement périodique des traitements chroniques.</td></tr><tr><td><a href="CodeSystem-TRE-A04-Loinc.html#TRE-A04-Loinc-75482-0">75482-0</a></td><td>CR d'acte thérapeutique à visée préventive</td><td/></tr><tr><td><a href="CodeSystem-TRE-A04-Loinc.html#TRE-A04-Loinc-75492-9">75492-9</a></td><td>CR d'acte diagnostique à visée préventive ou de dépistage</td><td/></tr><tr><td><a href="CodeSystem-TRE-A04-Loinc.html#TRE-A04-Loinc-75496-0">75496-0</a></td><td>Demande d'acte de télémédecine</td><td/></tr><tr><td><a href="CodeSystem-TRE-A04-Loinc.html#TRE-A04-Loinc-77436-4">77436-4</a></td><td>CR d'anesthésie</td><td/></tr><tr><td><a href="CodeSystem-TRE-A04-Loinc.html#TRE-A04-Loinc-77604-7">77604-7</a></td><td>Planification thérapeutique</td><td>Plan de prise associé à la dispensation des traitements.</td></tr><tr><td><a href="CodeSystem-TRE-A04-Loinc.html#TRE-A04-Loinc-78489-2">78489-2</a></td><td>Synthèse Enfant en Maternité</td><td/></tr><tr><td><a href="CodeSystem-TRE-A04-Loinc.html#TRE-A04-Loinc-78513-9">78513-9</a></td><td>CR de consultation en ophtalmologie</td><td/></tr><tr><td><a href="CodeSystem-TRE-A04-Loinc.html#TRE-A04-Loinc-78601-2">78601-2</a></td><td>CR d'entretien pharmaceutique</td><td/></tr><tr><td><a href="CodeSystem-TRE-A04-Loinc.html#TRE-A04-Loinc-80565-5">80565-5</a></td><td>CR d'administration de médicaments</td><td/></tr><tr><td><a href="CodeSystem-TRE-A04-Loinc.html#TRE-A04-Loinc-80771-9">80771-9</a></td><td>Projet d'accueil individualisé</td><td/></tr><tr><td><a href="CodeSystem-TRE-A04-Loinc.html#TRE-A04-Loinc-80788-3">80788-3</a></td><td>Projet personnalisé d'accompagnement</td><td/></tr><tr><td><a href="CodeSystem-TRE-A04-Loinc.html#TRE-A04-Loinc-80820-4">80820-4</a></td><td>Formulaire de conciliation médicamenteuse (Hôpital)</td><td>Formulaire permettant l'analyse des divergences entre le bilan médicamenteux et la prescription en cours dans le cadre de la conciliation médicamenteuse.</td></tr><tr><td><a href="CodeSystem-TRE-A04-Loinc.html#TRE-A04-Loinc-83836-7">83836-7</a></td><td>Schéma dentaire</td><td/></tr><tr><td><a href="CodeSystem-TRE-A04-Loinc.html#TRE-A04-Loinc-83869-8">83869-8</a></td><td>Plan personnalisé de prévention</td><td/></tr><tr><td><a href="CodeSystem-TRE-A04-Loinc.html#TRE-A04-Loinc-83901-9">83901-9</a></td><td>Bilan psychologique</td><td/></tr><tr><td><a href="CodeSystem-TRE-A04-Loinc.html#TRE-A04-Loinc-83981-1">83981-1</a></td><td>Lettre de liaison à la sortie d'une structure sociale ou médico-sociale</td><td/></tr><tr><td><a href="CodeSystem-TRE-A04-Loinc.html#TRE-A04-Loinc-85208-7">85208-7</a></td><td>CR de télémédecine</td><td/></tr><tr><td><a href="CodeSystem-TRE-A04-Loinc.html#TRE-A04-Loinc-86531-1">86531-1</a></td><td>Attestation de sortie</td><td/></tr><tr><td><a href="CodeSystem-TRE-A04-Loinc.html#TRE-A04-Loinc-87273-9">87273-9</a></td><td>Note de vaccination</td><td/></tr><tr><td><a href="CodeSystem-TRE-A04-Loinc.html#TRE-A04-Loinc-88348-8">88348-8</a></td><td>Lettre de liaison d'entrée en structure sociale ou médico-sociale</td><td/></tr><tr><td><a href="CodeSystem-TRE-A04-Loinc.html#TRE-A04-Loinc-89235-6">89235-6</a></td><td>Synthèse Suites de Couches Mère</td><td/></tr><tr><td><a href="CodeSystem-TRE-A04-Loinc.html#TRE-A04-Loinc-89601-9">89601-9</a></td><td>Certificat médical</td><td/></tr><tr><td><a href="CodeSystem-TRE-A04-Loinc.html#TRE-A04-Loinc-93024-8">93024-8</a></td><td>CR de consultation pharmaceutique</td><td>Réalisation d'un bilan de médication et/ou d'un plan pharmaceutique personnalisé dans le cadre d'une consultation pharmaceutique.</td></tr><tr><td><a href="CodeSystem-TRE-A04-Loinc.html#TRE-A04-Loinc-96349-6">96349-6</a></td><td>Lettre d'adressage</td><td/></tr><tr><td><a href="CodeSystem-TRE-A04-Loinc.html#TRE-A04-Loinc-96173-0">96173-0</a></td><td>Attestation de dépistage</td><td/></tr><tr><td><a href="CodeSystem-TRE-A04-Loinc.html#TRE-A04-Loinc-96874-3">96874-3</a></td><td>COVID-19 Attestation de vaccination</td><td/></tr></table></li><li>Include these codes as defined in <a href="CodeSystem-TRE-A12-NomenclatureASTM.html"><code>https://mos.esante.gouv.fr/NOS/TRE_A12-NomenclatureASTM/FHIR/TRE-A12-NomenclatureASTM</code></a><table class="none"><tr><td style="white-space:nowrap"><b>Code</b></td><td><b>Display</b></td></tr><tr><td><a href="CodeSystem-TRE-A12-NomenclatureASTM.html#TRE-A12-NomenclatureASTM-E1762">E1762</a></td><td>Full Document</td></tr></table></li></ul></div>
  </text>
  <extension url="http://hl7.org/fhir/StructureDefinition/resource-effectivePeriod">
    <valuePeriod>
      <start value="2019-01-18T12:00:00+01:00"/>
    </valuePeriod>
  </extension>
  <url value="https://mos.esante.gouv.fr/NOS/JDV_J66-TypeCode-DMP/FHIR/JDV-J66-TypeCode-DMP"/>
  <identifier>
    <value value="urn:oid:1.2.250.1.213.1.1.5.7"/>
  </identifier>
  <version value="1.2.0"/>
  <name value="JDV_J66-TypeCode-DMP"/>
  <status value="active"/>
  <date value="2024-02-23T12:00:00+01:00"/>
  <publisher value="ANS"/>
  <contact>
    <name value="ANS"/>
    <telecom>
      <system value="url"/>
      <value value="https://esante.gouv.fr"/>
    </telecom>
  </contact>
  <description value="Jeu de valeurs pour métadonnée typeCode DMP"/>
  <compose>
    <include>
      <system value="https://mos.esante.gouv.fr/NOS/TRE_A05-TypeDocComplementaire/FHIR/TRE-A05-TypeDocComplementaire"/>
      <concept>
        <code value="AUTORIS-SOINS"/>
        <display value="Autorisation de soins et actes non usuels sanitaires"/>
        <designation>
          <use>
            <code value="OID"/>
          </use>
          <value value="urn:oid:1.2.250.1.213.1.1.4.12"/>
        </designation>
      </concept>
      <concept>
        <code value="ATTEST-RESID"/>
        <display value="Attestation de résidence"/>
        <designation>
          <use>
            <code value="OID"/>
          </use>
          <value value="urn:oid:1.2.250.1.213.1.1.4.12"/>
        </designation>
      </concept>
      <concept>
        <code value="ATTEST-DROITS-AM"/>
        <display value="Attestation de droits à l'assurance maladie"/>
        <designation>
          <use>
            <code value="OID"/>
          </use>
          <value value="urn:oid:1.2.250.1.213.1.1.4.12"/>
        </designation>
      </concept>
      <concept>
        <code value="ATTEST-ASS-COMPL"/>
        <display value="Attestation assurance complémentaire"/>
        <designation>
          <use>
            <code value="OID"/>
          </use>
          <value value="urn:oid:1.2.250.1.213.1.1.4.12"/>
        </designation>
      </concept>
      <concept>
        <code value="ATTEST-HEBGT"/>
        <display value="Attestation d'hébergement"/>
        <designation>
          <use>
            <code value="OID"/>
          </use>
          <value value="urn:oid:1.2.250.1.213.1.1.4.12"/>
        </designation>
      </concept>
      <concept>
        <code value="BIL_AUTO"/>
        <display value="CR de bilan d'évaluation de la perte d'autonomie"/>
        <designation>
          <use>
            <code value="OID"/>
          </use>
          <value value="urn:oid:1.2.250.1.213.1.1.4.12"/>
        </designation>
      </concept>
      <concept>
        <code value="CERT_DECL"/>
        <display value="Certificat, déclaration"/>
        <designation>
          <use>
            <code value="OID"/>
          </use>
          <value value="urn:oid:1.2.250.1.213.1.1.4.12"/>
        </designation>
      </concept>
      <concept>
        <code value="DISP_AUT"/>
        <display value="Dispensation (autre)"/>
        <designation>
          <use>
            <code value="OID"/>
          </use>
          <value value="urn:oid:1.2.250.1.213.1.1.4.12"/>
        </designation>
      </concept>
      <concept>
        <code value="EXPPAT_1"/>
        <display value="Volontés et droits du patient"/>
        <designation>
          <use>
            <code value="OID"/>
          </use>
          <value value="urn:oid:1.2.250.1.213.1.1.4.12"/>
        </designation>
      </concept>
      <concept>
        <code value="EXPPAT_2"/>
        <display value="Autre document du patient"/>
        <designation>
          <use>
            <code value="OID"/>
          </use>
          <value value="urn:oid:1.2.250.1.213.1.1.4.12"/>
        </designation>
      </concept>
      <concept>
        <code value="EXPPAT_3"/>
        <display value="Directives anticipées"/>
        <designation>
          <use>
            <code value="OID"/>
          </use>
          <value value="urn:oid:1.2.250.1.213.1.1.4.12"/>
        </designation>
      </concept>
      <concept>
        <code value="IMG-KOS"/>
        <display value="Reference d'objets d'un examen d'imagerie"/>
        <designation>
          <use>
            <code value="OID"/>
          </use>
          <value value="urn:oid:1.2.250.1.213.1.1.4.12"/>
        </designation>
      </concept>
      <concept>
        <code value="PROT_ALD"/>
        <display value="Protocole de soins ALD"/>
        <designation>
          <use>
            <code value="OID"/>
          </use>
          <value value="urn:oid:1.2.250.1.213.1.1.4.12"/>
        </designation>
      </concept>
      <concept>
        <code value="REMB"/>
        <display value="Données de remboursement"/>
        <designation>
          <use>
            <code value="OID"/>
          </use>
          <value value="urn:oid:1.2.250.1.213.1.1.4.12"/>
        </designation>
      </concept>
      <concept>
        <code value="SYNTH"/>
        <display value="Synthèse"/>
        <designation>
          <use>
            <code value="OID"/>
          </use>
          <value value="urn:oid:1.2.250.1.213.1.1.4.12"/>
        </designation>
      </concept>
      <concept>
        <code value="DOCPAT01"/>
        <display value="Synthèse déposée par le patient"/>
        <designation>
          <use>
            <code value="OID"/>
          </use>
          <value value="urn:oid:1.2.250.1.213.1.1.4.12"/>
        </designation>
      </concept>
      <concept>
        <code value="DOCPAT02"/>
        <display value="Traitement ou document de soins déposé par le patient"/>
        <designation>
          <use>
            <code value="OID"/>
          </use>
          <value value="urn:oid:1.2.250.1.213.1.1.4.12"/>
        </designation>
      </concept>
      <concept>
        <code value="DOCPAT03"/>
        <display value="CR déposé par le patient"/>
        <designation>
          <use>
            <code value="OID"/>
          </use>
          <value value="urn:oid:1.2.250.1.213.1.1.4.12"/>
        </designation>
      </concept>
      <concept>
        <code value="DOCPAT04"/>
        <display value="Imagerie déposée par le patient"/>
        <designation>
          <use>
            <code value="OID"/>
          </use>
          <value value="urn:oid:1.2.250.1.213.1.1.4.12"/>
        </designation>
      </concept>
      <concept>
        <code value="DOCPAT05"/>
        <display value="CR de biologie déposé par le patient"/>
        <designation>
          <use>
            <code value="OID"/>
          </use>
          <value value="urn:oid:1.2.250.1.213.1.1.4.12"/>
        </designation>
      </concept>
      <concept>
        <code value="DOCPAT06"/>
        <display value="CR de prévention déposé par le patient"/>
        <designation>
          <use>
            <code value="OID"/>
          </use>
          <value value="urn:oid:1.2.250.1.213.1.1.4.12"/>
        </designation>
      </concept>
      <concept>
        <code value="DOCPAT07"/>
        <display value="Certificat déposé par le patient"/>
        <designation>
          <use>
            <code value="OID"/>
          </use>
          <value value="urn:oid:1.2.250.1.213.1.1.4.12"/>
        </designation>
      </concept>
      <concept>
        <code value="DOCPAT08"/>
        <display value="Profil médical Mon espace santé"/>
        <designation>
          <use>
            <code value="OID"/>
          </use>
          <value value="urn:oid:1.2.250.1.213.1.1.4.12"/>
        </designation>
      </concept>
      <concept>
        <code value="DOCPAT09"/>
        <display value="Document administratif déposé par le patient"/>
        <designation>
          <use>
            <code value="OID"/>
          </use>
          <value value="urn:oid:1.2.250.1.213.1.1.4.12"/>
        </designation>
      </concept>
      <concept>
        <code value="PRESC-AAT"/>
        <display value="Prescription arrêt de travail"/>
        <designation>
          <use>
            <code value="OID"/>
          </use>
          <value value="urn:oid:1.2.250.1.213.1.1.4.12"/>
        </designation>
      </concept>
      <concept>
        <code value="PRESC-BIO"/>
        <display value="Prescription d'actes de biologie médicale"/>
        <designation>
          <use>
            <code value="OID"/>
          </use>
          <value value="urn:oid:1.2.250.1.213.1.1.4.12"/>
        </designation>
      </concept>
      <concept>
        <code value="PRESC-KINE"/>
        <display value="Prescription d'actes de kinésithérapie"/>
        <designation>
          <use>
            <code value="OID"/>
          </use>
          <value value="urn:oid:1.2.250.1.213.1.1.4.12"/>
        </designation>
      </concept>
      <concept>
        <code value="PRESC-INF"/>
        <display value="Prescription d'actes infirmiers"/>
        <designation>
          <use>
            <code value="OID"/>
          </use>
          <value value="urn:oid:1.2.250.1.213.1.1.4.12"/>
        </designation>
      </concept>
      <concept>
        <code value="PRESC-PEDI"/>
        <display value="Prescription d'actes de pédicurie"/>
        <designation>
          <use>
            <code value="OID"/>
          </use>
          <value value="urn:oid:1.2.250.1.213.1.1.4.12"/>
        </designation>
      </concept>
      <concept>
        <code value="PRESC-ORTHOPHO"/>
        <display value="Prescription d'actes d'orthophonie"/>
        <designation>
          <use>
            <code value="OID"/>
          </use>
          <value value="urn:oid:1.2.250.1.213.1.1.4.12"/>
        </designation>
      </concept>
      <concept>
        <code value="PRESC-ORTHOPTIE"/>
        <display value="Prescription d'actes d'orthoptie"/>
        <designation>
          <use>
            <code value="OID"/>
          </use>
          <value value="urn:oid:1.2.250.1.213.1.1.4.12"/>
        </designation>
      </concept>
    </include>
    <include>
      <system value="https://mos.esante.gouv.fr/NOS/TRE_A04-Loinc/FHIR/TRE-A04-Loinc"/>
      <concept>
        <code value="11369-6"/>
        <display value="Historique des vaccinations"/>
        <designation>
          <use>
            <code value="OID"/>
          </use>
          <value value="urn:oid:2.16.840.1.113883.6.1"/>
        </designation>
      </concept>
      <concept>
        <code value="11488-4"/>
        <display value="CR ou fiche de consultation ou de visite"/>
        <designation>
          <use>
            <code value="OID"/>
          </use>
          <value value="urn:oid:2.16.840.1.113883.6.1"/>
        </designation>
      </concept>
      <concept>
        <code value="11490-0"/>
        <display value="Lettre de liaison à la sortie d'un établissement de soins"/>
        <designation>
          <use>
            <code value="OID"/>
          </use>
          <value value="urn:oid:2.16.840.1.113883.6.1"/>
        </designation>
      </concept>
      <concept>
        <code value="11502-2"/>
        <display value="CR d'examens biologiques"/>
        <designation>
          <use>
            <code value="OID"/>
          </use>
          <value value="urn:oid:2.16.840.1.113883.6.1"/>
        </designation>
      </concept>
      <concept>
        <code value="11505-5"/>
        <display value="CR d'acte thérapeutique (autre)"/>
        <designation>
          <use>
            <code value="OID"/>
          </use>
          <value value="urn:oid:2.16.840.1.113883.6.1"/>
        </designation>
      </concept>
      <concept>
        <code value="11506-3"/>
        <display value="CR ou fiche de suivi de soins par auxiliaire médical"/>
        <designation>
          <use>
            <code value="OID"/>
          </use>
          <value value="urn:oid:2.16.840.1.113883.6.1"/>
        </designation>
      </concept>
      <concept>
        <code value="15507-7"/>
        <display value="CR de passage aux urgences"/>
        <designation>
          <use>
            <code value="OID"/>
          </use>
          <value value="urn:oid:2.16.840.1.113883.6.1"/>
        </designation>
      </concept>
      <concept>
        <code value="15508-5"/>
        <display value="CR d'accouchement"/>
        <designation>
          <use>
            <code value="OID"/>
          </use>
          <value value="urn:oid:2.16.840.1.113883.6.1"/>
        </designation>
      </concept>
      <concept>
        <code value="18748-4"/>
        <display value="CR d'imagerie médicale"/>
        <designation>
          <use>
            <code value="OID"/>
          </use>
          <value value="urn:oid:2.16.840.1.113883.6.1"/>
        </designation>
      </concept>
      <concept>
        <code value="18761-7"/>
        <display value="Note de transfert (dont lettre de liaison à l'entrée en établissement de soins)"/>
        <designation>
          <use>
            <code value="OID"/>
          </use>
          <value value="urn:oid:2.16.840.1.113883.6.1"/>
        </designation>
      </concept>
      <concept>
        <code value="18776-5"/>
        <display value="Plan personnalisé de soins"/>
        <designation>
          <use>
            <code value="OID"/>
          </use>
          <value value="urn:oid:2.16.840.1.113883.6.1"/>
        </designation>
      </concept>
      <concept>
        <code value="28653-4"/>
        <display value="Document du secteur social / médico-social"/>
        <designation>
          <use>
            <code value="OID"/>
          </use>
          <value value="urn:oid:2.16.840.1.113883.6.1"/>
        </designation>
      </concept>
      <concept>
        <code value="29274-8"/>
        <display value="Mesures de signes vitaux"/>
        <designation>
          <use>
            <code value="OID"/>
          </use>
          <value value="urn:oid:2.16.840.1.113883.6.1"/>
        </designation>
      </concept>
      <concept>
        <code value="34112-3"/>
        <display value="CR hospitalier (séjour)"/>
        <designation>
          <use>
            <code value="OID"/>
          </use>
          <value value="urn:oid:2.16.840.1.113883.6.1"/>
        </designation>
      </concept>
      <concept>
        <code value="34133-9"/>
        <display value="Synthèse d'épisode de soins"/>
        <designation>
          <use>
            <code value="OID"/>
          </use>
          <value value="urn:oid:2.16.840.1.113883.6.1"/>
        </designation>
      </concept>
      <concept>
        <code value="34749-2"/>
        <display value="CR de consultation pré-anesthésique"/>
        <designation>
          <use>
            <code value="OID"/>
          </use>
          <value value="urn:oid:2.16.840.1.113883.6.1"/>
        </designation>
      </concept>
      <concept>
        <code value="34794-8"/>
        <display value="CR de réunion de concertation pluridisciplinaire"/>
        <designation>
          <use>
            <code value="OID"/>
          </use>
          <value value="urn:oid:2.16.840.1.113883.6.1"/>
        </designation>
      </concept>
      <concept>
        <code value="34842-5"/>
        <display value="Grille d'évaluation médico-social"/>
        <designation>
          <use>
            <code value="OID"/>
          </use>
          <value value="urn:oid:2.16.840.1.113883.6.1"/>
        </designation>
      </concept>
      <concept>
        <code value="34874-8"/>
        <display value="CR opératoire"/>
        <designation>
          <use>
            <code value="OID"/>
          </use>
          <value value="urn:oid:2.16.840.1.113883.6.1"/>
        </designation>
      </concept>
      <concept>
        <code value="34875-5"/>
        <display value="Évaluation postopératoire et note de suivi"/>
        <designation>
          <use>
            <code value="OID"/>
          </use>
          <value value="urn:oid:2.16.840.1.113883.6.1"/>
        </designation>
      </concept>
      <concept>
        <code value="47420-5"/>
        <display value="CR de bilan fonctionnel (par auxiliaire médical)"/>
        <designation>
          <use>
            <code value="OID"/>
          </use>
          <value value="urn:oid:2.16.840.1.113883.6.1"/>
        </designation>
      </concept>
      <concept>
        <code value="52040-3"/>
        <display value="Document encapsulant une image d'illustration non DICOM"/>
        <designation>
          <use>
            <code value="OID"/>
          </use>
          <value value="urn:oid:2.16.840.1.113883.6.1"/>
        </designation>
      </concept>
      <concept>
        <code value="51969-4"/>
        <display value="CR de génétique moléculaire"/>
        <designation>
          <use>
            <code value="OID"/>
          </use>
          <value value="urn:oid:2.16.840.1.113883.6.1"/>
        </designation>
      </concept>
      <concept>
        <code value="55115-0"/>
        <display value="Demande d'actes d'imagerie"/>
        <designation>
          <use>
            <code value="OID"/>
          </use>
          <value value="urn:oid:2.16.840.1.113883.6.1"/>
        </designation>
      </concept>
      <concept>
        <code value="56445-0"/>
        <display value="Bilan médicamenteux (Officine)"/>
        <designation>
          <use>
            <code value="OID"/>
          </use>
          <value value="urn:oid:2.16.840.1.113883.6.1"/>
        </designation>
      </concept>
      <concept>
        <code value="57057-2"/>
        <display value="Synthèse Salle de Naissance Mère"/>
        <designation>
          <use>
            <code value="OID"/>
          </use>
          <value value="urn:oid:2.16.840.1.113883.6.1"/>
        </designation>
      </concept>
      <concept>
        <code value="57055-6"/>
        <display value="Synthèse antepartum"/>
        <designation>
          <use>
            <code value="OID"/>
          </use>
          <value value="urn:oid:2.16.840.1.113883.6.1"/>
        </designation>
      </concept>
      <concept>
        <code value="57075-4"/>
        <display value="Synthèse Salle de Naissance Enfant"/>
        <designation>
          <use>
            <code value="OID"/>
          </use>
          <value value="urn:oid:2.16.840.1.113883.6.1"/>
        </designation>
      </concept>
      <concept>
        <code value="57828-6"/>
        <display value="Prescription (autre)"/>
        <designation>
          <use>
            <code value="OID"/>
          </use>
          <value value="urn:oid:2.16.840.1.113883.6.1"/>
        </designation>
      </concept>
      <concept>
        <code value="57832-8"/>
        <display value="Prescription de soins"/>
        <designation>
          <use>
            <code value="OID"/>
          </use>
          <value value="urn:oid:2.16.840.1.113883.6.1"/>
        </designation>
      </concept>
      <concept>
        <code value="57833-6"/>
        <display value="Prescription de produits de santé"/>
        <designation>
          <use>
            <code value="OID"/>
          </use>
          <value value="urn:oid:2.16.840.1.113883.6.1"/>
        </designation>
      </concept>
      <concept>
        <code value="59283-2"/>
        <display value="CR d'examen de l'enfant"/>
        <designation>
          <use>
            <code value="OID"/>
          </use>
          <value value="urn:oid:2.16.840.1.113883.6.1"/>
        </designation>
      </concept>
      <concept>
        <code value="59284-0"/>
        <display value="Attestation de consentement"/>
        <designation>
          <use>
            <code value="OID"/>
          </use>
          <value value="urn:oid:2.16.840.1.113883.6.1"/>
        </designation>
      </concept>
      <concept>
        <code value="60568-3"/>
        <display value="CR d'anatomie et de cytologie pathologiques"/>
        <designation>
          <use>
            <code value="OID"/>
          </use>
          <value value="urn:oid:2.16.840.1.113883.6.1"/>
        </designation>
      </concept>
      <concept>
        <code value="60591-5"/>
        <display value="Synthèse du dossier médical"/>
        <designation>
          <use>
            <code value="OID"/>
          </use>
          <value value="urn:oid:2.16.840.1.113883.6.1"/>
        </designation>
      </concept>
      <concept>
        <code value="60593-1"/>
        <display value="Dispensation médicamenteuse"/>
        <designation>
          <use>
            <code value="OID"/>
          </use>
          <value value="urn:oid:2.16.840.1.113883.6.1"/>
        </designation>
      </concept>
      <concept>
        <code value="61357-0"/>
        <display value="Intervention pharmaceutique"/>
        <designation>
          <use>
            <code value="OID"/>
          </use>
          <value value="urn:oid:2.16.840.1.113883.6.1"/>
        </designation>
      </concept>
      <concept>
        <code value="67851-6"/>
        <display value="CR d'admission"/>
        <designation>
          <use>
            <code value="OID"/>
          </use>
          <value value="urn:oid:2.16.840.1.113883.6.1"/>
        </designation>
      </concept>
      <concept>
        <code value="68599-0"/>
        <display value="Synthèse psychiatrique"/>
        <designation>
          <use>
            <code value="OID"/>
          </use>
          <value value="urn:oid:2.16.840.1.113883.6.1"/>
        </designation>
      </concept>
      <concept>
        <code value="68817-6"/>
        <display value="Bilan de santé et de prévention de l'enfant"/>
        <designation>
          <use>
            <code value="OID"/>
          </use>
          <value value="urn:oid:2.16.840.1.113883.6.1"/>
        </designation>
      </concept>
      <concept>
        <code value="70004-7"/>
        <display value="CR d'acte diagnostique (autre)"/>
        <designation>
          <use>
            <code value="OID"/>
          </use>
          <value value="urn:oid:2.16.840.1.113883.6.1"/>
        </designation>
      </concept>
      <concept>
        <code value="74207-2"/>
        <display value="Dossier de liaison d'urgence"/>
        <designation>
          <use>
            <code value="OID"/>
          </use>
          <value value="urn:oid:2.16.840.1.113883.6.1"/>
        </designation>
      </concept>
      <concept>
        <code value="74465-6"/>
        <display value="Questionnaire patient"/>
        <designation>
          <use>
            <code value="OID"/>
          </use>
          <value value="urn:oid:2.16.840.1.113883.6.1"/>
        </designation>
      </concept>
      <concept>
        <code value="75468-9"/>
        <display value="Renouvellement ordonnance par pharmacien correspondant"/>
        <designation>
          <use>
            <code value="OID"/>
          </use>
          <value value="urn:oid:2.16.840.1.113883.6.1"/>
        </designation>
      </concept>
      <concept>
        <code value="75482-0"/>
        <display value="CR d'acte thérapeutique à visée préventive"/>
        <designation>
          <use>
            <code value="OID"/>
          </use>
          <value value="urn:oid:2.16.840.1.113883.6.1"/>
        </designation>
      </concept>
      <concept>
        <code value="75492-9"/>
        <display value="CR d'acte diagnostique à visée préventive ou de dépistage"/>
        <designation>
          <use>
            <code value="OID"/>
          </use>
          <value value="urn:oid:2.16.840.1.113883.6.1"/>
        </designation>
      </concept>
      <concept>
        <code value="75496-0"/>
        <display value="Demande d'acte de télémédecine"/>
        <designation>
          <use>
            <code value="OID"/>
          </use>
          <value value="urn:oid:2.16.840.1.113883.6.1"/>
        </designation>
      </concept>
      <concept>
        <code value="77436-4"/>
        <display value="CR d'anesthésie"/>
        <designation>
          <use>
            <code value="OID"/>
          </use>
          <value value="urn:oid:2.16.840.1.113883.6.1"/>
        </designation>
      </concept>
      <concept>
        <code value="77604-7"/>
        <display value="Planification thérapeutique"/>
        <designation>
          <use>
            <code value="OID"/>
          </use>
          <value value="urn:oid:2.16.840.1.113883.6.1"/>
        </designation>
      </concept>
      <concept>
        <code value="78489-2"/>
        <display value="Synthèse Enfant en Maternité"/>
        <designation>
          <use>
            <code value="OID"/>
          </use>
          <value value="urn:oid:2.16.840.1.113883.6.1"/>
        </designation>
      </concept>
      <concept>
        <code value="78513-9"/>
        <display value="CR de consultation en ophtalmologie"/>
        <designation>
          <use>
            <code value="OID"/>
          </use>
          <value value="urn:oid:2.16.840.1.113883.6.1"/>
        </designation>
      </concept>
      <concept>
        <code value="78601-2"/>
        <display value="CR d'entretien pharmaceutique"/>
        <designation>
          <use>
            <code value="OID"/>
          </use>
          <value value="urn:oid:2.16.840.1.113883.6.1"/>
        </designation>
      </concept>
      <concept>
        <code value="80565-5"/>
        <display value="CR d'administration de médicaments"/>
        <designation>
          <use>
            <code value="OID"/>
          </use>
          <value value="urn:oid:2.16.840.1.113883.6.1"/>
        </designation>
      </concept>
      <concept>
        <code value="80771-9"/>
        <display value="Projet d'accueil individualisé"/>
        <designation>
          <use>
            <code value="OID"/>
          </use>
          <value value="urn:oid:2.16.840.1.113883.6.1"/>
        </designation>
      </concept>
      <concept>
        <code value="80788-3"/>
        <display value="Projet personnalisé d'accompagnement"/>
        <designation>
          <use>
            <code value="OID"/>
          </use>
          <value value="urn:oid:2.16.840.1.113883.6.1"/>
        </designation>
      </concept>
      <concept>
        <code value="80820-4"/>
        <display value="Formulaire de conciliation médicamenteuse (Hôpital)"/>
        <designation>
          <use>
            <code value="OID"/>
          </use>
          <value value="urn:oid:2.16.840.1.113883.6.1"/>
        </designation>
      </concept>
      <concept>
        <code value="83836-7"/>
        <display value="Schéma dentaire"/>
        <designation>
          <use>
            <code value="OID"/>
          </use>
          <value value="urn:oid:2.16.840.1.113883.6.1"/>
        </designation>
      </concept>
      <concept>
        <code value="83869-8"/>
        <display value="Plan personnalisé de prévention"/>
        <designation>
          <use>
            <code value="OID"/>
          </use>
          <value value="urn:oid:2.16.840.1.113883.6.1"/>
        </designation>
      </concept>
      <concept>
        <code value="83901-9"/>
        <display value="Bilan psychologique"/>
        <designation>
          <use>
            <code value="OID"/>
          </use>
          <value value="urn:oid:2.16.840.1.113883.6.1"/>
        </designation>
      </concept>
      <concept>
        <code value="83981-1"/>
        <display value="Lettre de liaison à la sortie d'une structure sociale ou médico-sociale"/>
        <designation>
          <use>
            <code value="OID"/>
          </use>
          <value value="urn:oid:2.16.840.1.113883.6.1"/>
        </designation>
      </concept>
      <concept>
        <code value="85208-7"/>
        <display value="CR de télémédecine"/>
        <designation>
          <use>
            <code value="OID"/>
          </use>
          <value value="urn:oid:2.16.840.1.113883.6.1"/>
        </designation>
      </concept>
      <concept>
        <code value="86531-1"/>
        <display value="Attestation de sortie"/>
        <designation>
          <use>
            <code value="OID"/>
          </use>
          <value value="urn:oid:2.16.840.1.113883.6.1"/>
        </designation>
      </concept>
      <concept>
        <code value="87273-9"/>
        <display value="Note de vaccination"/>
        <designation>
          <use>
            <code value="OID"/>
          </use>
          <value value="urn:oid:2.16.840.1.113883.6.1"/>
        </designation>
      </concept>
      <concept>
        <code value="88348-8"/>
        <display value="Lettre de liaison d'entrée en structure sociale ou médico-sociale"/>
        <designation>
          <use>
            <code value="OID"/>
          </use>
          <value value="urn:oid:2.16.840.1.113883.6.1"/>
        </designation>
      </concept>
      <concept>
        <code value="89235-6"/>
        <display value="Synthèse Suites de Couches Mère"/>
        <designation>
          <use>
            <code value="OID"/>
          </use>
          <value value="urn:oid:2.16.840.1.113883.6.1"/>
        </designation>
      </concept>
      <concept>
        <code value="89601-9"/>
        <display value="Certificat médical"/>
        <designation>
          <use>
            <code value="OID"/>
          </use>
          <value value="urn:oid:2.16.840.1.113883.6.1"/>
        </designation>
      </concept>
      <concept>
        <code value="93024-8"/>
        <display value="CR de consultation pharmaceutique"/>
        <designation>
          <use>
            <code value="OID"/>
          </use>
          <value value="urn:oid:2.16.840.1.113883.6.1"/>
        </designation>
      </concept>
      <concept>
        <code value="96349-6"/>
        <display value="Lettre d'adressage"/>
        <designation>
          <use>
            <code value="OID"/>
          </use>
          <value value="urn:oid:2.16.840.1.113883.6.1"/>
        </designation>
      </concept>
      <concept>
        <code value="96173-0"/>
        <display value="Attestation de dépistage"/>
        <designation>
          <use>
            <code value="OID"/>
          </use>
          <value value="urn:oid:2.16.840.1.113883.6.1"/>
        </designation>
      </concept>
      <concept>
        <code value="96874-3"/>
        <display value="COVID-19 Attestation de vaccination"/>
        <designation>
          <use>
            <code value="OID"/>
          </use>
          <value value="urn:oid:2.16.840.1.113883.6.1"/>
        </designation>
      </concept>
    </include>
    <include>
      <system value="https://mos.esante.gouv.fr/NOS/TRE_A12-NomenclatureASTM/FHIR/TRE-A12-NomenclatureASTM"/>
      <concept>
        <code value="E1762"/>
        <display value="Full Document"/>
        <designation>
          <use>
            <code value="OID"/>
          </use>
          <value value="urn:oid:ASTM"/>
        </designation>
      </concept>
    </include>
  </compose>
</ValueSet>