<?xml version="1.0" encoding="UTF-8"?>

<ValueSet xmlns="http://hl7.org/fhir">
  <id value="JDV-J176-SituationVieQuotidienne-MDPH"/>
  <text>
    <status value="extensions"/><div xmlns="http://www.w3.org/1999/xhtml"><p>This value set includes codes based on the following rules:</p><ul><li>Include these codes as defined in <a href="CodeSystem-TRE-R317-SituationVieQuotidienne.html"><code>https://mos.esante.gouv.fr/NOS/TRE_R317-SituationVieQuotidienne/FHIR/TRE-R317-SituationVieQuotidienne</code></a><table class="none"><tr><td style="white-space:nowrap"><b>Code</b></td><td><b>Display</b></td><td><b>Definition</b></td></tr><tr><td><a href="CodeSystem-TRE-R317-SituationVieQuotidienne.html#TRE-R317-SituationVieQuotidienne-01">01</a></td><td>Seul</td><td>La personne vit seule</td></tr><tr><td><a href="CodeSystem-TRE-R317-SituationVieQuotidienne.html#TRE-R317-SituationVieQuotidienne-02">02</a></td><td>Avec les parents</td><td>La personne vit avec ses parents (ou avec l'un d'eux)</td></tr><tr><td><a href="CodeSystem-TRE-R317-SituationVieQuotidienne.html#TRE-R317-SituationVieQuotidienne-03">03</a></td><td>Avec les enfants</td><td>La personne vit avec ses enfants (ou avec l'un d'eux)</td></tr><tr><td><a href="CodeSystem-TRE-R317-SituationVieQuotidienne.html#TRE-R317-SituationVieQuotidienne-04">04</a></td><td>En couple</td><td>La personne vit en couple</td></tr></table></li><li>Include these codes as defined in <a href="CodeSystem-TRE-R302-ContexteCodeComplementaire.html"><code>https://mos.esante.gouv.fr/NOS/TRE_R302-ContexteCodeComplementaire/FHIR/TRE-R302-ContexteCodeComplementaire</code></a><table class="none"><tr><td style="white-space:nowrap"><b>Code</b></td><td><b>Display</b></td><td><b>Definition</b></td></tr><tr><td><a href="CodeSystem-TRE-R302-ContexteCodeComplementaire.html#TRE-R302-ContexteCodeComplementaire-02">02</a></td><td>Autre</td><td>Tout ce qui n'est pas listé de façon exhaustive dans la liste de codes </td></tr></table></li></ul></div>
  </text>
  <extension url="http://hl7.org/fhir/StructureDefinition/resource-effectivePeriod">
    <valuePeriod>
      <start value="2021-09-24T12:00:00+01:00"/>
    </valuePeriod>
  </extension>
  <url value="https://mos.esante.gouv.fr/NOS/JDV_J176-SituationVieQuotidienne-MDPH/FHIR/JDV-J176-SituationVieQuotidienne-MDPH"/>
  <identifier>
    <value value="urn:oid:1.2.250.1.213.3.4.11"/>
  </identifier>
  <version value="1.2.0"/>
  <name value="JDV_J176-SituationVieQuotidienne-MDPH"/>
  <status value="active"/>
  <date value="2021-09-24T12:00:00+01:00"/>
  <publisher value="ANS"/>
  <contact>
    <name value="ANS"/>
    <telecom>
      <system value="url"/>
      <value value="https://esante.gouv.fr"/>
    </telecom>
  </contact>
  <description value="Caractérise la situation de vie de la personne : vit seule ou avec d'autres"/>
  <compose>
    <include>
      <system value="https://mos.esante.gouv.fr/NOS/TRE_R317-SituationVieQuotidienne/FHIR/TRE-R317-SituationVieQuotidienne"/>
      <concept>
        <code value="01"/>
        <display value="Seul"/>
        <designation>
          <use>
            <code value="OID"/>
          </use>
          <value value="urn:oid:1.2.250.1.213.3.3.72"/>
        </designation>
      </concept>
      <concept>
        <code value="02"/>
        <display value="Avec les parents"/>
        <designation>
          <use>
            <code value="OID"/>
          </use>
          <value value="urn:oid:1.2.250.1.213.3.3.72"/>
        </designation>
      </concept>
      <concept>
        <code value="03"/>
        <display value="Avec les enfants"/>
        <designation>
          <use>
            <code value="OID"/>
          </use>
          <value value="urn:oid:1.2.250.1.213.3.3.72"/>
        </designation>
      </concept>
      <concept>
        <code value="04"/>
        <display value="En couple"/>
        <designation>
          <use>
            <code value="OID"/>
          </use>
          <value value="urn:oid:1.2.250.1.213.3.3.72"/>
        </designation>
      </concept>
    </include>
    <include>
      <system value="https://mos.esante.gouv.fr/NOS/TRE_R302-ContexteCodeComplementaire/FHIR/TRE-R302-ContexteCodeComplementaire"/>
      <concept>
        <code value="02"/>
        <display value="Autre"/>
        <designation>
          <use>
            <code value="OID"/>
          </use>
          <value value="urn:oid:1.2.250.1.213.3.3.70"/>
        </designation>
      </concept>
    </include>
  </compose>
</ValueSet>