<?xml version="1.0" encoding="UTF-8"?>

<ValueSet xmlns="http://hl7.org/fhir">
  <id value="JDV-J86-NatCycleForm-RASS"/>
  <text>
    <status value="generated"/><div xmlns="http://www.w3.org/1999/xhtml"><p class="res-header-id"><b>Generated Narrative: ValueSet JDV-J86-NatCycleForm-RASS</b></p><a name="JDV-J86-NatCycleForm-RASS"> </a><a name="hcJDV-J86-NatCycleForm-RASS"> </a><a name="JDV-J86-NatCycleForm-RASS-en-US"> </a><ul><li>Include these codes as defined in <a href="CodeSystem-TRE-R223-NatCycleForm.html"><code>https://mos.esante.gouv.fr/NOS/TRE_R223-NatCycleForm/FHIR/TRE-R223-NatCycleForm</code></a><table class="none"><tr><td style="white-space:nowrap"><b>Code</b></td><td><b>Display</b></td></tr><tr><td><a href="CodeSystem-TRE-R223-NatCycleForm.html#TRE-R223-NatCycleForm-C2">C2</a></td><td>2ième cycle</td></tr><tr><td><a href="CodeSystem-TRE-R223-NatCycleForm.html#TRE-R223-NatCycleForm-C3C">C3C</a></td><td>3ième cycle court</td></tr><tr><td><a href="CodeSystem-TRE-R223-NatCycleForm.html#TRE-R223-NatCycleForm-C3L">C3L</a></td><td>3ième cycle long / internat</td></tr></table></li></ul></div>
  </text>
  <extension url="http://hl7.org/fhir/StructureDefinition/resource-effectivePeriod">
    <valuePeriod>
      <start value="2019-08-30T12:00:00+01:00"/>
    </valuePeriod>
  </extension>
  <url value="https://mos.esante.gouv.fr/NOS/JDV_J86-NatCycleForm-RASS/FHIR/JDV-J86-NatCycleForm-RASS"/>
  <identifier>
    <value value="urn:oid:1.2.250.1.213.1.6.1.154"/>
  </identifier>
  <version value="1.5.0"/>
  <name value="JDV_J86-NatCycleForm-RASS"/>
  <status value="active"/>
  <date value="2020-04-24T12:00:00+01:00"/>
  <publisher value="ANS"/>
  <contact>
    <name value="ANS"/>
    <telecom>
      <system value="url"/>
      <value value="https://esante.gouv.fr"/>
    </telecom>
  </contact>
  <description value="Natures du cycle de formation des professionnels du RASS"/>
  <compose>
    <include>
      <system value="https://mos.esante.gouv.fr/NOS/TRE_R223-NatCycleForm/FHIR/TRE-R223-NatCycleForm"/>
      <concept>
        <code value="C2"/>
        <display value="2ième cycle"/>
        <designation>
          <use>
            <code value="OID"/>
          </use>
          <value value="urn:oid:1.2.250.1.213.1.6.1.115"/>
        </designation>
      </concept>
      <concept>
        <code value="C3C"/>
        <display value="3ième cycle court"/>
        <designation>
          <use>
            <code value="OID"/>
          </use>
          <value value="urn:oid:1.2.250.1.213.1.6.1.115"/>
        </designation>
      </concept>
      <concept>
        <code value="C3L"/>
        <display value="3ième cycle long / internat"/>
        <designation>
          <use>
            <code value="OID"/>
          </use>
          <value value="urn:oid:1.2.250.1.213.1.6.1.115"/>
        </designation>
      </concept>
    </include>
  </compose>
</ValueSet>