<?xml version="1.0" encoding="UTF-8"?>

<ValueSet xmlns="http://hl7.org/fhir">
  <id value="JDV-J126-SecteurActivite-ENREG"/>
  <text>
    <status value="extensions"/><div xmlns="http://www.w3.org/1999/xhtml"><p class="res-header-id"><b>Generated Narrative: ValueSet JDV-J126-SecteurActivite-ENREG</b></p><a name="JDV-J126-SecteurActivite-ENREG"> </a><a name="hcJDV-J126-SecteurActivite-ENREG"> </a><a name="JDV-J126-SecteurActivite-ENREG-en-US"> </a><ul><li>Include these codes as defined in <a href="CodeSystem-TRE-R02-SecteurActivite.html"><code>https://mos.esante.gouv.fr/NOS/TRE_R02-SecteurActivite/FHIR/TRE-R02-SecteurActivite</code></a><table class="none"><tr><td style="white-space:nowrap"><b>Code</b></td><td><b>Display</b></td><td><b>Definition</b></td></tr><tr><td><a href="CodeSystem-TRE-R02-SecteurActivite.html#TRE-R02-SecteurActivite-SA09">SA09</a></td><td>Exercice en société</td><td/></tr><tr><td><a href="CodeSystem-TRE-R02-SecteurActivite.html#TRE-R02-SecteurActivite-SA10">SA10</a></td><td>Transporteur sanitaire</td><td/></tr><tr><td><a href="CodeSystem-TRE-R02-SecteurActivite.html#TRE-R02-SecteurActivite-SA13">SA13</a></td><td>Prévention et soins en entreprise</td><td/></tr><tr><td><a href="CodeSystem-TRE-R02-SecteurActivite.html#TRE-R02-SecteurActivite-SA14">SA14</a></td><td>Etablissements scolaires, universitaires et de formation hors champ FINESS</td><td>Etablissements scolaires, universitaires et de formation hors champ FINESS (venant donc en complément des établissements du secteur SA19)</td></tr><tr><td><a href="CodeSystem-TRE-R02-SecteurActivite.html#TRE-R02-SecteurActivite-SA19">SA19</a></td><td>Etablissements FINESS de formation aux professions sanitaires et sociales</td><td>Etablissements de formation préparant aux diplômes délivrés par l'administration sanitaire et sociale, relevant du répertoire FINESS. Hormis les écoles universitaires de sages-femmes, qui sont dans FINESS, ce secteur ne comprend pas les universités formant aux professions médicales qui sont hors champ FINESS</td></tr><tr><td><a href="CodeSystem-TRE-R02-SecteurActivite.html#TRE-R02-SecteurActivite-SA22">SA22</a></td><td>Recherche</td><td/></tr><tr><td><a href="CodeSystem-TRE-R02-SecteurActivite.html#TRE-R02-SecteurActivite-SA23">SA23</a></td><td>Assurance privée</td><td/></tr><tr><td><a href="CodeSystem-TRE-R02-SecteurActivite.html#TRE-R02-SecteurActivite-SA24">SA24</a></td><td>Organisme de sécurité sociale</td><td/></tr><tr><td><a href="CodeSystem-TRE-R02-SecteurActivite.html#TRE-R02-SecteurActivite-SA26">SA26</a></td><td>Ministère ou Service déconcentré</td><td/></tr><tr><td><a href="CodeSystem-TRE-R02-SecteurActivite.html#TRE-R02-SecteurActivite-SA27">SA27</a></td><td>Collectivité territoriale</td><td/></tr><tr><td><a href="CodeSystem-TRE-R02-SecteurActivite.html#TRE-R02-SecteurActivite-SA28">SA28</a></td><td>Association ou organisme humanitaire</td><td/></tr><tr><td><a href="CodeSystem-TRE-R02-SecteurActivite.html#TRE-R02-SecteurActivite-SA31">SA31</a></td><td>Répartition et Distribution de médicaments et dispositifs médicaux</td><td/></tr><tr><td><a href="CodeSystem-TRE-R02-SecteurActivite.html#TRE-R02-SecteurActivite-SA32">SA32</a></td><td>Fabrication, Exploitation et Importation de médicaments et dispositifs médicaux</td><td/></tr><tr><td><a href="CodeSystem-TRE-R02-SecteurActivite.html#TRE-R02-SecteurActivite-SA35">SA35</a></td><td>Para-pharmacie</td><td/></tr><tr><td><a href="CodeSystem-TRE-R02-SecteurActivite.html#TRE-R02-SecteurActivite-SA42">SA42</a></td><td>Appareillage médical</td><td/></tr><tr><td><a href="CodeSystem-TRE-R02-SecteurActivite.html#TRE-R02-SecteurActivite-SA43">SA43</a></td><td>Secteur non défini</td><td/></tr><tr><td><a href="CodeSystem-TRE-R02-SecteurActivite.html#TRE-R02-SecteurActivite-SA44">SA44</a></td><td>Recrutement ou Gestion RH</td><td/></tr><tr><td><a href="CodeSystem-TRE-R02-SecteurActivite.html#TRE-R02-SecteurActivite-SA45">SA45</a></td><td>Communication, Marketing, Consulting, Média</td><td/></tr><tr><td><a href="CodeSystem-TRE-R02-SecteurActivite.html#TRE-R02-SecteurActivite-SA46">SA46</a></td><td>Fabrication, Exploitation, Importation, Répartition, Distribution médicaments et dispositifs médicaux</td><td/></tr><tr><td><a href="CodeSystem-TRE-R02-SecteurActivite.html#TRE-R02-SecteurActivite-SA47">SA47</a></td><td>Incendie et secours</td><td/></tr><tr><td><a href="CodeSystem-TRE-R02-SecteurActivite.html#TRE-R02-SecteurActivite-SA48">SA48</a></td><td>Entreprise industrielle et tertiaire hors industrie pharmaceutique</td><td/></tr><tr><td><a href="CodeSystem-TRE-R02-SecteurActivite.html#TRE-R02-SecteurActivite-SA49">SA49</a></td><td>Entité Outre-Mer</td><td/></tr><tr><td><a href="CodeSystem-TRE-R02-SecteurActivite.html#TRE-R02-SecteurActivite-SA50">SA50</a></td><td>Permanence des soins ambulatoires hors cabinet</td><td>Ce secteur est utilisé pour un usage spécifique lié à la facturation et n'a pas vocation à recenser exhaustivement les structures de PDSA. Le SA50 contient les SIRET des professionnels ayant une activité de PDSA et qui ne sont pas déjà établis à titre libéral non remplaçant. Ces structures permettent aux professionnels de facturer à l'Assurance Maladie dans le cadre de leur activité de PDSA (feuilles de soins électroniques).</td></tr><tr><td><a href="CodeSystem-TRE-R02-SecteurActivite.html#TRE-R02-SecteurActivite-SA51">SA51</a></td><td>Structure de coopération avec autorisation de soins</td><td/></tr><tr><td><a href="CodeSystem-TRE-R02-SecteurActivite.html#TRE-R02-SecteurActivite-SA52">SA52</a></td><td>Maison de santé ou Pôle de santé</td><td/></tr><tr><td><a href="CodeSystem-TRE-R02-SecteurActivite.html#TRE-R02-SecteurActivite-SA53">SA53</a></td><td>Siège administratif d'un établissement de santé</td><td/></tr><tr><td><a href="CodeSystem-TRE-R02-SecteurActivite.html#TRE-R02-SecteurActivite-SA54">SA54</a></td><td>Centre de dépistage et de prévention</td><td/></tr><tr><td><a href="CodeSystem-TRE-R02-SecteurActivite.html#TRE-R02-SecteurActivite-SA57">SA57</a></td><td>Structure de coopération avec mission de coordination de soins</td><td/></tr><tr><td><a href="CodeSystem-TRE-R02-SecteurActivite.html#TRE-R02-SecteurActivite-SA58">SA58</a></td><td>Entreprise de taxis</td><td/></tr><tr><td><a href="CodeSystem-TRE-R02-SecteurActivite.html#TRE-R02-SecteurActivite-SA62">SA62</a></td><td>Ordre professionnel de santé</td><td/></tr><tr><td><a href="CodeSystem-TRE-R02-SecteurActivite.html#TRE-R02-SecteurActivite-SA68">SA68</a></td><td>Services départementaux d'incendie et de secours</td><td/></tr></table></li></ul></div>
  </text>
  <extension url="http://hl7.org/fhir/StructureDefinition/resource-effectivePeriod">
    <valuePeriod>
      <start value="2020-11-27T12:00:00+01:00"/>
    </valuePeriod>
  </extension>
  <url value="https://mos.esante.gouv.fr/NOS/JDV_J126-SecteurActivite-ENREG/FHIR/JDV-J126-SecteurActivite-ENREG"/>
  <identifier>
    <value value="urn:oid:1.2.250.1.213.1.6.1.212"/>
  </identifier>
  <version value="1.2.0"/>
  <name value="JDV_J126-SecteurActivite-ENREG"/>
  <status value="active"/>
  <date value="2024-07-26T12:00:00+01:00"/>
  <publisher value="ANS"/>
  <contact>
    <name value="ANS"/>
    <telecom>
      <system value="url"/>
      <value value="https://esante.gouv.fr"/>
    </telecom>
  </contact>
  <description value="Table des Secteur d'activité des structures Siret uniquement utilisé par ENREG pour enregistrer les structures absentes des référentiels de l'ANS."/>
  <compose>
    <include>
      <system value="https://mos.esante.gouv.fr/NOS/TRE_R02-SecteurActivite/FHIR/TRE-R02-SecteurActivite"/>
      <concept>
        <code value="SA09"/>
        <display value="Exercice en société"/>
        <designation>
          <use>
            <code value="OID"/>
          </use>
          <value value="urn:oid:1.2.250.1.71.4.2.4"/>
        </designation>
      </concept>
      <concept>
        <code value="SA10"/>
        <display value="Transporteur sanitaire"/>
        <designation>
          <use>
            <code value="OID"/>
          </use>
          <value value="urn:oid:1.2.250.1.71.4.2.4"/>
        </designation>
      </concept>
      <concept>
        <code value="SA13"/>
        <display value="Prévention et soins en entreprise"/>
        <designation>
          <use>
            <code value="OID"/>
          </use>
          <value value="urn:oid:1.2.250.1.71.4.2.4"/>
        </designation>
      </concept>
      <concept>
        <code value="SA14"/>
        <display value="Etablissements scolaires, universitaires et de formation hors champ FINESS"/>
        <designation>
          <use>
            <code value="OID"/>
          </use>
          <value value="urn:oid:1.2.250.1.71.4.2.4"/>
        </designation>
      </concept>
      <concept>
        <code value="SA19"/>
        <display value="Etablissements FINESS de formation aux professions sanitaires et sociales"/>
        <designation>
          <use>
            <code value="OID"/>
          </use>
          <value value="urn:oid:1.2.250.1.71.4.2.4"/>
        </designation>
      </concept>
      <concept>
        <code value="SA22"/>
        <display value="Recherche"/>
        <designation>
          <use>
            <code value="OID"/>
          </use>
          <value value="urn:oid:1.2.250.1.71.4.2.4"/>
        </designation>
      </concept>
      <concept>
        <code value="SA23"/>
        <display value="Assurance privée"/>
        <designation>
          <use>
            <code value="OID"/>
          </use>
          <value value="urn:oid:1.2.250.1.71.4.2.4"/>
        </designation>
      </concept>
      <concept>
        <code value="SA24"/>
        <display value="Organisme de sécurité sociale"/>
        <designation>
          <use>
            <code value="OID"/>
          </use>
          <value value="urn:oid:1.2.250.1.71.4.2.4"/>
        </designation>
      </concept>
      <concept>
        <code value="SA26"/>
        <display value="Ministère ou Service déconcentré"/>
        <designation>
          <use>
            <code value="OID"/>
          </use>
          <value value="urn:oid:1.2.250.1.71.4.2.4"/>
        </designation>
      </concept>
      <concept>
        <code value="SA27"/>
        <display value="Collectivité territoriale"/>
        <designation>
          <use>
            <code value="OID"/>
          </use>
          <value value="urn:oid:1.2.250.1.71.4.2.4"/>
        </designation>
      </concept>
      <concept>
        <code value="SA28"/>
        <display value="Association ou organisme humanitaire"/>
        <designation>
          <use>
            <code value="OID"/>
          </use>
          <value value="urn:oid:1.2.250.1.71.4.2.4"/>
        </designation>
      </concept>
      <concept>
        <code value="SA31"/>
        <display value="Répartition et Distribution de médicaments et dispositifs médicaux"/>
        <designation>
          <use>
            <code value="OID"/>
          </use>
          <value value="urn:oid:1.2.250.1.71.4.2.4"/>
        </designation>
      </concept>
      <concept>
        <code value="SA32"/>
        <display value="Fabrication, Exploitation et Importation de médicaments et dispositifs médicaux"/>
        <designation>
          <use>
            <code value="OID"/>
          </use>
          <value value="urn:oid:1.2.250.1.71.4.2.4"/>
        </designation>
      </concept>
      <concept>
        <code value="SA35"/>
        <display value="Para-pharmacie"/>
        <designation>
          <use>
            <code value="OID"/>
          </use>
          <value value="urn:oid:1.2.250.1.71.4.2.4"/>
        </designation>
      </concept>
      <concept>
        <code value="SA42"/>
        <display value="Appareillage médical"/>
        <designation>
          <use>
            <code value="OID"/>
          </use>
          <value value="urn:oid:1.2.250.1.71.4.2.4"/>
        </designation>
      </concept>
      <concept>
        <code value="SA43"/>
        <display value="Secteur non défini"/>
        <designation>
          <use>
            <code value="OID"/>
          </use>
          <value value="urn:oid:1.2.250.1.71.4.2.4"/>
        </designation>
      </concept>
      <concept>
        <code value="SA44"/>
        <display value="Recrutement ou Gestion RH"/>
        <designation>
          <use>
            <code value="OID"/>
          </use>
          <value value="urn:oid:1.2.250.1.71.4.2.4"/>
        </designation>
      </concept>
      <concept>
        <code value="SA45"/>
        <display value="Communication, Marketing, Consulting, Média"/>
        <designation>
          <use>
            <code value="OID"/>
          </use>
          <value value="urn:oid:1.2.250.1.71.4.2.4"/>
        </designation>
      </concept>
      <concept>
        <code value="SA46"/>
        <display value="Fabrication, Exploitation, Importation, Répartition, Distribution médicaments et dispositifs médicaux"/>
        <designation>
          <use>
            <code value="OID"/>
          </use>
          <value value="urn:oid:1.2.250.1.71.4.2.4"/>
        </designation>
      </concept>
      <concept>
        <code value="SA47"/>
        <display value="Incendie et secours"/>
        <designation>
          <use>
            <code value="OID"/>
          </use>
          <value value="urn:oid:1.2.250.1.71.4.2.4"/>
        </designation>
      </concept>
      <concept>
        <code value="SA48"/>
        <display value="Entreprise industrielle et tertiaire hors industrie pharmaceutique"/>
        <designation>
          <use>
            <code value="OID"/>
          </use>
          <value value="urn:oid:1.2.250.1.71.4.2.4"/>
        </designation>
      </concept>
      <concept>
        <code value="SA49"/>
        <display value="Entité Outre-Mer"/>
        <designation>
          <use>
            <code value="OID"/>
          </use>
          <value value="urn:oid:1.2.250.1.71.4.2.4"/>
        </designation>
      </concept>
      <concept>
        <code value="SA50"/>
        <display value="Permanence des soins ambulatoires hors cabinet"/>
        <designation>
          <use>
            <code value="OID"/>
          </use>
          <value value="urn:oid:1.2.250.1.71.4.2.4"/>
        </designation>
      </concept>
      <concept>
        <code value="SA51"/>
        <display value="Structure de coopération avec autorisation de soins"/>
        <designation>
          <use>
            <code value="OID"/>
          </use>
          <value value="urn:oid:1.2.250.1.71.4.2.4"/>
        </designation>
      </concept>
      <concept>
        <code value="SA52"/>
        <display value="Maison de santé ou Pôle de santé"/>
        <designation>
          <use>
            <code value="OID"/>
          </use>
          <value value="urn:oid:1.2.250.1.71.4.2.4"/>
        </designation>
      </concept>
      <concept>
        <code value="SA53"/>
        <display value="Siège administratif d'un établissement de santé"/>
        <designation>
          <use>
            <code value="OID"/>
          </use>
          <value value="urn:oid:1.2.250.1.71.4.2.4"/>
        </designation>
      </concept>
      <concept>
        <code value="SA54"/>
        <display value="Centre de dépistage et de prévention"/>
        <designation>
          <use>
            <code value="OID"/>
          </use>
          <value value="urn:oid:1.2.250.1.71.4.2.4"/>
        </designation>
      </concept>
      <concept>
        <code value="SA57"/>
        <display value="Structure de coopération avec mission de coordination de soins"/>
        <designation>
          <use>
            <code value="OID"/>
          </use>
          <value value="urn:oid:1.2.250.1.71.4.2.4"/>
        </designation>
      </concept>
      <concept>
        <code value="SA58"/>
        <display value="Entreprise de taxis"/>
        <designation>
          <use>
            <code value="OID"/>
          </use>
          <value value="urn:oid:1.2.250.1.71.4.2.4"/>
        </designation>
      </concept>
      <concept>
        <code value="SA62"/>
        <display value="Ordre professionnel de santé"/>
        <designation>
          <use>
            <code value="OID"/>
          </use>
          <value value="urn:oid:1.2.250.1.71.4.2.4"/>
        </designation>
      </concept>
      <concept>
        <code value="SA68"/>
        <display value="Services départementaux d'incendie et de secours"/>
        <designation>
          <use>
            <code value="OID"/>
          </use>
          <value value="urn:oid:1.2.250.1.71.4.2.4"/>
        </designation>
      </concept>
    </include>
  </compose>
</ValueSet>