<?xml version="1.0" encoding="UTF-8"?>

<ValueSet xmlns="http://hl7.org/fhir">
  <id value="JDV-J251-MotifStatutPersonnePriseChargeESMS"/>
  <text>
    <status value="generated"/><div xmlns="http://www.w3.org/1999/xhtml"><p class="res-header-id"><b>Generated Narrative: ValueSet JDV-J251-MotifStatutPersonnePriseChargeESMS</b></p><a name="JDV-J251-MotifStatutPersonnePriseChargeESMS"> </a><a name="hcJDV-J251-MotifStatutPersonnePriseChargeESMS"> </a><a name="JDV-J251-MotifStatutPersonnePriseChargeESMS-en-US"> </a><ul><li>Include these codes as defined in <a href="CodeSystem-TRE-R358-MotifStatutPersonnePriseCharge.html"><code>https://mos.esante.gouv.fr/NOS/TRE_R358-MotifStatutPersonnePriseCharge/FHIR/TRE-R358-MotifStatutPersonnePriseCharge</code></a><table class="none"><tr><td style="white-space:nowrap"><b>Code</b></td><td><b>Display</b></td></tr><tr><td><a href="CodeSystem-TRE-R358-MotifStatutPersonnePriseCharge.html#TRE-R358-MotifStatutPersonnePriseCharge-86">86</a></td><td>Le plateau technique n'est pas adapté à la prise en charge de l'usager</td></tr><tr><td><a href="CodeSystem-TRE-R358-MotifStatutPersonnePriseCharge.html#TRE-R358-MotifStatutPersonnePriseCharge-109">109</a></td><td>Déménagement</td></tr><tr><td><a href="CodeSystem-TRE-R358-MotifStatutPersonnePriseCharge.html#TRE-R358-MotifStatutPersonnePriseCharge-112">112</a></td><td>Erreur d'utilisation du logiciel</td></tr><tr><td><a href="CodeSystem-TRE-R358-MotifStatutPersonnePriseCharge.html#TRE-R358-MotifStatutPersonnePriseCharge-113">113</a></td><td>Eloignement géographique</td></tr><tr><td><a href="CodeSystem-TRE-R358-MotifStatutPersonnePriseCharge.html#TRE-R358-MotifStatutPersonnePriseCharge-114">114</a></td><td>Les ressources de l'ESMS ne sont pas suffisantes</td></tr><tr><td><a href="CodeSystem-TRE-R358-MotifStatutPersonnePriseCharge.html#TRE-R358-MotifStatutPersonnePriseCharge-115">115</a></td><td>L'ESMS n'est pas adapté au projet de vie actuel de l'usager</td></tr><tr><td><a href="CodeSystem-TRE-R358-MotifStatutPersonnePriseCharge.html#TRE-R358-MotifStatutPersonnePriseCharge-116">116</a></td><td>Le type de handicap ne relève pas de l'ESMS</td></tr><tr><td><a href="CodeSystem-TRE-R358-MotifStatutPersonnePriseCharge.html#TRE-R358-MotifStatutPersonnePriseCharge-117">117</a></td><td>La situation de l'usager a changé, l'ESMS n'est pas adapté</td></tr><tr><td><a href="CodeSystem-TRE-R358-MotifStatutPersonnePriseCharge.html#TRE-R358-MotifStatutPersonnePriseCharge-118">118</a></td><td>L'usager ou son représentant légal refuse de s'inscrire dans l'ESMS</td></tr><tr><td><a href="CodeSystem-TRE-R358-MotifStatutPersonnePriseCharge.html#TRE-R358-MotifStatutPersonnePriseCharge-119">119</a></td><td>L'usager a été admis dans un autre ESMS, l'orientation n'est plus pertinente</td></tr><tr><td><a href="CodeSystem-TRE-R358-MotifStatutPersonnePriseCharge.html#TRE-R358-MotifStatutPersonnePriseCharge-120">120</a></td><td>L'usager a déménagé, l'orientation n'est plus pertinente géographiquement</td></tr><tr><td><a href="CodeSystem-TRE-R358-MotifStatutPersonnePriseCharge.html#TRE-R358-MotifStatutPersonnePriseCharge-121">121</a></td><td>L'usager ou son représentant légal refuse d'adhérer au projet de vie de l'ESMS</td></tr><tr><td><a href="CodeSystem-TRE-R358-MotifStatutPersonnePriseCharge.html#TRE-R358-MotifStatutPersonnePriseCharge-122">122</a></td><td>L'âge de l'usager est incompatible</td></tr><tr><td><a href="CodeSystem-TRE-R358-MotifStatutPersonnePriseCharge.html#TRE-R358-MotifStatutPersonnePriseCharge-124">124</a></td><td>L'usager est décédé</td></tr><tr><td><a href="CodeSystem-TRE-R358-MotifStatutPersonnePriseCharge.html#TRE-R358-MotifStatutPersonnePriseCharge-127">127</a></td><td>L'usager a fait valoir ses droits à la retraite (ESAT)</td></tr><tr><td><a href="CodeSystem-TRE-R358-MotifStatutPersonnePriseCharge.html#TRE-R358-MotifStatutPersonnePriseCharge-148">148</a></td><td>L'ESMS n'a pas réussi à joindre l'usager</td></tr><tr><td><a href="CodeSystem-TRE-R358-MotifStatutPersonnePriseCharge.html#TRE-R358-MotifStatutPersonnePriseCharge-150">150</a></td><td>L'usager a pris contact avec l'ESMS</td></tr><tr><td><a href="CodeSystem-TRE-R358-MotifStatutPersonnePriseCharge.html#TRE-R358-MotifStatutPersonnePriseCharge-151">151</a></td><td>L'ESMS a pris contact avec l'usager</td></tr><tr><td><a href="CodeSystem-TRE-R358-MotifStatutPersonnePriseCharge.html#TRE-R358-MotifStatutPersonnePriseCharge-152">152</a></td><td>L'usager a visité l'ESMS</td></tr><tr><td><a href="CodeSystem-TRE-R358-MotifStatutPersonnePriseCharge.html#TRE-R358-MotifStatutPersonnePriseCharge-153">153</a></td><td>L'ESMS a envoyé une documentation à l'usager</td></tr><tr><td><a href="CodeSystem-TRE-R358-MotifStatutPersonnePriseCharge.html#TRE-R358-MotifStatutPersonnePriseCharge-168">168</a></td><td>Pour placer l'usager en liste d'attente</td></tr><tr><td><a href="CodeSystem-TRE-R358-MotifStatutPersonnePriseCharge.html#TRE-R358-MotifStatutPersonnePriseCharge-170">170</a></td><td>Pour prendre en charge l'usager à temps adapté</td></tr><tr><td><a href="CodeSystem-TRE-R358-MotifStatutPersonnePriseCharge.html#TRE-R358-MotifStatutPersonnePriseCharge-173">173</a></td><td>Une autre décision annule et remplace cette décision</td></tr><tr><td><a href="CodeSystem-TRE-R358-MotifStatutPersonnePriseCharge.html#TRE-R358-MotifStatutPersonnePriseCharge-174">174</a></td><td>Décision clôturée par la MDPH</td></tr></table></li></ul></div>
  </text>
  <extension url="http://hl7.org/fhir/StructureDefinition/resource-effectivePeriod">
    <valuePeriod>
      <start value="2023-06-30T12:00:00+01:00"/>
    </valuePeriod>
  </extension>
  <url value="https://mos.esante.gouv.fr/NOS/JDV_J251-MotifStatutPersonnePriseChargeESMS/FHIR/JDV-J251-MotifStatutPersonnePriseChargeESMS"/>
  <identifier>
    <value value="urn:oid:1.2.250.1.213.3.4.115"/>
  </identifier>
  <version value="1.5.0"/>
  <name value="JDV_J251-MotifStatutPersonnePriseChargeESMS"/>
  <status value="active"/>
  <date value="2023-09-22T12:00:00+01:00"/>
  <publisher value="ANS"/>
  <contact>
    <name value="ANS"/>
    <telecom>
      <system value="url"/>
      <value value="https://esante.gouv.fr"/>
    </telecom>
  </contact>
  <description value="Motif du statut de la personne prise en charge au sein d'un ESMS"/>
  <compose>
    <include>
      <system value="https://mos.esante.gouv.fr/NOS/TRE_R358-MotifStatutPersonnePriseCharge/FHIR/TRE-R358-MotifStatutPersonnePriseCharge"/>
      <concept>
        <code value="86"/>
        <display value="Le plateau technique n'est pas adapté à la prise en charge de l'usager"/>
        <designation>
          <use>
            <code value="OID"/>
          </use>
          <value value="urn:oid:1.2.250.1.213.3.3.248"/>
        </designation>
      </concept>
      <concept>
        <code value="109"/>
        <display value="Déménagement"/>
        <designation>
          <use>
            <code value="OID"/>
          </use>
          <value value="urn:oid:1.2.250.1.213.3.3.248"/>
        </designation>
      </concept>
      <concept>
        <code value="112"/>
        <display value="Erreur d'utilisation du logiciel"/>
        <designation>
          <use>
            <code value="OID"/>
          </use>
          <value value="urn:oid:1.2.250.1.213.3.3.248"/>
        </designation>
      </concept>
      <concept>
        <code value="113"/>
        <display value="Eloignement géographique"/>
        <designation>
          <use>
            <code value="OID"/>
          </use>
          <value value="urn:oid:1.2.250.1.213.3.3.248"/>
        </designation>
      </concept>
      <concept>
        <code value="114"/>
        <display value="Les ressources de l'ESMS ne sont pas suffisantes"/>
        <designation>
          <use>
            <code value="OID"/>
          </use>
          <value value="urn:oid:1.2.250.1.213.3.3.248"/>
        </designation>
      </concept>
      <concept>
        <code value="115"/>
        <display value="L'ESMS n'est pas adapté au projet de vie actuel de l'usager"/>
        <designation>
          <use>
            <code value="OID"/>
          </use>
          <value value="urn:oid:1.2.250.1.213.3.3.248"/>
        </designation>
      </concept>
      <concept>
        <code value="116"/>
        <display value="Le type de handicap ne relève pas de l'ESMS"/>
        <designation>
          <use>
            <code value="OID"/>
          </use>
          <value value="urn:oid:1.2.250.1.213.3.3.248"/>
        </designation>
      </concept>
      <concept>
        <code value="117"/>
        <display value="La situation de l'usager a changé, l'ESMS n'est pas adapté"/>
        <designation>
          <use>
            <code value="OID"/>
          </use>
          <value value="urn:oid:1.2.250.1.213.3.3.248"/>
        </designation>
      </concept>
      <concept>
        <code value="118"/>
        <display value="L'usager ou son représentant légal refuse de s'inscrire dans l'ESMS"/>
        <designation>
          <use>
            <code value="OID"/>
          </use>
          <value value="urn:oid:1.2.250.1.213.3.3.248"/>
        </designation>
      </concept>
      <concept>
        <code value="119"/>
        <display value="L'usager a été admis dans un autre ESMS, l'orientation n'est plus pertinente"/>
        <designation>
          <use>
            <code value="OID"/>
          </use>
          <value value="urn:oid:1.2.250.1.213.3.3.248"/>
        </designation>
      </concept>
      <concept>
        <code value="120"/>
        <display value="L'usager a déménagé, l'orientation n'est plus pertinente géographiquement"/>
        <designation>
          <use>
            <code value="OID"/>
          </use>
          <value value="urn:oid:1.2.250.1.213.3.3.248"/>
        </designation>
      </concept>
      <concept>
        <code value="121"/>
        <display value="L'usager ou son représentant légal refuse d'adhérer au projet de vie de l'ESMS"/>
        <designation>
          <use>
            <code value="OID"/>
          </use>
          <value value="urn:oid:1.2.250.1.213.3.3.248"/>
        </designation>
      </concept>
      <concept>
        <code value="122"/>
        <display value="L'âge de l'usager est incompatible"/>
        <designation>
          <use>
            <code value="OID"/>
          </use>
          <value value="urn:oid:1.2.250.1.213.3.3.248"/>
        </designation>
      </concept>
      <concept>
        <code value="124"/>
        <display value="L'usager est décédé"/>
        <designation>
          <use>
            <code value="OID"/>
          </use>
          <value value="urn:oid:1.2.250.1.213.3.3.248"/>
        </designation>
      </concept>
      <concept>
        <code value="127"/>
        <display value="L'usager a fait valoir ses droits à la retraite (ESAT)"/>
        <designation>
          <use>
            <code value="OID"/>
          </use>
          <value value="urn:oid:1.2.250.1.213.3.3.248"/>
        </designation>
      </concept>
      <concept>
        <code value="148"/>
        <display value="L'ESMS n'a pas réussi à joindre l'usager"/>
        <designation>
          <use>
            <code value="OID"/>
          </use>
          <value value="urn:oid:1.2.250.1.213.3.3.248"/>
        </designation>
      </concept>
      <concept>
        <code value="150"/>
        <display value="L'usager a pris contact avec l'ESMS"/>
        <designation>
          <use>
            <code value="OID"/>
          </use>
          <value value="urn:oid:1.2.250.1.213.3.3.248"/>
        </designation>
      </concept>
      <concept>
        <code value="151"/>
        <display value="L'ESMS a pris contact avec l'usager"/>
        <designation>
          <use>
            <code value="OID"/>
          </use>
          <value value="urn:oid:1.2.250.1.213.3.3.248"/>
        </designation>
      </concept>
      <concept>
        <code value="152"/>
        <display value="L'usager a visité l'ESMS"/>
        <designation>
          <use>
            <code value="OID"/>
          </use>
          <value value="urn:oid:1.2.250.1.213.3.3.248"/>
        </designation>
      </concept>
      <concept>
        <code value="153"/>
        <display value="L'ESMS a envoyé une documentation à l'usager"/>
        <designation>
          <use>
            <code value="OID"/>
          </use>
          <value value="urn:oid:1.2.250.1.213.3.3.248"/>
        </designation>
      </concept>
      <concept>
        <code value="168"/>
        <display value="Pour placer l'usager en liste d'attente"/>
        <designation>
          <use>
            <code value="OID"/>
          </use>
          <value value="urn:oid:1.2.250.1.213.3.3.248"/>
        </designation>
      </concept>
      <concept>
        <code value="170"/>
        <display value="Pour prendre en charge l'usager à temps adapté"/>
        <designation>
          <use>
            <code value="OID"/>
          </use>
          <value value="urn:oid:1.2.250.1.213.3.3.248"/>
        </designation>
      </concept>
      <concept>
        <code value="173"/>
        <display value="Une autre décision annule et remplace cette décision"/>
        <designation>
          <use>
            <code value="OID"/>
          </use>
          <value value="urn:oid:1.2.250.1.213.3.3.248"/>
        </designation>
      </concept>
      <concept>
        <code value="174"/>
        <display value="Décision clôturée par la MDPH"/>
        <designation>
          <use>
            <code value="OID"/>
          </use>
          <value value="urn:oid:1.2.250.1.213.3.3.248"/>
        </designation>
      </concept>
    </include>
  </compose>
</ValueSet>