<?xml version="1.0" encoding="UTF-8"?>

<ValueSet xmlns="http://hl7.org/fhir">
  <id value="JDV-J219-TypeVoie-ROR"/>
  <text>
    <status value="generated"/><div xmlns="http://www.w3.org/1999/xhtml"><p class="res-header-id"><b>Generated Narrative: ValueSet JDV-J219-TypeVoie-ROR</b></p><a name="JDV-J219-TypeVoie-ROR"> </a><a name="hcJDV-J219-TypeVoie-ROR"> </a><a name="hcJDV-J219-TypeVoie-ROR-en-US"> </a><ul><li>Include these codes as defined in <a href="CodeSystem-TRE-R35-TypeVoie.html"><code>https://mos.esante.gouv.fr/NOS/TRE_R35-TypeVoie/FHIR/TRE-R35-TypeVoie</code></a><table class="none"><tr><td style="white-space:nowrap"><b>Code</b></td><td><b>Display</b></td></tr><tr><td><a href="CodeSystem-TRE-R35-TypeVoie.html#TRE-R35-TypeVoie-ABE">ABE</a></td><td>Abbaye</td></tr><tr><td><a href="CodeSystem-TRE-R35-TypeVoie.html#TRE-R35-TypeVoie-ACH">ACH</a></td><td>Ancien chemin</td></tr><tr><td><a href="CodeSystem-TRE-R35-TypeVoie.html#TRE-R35-TypeVoie-AERD">AERD</a></td><td>Aérodrome</td></tr><tr><td><a href="CodeSystem-TRE-R35-TypeVoie.html#TRE-R35-TypeVoie-AERG">AERG</a></td><td>Aérogare</td></tr><tr><td><a href="CodeSystem-TRE-R35-TypeVoie.html#TRE-R35-TypeVoie-AERP">AERP</a></td><td>Aéroport</td></tr><tr><td><a href="CodeSystem-TRE-R35-TypeVoie.html#TRE-R35-TypeVoie-AGL">AGL</a></td><td>Agglomération</td></tr><tr><td><a href="CodeSystem-TRE-R35-TypeVoie.html#TRE-R35-TypeVoie-AIRE">AIRE</a></td><td>Aire</td></tr><tr><td><a href="CodeSystem-TRE-R35-TypeVoie.html#TRE-R35-TypeVoie-ALL">ALL</a></td><td>Allée</td></tr><tr><td><a href="CodeSystem-TRE-R35-TypeVoie.html#TRE-R35-TypeVoie-ANGL">ANGL</a></td><td>Angle</td></tr><tr><td><a href="CodeSystem-TRE-R35-TypeVoie.html#TRE-R35-TypeVoie-ANSE">ANSE</a></td><td>Anse</td></tr><tr><td><a href="CodeSystem-TRE-R35-TypeVoie.html#TRE-R35-TypeVoie-ARC">ARC</a></td><td>Arcade</td></tr><tr><td><a href="CodeSystem-TRE-R35-TypeVoie.html#TRE-R35-TypeVoie-ART">ART</a></td><td>Ancienne route</td></tr><tr><td><a href="CodeSystem-TRE-R35-TypeVoie.html#TRE-R35-TypeVoie-AUT">AUT</a></td><td>Autoroute</td></tr><tr><td><a href="CodeSystem-TRE-R35-TypeVoie.html#TRE-R35-TypeVoie-AV">AV</a></td><td>Avenue</td></tr><tr><td><a href="CodeSystem-TRE-R35-TypeVoie.html#TRE-R35-TypeVoie-BAST">BAST</a></td><td>Bastion</td></tr><tr><td><a href="CodeSystem-TRE-R35-TypeVoie.html#TRE-R35-TypeVoie-BCH">BCH</a></td><td>Bas chemin</td></tr><tr><td><a href="CodeSystem-TRE-R35-TypeVoie.html#TRE-R35-TypeVoie-BCLE">BCLE</a></td><td>Boucle</td></tr><tr><td><a href="CodeSystem-TRE-R35-TypeVoie.html#TRE-R35-TypeVoie-BD">BD</a></td><td>Boulevard</td></tr><tr><td><a href="CodeSystem-TRE-R35-TypeVoie.html#TRE-R35-TypeVoie-BEGI">BEGI</a></td><td>Béguinage</td></tr><tr><td><a href="CodeSystem-TRE-R35-TypeVoie.html#TRE-R35-TypeVoie-BER">BER</a></td><td>Berge</td></tr><tr><td><a href="CodeSystem-TRE-R35-TypeVoie.html#TRE-R35-TypeVoie-BOIS">BOIS</a></td><td>Bois</td></tr><tr><td><a href="CodeSystem-TRE-R35-TypeVoie.html#TRE-R35-TypeVoie-BRE">BRE</a></td><td>Barrière</td></tr><tr><td><a href="CodeSystem-TRE-R35-TypeVoie.html#TRE-R35-TypeVoie-BRG">BRG</a></td><td>Bourg</td></tr><tr><td><a href="CodeSystem-TRE-R35-TypeVoie.html#TRE-R35-TypeVoie-BSTD">BSTD</a></td><td>Bastide</td></tr><tr><td><a href="CodeSystem-TRE-R35-TypeVoie.html#TRE-R35-TypeVoie-BUT">BUT</a></td><td>Butte</td></tr><tr><td><a href="CodeSystem-TRE-R35-TypeVoie.html#TRE-R35-TypeVoie-CALE">CALE</a></td><td>Cale</td></tr><tr><td><a href="CodeSystem-TRE-R35-TypeVoie.html#TRE-R35-TypeVoie-CAMP">CAMP</a></td><td>Camp</td></tr><tr><td><a href="CodeSystem-TRE-R35-TypeVoie.html#TRE-R35-TypeVoie-CAR">CAR</a></td><td>Carrefour</td></tr><tr><td><a href="CodeSystem-TRE-R35-TypeVoie.html#TRE-R35-TypeVoie-CARE">CARE</a></td><td>Carrière</td></tr><tr><td><a href="CodeSystem-TRE-R35-TypeVoie.html#TRE-R35-TypeVoie-CARR">CARR</a></td><td>Carré</td></tr><tr><td><a href="CodeSystem-TRE-R35-TypeVoie.html#TRE-R35-TypeVoie-CAU">CAU</a></td><td>Carreau</td></tr><tr><td><a href="CodeSystem-TRE-R35-TypeVoie.html#TRE-R35-TypeVoie-CAV">CAV</a></td><td>Cavée</td></tr><tr><td><a href="CodeSystem-TRE-R35-TypeVoie.html#TRE-R35-TypeVoie-CCAL">CCAL</a></td><td>Centre commercial</td></tr><tr><td><a href="CodeSystem-TRE-R35-TypeVoie.html#TRE-R35-TypeVoie-CGNE">CGNE</a></td><td>Campagne</td></tr><tr><td><a href="CodeSystem-TRE-R35-TypeVoie.html#TRE-R35-TypeVoie-CHE">CHE</a></td><td>Chemin</td></tr><tr><td><a href="CodeSystem-TRE-R35-TypeVoie.html#TRE-R35-TypeVoie-CHEM">CHEM</a></td><td>Chemin, cheminement</td></tr><tr><td><a href="CodeSystem-TRE-R35-TypeVoie.html#TRE-R35-TypeVoie-CHEZ">CHEZ</a></td><td>Chez</td></tr><tr><td><a href="CodeSystem-TRE-R35-TypeVoie.html#TRE-R35-TypeVoie-CHI">CHI</a></td><td>Charmille</td></tr><tr><td><a href="CodeSystem-TRE-R35-TypeVoie.html#TRE-R35-TypeVoie-CHL">CHL</a></td><td>Chalet</td></tr><tr><td><a href="CodeSystem-TRE-R35-TypeVoie.html#TRE-R35-TypeVoie-CHP">CHP</a></td><td>Chapelle</td></tr><tr><td><a href="CodeSystem-TRE-R35-TypeVoie.html#TRE-R35-TypeVoie-CHS">CHS</a></td><td>Chaussée</td></tr><tr><td><a href="CodeSystem-TRE-R35-TypeVoie.html#TRE-R35-TypeVoie-CHT">CHT</a></td><td>Château</td></tr><tr><td><a href="CodeSystem-TRE-R35-TypeVoie.html#TRE-R35-TypeVoie-CHV">CHV</a></td><td>Chemin vicinal</td></tr><tr><td><a href="CodeSystem-TRE-R35-TypeVoie.html#TRE-R35-TypeVoie-CITE">CITE</a></td><td>Cité</td></tr><tr><td><a href="CodeSystem-TRE-R35-TypeVoie.html#TRE-R35-TypeVoie-CLOI">CLOI</a></td><td>Cloître</td></tr><tr><td><a href="CodeSystem-TRE-R35-TypeVoie.html#TRE-R35-TypeVoie-CLOS">CLOS</a></td><td>Clos</td></tr><tr><td><a href="CodeSystem-TRE-R35-TypeVoie.html#TRE-R35-TypeVoie-COL">COL</a></td><td>Col</td></tr><tr><td><a href="CodeSystem-TRE-R35-TypeVoie.html#TRE-R35-TypeVoie-COLI">COLI</a></td><td>Colline</td></tr><tr><td><a href="CodeSystem-TRE-R35-TypeVoie.html#TRE-R35-TypeVoie-COR">COR</a></td><td>Corniche</td></tr><tr><td><a href="CodeSystem-TRE-R35-TypeVoie.html#TRE-R35-TypeVoie-COTE">COTE</a></td><td>Cote</td></tr><tr><td><a href="CodeSystem-TRE-R35-TypeVoie.html#TRE-R35-TypeVoie-COTT">COTT</a></td><td>Cottage</td></tr><tr><td><a href="CodeSystem-TRE-R35-TypeVoie.html#TRE-R35-TypeVoie-COUR">COUR</a></td><td>Cour</td></tr><tr><td><a href="CodeSystem-TRE-R35-TypeVoie.html#TRE-R35-TypeVoie-CPG">CPG</a></td><td>Camping</td></tr><tr><td><a href="CodeSystem-TRE-R35-TypeVoie.html#TRE-R35-TypeVoie-CRS">CRS</a></td><td>Cours</td></tr><tr><td><a href="CodeSystem-TRE-R35-TypeVoie.html#TRE-R35-TypeVoie-CST">CST</a></td><td>Castel</td></tr><tr><td><a href="CodeSystem-TRE-R35-TypeVoie.html#TRE-R35-TypeVoie-CTR">CTR</a></td><td>Contour</td></tr><tr><td><a href="CodeSystem-TRE-R35-TypeVoie.html#TRE-R35-TypeVoie-CTRE">CTRE</a></td><td>Centre</td></tr><tr><td><a href="CodeSystem-TRE-R35-TypeVoie.html#TRE-R35-TypeVoie-DARS">DARS</a></td><td>Darse</td></tr><tr><td><a href="CodeSystem-TRE-R35-TypeVoie.html#TRE-R35-TypeVoie-DEG">DEG</a></td><td>Degré</td></tr><tr><td><a href="CodeSystem-TRE-R35-TypeVoie.html#TRE-R35-TypeVoie-DIG">DIG</a></td><td>Digue</td></tr><tr><td><a href="CodeSystem-TRE-R35-TypeVoie.html#TRE-R35-TypeVoie-DOM">DOM</a></td><td>Domaine</td></tr><tr><td><a href="CodeSystem-TRE-R35-TypeVoie.html#TRE-R35-TypeVoie-DSC">DSC</a></td><td>Descente</td></tr><tr><td><a href="CodeSystem-TRE-R35-TypeVoie.html#TRE-R35-TypeVoie-ECL">ECL</a></td><td>Ecluse</td></tr><tr><td><a href="CodeSystem-TRE-R35-TypeVoie.html#TRE-R35-TypeVoie-EGL">EGL</a></td><td>Eglise</td></tr><tr><td><a href="CodeSystem-TRE-R35-TypeVoie.html#TRE-R35-TypeVoie-EN">EN</a></td><td>Enceinte</td></tr><tr><td><a href="CodeSystem-TRE-R35-TypeVoie.html#TRE-R35-TypeVoie-ENC">ENC</a></td><td>Enclos</td></tr><tr><td><a href="CodeSystem-TRE-R35-TypeVoie.html#TRE-R35-TypeVoie-ENV">ENV</a></td><td>Enclave</td></tr><tr><td><a href="CodeSystem-TRE-R35-TypeVoie.html#TRE-R35-TypeVoie-ESC">ESC</a></td><td>Escalier</td></tr><tr><td><a href="CodeSystem-TRE-R35-TypeVoie.html#TRE-R35-TypeVoie-ESP">ESP</a></td><td>Esplanade</td></tr><tr><td><a href="CodeSystem-TRE-R35-TypeVoie.html#TRE-R35-TypeVoie-ESPA">ESPA</a></td><td>Espace</td></tr><tr><td><a href="CodeSystem-TRE-R35-TypeVoie.html#TRE-R35-TypeVoie-ETNG">ETNG</a></td><td>Etang</td></tr><tr><td><a href="CodeSystem-TRE-R35-TypeVoie.html#TRE-R35-TypeVoie-FG">FG</a></td><td>Faubourg</td></tr><tr><td><a href="CodeSystem-TRE-R35-TypeVoie.html#TRE-R35-TypeVoie-FON">FON</a></td><td>Fontaine</td></tr><tr><td><a href="CodeSystem-TRE-R35-TypeVoie.html#TRE-R35-TypeVoie-FORM">FORM</a></td><td>Forum</td></tr><tr><td><a href="CodeSystem-TRE-R35-TypeVoie.html#TRE-R35-TypeVoie-FORT">FORT</a></td><td>Fort</td></tr><tr><td><a href="CodeSystem-TRE-R35-TypeVoie.html#TRE-R35-TypeVoie-FOS">FOS</a></td><td>Fosse</td></tr><tr><td><a href="CodeSystem-TRE-R35-TypeVoie.html#TRE-R35-TypeVoie-FOYR">FOYR</a></td><td>Foyer</td></tr><tr><td><a href="CodeSystem-TRE-R35-TypeVoie.html#TRE-R35-TypeVoie-FRM">FRM</a></td><td>Ferme</td></tr><tr><td><a href="CodeSystem-TRE-R35-TypeVoie.html#TRE-R35-TypeVoie-GAL">GAL</a></td><td>Galerie</td></tr><tr><td><a href="CodeSystem-TRE-R35-TypeVoie.html#TRE-R35-TypeVoie-GARE">GARE</a></td><td>Gare</td></tr><tr><td><a href="CodeSystem-TRE-R35-TypeVoie.html#TRE-R35-TypeVoie-GARN">GARN</a></td><td>Garenne</td></tr><tr><td><a href="CodeSystem-TRE-R35-TypeVoie.html#TRE-R35-TypeVoie-GBD">GBD</a></td><td>Grand boulevard</td></tr><tr><td><a href="CodeSystem-TRE-R35-TypeVoie.html#TRE-R35-TypeVoie-GDEN">GDEN</a></td><td>Grand ensemble</td></tr><tr><td><a href="CodeSystem-TRE-R35-TypeVoie.html#TRE-R35-TypeVoie-GPE">GPE</a></td><td>Groupe</td></tr><tr><td><a href="CodeSystem-TRE-R35-TypeVoie.html#TRE-R35-TypeVoie-GPT">GPT</a></td><td>Groupement</td></tr><tr><td><a href="CodeSystem-TRE-R35-TypeVoie.html#TRE-R35-TypeVoie-GR">GR</a></td><td>Grand rue</td></tr><tr><td><a href="CodeSystem-TRE-R35-TypeVoie.html#TRE-R35-TypeVoie-GRI">GRI</a></td><td>Grille</td></tr><tr><td><a href="CodeSystem-TRE-R35-TypeVoie.html#TRE-R35-TypeVoie-GRIM">GRIM</a></td><td>Grimpette</td></tr><tr><td><a href="CodeSystem-TRE-R35-TypeVoie.html#TRE-R35-TypeVoie-HAM">HAM</a></td><td>Hameau</td></tr><tr><td><a href="CodeSystem-TRE-R35-TypeVoie.html#TRE-R35-TypeVoie-HCH">HCH</a></td><td>Haut chemin</td></tr><tr><td><a href="CodeSystem-TRE-R35-TypeVoie.html#TRE-R35-TypeVoie-HIP">HIP</a></td><td>Hippodrome</td></tr><tr><td><a href="CodeSystem-TRE-R35-TypeVoie.html#TRE-R35-TypeVoie-HLE">HLE</a></td><td>Halle</td></tr><tr><td><a href="CodeSystem-TRE-R35-TypeVoie.html#TRE-R35-TypeVoie-HLM">HLM</a></td><td>HLM</td></tr><tr><td><a href="CodeSystem-TRE-R35-TypeVoie.html#TRE-R35-TypeVoie-ILE">ILE</a></td><td>Ile</td></tr><tr><td><a href="CodeSystem-TRE-R35-TypeVoie.html#TRE-R35-TypeVoie-IMM">IMM</a></td><td>Immeuble</td></tr><tr><td><a href="CodeSystem-TRE-R35-TypeVoie.html#TRE-R35-TypeVoie-IMP">IMP</a></td><td>Impasse</td></tr><tr><td><a href="CodeSystem-TRE-R35-TypeVoie.html#TRE-R35-TypeVoie-JARD">JARD</a></td><td>Jardin</td></tr><tr><td><a href="CodeSystem-TRE-R35-TypeVoie.html#TRE-R35-TypeVoie-JTE">JTE</a></td><td>Jetée</td></tr><tr><td><a href="CodeSystem-TRE-R35-TypeVoie.html#TRE-R35-TypeVoie-LD">LD</a></td><td>Lieu dit</td></tr><tr><td><a href="CodeSystem-TRE-R35-TypeVoie.html#TRE-R35-TypeVoie-LEVE">LEVE</a></td><td>Levée</td></tr><tr><td><a href="CodeSystem-TRE-R35-TypeVoie.html#TRE-R35-TypeVoie-LOT">LOT</a></td><td>Lotissement</td></tr><tr><td><a href="CodeSystem-TRE-R35-TypeVoie.html#TRE-R35-TypeVoie-MAIL">MAIL</a></td><td>Mail</td></tr><tr><td><a href="CodeSystem-TRE-R35-TypeVoie.html#TRE-R35-TypeVoie-MAN">MAN</a></td><td>Manoir</td></tr><tr><td><a href="CodeSystem-TRE-R35-TypeVoie.html#TRE-R35-TypeVoie-MAR">MAR</a></td><td>Marche</td></tr><tr><td><a href="CodeSystem-TRE-R35-TypeVoie.html#TRE-R35-TypeVoie-MAS">MAS</a></td><td>Mas</td></tr><tr><td><a href="CodeSystem-TRE-R35-TypeVoie.html#TRE-R35-TypeVoie-MET">MET</a></td><td>Métro</td></tr><tr><td><a href="CodeSystem-TRE-R35-TypeVoie.html#TRE-R35-TypeVoie-MF">MF</a></td><td>Maison forestière</td></tr><tr><td><a href="CodeSystem-TRE-R35-TypeVoie.html#TRE-R35-TypeVoie-MLN">MLN</a></td><td>Moulin</td></tr><tr><td><a href="CodeSystem-TRE-R35-TypeVoie.html#TRE-R35-TypeVoie-MTE">MTE</a></td><td>Montée</td></tr><tr><td><a href="CodeSystem-TRE-R35-TypeVoie.html#TRE-R35-TypeVoie-MUS">MUS</a></td><td>Musée</td></tr><tr><td><a href="CodeSystem-TRE-R35-TypeVoie.html#TRE-R35-TypeVoie-NTE">NTE</a></td><td>Nouvelle route</td></tr><tr><td><a href="CodeSystem-TRE-R35-TypeVoie.html#TRE-R35-TypeVoie-PAE">PAE</a></td><td>Petite avenue</td></tr><tr><td><a href="CodeSystem-TRE-R35-TypeVoie.html#TRE-R35-TypeVoie-PAL">PAL</a></td><td>Palais</td></tr><tr><td><a href="CodeSystem-TRE-R35-TypeVoie.html#TRE-R35-TypeVoie-PARC">PARC</a></td><td>Parc</td></tr><tr><td><a href="CodeSystem-TRE-R35-TypeVoie.html#TRE-R35-TypeVoie-PAS">PAS</a></td><td>Passage</td></tr><tr><td><a href="CodeSystem-TRE-R35-TypeVoie.html#TRE-R35-TypeVoie-PASS">PASS</a></td><td>Passe</td></tr><tr><td><a href="CodeSystem-TRE-R35-TypeVoie.html#TRE-R35-TypeVoie-PAT">PAT</a></td><td>Patio</td></tr><tr><td><a href="CodeSystem-TRE-R35-TypeVoie.html#TRE-R35-TypeVoie-PAV">PAV</a></td><td>Pavillon</td></tr><tr><td><a href="CodeSystem-TRE-R35-TypeVoie.html#TRE-R35-TypeVoie-PCH">PCH</a></td><td>Petit chemin</td></tr><tr><td><a href="CodeSystem-TRE-R35-TypeVoie.html#TRE-R35-TypeVoie-PCHE">PCHE</a></td><td>Porche</td></tr><tr><td><a href="CodeSystem-TRE-R35-TypeVoie.html#TRE-R35-TypeVoie-PERI">PERI</a></td><td>Périphérique</td></tr><tr><td><a href="CodeSystem-TRE-R35-TypeVoie.html#TRE-R35-TypeVoie-PIM">PIM</a></td><td>Petite impasse</td></tr><tr><td><a href="CodeSystem-TRE-R35-TypeVoie.html#TRE-R35-TypeVoie-PKG">PKG</a></td><td>Parking</td></tr><tr><td><a href="CodeSystem-TRE-R35-TypeVoie.html#TRE-R35-TypeVoie-PL">PL</a></td><td>Place</td></tr><tr><td><a href="CodeSystem-TRE-R35-TypeVoie.html#TRE-R35-TypeVoie-PLAG">PLAG</a></td><td>Plage</td></tr><tr><td><a href="CodeSystem-TRE-R35-TypeVoie.html#TRE-R35-TypeVoie-PLAN">PLAN</a></td><td>Plan</td></tr><tr><td><a href="CodeSystem-TRE-R35-TypeVoie.html#TRE-R35-TypeVoie-PLCI">PLCI</a></td><td>Placis</td></tr><tr><td><a href="CodeSystem-TRE-R35-TypeVoie.html#TRE-R35-TypeVoie-PLE">PLE</a></td><td>Passerelle</td></tr><tr><td><a href="CodeSystem-TRE-R35-TypeVoie.html#TRE-R35-TypeVoie-PLN">PLN</a></td><td>Plaine</td></tr><tr><td><a href="CodeSystem-TRE-R35-TypeVoie.html#TRE-R35-TypeVoie-PLT">PLT</a></td><td>Plateau</td></tr><tr><td><a href="CodeSystem-TRE-R35-TypeVoie.html#TRE-R35-TypeVoie-PN">PN</a></td><td>Passage à niveau</td></tr><tr><td><a href="CodeSystem-TRE-R35-TypeVoie.html#TRE-R35-TypeVoie-PNT">PNT</a></td><td>Pointe</td></tr><tr><td><a href="CodeSystem-TRE-R35-TypeVoie.html#TRE-R35-TypeVoie-PONT">PONT</a></td><td>Pont</td></tr><tr><td><a href="CodeSystem-TRE-R35-TypeVoie.html#TRE-R35-TypeVoie-PORQ">PORQ</a></td><td>Portique</td></tr><tr><td><a href="CodeSystem-TRE-R35-TypeVoie.html#TRE-R35-TypeVoie-PORT">PORT</a></td><td>Port</td></tr><tr><td><a href="CodeSystem-TRE-R35-TypeVoie.html#TRE-R35-TypeVoie-POT">POT</a></td><td>Poterne</td></tr><tr><td><a href="CodeSystem-TRE-R35-TypeVoie.html#TRE-R35-TypeVoie-POUR">POUR</a></td><td>Pourtour</td></tr><tr><td><a href="CodeSystem-TRE-R35-TypeVoie.html#TRE-R35-TypeVoie-PRE">PRE</a></td><td>Pré</td></tr><tr><td><a href="CodeSystem-TRE-R35-TypeVoie.html#TRE-R35-TypeVoie-PROM">PROM</a></td><td>Promenade</td></tr><tr><td><a href="CodeSystem-TRE-R35-TypeVoie.html#TRE-R35-TypeVoie-PRQ">PRQ</a></td><td>Presqu'ile</td></tr><tr><td><a href="CodeSystem-TRE-R35-TypeVoie.html#TRE-R35-TypeVoie-PRT">PRT</a></td><td>Petite route</td></tr><tr><td><a href="CodeSystem-TRE-R35-TypeVoie.html#TRE-R35-TypeVoie-PRV">PRV</a></td><td>Parvis</td></tr><tr><td><a href="CodeSystem-TRE-R35-TypeVoie.html#TRE-R35-TypeVoie-PSTY">PSTY</a></td><td>Péristyle</td></tr><tr><td><a href="CodeSystem-TRE-R35-TypeVoie.html#TRE-R35-TypeVoie-PTA">PTA</a></td><td>Petite allée</td></tr><tr><td><a href="CodeSystem-TRE-R35-TypeVoie.html#TRE-R35-TypeVoie-PTE">PTE</a></td><td>Porte</td></tr><tr><td><a href="CodeSystem-TRE-R35-TypeVoie.html#TRE-R35-TypeVoie-QU">QU</a></td><td>Quai</td></tr><tr><td><a href="CodeSystem-TRE-R35-TypeVoie.html#TRE-R35-TypeVoie-QUA">QUA</a></td><td>Quartier</td></tr><tr><td><a href="CodeSystem-TRE-R35-TypeVoie.html#TRE-R35-TypeVoie-R">R</a></td><td>Rue</td></tr><tr><td><a href="CodeSystem-TRE-R35-TypeVoie.html#TRE-R35-TypeVoie-RAC">RAC</a></td><td>Raccourci</td></tr><tr><td><a href="CodeSystem-TRE-R35-TypeVoie.html#TRE-R35-TypeVoie-RAID">RAID</a></td><td>Raidillon</td></tr><tr><td><a href="CodeSystem-TRE-R35-TypeVoie.html#TRE-R35-TypeVoie-REM">REM</a></td><td>Rempart</td></tr><tr><td><a href="CodeSystem-TRE-R35-TypeVoie.html#TRE-R35-TypeVoie-RES">RES</a></td><td>Résidence</td></tr><tr><td><a href="CodeSystem-TRE-R35-TypeVoie.html#TRE-R35-TypeVoie-RLE">RLE</a></td><td>Ruelle</td></tr><tr><td><a href="CodeSystem-TRE-R35-TypeVoie.html#TRE-R35-TypeVoie-ROC">ROC</a></td><td>Rocade</td></tr><tr><td><a href="CodeSystem-TRE-R35-TypeVoie.html#TRE-R35-TypeVoie-ROQT">ROQT</a></td><td>Roquet</td></tr><tr><td><a href="CodeSystem-TRE-R35-TypeVoie.html#TRE-R35-TypeVoie-RPE">RPE</a></td><td>Rampe</td></tr><tr><td><a href="CodeSystem-TRE-R35-TypeVoie.html#TRE-R35-TypeVoie-RPT">RPT</a></td><td>Rond point</td></tr><tr><td><a href="CodeSystem-TRE-R35-TypeVoie.html#TRE-R35-TypeVoie-RTD">RTD</a></td><td>Rotonde</td></tr><tr><td><a href="CodeSystem-TRE-R35-TypeVoie.html#TRE-R35-TypeVoie-RTE">RTE</a></td><td>Route</td></tr><tr><td><a href="CodeSystem-TRE-R35-TypeVoie.html#TRE-R35-TypeVoie-RUE">RUE</a></td><td>Rue</td></tr><tr><td><a href="CodeSystem-TRE-R35-TypeVoie.html#TRE-R35-TypeVoie-SEN">SEN</a></td><td>Sentier</td></tr><tr><td><a href="CodeSystem-TRE-R35-TypeVoie.html#TRE-R35-TypeVoie-SQ">SQ</a></td><td>Square</td></tr><tr><td><a href="CodeSystem-TRE-R35-TypeVoie.html#TRE-R35-TypeVoie-STA">STA</a></td><td>Station</td></tr><tr><td><a href="CodeSystem-TRE-R35-TypeVoie.html#TRE-R35-TypeVoie-STDE">STDE</a></td><td>Stade</td></tr><tr><td><a href="CodeSystem-TRE-R35-TypeVoie.html#TRE-R35-TypeVoie-TOUR">TOUR</a></td><td>Tour</td></tr><tr><td><a href="CodeSystem-TRE-R35-TypeVoie.html#TRE-R35-TypeVoie-TPL">TPL</a></td><td>Terre plein</td></tr><tr><td><a href="CodeSystem-TRE-R35-TypeVoie.html#TRE-R35-TypeVoie-TRA">TRA</a></td><td>Traverse</td></tr><tr><td><a href="CodeSystem-TRE-R35-TypeVoie.html#TRE-R35-TypeVoie-TRN">TRN</a></td><td>Terrain</td></tr><tr><td><a href="CodeSystem-TRE-R35-TypeVoie.html#TRE-R35-TypeVoie-TRT">TRT</a></td><td>Tertre</td></tr><tr><td><a href="CodeSystem-TRE-R35-TypeVoie.html#TRE-R35-TypeVoie-TSSE">TSSE</a></td><td>Terrasse</td></tr><tr><td><a href="CodeSystem-TRE-R35-TypeVoie.html#TRE-R35-TypeVoie-VAL">VAL</a></td><td>Vallée, vallon</td></tr><tr><td><a href="CodeSystem-TRE-R35-TypeVoie.html#TRE-R35-TypeVoie-VCHE">VCHE</a></td><td>Vieux chemin</td></tr><tr><td><a href="CodeSystem-TRE-R35-TypeVoie.html#TRE-R35-TypeVoie-VEN">VEN</a></td><td>Venelle</td></tr><tr><td><a href="CodeSystem-TRE-R35-TypeVoie.html#TRE-R35-TypeVoie-VGE">VGE</a></td><td>Village</td></tr><tr><td><a href="CodeSystem-TRE-R35-TypeVoie.html#TRE-R35-TypeVoie-VIA">VIA</a></td><td>Via</td></tr><tr><td><a href="CodeSystem-TRE-R35-TypeVoie.html#TRE-R35-TypeVoie-VLA">VLA</a></td><td>Villa</td></tr><tr><td><a href="CodeSystem-TRE-R35-TypeVoie.html#TRE-R35-TypeVoie-VLGE">VLGE</a></td><td>Village</td></tr><tr><td><a href="CodeSystem-TRE-R35-TypeVoie.html#TRE-R35-TypeVoie-VOI">VOI</a></td><td>Voie</td></tr><tr><td><a href="CodeSystem-TRE-R35-TypeVoie.html#TRE-R35-TypeVoie-VTE">VTE</a></td><td>Vieille route</td></tr><tr><td><a href="CodeSystem-TRE-R35-TypeVoie.html#TRE-R35-TypeVoie-ZA">ZA</a></td><td>Zone d'activité</td></tr><tr><td><a href="CodeSystem-TRE-R35-TypeVoie.html#TRE-R35-TypeVoie-ZAC">ZAC</a></td><td>Zone d'aménagement concerté</td></tr><tr><td><a href="CodeSystem-TRE-R35-TypeVoie.html#TRE-R35-TypeVoie-ZAD">ZAD</a></td><td>Zone d'aménagement différé</td></tr><tr><td><a href="CodeSystem-TRE-R35-TypeVoie.html#TRE-R35-TypeVoie-ZI">ZI</a></td><td>Zone industrielle</td></tr><tr><td><a href="CodeSystem-TRE-R35-TypeVoie.html#TRE-R35-TypeVoie-ZONE">ZONE</a></td><td>Zone</td></tr><tr><td><a href="CodeSystem-TRE-R35-TypeVoie.html#TRE-R35-TypeVoie-ZUP">ZUP</a></td><td>Zone à urbaniser en priorité</td></tr></table></li></ul></div>
  </text>
  <extension url="http://hl7.org/fhir/StructureDefinition/resource-effectivePeriod">
    <valuePeriod>
      <start value="2022-08-26T12:00:00+01:00"/>
    </valuePeriod>
  </extension>
  <url value="https://mos.esante.gouv.fr/NOS/JDV_J219-TypeVoie-ROR/FHIR/JDV-J219-TypeVoie-ROR"/>
  <identifier>
    <value value="urn:oid:1.2.250.1.213.3.4.51"/>
  </identifier>
  <version value="1.2.0"/>
  <name value="JDV_J219-TypeVoie-ROR"/>
  <status value="active"/>
  <date value="2022-08-26T12:00:00+01:00"/>
  <publisher value="ANS"/>
  <contact>
    <name value="ANS"/>
    <telecom>
      <system value="url"/>
      <value value="https://esante.gouv.fr"/>
    </telecom>
  </contact>
  <description value="Type de voie"/>
  <compose>
    <include>
      <system value="https://mos.esante.gouv.fr/NOS/TRE_R35-TypeVoie/FHIR/TRE-R35-TypeVoie"/>
      <concept>
        <code value="ABE"/>
        <display value="Abbaye"/>
        <designation>
          <use>
            <code value="OID"/>
          </use>
          <value value="urn:oid:1.2.250.1.213.2.44"/>
        </designation>
      </concept>
      <concept>
        <code value="ACH"/>
        <display value="Ancien chemin"/>
        <designation>
          <use>
            <code value="OID"/>
          </use>
          <value value="urn:oid:1.2.250.1.213.2.44"/>
        </designation>
      </concept>
      <concept>
        <code value="AERD"/>
        <display value="Aérodrome"/>
        <designation>
          <use>
            <code value="OID"/>
          </use>
          <value value="urn:oid:1.2.250.1.213.2.44"/>
        </designation>
      </concept>
      <concept>
        <code value="AERG"/>
        <display value="Aérogare"/>
        <designation>
          <use>
            <code value="OID"/>
          </use>
          <value value="urn:oid:1.2.250.1.213.2.44"/>
        </designation>
      </concept>
      <concept>
        <code value="AERP"/>
        <display value="Aéroport"/>
        <designation>
          <use>
            <code value="OID"/>
          </use>
          <value value="urn:oid:1.2.250.1.213.2.44"/>
        </designation>
      </concept>
      <concept>
        <code value="AGL"/>
        <display value="Agglomération"/>
        <designation>
          <use>
            <code value="OID"/>
          </use>
          <value value="urn:oid:1.2.250.1.213.2.44"/>
        </designation>
      </concept>
      <concept>
        <code value="AIRE"/>
        <display value="Aire"/>
        <designation>
          <use>
            <code value="OID"/>
          </use>
          <value value="urn:oid:1.2.250.1.213.2.44"/>
        </designation>
      </concept>
      <concept>
        <code value="ALL"/>
        <display value="Allée"/>
        <designation>
          <use>
            <code value="OID"/>
          </use>
          <value value="urn:oid:1.2.250.1.213.2.44"/>
        </designation>
      </concept>
      <concept>
        <code value="ANGL"/>
        <display value="Angle"/>
        <designation>
          <use>
            <code value="OID"/>
          </use>
          <value value="urn:oid:1.2.250.1.213.2.44"/>
        </designation>
      </concept>
      <concept>
        <code value="ANSE"/>
        <display value="Anse"/>
        <designation>
          <use>
            <code value="OID"/>
          </use>
          <value value="urn:oid:1.2.250.1.213.2.44"/>
        </designation>
      </concept>
      <concept>
        <code value="ARC"/>
        <display value="Arcade"/>
        <designation>
          <use>
            <code value="OID"/>
          </use>
          <value value="urn:oid:1.2.250.1.213.2.44"/>
        </designation>
      </concept>
      <concept>
        <code value="ART"/>
        <display value="Ancienne route"/>
        <designation>
          <use>
            <code value="OID"/>
          </use>
          <value value="urn:oid:1.2.250.1.213.2.44"/>
        </designation>
      </concept>
      <concept>
        <code value="AUT"/>
        <display value="Autoroute"/>
        <designation>
          <use>
            <code value="OID"/>
          </use>
          <value value="urn:oid:1.2.250.1.213.2.44"/>
        </designation>
      </concept>
      <concept>
        <code value="AV"/>
        <display value="Avenue"/>
        <designation>
          <use>
            <code value="OID"/>
          </use>
          <value value="urn:oid:1.2.250.1.213.2.44"/>
        </designation>
      </concept>
      <concept>
        <code value="BAST"/>
        <display value="Bastion"/>
        <designation>
          <use>
            <code value="OID"/>
          </use>
          <value value="urn:oid:1.2.250.1.213.2.44"/>
        </designation>
      </concept>
      <concept>
        <code value="BCH"/>
        <display value="Bas chemin"/>
        <designation>
          <use>
            <code value="OID"/>
          </use>
          <value value="urn:oid:1.2.250.1.213.2.44"/>
        </designation>
      </concept>
      <concept>
        <code value="BCLE"/>
        <display value="Boucle"/>
        <designation>
          <use>
            <code value="OID"/>
          </use>
          <value value="urn:oid:1.2.250.1.213.2.44"/>
        </designation>
      </concept>
      <concept>
        <code value="BD"/>
        <display value="Boulevard"/>
        <designation>
          <use>
            <code value="OID"/>
          </use>
          <value value="urn:oid:1.2.250.1.213.2.44"/>
        </designation>
      </concept>
      <concept>
        <code value="BEGI"/>
        <display value="Béguinage"/>
        <designation>
          <use>
            <code value="OID"/>
          </use>
          <value value="urn:oid:1.2.250.1.213.2.44"/>
        </designation>
      </concept>
      <concept>
        <code value="BER"/>
        <display value="Berge"/>
        <designation>
          <use>
            <code value="OID"/>
          </use>
          <value value="urn:oid:1.2.250.1.213.2.44"/>
        </designation>
      </concept>
      <concept>
        <code value="BOIS"/>
        <display value="Bois"/>
        <designation>
          <use>
            <code value="OID"/>
          </use>
          <value value="urn:oid:1.2.250.1.213.2.44"/>
        </designation>
      </concept>
      <concept>
        <code value="BRE"/>
        <display value="Barrière"/>
        <designation>
          <use>
            <code value="OID"/>
          </use>
          <value value="urn:oid:1.2.250.1.213.2.44"/>
        </designation>
      </concept>
      <concept>
        <code value="BRG"/>
        <display value="Bourg"/>
        <designation>
          <use>
            <code value="OID"/>
          </use>
          <value value="urn:oid:1.2.250.1.213.2.44"/>
        </designation>
      </concept>
      <concept>
        <code value="BSTD"/>
        <display value="Bastide"/>
        <designation>
          <use>
            <code value="OID"/>
          </use>
          <value value="urn:oid:1.2.250.1.213.2.44"/>
        </designation>
      </concept>
      <concept>
        <code value="BUT"/>
        <display value="Butte"/>
        <designation>
          <use>
            <code value="OID"/>
          </use>
          <value value="urn:oid:1.2.250.1.213.2.44"/>
        </designation>
      </concept>
      <concept>
        <code value="CALE"/>
        <display value="Cale"/>
        <designation>
          <use>
            <code value="OID"/>
          </use>
          <value value="urn:oid:1.2.250.1.213.2.44"/>
        </designation>
      </concept>
      <concept>
        <code value="CAMP"/>
        <display value="Camp"/>
        <designation>
          <use>
            <code value="OID"/>
          </use>
          <value value="urn:oid:1.2.250.1.213.2.44"/>
        </designation>
      </concept>
      <concept>
        <code value="CAR"/>
        <display value="Carrefour"/>
        <designation>
          <use>
            <code value="OID"/>
          </use>
          <value value="urn:oid:1.2.250.1.213.2.44"/>
        </designation>
      </concept>
      <concept>
        <code value="CARE"/>
        <display value="Carrière"/>
        <designation>
          <use>
            <code value="OID"/>
          </use>
          <value value="urn:oid:1.2.250.1.213.2.44"/>
        </designation>
      </concept>
      <concept>
        <code value="CARR"/>
        <display value="Carré"/>
        <designation>
          <use>
            <code value="OID"/>
          </use>
          <value value="urn:oid:1.2.250.1.213.2.44"/>
        </designation>
      </concept>
      <concept>
        <code value="CAU"/>
        <display value="Carreau"/>
        <designation>
          <use>
            <code value="OID"/>
          </use>
          <value value="urn:oid:1.2.250.1.213.2.44"/>
        </designation>
      </concept>
      <concept>
        <code value="CAV"/>
        <display value="Cavée"/>
        <designation>
          <use>
            <code value="OID"/>
          </use>
          <value value="urn:oid:1.2.250.1.213.2.44"/>
        </designation>
      </concept>
      <concept>
        <code value="CCAL"/>
        <display value="Centre commercial"/>
        <designation>
          <use>
            <code value="OID"/>
          </use>
          <value value="urn:oid:1.2.250.1.213.2.44"/>
        </designation>
      </concept>
      <concept>
        <code value="CGNE"/>
        <display value="Campagne"/>
        <designation>
          <use>
            <code value="OID"/>
          </use>
          <value value="urn:oid:1.2.250.1.213.2.44"/>
        </designation>
      </concept>
      <concept>
        <code value="CHE"/>
        <display value="Chemin"/>
        <designation>
          <use>
            <code value="OID"/>
          </use>
          <value value="urn:oid:1.2.250.1.213.2.44"/>
        </designation>
      </concept>
      <concept>
        <code value="CHEM"/>
        <display value="Chemin, cheminement"/>
        <designation>
          <use>
            <code value="OID"/>
          </use>
          <value value="urn:oid:1.2.250.1.213.2.44"/>
        </designation>
      </concept>
      <concept>
        <code value="CHEZ"/>
        <display value="Chez"/>
        <designation>
          <use>
            <code value="OID"/>
          </use>
          <value value="urn:oid:1.2.250.1.213.2.44"/>
        </designation>
      </concept>
      <concept>
        <code value="CHI"/>
        <display value="Charmille"/>
        <designation>
          <use>
            <code value="OID"/>
          </use>
          <value value="urn:oid:1.2.250.1.213.2.44"/>
        </designation>
      </concept>
      <concept>
        <code value="CHL"/>
        <display value="Chalet"/>
        <designation>
          <use>
            <code value="OID"/>
          </use>
          <value value="urn:oid:1.2.250.1.213.2.44"/>
        </designation>
      </concept>
      <concept>
        <code value="CHP"/>
        <display value="Chapelle"/>
        <designation>
          <use>
            <code value="OID"/>
          </use>
          <value value="urn:oid:1.2.250.1.213.2.44"/>
        </designation>
      </concept>
      <concept>
        <code value="CHS"/>
        <display value="Chaussée"/>
        <designation>
          <use>
            <code value="OID"/>
          </use>
          <value value="urn:oid:1.2.250.1.213.2.44"/>
        </designation>
      </concept>
      <concept>
        <code value="CHT"/>
        <display value="Château"/>
        <designation>
          <use>
            <code value="OID"/>
          </use>
          <value value="urn:oid:1.2.250.1.213.2.44"/>
        </designation>
      </concept>
      <concept>
        <code value="CHV"/>
        <display value="Chemin vicinal"/>
        <designation>
          <use>
            <code value="OID"/>
          </use>
          <value value="urn:oid:1.2.250.1.213.2.44"/>
        </designation>
      </concept>
      <concept>
        <code value="CITE"/>
        <display value="Cité"/>
        <designation>
          <use>
            <code value="OID"/>
          </use>
          <value value="urn:oid:1.2.250.1.213.2.44"/>
        </designation>
      </concept>
      <concept>
        <code value="CLOI"/>
        <display value="Cloître"/>
        <designation>
          <use>
            <code value="OID"/>
          </use>
          <value value="urn:oid:1.2.250.1.213.2.44"/>
        </designation>
      </concept>
      <concept>
        <code value="CLOS"/>
        <display value="Clos"/>
        <designation>
          <use>
            <code value="OID"/>
          </use>
          <value value="urn:oid:1.2.250.1.213.2.44"/>
        </designation>
      </concept>
      <concept>
        <code value="COL"/>
        <display value="Col"/>
        <designation>
          <use>
            <code value="OID"/>
          </use>
          <value value="urn:oid:1.2.250.1.213.2.44"/>
        </designation>
      </concept>
      <concept>
        <code value="COLI"/>
        <display value="Colline"/>
        <designation>
          <use>
            <code value="OID"/>
          </use>
          <value value="urn:oid:1.2.250.1.213.2.44"/>
        </designation>
      </concept>
      <concept>
        <code value="COR"/>
        <display value="Corniche"/>
        <designation>
          <use>
            <code value="OID"/>
          </use>
          <value value="urn:oid:1.2.250.1.213.2.44"/>
        </designation>
      </concept>
      <concept>
        <code value="COTE"/>
        <display value="Cote"/>
        <designation>
          <use>
            <code value="OID"/>
          </use>
          <value value="urn:oid:1.2.250.1.213.2.44"/>
        </designation>
      </concept>
      <concept>
        <code value="COTT"/>
        <display value="Cottage"/>
        <designation>
          <use>
            <code value="OID"/>
          </use>
          <value value="urn:oid:1.2.250.1.213.2.44"/>
        </designation>
      </concept>
      <concept>
        <code value="COUR"/>
        <display value="Cour"/>
        <designation>
          <use>
            <code value="OID"/>
          </use>
          <value value="urn:oid:1.2.250.1.213.2.44"/>
        </designation>
      </concept>
      <concept>
        <code value="CPG"/>
        <display value="Camping"/>
        <designation>
          <use>
            <code value="OID"/>
          </use>
          <value value="urn:oid:1.2.250.1.213.2.44"/>
        </designation>
      </concept>
      <concept>
        <code value="CRS"/>
        <display value="Cours"/>
        <designation>
          <use>
            <code value="OID"/>
          </use>
          <value value="urn:oid:1.2.250.1.213.2.44"/>
        </designation>
      </concept>
      <concept>
        <code value="CST"/>
        <display value="Castel"/>
        <designation>
          <use>
            <code value="OID"/>
          </use>
          <value value="urn:oid:1.2.250.1.213.2.44"/>
        </designation>
      </concept>
      <concept>
        <code value="CTR"/>
        <display value="Contour"/>
        <designation>
          <use>
            <code value="OID"/>
          </use>
          <value value="urn:oid:1.2.250.1.213.2.44"/>
        </designation>
      </concept>
      <concept>
        <code value="CTRE"/>
        <display value="Centre"/>
        <designation>
          <use>
            <code value="OID"/>
          </use>
          <value value="urn:oid:1.2.250.1.213.2.44"/>
        </designation>
      </concept>
      <concept>
        <code value="DARS"/>
        <display value="Darse"/>
        <designation>
          <use>
            <code value="OID"/>
          </use>
          <value value="urn:oid:1.2.250.1.213.2.44"/>
        </designation>
      </concept>
      <concept>
        <code value="DEG"/>
        <display value="Degré"/>
        <designation>
          <use>
            <code value="OID"/>
          </use>
          <value value="urn:oid:1.2.250.1.213.2.44"/>
        </designation>
      </concept>
      <concept>
        <code value="DIG"/>
        <display value="Digue"/>
        <designation>
          <use>
            <code value="OID"/>
          </use>
          <value value="urn:oid:1.2.250.1.213.2.44"/>
        </designation>
      </concept>
      <concept>
        <code value="DOM"/>
        <display value="Domaine"/>
        <designation>
          <use>
            <code value="OID"/>
          </use>
          <value value="urn:oid:1.2.250.1.213.2.44"/>
        </designation>
      </concept>
      <concept>
        <code value="DSC"/>
        <display value="Descente"/>
        <designation>
          <use>
            <code value="OID"/>
          </use>
          <value value="urn:oid:1.2.250.1.213.2.44"/>
        </designation>
      </concept>
      <concept>
        <code value="ECL"/>
        <display value="Ecluse"/>
        <designation>
          <use>
            <code value="OID"/>
          </use>
          <value value="urn:oid:1.2.250.1.213.2.44"/>
        </designation>
      </concept>
      <concept>
        <code value="EGL"/>
        <display value="Eglise"/>
        <designation>
          <use>
            <code value="OID"/>
          </use>
          <value value="urn:oid:1.2.250.1.213.2.44"/>
        </designation>
      </concept>
      <concept>
        <code value="EN"/>
        <display value="Enceinte"/>
        <designation>
          <use>
            <code value="OID"/>
          </use>
          <value value="urn:oid:1.2.250.1.213.2.44"/>
        </designation>
      </concept>
      <concept>
        <code value="ENC"/>
        <display value="Enclos"/>
        <designation>
          <use>
            <code value="OID"/>
          </use>
          <value value="urn:oid:1.2.250.1.213.2.44"/>
        </designation>
      </concept>
      <concept>
        <code value="ENV"/>
        <display value="Enclave"/>
        <designation>
          <use>
            <code value="OID"/>
          </use>
          <value value="urn:oid:1.2.250.1.213.2.44"/>
        </designation>
      </concept>
      <concept>
        <code value="ESC"/>
        <display value="Escalier"/>
        <designation>
          <use>
            <code value="OID"/>
          </use>
          <value value="urn:oid:1.2.250.1.213.2.44"/>
        </designation>
      </concept>
      <concept>
        <code value="ESP"/>
        <display value="Esplanade"/>
        <designation>
          <use>
            <code value="OID"/>
          </use>
          <value value="urn:oid:1.2.250.1.213.2.44"/>
        </designation>
      </concept>
      <concept>
        <code value="ESPA"/>
        <display value="Espace"/>
        <designation>
          <use>
            <code value="OID"/>
          </use>
          <value value="urn:oid:1.2.250.1.213.2.44"/>
        </designation>
      </concept>
      <concept>
        <code value="ETNG"/>
        <display value="Etang"/>
        <designation>
          <use>
            <code value="OID"/>
          </use>
          <value value="urn:oid:1.2.250.1.213.2.44"/>
        </designation>
      </concept>
      <concept>
        <code value="FG"/>
        <display value="Faubourg"/>
        <designation>
          <use>
            <code value="OID"/>
          </use>
          <value value="urn:oid:1.2.250.1.213.2.44"/>
        </designation>
      </concept>
      <concept>
        <code value="FON"/>
        <display value="Fontaine"/>
        <designation>
          <use>
            <code value="OID"/>
          </use>
          <value value="urn:oid:1.2.250.1.213.2.44"/>
        </designation>
      </concept>
      <concept>
        <code value="FORM"/>
        <display value="Forum"/>
        <designation>
          <use>
            <code value="OID"/>
          </use>
          <value value="urn:oid:1.2.250.1.213.2.44"/>
        </designation>
      </concept>
      <concept>
        <code value="FORT"/>
        <display value="Fort"/>
        <designation>
          <use>
            <code value="OID"/>
          </use>
          <value value="urn:oid:1.2.250.1.213.2.44"/>
        </designation>
      </concept>
      <concept>
        <code value="FOS"/>
        <display value="Fosse"/>
        <designation>
          <use>
            <code value="OID"/>
          </use>
          <value value="urn:oid:1.2.250.1.213.2.44"/>
        </designation>
      </concept>
      <concept>
        <code value="FOYR"/>
        <display value="Foyer"/>
        <designation>
          <use>
            <code value="OID"/>
          </use>
          <value value="urn:oid:1.2.250.1.213.2.44"/>
        </designation>
      </concept>
      <concept>
        <code value="FRM"/>
        <display value="Ferme"/>
        <designation>
          <use>
            <code value="OID"/>
          </use>
          <value value="urn:oid:1.2.250.1.213.2.44"/>
        </designation>
      </concept>
      <concept>
        <code value="GAL"/>
        <display value="Galerie"/>
        <designation>
          <use>
            <code value="OID"/>
          </use>
          <value value="urn:oid:1.2.250.1.213.2.44"/>
        </designation>
      </concept>
      <concept>
        <code value="GARE"/>
        <display value="Gare"/>
        <designation>
          <use>
            <code value="OID"/>
          </use>
          <value value="urn:oid:1.2.250.1.213.2.44"/>
        </designation>
      </concept>
      <concept>
        <code value="GARN"/>
        <display value="Garenne"/>
        <designation>
          <use>
            <code value="OID"/>
          </use>
          <value value="urn:oid:1.2.250.1.213.2.44"/>
        </designation>
      </concept>
      <concept>
        <code value="GBD"/>
        <display value="Grand boulevard"/>
        <designation>
          <use>
            <code value="OID"/>
          </use>
          <value value="urn:oid:1.2.250.1.213.2.44"/>
        </designation>
      </concept>
      <concept>
        <code value="GDEN"/>
        <display value="Grand ensemble"/>
        <designation>
          <use>
            <code value="OID"/>
          </use>
          <value value="urn:oid:1.2.250.1.213.2.44"/>
        </designation>
      </concept>
      <concept>
        <code value="GPE"/>
        <display value="Groupe"/>
        <designation>
          <use>
            <code value="OID"/>
          </use>
          <value value="urn:oid:1.2.250.1.213.2.44"/>
        </designation>
      </concept>
      <concept>
        <code value="GPT"/>
        <display value="Groupement"/>
        <designation>
          <use>
            <code value="OID"/>
          </use>
          <value value="urn:oid:1.2.250.1.213.2.44"/>
        </designation>
      </concept>
      <concept>
        <code value="GR"/>
        <display value="Grand rue"/>
        <designation>
          <use>
            <code value="OID"/>
          </use>
          <value value="urn:oid:1.2.250.1.213.2.44"/>
        </designation>
      </concept>
      <concept>
        <code value="GRI"/>
        <display value="Grille"/>
        <designation>
          <use>
            <code value="OID"/>
          </use>
          <value value="urn:oid:1.2.250.1.213.2.44"/>
        </designation>
      </concept>
      <concept>
        <code value="GRIM"/>
        <display value="Grimpette"/>
        <designation>
          <use>
            <code value="OID"/>
          </use>
          <value value="urn:oid:1.2.250.1.213.2.44"/>
        </designation>
      </concept>
      <concept>
        <code value="HAM"/>
        <display value="Hameau"/>
        <designation>
          <use>
            <code value="OID"/>
          </use>
          <value value="urn:oid:1.2.250.1.213.2.44"/>
        </designation>
      </concept>
      <concept>
        <code value="HCH"/>
        <display value="Haut chemin"/>
        <designation>
          <use>
            <code value="OID"/>
          </use>
          <value value="urn:oid:1.2.250.1.213.2.44"/>
        </designation>
      </concept>
      <concept>
        <code value="HIP"/>
        <display value="Hippodrome"/>
        <designation>
          <use>
            <code value="OID"/>
          </use>
          <value value="urn:oid:1.2.250.1.213.2.44"/>
        </designation>
      </concept>
      <concept>
        <code value="HLE"/>
        <display value="Halle"/>
        <designation>
          <use>
            <code value="OID"/>
          </use>
          <value value="urn:oid:1.2.250.1.213.2.44"/>
        </designation>
      </concept>
      <concept>
        <code value="HLM"/>
        <display value="HLM"/>
        <designation>
          <use>
            <code value="OID"/>
          </use>
          <value value="urn:oid:1.2.250.1.213.2.44"/>
        </designation>
      </concept>
      <concept>
        <code value="ILE"/>
        <display value="Ile"/>
        <designation>
          <use>
            <code value="OID"/>
          </use>
          <value value="urn:oid:1.2.250.1.213.2.44"/>
        </designation>
      </concept>
      <concept>
        <code value="IMM"/>
        <display value="Immeuble"/>
        <designation>
          <use>
            <code value="OID"/>
          </use>
          <value value="urn:oid:1.2.250.1.213.2.44"/>
        </designation>
      </concept>
      <concept>
        <code value="IMP"/>
        <display value="Impasse"/>
        <designation>
          <use>
            <code value="OID"/>
          </use>
          <value value="urn:oid:1.2.250.1.213.2.44"/>
        </designation>
      </concept>
      <concept>
        <code value="JARD"/>
        <display value="Jardin"/>
        <designation>
          <use>
            <code value="OID"/>
          </use>
          <value value="urn:oid:1.2.250.1.213.2.44"/>
        </designation>
      </concept>
      <concept>
        <code value="JTE"/>
        <display value="Jetée"/>
        <designation>
          <use>
            <code value="OID"/>
          </use>
          <value value="urn:oid:1.2.250.1.213.2.44"/>
        </designation>
      </concept>
      <concept>
        <code value="LD"/>
        <display value="Lieu dit"/>
        <designation>
          <use>
            <code value="OID"/>
          </use>
          <value value="urn:oid:1.2.250.1.213.2.44"/>
        </designation>
      </concept>
      <concept>
        <code value="LEVE"/>
        <display value="Levée"/>
        <designation>
          <use>
            <code value="OID"/>
          </use>
          <value value="urn:oid:1.2.250.1.213.2.44"/>
        </designation>
      </concept>
      <concept>
        <code value="LOT"/>
        <display value="Lotissement"/>
        <designation>
          <use>
            <code value="OID"/>
          </use>
          <value value="urn:oid:1.2.250.1.213.2.44"/>
        </designation>
      </concept>
      <concept>
        <code value="MAIL"/>
        <display value="Mail"/>
        <designation>
          <use>
            <code value="OID"/>
          </use>
          <value value="urn:oid:1.2.250.1.213.2.44"/>
        </designation>
      </concept>
      <concept>
        <code value="MAN"/>
        <display value="Manoir"/>
        <designation>
          <use>
            <code value="OID"/>
          </use>
          <value value="urn:oid:1.2.250.1.213.2.44"/>
        </designation>
      </concept>
      <concept>
        <code value="MAR"/>
        <display value="Marche"/>
        <designation>
          <use>
            <code value="OID"/>
          </use>
          <value value="urn:oid:1.2.250.1.213.2.44"/>
        </designation>
      </concept>
      <concept>
        <code value="MAS"/>
        <display value="Mas"/>
        <designation>
          <use>
            <code value="OID"/>
          </use>
          <value value="urn:oid:1.2.250.1.213.2.44"/>
        </designation>
      </concept>
      <concept>
        <code value="MET"/>
        <display value="Métro"/>
        <designation>
          <use>
            <code value="OID"/>
          </use>
          <value value="urn:oid:1.2.250.1.213.2.44"/>
        </designation>
      </concept>
      <concept>
        <code value="MF"/>
        <display value="Maison forestière"/>
        <designation>
          <use>
            <code value="OID"/>
          </use>
          <value value="urn:oid:1.2.250.1.213.2.44"/>
        </designation>
      </concept>
      <concept>
        <code value="MLN"/>
        <display value="Moulin"/>
        <designation>
          <use>
            <code value="OID"/>
          </use>
          <value value="urn:oid:1.2.250.1.213.2.44"/>
        </designation>
      </concept>
      <concept>
        <code value="MTE"/>
        <display value="Montée"/>
        <designation>
          <use>
            <code value="OID"/>
          </use>
          <value value="urn:oid:1.2.250.1.213.2.44"/>
        </designation>
      </concept>
      <concept>
        <code value="MUS"/>
        <display value="Musée"/>
        <designation>
          <use>
            <code value="OID"/>
          </use>
          <value value="urn:oid:1.2.250.1.213.2.44"/>
        </designation>
      </concept>
      <concept>
        <code value="NTE"/>
        <display value="Nouvelle route"/>
        <designation>
          <use>
            <code value="OID"/>
          </use>
          <value value="urn:oid:1.2.250.1.213.2.44"/>
        </designation>
      </concept>
      <concept>
        <code value="PAE"/>
        <display value="Petite avenue"/>
        <designation>
          <use>
            <code value="OID"/>
          </use>
          <value value="urn:oid:1.2.250.1.213.2.44"/>
        </designation>
      </concept>
      <concept>
        <code value="PAL"/>
        <display value="Palais"/>
        <designation>
          <use>
            <code value="OID"/>
          </use>
          <value value="urn:oid:1.2.250.1.213.2.44"/>
        </designation>
      </concept>
      <concept>
        <code value="PARC"/>
        <display value="Parc"/>
        <designation>
          <use>
            <code value="OID"/>
          </use>
          <value value="urn:oid:1.2.250.1.213.2.44"/>
        </designation>
      </concept>
      <concept>
        <code value="PAS"/>
        <display value="Passage"/>
        <designation>
          <use>
            <code value="OID"/>
          </use>
          <value value="urn:oid:1.2.250.1.213.2.44"/>
        </designation>
      </concept>
      <concept>
        <code value="PASS"/>
        <display value="Passe"/>
        <designation>
          <use>
            <code value="OID"/>
          </use>
          <value value="urn:oid:1.2.250.1.213.2.44"/>
        </designation>
      </concept>
      <concept>
        <code value="PAT"/>
        <display value="Patio"/>
        <designation>
          <use>
            <code value="OID"/>
          </use>
          <value value="urn:oid:1.2.250.1.213.2.44"/>
        </designation>
      </concept>
      <concept>
        <code value="PAV"/>
        <display value="Pavillon"/>
        <designation>
          <use>
            <code value="OID"/>
          </use>
          <value value="urn:oid:1.2.250.1.213.2.44"/>
        </designation>
      </concept>
      <concept>
        <code value="PCH"/>
        <display value="Petit chemin"/>
        <designation>
          <use>
            <code value="OID"/>
          </use>
          <value value="urn:oid:1.2.250.1.213.2.44"/>
        </designation>
      </concept>
      <concept>
        <code value="PCHE"/>
        <display value="Porche"/>
        <designation>
          <use>
            <code value="OID"/>
          </use>
          <value value="urn:oid:1.2.250.1.213.2.44"/>
        </designation>
      </concept>
      <concept>
        <code value="PERI"/>
        <display value="Périphérique"/>
        <designation>
          <use>
            <code value="OID"/>
          </use>
          <value value="urn:oid:1.2.250.1.213.2.44"/>
        </designation>
      </concept>
      <concept>
        <code value="PIM"/>
        <display value="Petite impasse"/>
        <designation>
          <use>
            <code value="OID"/>
          </use>
          <value value="urn:oid:1.2.250.1.213.2.44"/>
        </designation>
      </concept>
      <concept>
        <code value="PKG"/>
        <display value="Parking"/>
        <designation>
          <use>
            <code value="OID"/>
          </use>
          <value value="urn:oid:1.2.250.1.213.2.44"/>
        </designation>
      </concept>
      <concept>
        <code value="PL"/>
        <display value="Place"/>
        <designation>
          <use>
            <code value="OID"/>
          </use>
          <value value="urn:oid:1.2.250.1.213.2.44"/>
        </designation>
      </concept>
      <concept>
        <code value="PLAG"/>
        <display value="Plage"/>
        <designation>
          <use>
            <code value="OID"/>
          </use>
          <value value="urn:oid:1.2.250.1.213.2.44"/>
        </designation>
      </concept>
      <concept>
        <code value="PLAN"/>
        <display value="Plan"/>
        <designation>
          <use>
            <code value="OID"/>
          </use>
          <value value="urn:oid:1.2.250.1.213.2.44"/>
        </designation>
      </concept>
      <concept>
        <code value="PLCI"/>
        <display value="Placis"/>
        <designation>
          <use>
            <code value="OID"/>
          </use>
          <value value="urn:oid:1.2.250.1.213.2.44"/>
        </designation>
      </concept>
      <concept>
        <code value="PLE"/>
        <display value="Passerelle"/>
        <designation>
          <use>
            <code value="OID"/>
          </use>
          <value value="urn:oid:1.2.250.1.213.2.44"/>
        </designation>
      </concept>
      <concept>
        <code value="PLN"/>
        <display value="Plaine"/>
        <designation>
          <use>
            <code value="OID"/>
          </use>
          <value value="urn:oid:1.2.250.1.213.2.44"/>
        </designation>
      </concept>
      <concept>
        <code value="PLT"/>
        <display value="Plateau"/>
        <designation>
          <use>
            <code value="OID"/>
          </use>
          <value value="urn:oid:1.2.250.1.213.2.44"/>
        </designation>
      </concept>
      <concept>
        <code value="PN"/>
        <display value="Passage à niveau"/>
        <designation>
          <use>
            <code value="OID"/>
          </use>
          <value value="urn:oid:1.2.250.1.213.2.44"/>
        </designation>
      </concept>
      <concept>
        <code value="PNT"/>
        <display value="Pointe"/>
        <designation>
          <use>
            <code value="OID"/>
          </use>
          <value value="urn:oid:1.2.250.1.213.2.44"/>
        </designation>
      </concept>
      <concept>
        <code value="PONT"/>
        <display value="Pont"/>
        <designation>
          <use>
            <code value="OID"/>
          </use>
          <value value="urn:oid:1.2.250.1.213.2.44"/>
        </designation>
      </concept>
      <concept>
        <code value="PORQ"/>
        <display value="Portique"/>
        <designation>
          <use>
            <code value="OID"/>
          </use>
          <value value="urn:oid:1.2.250.1.213.2.44"/>
        </designation>
      </concept>
      <concept>
        <code value="PORT"/>
        <display value="Port"/>
        <designation>
          <use>
            <code value="OID"/>
          </use>
          <value value="urn:oid:1.2.250.1.213.2.44"/>
        </designation>
      </concept>
      <concept>
        <code value="POT"/>
        <display value="Poterne"/>
        <designation>
          <use>
            <code value="OID"/>
          </use>
          <value value="urn:oid:1.2.250.1.213.2.44"/>
        </designation>
      </concept>
      <concept>
        <code value="POUR"/>
        <display value="Pourtour"/>
        <designation>
          <use>
            <code value="OID"/>
          </use>
          <value value="urn:oid:1.2.250.1.213.2.44"/>
        </designation>
      </concept>
      <concept>
        <code value="PRE"/>
        <display value="Pré"/>
        <designation>
          <use>
            <code value="OID"/>
          </use>
          <value value="urn:oid:1.2.250.1.213.2.44"/>
        </designation>
      </concept>
      <concept>
        <code value="PROM"/>
        <display value="Promenade"/>
        <designation>
          <use>
            <code value="OID"/>
          </use>
          <value value="urn:oid:1.2.250.1.213.2.44"/>
        </designation>
      </concept>
      <concept>
        <code value="PRQ"/>
        <display value="Presqu'ile"/>
        <designation>
          <use>
            <code value="OID"/>
          </use>
          <value value="urn:oid:1.2.250.1.213.2.44"/>
        </designation>
      </concept>
      <concept>
        <code value="PRT"/>
        <display value="Petite route"/>
        <designation>
          <use>
            <code value="OID"/>
          </use>
          <value value="urn:oid:1.2.250.1.213.2.44"/>
        </designation>
      </concept>
      <concept>
        <code value="PRV"/>
        <display value="Parvis"/>
        <designation>
          <use>
            <code value="OID"/>
          </use>
          <value value="urn:oid:1.2.250.1.213.2.44"/>
        </designation>
      </concept>
      <concept>
        <code value="PSTY"/>
        <display value="Péristyle"/>
        <designation>
          <use>
            <code value="OID"/>
          </use>
          <value value="urn:oid:1.2.250.1.213.2.44"/>
        </designation>
      </concept>
      <concept>
        <code value="PTA"/>
        <display value="Petite allée"/>
        <designation>
          <use>
            <code value="OID"/>
          </use>
          <value value="urn:oid:1.2.250.1.213.2.44"/>
        </designation>
      </concept>
      <concept>
        <code value="PTE"/>
        <display value="Porte"/>
        <designation>
          <use>
            <code value="OID"/>
          </use>
          <value value="urn:oid:1.2.250.1.213.2.44"/>
        </designation>
      </concept>
      <concept>
        <code value="QU"/>
        <display value="Quai"/>
        <designation>
          <use>
            <code value="OID"/>
          </use>
          <value value="urn:oid:1.2.250.1.213.2.44"/>
        </designation>
      </concept>
      <concept>
        <code value="QUA"/>
        <display value="Quartier"/>
        <designation>
          <use>
            <code value="OID"/>
          </use>
          <value value="urn:oid:1.2.250.1.213.2.44"/>
        </designation>
      </concept>
      <concept>
        <code value="R"/>
        <display value="Rue"/>
        <designation>
          <use>
            <code value="OID"/>
          </use>
          <value value="urn:oid:1.2.250.1.213.2.44"/>
        </designation>
      </concept>
      <concept>
        <code value="RAC"/>
        <display value="Raccourci"/>
        <designation>
          <use>
            <code value="OID"/>
          </use>
          <value value="urn:oid:1.2.250.1.213.2.44"/>
        </designation>
      </concept>
      <concept>
        <code value="RAID"/>
        <display value="Raidillon"/>
        <designation>
          <use>
            <code value="OID"/>
          </use>
          <value value="urn:oid:1.2.250.1.213.2.44"/>
        </designation>
      </concept>
      <concept>
        <code value="REM"/>
        <display value="Rempart"/>
        <designation>
          <use>
            <code value="OID"/>
          </use>
          <value value="urn:oid:1.2.250.1.213.2.44"/>
        </designation>
      </concept>
      <concept>
        <code value="RES"/>
        <display value="Résidence"/>
        <designation>
          <use>
            <code value="OID"/>
          </use>
          <value value="urn:oid:1.2.250.1.213.2.44"/>
        </designation>
      </concept>
      <concept>
        <code value="RLE"/>
        <display value="Ruelle"/>
        <designation>
          <use>
            <code value="OID"/>
          </use>
          <value value="urn:oid:1.2.250.1.213.2.44"/>
        </designation>
      </concept>
      <concept>
        <code value="ROC"/>
        <display value="Rocade"/>
        <designation>
          <use>
            <code value="OID"/>
          </use>
          <value value="urn:oid:1.2.250.1.213.2.44"/>
        </designation>
      </concept>
      <concept>
        <code value="ROQT"/>
        <display value="Roquet"/>
        <designation>
          <use>
            <code value="OID"/>
          </use>
          <value value="urn:oid:1.2.250.1.213.2.44"/>
        </designation>
      </concept>
      <concept>
        <code value="RPE"/>
        <display value="Rampe"/>
        <designation>
          <use>
            <code value="OID"/>
          </use>
          <value value="urn:oid:1.2.250.1.213.2.44"/>
        </designation>
      </concept>
      <concept>
        <code value="RPT"/>
        <display value="Rond point"/>
        <designation>
          <use>
            <code value="OID"/>
          </use>
          <value value="urn:oid:1.2.250.1.213.2.44"/>
        </designation>
      </concept>
      <concept>
        <code value="RTD"/>
        <display value="Rotonde"/>
        <designation>
          <use>
            <code value="OID"/>
          </use>
          <value value="urn:oid:1.2.250.1.213.2.44"/>
        </designation>
      </concept>
      <concept>
        <code value="RTE"/>
        <display value="Route"/>
        <designation>
          <use>
            <code value="OID"/>
          </use>
          <value value="urn:oid:1.2.250.1.213.2.44"/>
        </designation>
      </concept>
      <concept>
        <code value="RUE"/>
        <display value="Rue"/>
        <designation>
          <use>
            <code value="OID"/>
          </use>
          <value value="urn:oid:1.2.250.1.213.2.44"/>
        </designation>
      </concept>
      <concept>
        <code value="SEN"/>
        <display value="Sentier"/>
        <designation>
          <use>
            <code value="OID"/>
          </use>
          <value value="urn:oid:1.2.250.1.213.2.44"/>
        </designation>
      </concept>
      <concept>
        <code value="SQ"/>
        <display value="Square"/>
        <designation>
          <use>
            <code value="OID"/>
          </use>
          <value value="urn:oid:1.2.250.1.213.2.44"/>
        </designation>
      </concept>
      <concept>
        <code value="STA"/>
        <display value="Station"/>
        <designation>
          <use>
            <code value="OID"/>
          </use>
          <value value="urn:oid:1.2.250.1.213.2.44"/>
        </designation>
      </concept>
      <concept>
        <code value="STDE"/>
        <display value="Stade"/>
        <designation>
          <use>
            <code value="OID"/>
          </use>
          <value value="urn:oid:1.2.250.1.213.2.44"/>
        </designation>
      </concept>
      <concept>
        <code value="TOUR"/>
        <display value="Tour"/>
        <designation>
          <use>
            <code value="OID"/>
          </use>
          <value value="urn:oid:1.2.250.1.213.2.44"/>
        </designation>
      </concept>
      <concept>
        <code value="TPL"/>
        <display value="Terre plein"/>
        <designation>
          <use>
            <code value="OID"/>
          </use>
          <value value="urn:oid:1.2.250.1.213.2.44"/>
        </designation>
      </concept>
      <concept>
        <code value="TRA"/>
        <display value="Traverse"/>
        <designation>
          <use>
            <code value="OID"/>
          </use>
          <value value="urn:oid:1.2.250.1.213.2.44"/>
        </designation>
      </concept>
      <concept>
        <code value="TRN"/>
        <display value="Terrain"/>
        <designation>
          <use>
            <code value="OID"/>
          </use>
          <value value="urn:oid:1.2.250.1.213.2.44"/>
        </designation>
      </concept>
      <concept>
        <code value="TRT"/>
        <display value="Tertre"/>
        <designation>
          <use>
            <code value="OID"/>
          </use>
          <value value="urn:oid:1.2.250.1.213.2.44"/>
        </designation>
      </concept>
      <concept>
        <code value="TSSE"/>
        <display value="Terrasse"/>
        <designation>
          <use>
            <code value="OID"/>
          </use>
          <value value="urn:oid:1.2.250.1.213.2.44"/>
        </designation>
      </concept>
      <concept>
        <code value="VAL"/>
        <display value="Vallée, vallon"/>
        <designation>
          <use>
            <code value="OID"/>
          </use>
          <value value="urn:oid:1.2.250.1.213.2.44"/>
        </designation>
      </concept>
      <concept>
        <code value="VCHE"/>
        <display value="Vieux chemin"/>
        <designation>
          <use>
            <code value="OID"/>
          </use>
          <value value="urn:oid:1.2.250.1.213.2.44"/>
        </designation>
      </concept>
      <concept>
        <code value="VEN"/>
        <display value="Venelle"/>
        <designation>
          <use>
            <code value="OID"/>
          </use>
          <value value="urn:oid:1.2.250.1.213.2.44"/>
        </designation>
      </concept>
      <concept>
        <code value="VGE"/>
        <display value="Village"/>
        <designation>
          <use>
            <code value="OID"/>
          </use>
          <value value="urn:oid:1.2.250.1.213.2.44"/>
        </designation>
      </concept>
      <concept>
        <code value="VIA"/>
        <display value="Via"/>
        <designation>
          <use>
            <code value="OID"/>
          </use>
          <value value="urn:oid:1.2.250.1.213.2.44"/>
        </designation>
      </concept>
      <concept>
        <code value="VLA"/>
        <display value="Villa"/>
        <designation>
          <use>
            <code value="OID"/>
          </use>
          <value value="urn:oid:1.2.250.1.213.2.44"/>
        </designation>
      </concept>
      <concept>
        <code value="VLGE"/>
        <display value="Village"/>
        <designation>
          <use>
            <code value="OID"/>
          </use>
          <value value="urn:oid:1.2.250.1.213.2.44"/>
        </designation>
      </concept>
      <concept>
        <code value="VOI"/>
        <display value="Voie"/>
        <designation>
          <use>
            <code value="OID"/>
          </use>
          <value value="urn:oid:1.2.250.1.213.2.44"/>
        </designation>
      </concept>
      <concept>
        <code value="VTE"/>
        <display value="Vieille route"/>
        <designation>
          <use>
            <code value="OID"/>
          </use>
          <value value="urn:oid:1.2.250.1.213.2.44"/>
        </designation>
      </concept>
      <concept>
        <code value="ZA"/>
        <display value="Zone d'activité"/>
        <designation>
          <use>
            <code value="OID"/>
          </use>
          <value value="urn:oid:1.2.250.1.213.2.44"/>
        </designation>
      </concept>
      <concept>
        <code value="ZAC"/>
        <display value="Zone d'aménagement concerté"/>
        <designation>
          <use>
            <code value="OID"/>
          </use>
          <value value="urn:oid:1.2.250.1.213.2.44"/>
        </designation>
      </concept>
      <concept>
        <code value="ZAD"/>
        <display value="Zone d'aménagement différé"/>
        <designation>
          <use>
            <code value="OID"/>
          </use>
          <value value="urn:oid:1.2.250.1.213.2.44"/>
        </designation>
      </concept>
      <concept>
        <code value="ZI"/>
        <display value="Zone industrielle"/>
        <designation>
          <use>
            <code value="OID"/>
          </use>
          <value value="urn:oid:1.2.250.1.213.2.44"/>
        </designation>
      </concept>
      <concept>
        <code value="ZONE"/>
        <display value="Zone"/>
        <designation>
          <use>
            <code value="OID"/>
          </use>
          <value value="urn:oid:1.2.250.1.213.2.44"/>
        </designation>
      </concept>
      <concept>
        <code value="ZUP"/>
        <display value="Zone à urbaniser en priorité"/>
        <designation>
          <use>
            <code value="OID"/>
          </use>
          <value value="urn:oid:1.2.250.1.213.2.44"/>
        </designation>
      </concept>
    </include>
  </compose>
</ValueSet>