<?xml version="1.0" encoding="UTF-8"?>

<ValueSet xmlns="http://hl7.org/fhir">
  <id value="JDV-J178-BesoinAideVieSociale-MDPH"/>
  <text>
    <status value="extensions"/><div xmlns="http://www.w3.org/1999/xhtml"><p class="res-header-id"><b>Generated Narrative: ValueSet JDV-J178-BesoinAideVieSociale-MDPH</b></p><a name="JDV-J178-BesoinAideVieSociale-MDPH"> </a><a name="hcJDV-J178-BesoinAideVieSociale-MDPH"> </a><a name="hcJDV-J178-BesoinAideVieSociale-MDPH-en-US"> </a><p>This value set includes codes based on the following rules:</p><ul><li>Include these codes as defined in <a href="CodeSystem-TRE-R319-BesoinAideVieSociale.html"><code>https://mos.esante.gouv.fr/NOS/TRE_R319-BesoinAideVieSociales/FHIR/TRE-R319-BesoinAideVieSociale</code></a><table class="none"><tr><td style="white-space:nowrap"><b>Code</b></td><td><b>Display</b></td><td><b>Definition</b></td></tr><tr><td><a href="CodeSystem-TRE-R319-BesoinAideVieSociale.html#TRE-R319-BesoinAideVieSociale-01">01</a></td><td>Communiquer</td><td>La personne a besoin d'aide pour communiquer</td></tr><tr><td><a href="CodeSystem-TRE-R319-BesoinAideVieSociale.html#TRE-R319-BesoinAideVieSociale-02">02</a></td><td>Avoir des activités sportives et des loisirs</td><td>La personne a besoin d'aide pour avoir des activités sportives et des loisirs</td></tr><tr><td><a href="CodeSystem-TRE-R319-BesoinAideVieSociale.html#TRE-R319-BesoinAideVieSociale-03">03</a></td><td>Relations avec les autres</td><td>La personne a besoin d'aide pour les relations avec les autres</td></tr><tr><td><a href="CodeSystem-TRE-R319-BesoinAideVieSociale.html#TRE-R319-BesoinAideVieSociale-04">04</a></td><td>S'occuper de sa famille</td><td>La personne a besoin d'aide pour s'occuper de sa famille</td></tr><tr><td><a href="CodeSystem-TRE-R319-BesoinAideVieSociale.html#TRE-R319-BesoinAideVieSociale-05">05</a></td><td>Etre accompagné dans la vie citoyenne</td><td>La personne a besoin d'être accompagnée dans la vie citoyenne</td></tr><tr><td><a href="CodeSystem-TRE-R319-BesoinAideVieSociale.html#TRE-R319-BesoinAideVieSociale-06">06</a></td><td>Assurer sa sécurité</td><td>La personne a besoin d'aide pour assurer sa sécurité</td></tr></table></li><li>Include these codes as defined in <a href="CodeSystem-TRE-R302-ContexteCodeComplementaire.html"><code>https://mos.esante.gouv.fr/NOS/TRE_R302-ContexteCodeComplementaire/FHIR/TRE-R302-ContexteCodeComplementaire</code></a><table class="none"><tr><td style="white-space:nowrap"><b>Code</b></td><td><b>Display</b></td><td><b>Definition</b></td></tr><tr><td><a href="CodeSystem-TRE-R302-ContexteCodeComplementaire.html#TRE-R302-ContexteCodeComplementaire-02">02</a></td><td>Autre</td><td>Tout ce qui n'est pas listé de façon exhaustive dans la liste de codes</td></tr></table></li></ul></div>
  </text>
  <extension url="http://hl7.org/fhir/StructureDefinition/resource-effectivePeriod">
    <valuePeriod>
      <start value="2021-09-24T12:00:00+01:00"/>
    </valuePeriod>
  </extension>
  <url value="https://mos.esante.gouv.fr/NOS/JDV_J178-BesoinAideVieSociale-MDPH/FHIR/JDV-J178-BesoinAideVieSociale-MDPH"/>
  <identifier>
    <value value="urn:oid:1.2.250.1.213.3.4.13"/>
  </identifier>
  <version value="1.2.0"/>
  <name value="JDV_J178-BesoinAideVieSociale-MDPH"/>
  <status value="active"/>
  <date value="2021-09-24T12:00:00+01:00"/>
  <publisher value="ANS"/>
  <contact>
    <name value="ANS"/>
    <telecom>
      <system value="url"/>
      <value value="https://esante.gouv.fr"/>
    </telecom>
  </contact>
  <description value="Caractérise les besoins d'aide de la personne en matière de vie sociale"/>
  <compose>
    <include>
      <system value="https://mos.esante.gouv.fr/NOS/TRE_R319-BesoinAideVieSociales/FHIR/TRE-R319-BesoinAideVieSociale"/>
      <concept>
        <code value="01"/>
        <display value="Communiquer"/>
        <designation>
          <use>
            <code value="OID"/>
          </use>
          <value value="urn:oid:1.2.250.1.213.3.3.74"/>
        </designation>
      </concept>
      <concept>
        <code value="02"/>
        <display value="Avoir des activités sportives et des loisirs"/>
        <designation>
          <use>
            <code value="OID"/>
          </use>
          <value value="urn:oid:1.2.250.1.213.3.3.74"/>
        </designation>
      </concept>
      <concept>
        <code value="03"/>
        <display value="Relations avec les autres"/>
        <designation>
          <use>
            <code value="OID"/>
          </use>
          <value value="urn:oid:1.2.250.1.213.3.3.74"/>
        </designation>
      </concept>
      <concept>
        <code value="04"/>
        <display value="S'occuper de sa famille"/>
        <designation>
          <use>
            <code value="OID"/>
          </use>
          <value value="urn:oid:1.2.250.1.213.3.3.74"/>
        </designation>
      </concept>
      <concept>
        <code value="05"/>
        <display value="Etre accompagné dans la vie citoyenne"/>
        <designation>
          <use>
            <code value="OID"/>
          </use>
          <value value="urn:oid:1.2.250.1.213.3.3.74"/>
        </designation>
      </concept>
      <concept>
        <code value="06"/>
        <display value="Assurer sa sécurité"/>
        <designation>
          <use>
            <code value="OID"/>
          </use>
          <value value="urn:oid:1.2.250.1.213.3.3.74"/>
        </designation>
      </concept>
    </include>
    <include>
      <system value="https://mos.esante.gouv.fr/NOS/TRE_R302-ContexteCodeComplementaire/FHIR/TRE-R302-ContexteCodeComplementaire"/>
      <concept>
        <code value="02"/>
        <display value="Autre"/>
        <designation>
          <use>
            <code value="OID"/>
          </use>
          <value value="urn:oid:1.2.250.1.213.3.3.70"/>
        </designation>
      </concept>
    </include>
  </compose>
</ValueSet>