<?xml version="1.0" encoding="UTF-8"?>

<ValueSet xmlns="http://hl7.org/fhir">
  <id value="JDV-J118-CategorieProfessionnelle-ENREG"/>
  <text>
    <status value="generated"/><div xmlns="http://www.w3.org/1999/xhtml"><p class="res-header-id"><b>Generated Narrative: ValueSet JDV-J118-CategorieProfessionnelle-ENREG</b></p><a name="JDV-J118-CategorieProfessionnelle-ENREG"> </a><a name="hcJDV-J118-CategorieProfessionnelle-ENREG"> </a><a name="JDV-J118-CategorieProfessionnelle-ENREG-en-US"> </a><ul><li>Include these codes as defined in <a href="CodeSystem-TRE-R09-CategorieProfessionnelle.html"><code>https://mos.esante.gouv.fr/NOS/TRE_R09-CategorieProfessionnelle/FHIR/TRE-R09-CategorieProfessionnelle</code></a><table class="none"><tr><td style="white-space:nowrap"><b>Code</b></td><td><b>Display</b></td></tr><tr><td><a href="CodeSystem-TRE-R09-CategorieProfessionnelle.html#TRE-R09-CategorieProfessionnelle-C">C</a></td><td>Civil</td></tr><tr><td><a href="CodeSystem-TRE-R09-CategorieProfessionnelle.html#TRE-R09-CategorieProfessionnelle-E">E</a></td><td>Etudiant</td></tr><tr><td><a href="CodeSystem-TRE-R09-CategorieProfessionnelle.html#TRE-R09-CategorieProfessionnelle-F">F</a></td><td>Fonctionnaire</td></tr><tr><td><a href="CodeSystem-TRE-R09-CategorieProfessionnelle.html#TRE-R09-CategorieProfessionnelle-M">M</a></td><td>Agent public</td></tr></table></li></ul></div>
  </text>
  <extension url="http://hl7.org/fhir/StructureDefinition/resource-effectivePeriod">
    <valuePeriod>
      <start value="2020-05-29T12:00:00+01:00"/>
    </valuePeriod>
  </extension>
  <url value="https://mos.esante.gouv.fr/NOS/JDV_J118-CategorieProfessionnelle-ENREG/FHIR/JDV-J118-CategorieProfessionnelle-ENREG"/>
  <identifier>
    <value value="urn:oid:1.2.250.1.213.1.6.1.189"/>
  </identifier>
  <version value="1.2.0"/>
  <name value="JDV_J118-CategorieProfessionnelle-ENREG"/>
  <status value="active"/>
  <date value="2024-04-26T12:00:00+01:00"/>
  <publisher value="ANS"/>
  <contact>
    <name value="ANS"/>
    <telecom>
      <system value="url"/>
      <value value="https://esante.gouv.fr"/>
    </telecom>
  </contact>
  <description value="Catégorie professionnelle pour ENREG"/>
  <compose>
    <include>
      <system value="https://mos.esante.gouv.fr/NOS/TRE_R09-CategorieProfessionnelle/FHIR/TRE-R09-CategorieProfessionnelle"/>
      <concept>
        <code value="C"/>
        <display value="Civil"/>
        <designation>
          <use>
            <code value="OID"/>
          </use>
          <value value="urn:oid:1.2.250.1.213.1.6.1.10"/>
        </designation>
      </concept>
      <concept>
        <code value="E"/>
        <display value="Etudiant"/>
        <designation>
          <use>
            <code value="OID"/>
          </use>
          <value value="urn:oid:1.2.250.1.213.1.6.1.10"/>
        </designation>
      </concept>
      <concept>
        <code value="F"/>
        <display value="Fonctionnaire"/>
        <designation>
          <use>
            <code value="OID"/>
          </use>
          <value value="urn:oid:1.2.250.1.213.1.6.1.10"/>
        </designation>
      </concept>
      <concept>
        <code value="M"/>
        <display value="Agent public"/>
        <designation>
          <use>
            <code value="OID"/>
          </use>
          <value value="urn:oid:1.2.250.1.213.1.6.1.10"/>
        </designation>
      </concept>
    </include>
  </compose>
</ValueSet>