<?xml version="1.0" encoding="UTF-8"?>

<ValueSet xmlns="http://hl7.org/fhir">
  <id value="JDV-J26-ModeGestion-ROR"/>
  <text>
    <status value="generated"/><div xmlns="http://www.w3.org/1999/xhtml"><ul><li>Include these codes as defined in <a href="CodeSystem-TRE-R236-ModeGestion.html"><code>https://mos.esante.gouv.fr/NOS/TRE_R236-ModeGestion/FHIR/TRE-R236-ModeGestion</code></a><table class="none"><tr><td style="white-space:nowrap"><b>Code</b></td><td><b>Display</b></td></tr><tr><td><a href="CodeSystem-TRE-R236-ModeGestion.html#TRE-R236-ModeGestion-01">01</a></td><td>Prestataire</td></tr><tr><td><a href="CodeSystem-TRE-R236-ModeGestion.html#TRE-R236-ModeGestion-02">02</a></td><td>Mandataire</td></tr></table></li></ul></div>
  </text>
  <extension url="http://hl7.org/fhir/StructureDefinition/resource-effectivePeriod">
    <valuePeriod>
      <start value="2017-10-13T12:00:00+01:00"/>
    </valuePeriod>
  </extension>
  <url value="https://mos.esante.gouv.fr/NOS/JDV_J26-ModeGestion-ROR/FHIR/JDV-J26-ModeGestion-ROR"/>
  <identifier>
    <value value="urn:oid:1.2.250.1.213.3.3.24"/>
  </identifier>
  <version value="1.1.0"/>
  <name value="JDV_J26-ModeGestion-ROR"/>
  <status value="active"/>
  <date value="2020-04-24T12:00:00+01:00"/>
  <publisher value="ANS"/>
  <contact>
    <name value="ANS"/>
    <telecom>
      <system value="url"/>
      <value value="https://esante.gouv.fr"/>
    </telecom>
  </contact>
  <description value="Mode gestion - ROR"/>
  <compose>
    <include>
      <system value="https://mos.esante.gouv.fr/NOS/TRE_R236-ModeGestion/FHIR/TRE-R236-ModeGestion"/>
      <concept>
        <code value="01"/>
        <display value="Prestataire"/>
        <designation>
          <use>
            <code value="OID"/>
          </use>
          <value value="urn:oid:1.2.250.1.213.3.3.23"/>
        </designation>
      </concept>
      <concept>
        <code value="02"/>
        <display value="Mandataire"/>
        <designation>
          <use>
            <code value="OID"/>
          </use>
          <value value="urn:oid:1.2.250.1.213.3.3.23"/>
        </designation>
      </concept>
    </include>
  </compose>
</ValueSet>