<?xml version="1.0" encoding="UTF-8"?>

<ValueSet xmlns="http://hl7.org/fhir">
  <id value="JDV-J15-ClasseAge-ROR"/>
  <text>
    <status value="generated"/><div xmlns="http://www.w3.org/1999/xhtml"><p class="res-header-id"><b>Generated Narrative: ValueSet JDV-J15-ClasseAge-ROR</b></p><a name="JDV-J15-ClasseAge-ROR"> </a><a name="hcJDV-J15-ClasseAge-ROR"> </a><a name="JDV-J15-ClasseAge-ROR-en-US"> </a><ul><li>Include these codes as defined in <a href="CodeSystem-TRE-R208-ClasseAge.html"><code>https://mos.esante.gouv.fr/NOS/TRE_R208-ClasseAge/FHIR/TRE-R208-ClasseAge</code></a><table class="none"><tr><td style="white-space:nowrap"><b>Code</b></td><td><b>Display</b></td></tr><tr><td><a href="CodeSystem-TRE-R208-ClasseAge.html#TRE-R208-ClasseAge-01">01</a></td><td>Nouveau né, jusqu'à 28 jours</td></tr><tr><td><a href="CodeSystem-TRE-R208-ClasseAge.html#TRE-R208-ClasseAge-02">02</a></td><td>Nourrisson, avant 2 ans</td></tr><tr><td><a href="CodeSystem-TRE-R208-ClasseAge.html#TRE-R208-ClasseAge-03">03</a></td><td>Enfant, avant 12 ans</td></tr><tr><td><a href="CodeSystem-TRE-R208-ClasseAge.html#TRE-R208-ClasseAge-04">04</a></td><td>Adolescent, avant 16 ans</td></tr><tr><td><a href="CodeSystem-TRE-R208-ClasseAge.html#TRE-R208-ClasseAge-05">05</a></td><td>Jeune adulte, 16-21 ans</td></tr><tr><td><a href="CodeSystem-TRE-R208-ClasseAge.html#TRE-R208-ClasseAge-06">06</a></td><td>Adulte, avant 65 ans</td></tr><tr><td><a href="CodeSystem-TRE-R208-ClasseAge.html#TRE-R208-ClasseAge-10">10</a></td><td>Sénior, 65-75 ans</td></tr><tr><td><a href="CodeSystem-TRE-R208-ClasseAge.html#TRE-R208-ClasseAge-11">11</a></td><td>Sénior, 75 ans et plus</td></tr></table></li></ul></div>
  </text>
  <extension url="http://hl7.org/fhir/StructureDefinition/resource-effectivePeriod">
    <valuePeriod>
      <start value="2016-09-01T00:00:00+01:00"/>
    </valuePeriod>
  </extension>
  <url value="https://mos.esante.gouv.fr/NOS/JDV_J15-ClasseAge-ROR/FHIR/JDV-J15-ClasseAge-ROR"/>
  <identifier>
    <value value="urn:oid:1.2.250.1.213.3.4.3"/>
  </identifier>
  <version value="1.5.0"/>
  <name value="JDV_J15-ClasseAge-ROR"/>
  <status value="active"/>
  <date value="2020-04-24T12:00:00+01:00"/>
  <publisher value="ANS"/>
  <contact>
    <name value="ANS"/>
    <telecom>
      <system value="url"/>
      <value value="https://esante.gouv.fr"/>
    </telecom>
  </contact>
  <description value="Classe d'âge - ROR"/>
  <compose>
    <include>
      <system value="https://mos.esante.gouv.fr/NOS/TRE_R208-ClasseAge/FHIR/TRE-R208-ClasseAge"/>
      <concept>
        <code value="01"/>
        <display value="Nouveau né, jusqu'à 28 jours"/>
        <designation>
          <use>
            <code value="OID"/>
          </use>
          <value value="urn:oid:1.2.250.1.213.3.3.9"/>
        </designation>
      </concept>
      <concept>
        <code value="02"/>
        <display value="Nourrisson, avant 2 ans"/>
        <designation>
          <use>
            <code value="OID"/>
          </use>
          <value value="urn:oid:1.2.250.1.213.3.3.9"/>
        </designation>
      </concept>
      <concept>
        <code value="03"/>
        <display value="Enfant, avant 12 ans"/>
        <designation>
          <use>
            <code value="OID"/>
          </use>
          <value value="urn:oid:1.2.250.1.213.3.3.9"/>
        </designation>
      </concept>
      <concept>
        <code value="04"/>
        <display value="Adolescent, avant 16 ans"/>
        <designation>
          <use>
            <code value="OID"/>
          </use>
          <value value="urn:oid:1.2.250.1.213.3.3.9"/>
        </designation>
      </concept>
      <concept>
        <code value="05"/>
        <display value="Jeune adulte, 16-21 ans"/>
        <designation>
          <use>
            <code value="OID"/>
          </use>
          <value value="urn:oid:1.2.250.1.213.3.3.9"/>
        </designation>
      </concept>
      <concept>
        <code value="06"/>
        <display value="Adulte, avant 65 ans"/>
        <designation>
          <use>
            <code value="OID"/>
          </use>
          <value value="urn:oid:1.2.250.1.213.3.3.9"/>
        </designation>
      </concept>
      <concept>
        <code value="10"/>
        <display value="Sénior, 65-75 ans"/>
        <designation>
          <use>
            <code value="OID"/>
          </use>
          <value value="urn:oid:1.2.250.1.213.3.3.9"/>
        </designation>
      </concept>
      <concept>
        <code value="11"/>
        <display value="Sénior, 75 ans et plus"/>
        <designation>
          <use>
            <code value="OID"/>
          </use>
          <value value="urn:oid:1.2.250.1.213.3.3.9"/>
        </designation>
      </concept>
    </include>
  </compose>
</ValueSet>