Source File	Size	loadResources	load	generateSnapshots	load-configure	scan	loadDepInfo	loadInfo	checkR4R4B	generateNarratives	validate	loadLists	checkConformanceResources	checkConformanceResources2	checkConformanceResources3	generateLogicalMaps	validateExpressions	scanForUsageStats	checkURLsUnique	processProvenanceDetails	generate1	generate2	generateLogicals	makeDependencies	generateExampleZip	generateValidationPack	scanProfilesForR5	scanExamplesForR5
/fsh-generated/resources/ImplementationGuide-ans.fr.nos.json	142965	-	0	0	0	0	0	0	14	429	0	0	0	0	0	0	0	4	0	0	389	1009	0	0	0	29	0	2
input/NOS/JDV_J01-XdsAuthorSpecialty-CISIS-FHIR.json	137258	15	0	0	0	0	0	1	11	338	0	0	0	0	0	0	0	0	0	0	277	3059	0	0	0	9	0	2
input/NOS/JDV_J02-XdsHealthcareFacilityTypeCode-CISIS-FHIR.json	24138	9	0	0	0	0	0	0	1	186	0	0	0	0	0	0	0	0	0	0	58	227	0	0	0	1	0	0
input/NOS/JDV_J03-XdsContentTypeCode-CISIS-FHIR.json	34686	5	0	0	0	0	0	0	2	253	0	0	0	0	0	0	0	1	0	0	75	280	0	0	0	2	1	0
input/NOS/JDV_J04-XdsPracticeSettingCode-CISIS-FHIR.json	4977	4	0	0	0	0	0	0	0	211	0	0	0	0	0	0	0	0	0	0	26	93	0	0	0	0	0	1
input/NOS/JDV_J05-SubjectRole-CISIS-FHIR.json	149460	10	0	0	0	0	0	0	7	237	0	0	0	0	0	0	0	0	0	0	235	938	0	0	0	9	0	0
input/NOS/JDV_J06-XdsClassCode-CISIS-FHIR.json	5153	4	0	0	1	0	0	0	0	180	0	0	0	0	0	0	0	0	0	0	28	77	0	0	0	0	0	0
input/NOS/JDV_J07-XdsTypeCode-CISIS-FHIR.json	40098	5	0	0	0	0	0	0	2	361	0	0	0	0	0	0	0	1	0	0	83	603	0	0	0	2	0	0
input/NOS/JDV_J08-XdsConfidentialityCode-CISIS-FHIR.json	3066	4	0	0	0	0	0	0	0	191	0	0	0	0	0	0	0	0	0	0	25	60	0	0	0	0	0	0
input/NOS/JDV_J10-XdsFormatCode-CISIS-FHIR.json	24996	4	0	0	0	0	0	0	1	178	0	0	0	0	0	0	0	0	0	0	61	176	0	0	0	2	0	0
input/NOS/JDV_J100-FinessStatutJuridique-RASS-FHIR.json	27622	5	0	0	0	0	0	0	1	181	0	0	0	0	0	0	0	0	0	0	44	218	0	0	0	2	0	0
input/NOS/JDV_J101-SecteurActivite-RASS-FHIR.json	22934	4	0	0	0	0	0	0	1	176	0	0	0	0	0	0	0	0	0	0	45	270	0	0	0	1	0	1
input/NOS/JDV_J103-TypeVoie-RASS-FHIR.json	56784	8	0	0	0	0	0	0	3	179	0	0	0	0	0	0	0	0	0	0	74	357	0	0	0	2	0	0
input/NOS/JDV_J104-TypeIdentifiantStructure-RASS-FHIR.json	2468	6	0	0	0	0	0	0	0	167	0	0	0	0	0	0	0	0	0	0	14	57	0	0	0	0	0	0
input/NOS/JDV_J105-EnsembleDiplome-RASS-FHIR.json	266086	18	0	0	0	0	0	0	11	230	0	0	0	0	0	0	0	2	0	0	337	1526	0	0	0	25	0	1
input/NOS/JDV_J106-EnsembleProfession-RASS-FHIR.json	10762	5	0	0	0	0	0	0	1	180	0	0	0	0	0	0	0	0	0	0	27	86	0	0	0	1	0	0
input/NOS/JDV_J107-EnsembleSavoirFaire-RASS-FHIR.json	90807	7	0	0	0	0	0	0	4	198	0	0	0	0	0	0	0	0	0	0	116	497	0	0	0	7	0	0
input/NOS/JDV_J108-EnsembleFonction-RASS-FHIR.json	39164	5	0	0	0	0	0	0	2	182	0	0	0	0	0	0	0	0	0	0	60	258	0	0	0	3	0	0
input/NOS/JDV_J11-RelationPatient-CISIS-FHIR.json	12731	4	0	0	1	0	0	0	1	171	0	0	0	0	0	0	0	0	0	0	26	109	0	0	0	1	0	0
input/NOS/JDV_J110-StatutVisibiliteDocument-CISIS-FHIR.json	2721	4	0	0	0	0	0	0	0	188	0	0	0	0	0	0	0	0	0	0	16	49	0	0	0	0	0	0
input/NOS/JDV_J111-StatutEtatCivil-ENREG-FHIR.json	3487	5	0	0	0	0	0	0	0	167	0	0	0	0	0	0	0	0	0	0	16	61	0	0	0	1	0	0
input/NOS/JDV_J112-SexeAdministratif-ENREG-FHIR.json	1488	6	0	0	0	0	0	0	0	163	0	0	0	0	0	0	0	0	0	0	14	46	0	0	0	0	0	0
input/NOS/JDV_J113-Civilite-ENREG-FHIR.json	1433	4	0	0	0	0	0	0	0	169	0	0	0	0	0	0	0	1	0	0	14	46	0	0	0	0	0	0
input/NOS/JDV_J114-Pays-ENREG-FHIR.json	66291	6	0	0	0	1	0	0	4	180	0	0	0	0	0	0	0	0	0	0	75	78	0	0	0	4	0	1
input/NOS/JDV_J115-Langue-ENREG-FHIR.json	57704	6	0	0	0	0	0	0	3	179	0	0	0	0	0	0	0	0	0	0	63	328	0	0	0	4	0	0
input/NOS/JDV_J116-GenreActivite-ENREG-FHIR.json	3657	4	0	0	0	0	0	0	0	180	0	0	0	0	0	0	0	0	0	0	17	43	0	0	0	0	0	0
input/NOS/JDV_J117-ModeExercice-ENREG-FHIR.json	1807	4	0	0	0	0	0	0	0	187	0	0	0	0	0	0	0	0	0	0	14	41	0	0	0	1	0	0
input/NOS/JDV_J118-CategorieProfessionnelle-ENREG-FHIR.json	2164	3	0	0	0	0	0	0	0	180	0	0	0	0	0	0	0	0	0	0	13	48	0	0	0	0	0	0
input/NOS/JDV_J119-TypeActiviteLiberale-ENREG-FHIR.json	2873	4	0	0	0	0	0	0	0	168	0	0	0	0	0	0	0	0	0	0	15	45	0	0	0	0	0	0
input/NOS/JDV_J121-RolePriseCharge-ENREG-FHIR.json	19822	4	0	0	1	0	0	0	1	172	0	0	0	0	0	0	0	0	0	0	40	149	0	0	0	2	0	0
input/NOS/JDV_J122-Profession-ENREG-FHIR.json	1374	4	0	0	0	0	0	0	1	170	0	0	0	0	0	0	0	0	0	0	13	42	0	0	0	0	0	0
input/NOS/JDV_J123-Pays-MDPH-FHIR.json	66798	6	0	0	0	0	0	0	3	178	0	0	0	0	0	0	0	1	0	0	72	76	0	0	0	4	0	0
input/NOS/JDV_J125-MotifRejet-ENREG-FHIR.json	1911	3	0	0	0	0	0	0	0	164	0	0	0	0	0	0	0	0	0	0	13	46	0	0	0	1	0	0
input/NOS/JDV_J126-SecteurActivite-ENREG-FHIR.json	11778	4	0	0	0	0	0	0	0	182	0	0	0	0	0	0	0	0	0	0	26	104	0	0	0	1	0	0
input/NOS/JDV_J127-StatutJuridique-ENREG-FHIR.json	20433	7	0	0	0	0	0	0	1	188	0	0	0	0	0	0	0	0	0	0	34	136	0	0	0	1	0	0
input/NOS/JDV_J128-TypeCarte-RASS-FHIR.json	2214	4	0	0	0	0	0	0	0	163	0	0	0	0	0	0	0	0	0	0	14	35	0	0	0	0	0	0
input/NOS/JDV_J129-CategorieEtablissement-RASS-FHIR.json	104924	7	0	0	0	0	0	0	5	197	0	0	0	0	0	0	0	0	0	0	132	563	0	0	0	8	0	1
input/NOS/JDV_J13-ResponsableConsent-CISIS-FHIR.json	8409	4	0	0	0	0	0	0	0	171	0	0	0	0	0	0	0	1	0	0	20	63	0	0	0	1	0	0
input/NOS/JDV_J130-CNAMAmeliSecteurConventionnement-RASS-FHIR.json	2311	4	0	0	0	0	0	0	1	171	0	0	0	0	0	0	0	0	0	0	15	34	0	0	0	0	0	0
input/NOS/JDV_J131-CategorieActiviteSanitaireRegulee-RASS-FHIR.json	2044	4	0	0	0	0	0	0	0	169	0	0	0	0	0	0	0	0	0	0	16	37	0	0	0	1	0	0
input/NOS/JDV_J132-ModaliteActivite-RASS-FHIR.json	62186	5	0	0	0	0	0	0	2	191	0	0	0	0	0	0	0	0	0	0	80	306	0	0	0	4	0	0
input/NOS/JDV_J133-ActiviteSanitaireRegulee-RASS-FHIR.json	23156	4	0	0	1	0	0	0	1	179	0	0	0	0	0	0	0	0	0	0	37	136	0	0	0	1	0	0
input/NOS/JDV_J134-FormeActivite-RASS-FHIR.json	14118	4	0	0	0	0	0	0	1	171	0	0	0	0	0	0	0	0	0	0	29	86	0	0	0	1	0	0
input/NOS/JDV_J135-EquipementMaterielLourd-RASS-FHIR.json	3651	3	0	0	0	0	0	0	0	169	0	0	0	0	0	0	0	0	0	0	17	50	0	0	0	1	0	0
input/NOS/JDV_J136-DisciplineEquipementSocial-RASS-FHIR.json	31805	5	0	0	0	0	0	0	2	174	0	0	0	0	0	0	0	0	0	0	48	166	0	0	0	1	0	0
input/NOS/JDV_J137-Clientele-RASS-FHIR.json	28050	5	0	0	0	0	0	0	1	177	0	0	0	0	0	0	0	0	0	0	42	160	0	0	0	2	0	0
input/NOS/JDV_J138-TypeActivite-RASS-FHIR.json	14659	4	0	0	0	0	0	0	1	179	0	0	0	0	0	0	0	0	0	0	27	99	0	1	0	1	0	0
input/NOS/JDV_J139-TypeBAL-RASS-FHIR.json	2146	3	0	0	0	0	0	0	0	171	0	0	0	0	0	0	0	0	0	0	13	31	0	0	0	1	0	1
input/NOS/JDV_J14-QualiteRepresentantLegal-CISIS-FHIR.json	14656	4	0	0	0	0	0	0	0	192	0	0	0	0	0	0	0	1	0	0	26	91	0	0	0	1	0	0
input/NOS/JDV_J140-EncounterParticipationType-CISIS-FHIR.json	2881	4	0	0	0	0	0	0	1	181	0	0	0	0	0	0	0	0	0	0	14	48	0	0	0	0	0	0
input/NOS/JDV_J141-RoleClass-CISIS-FHIR.json	1510	4	0	0	0	0	0	0	0	170	0	0	0	0	0	0	0	0	0	0	12	35	0	0	0	0	0	0
input/NOS/JDV_J142-TypeRencontre-CISIS-FHIR.json	3763	3	0	0	1	0	0	0	0	169	0	0	0	0	0	0	0	0	0	0	16	36	0	0	0	1	0	0
input/NOS/JDV_J143-AdministrativeGender-CISIS-FHIR.json	1825	4	0	0	0	0	0	0	0	170	0	0	0	0	0	0	0	0	0	0	14	39	0	0	0	0	0	0
input/NOS/JDV_J144-ParticipationType-CISIS-FHIR.json	3115	4	0	0	0	0	0	0	0	169	0	0	0	0	0	0	0	0	0	0	16	36	0	0	0	0	0	0
input/NOS/JDV_J145-MethodBodyWeight-ENS-FHIR.json	1183	3	0	0	0	0	0	0	0	945	0	0	0	0	0	0	0	0	0	0	13	33	0	0	0	0	0	0
input/NOS/JDV_J146-MethodBodyHeight-ENS-FHIR.json	1914	4	0	0	0	0	0	0	0	932	0	0	0	0	0	0	0	0	0	0	14	6037	0	0	0	1	0	0
input/NOS/JDV_J147-MethodHeartrate-ENS-FHIR.json	2581	4	0	0	0	0	0	0	0	803	0	0	0	0	0	0	0	0	0	0	13	6921	0	0	0	0	0	0
input/NOS/JDV_J148-ReferenceRangeAppliesTo-CISIS-FHIR.json	2024	4	0	0	0	0	0	0	1	342	0	0	0	0	0	0	0	0	0	0	14	27	0	0	0	0	0	0
input/NOS/JDV_J149-BodySiteBP-ENS-FHIR.json	1451	6	0	0	0	0	0	0	0	342	0	0	0	0	0	0	0	0	0	0	13	233	0	0	0	1	0	0
input/NOS/JDV_J15-ClasseAge-ROR-FHIR.json	3361	4	0	0	0	0	0	0	0	168	0	0	0	0	0	0	0	0	0	0	15	43	0	0	0	0	0	0
input/NOS/JDV_J150-MethodBP-ENS-FHIR.json	2192	4	0	0	0	0	0	0	0	318	0	0	0	0	0	0	0	0	0	0	14	47	0	0	0	0	0	0
input/NOS/JDV_J152-MethodBodyTemperature-ENS-FHIR.json	1550	3	0	0	0	0	0	0	0	355	0	0	0	0	0	0	0	0	0	0	12	34	0	0	0	0	0	0
input/NOS/JDV_J154-TypeGlucose-ENS-FHIR.json	2000	4	0	0	0	0	0	0	0	761	0	0	0	0	0	0	0	0	0	0	14	588	0	0	0	1	0	0
input/NOS/JDV_J155-MethodGlucoseSanguin-ENS-FHIR.json	1666	4	0	0	0	0	0	0	0	748	0	0	0	0	0	0	0	0	0	0	14	7029	0	0	0	0	0	0
input/NOS/JDV_J156-MethodGlucoseInterstitiel-ENS-FHIR.json	1245	3	0	0	1	0	0	0	0	345	0	0	0	0	0	0	0	0	0	0	13	30	0	0	0	0	0	0
input/NOS/JDV_J157-MomentGlucose-ENS-FHIR.json	2960	5	0	0	0	0	0	0	0	703	0	0	0	0	0	0	0	0	0	0	16	579	0	0	0	1	0	0
input/NOS/JDV_J158-MethodStepsByDay-ENS-FHIR.json	1914	3	0	0	0	0	0	0	1	325	0	0	0	0	0	0	0	0	0	0	13	38	0	0	0	0	0	0
input/NOS/JDV_J159-MethodPainSeverity-ENS-FHIR.json	1875	4	0	0	0	0	0	0	0	523	0	0	0	0	0	0	0	0	0	0	12	373	0	0	0	0	0	0
input/NOS/JDV_J16-ActeSpecifique-ROR-FHIR.json	399069	19	0	0	0	0	0	0	16	301	0	0	0	0	0	0	0	2	0	0	516	1897	0	0	0	36	0	1
input/NOS/JDV_J161-Lateralite-CISIS-FHIR.json	2069	4	0	0	0	0	0	0	1	281	0	0	0	0	0	0	0	0	0	0	16	216	0	0	0	1	0	0
input/NOS/JDV_J162-ESPIC-RASS-FHIR.json	3794	4	0	0	0	0	0	0	0	169	0	0	0	0	0	0	0	0	0	0	14	40	0	0	0	0	0	0
input/NOS/JDV_J163-GlucoseUnits-ENS-FHIR.json	1501	3	0	0	0	0	0	0	0	337	0	0	0	0	0	0	0	0	0	0	12	206	0	0	0	1	0	0
input/NOS/JDV_J164-GlucoseNumberOfDays-ENS-FHIR.json	2564	4	0	0	0	0	0	0	0	475	0	0	0	0	0	0	0	0	0	0	13	338	0	0	0	0	0	0
input/NOS/JDV_J165-TypeCreneau-SAS-FHIR.json	2423	3	0	0	0	0	0	0	0	197	0	0	0	0	0	0	0	0	0	0	14	32	0	0	0	0	0	0
input/NOS/JDV_J166-Profession-EPARS-FHIR.json	8179	4	0	0	0	0	0	0	1	176	0	0	0	0	0	0	0	0	0	0	21	52	0	0	0	0	0	0
input/NOS/JDV_J167-DepartementOM-EPARS-FHIR.json	34581	5	0	0	0	0	0	0	1	171	0	0	0	0	0	0	0	0	0	0	44	33	0	0	0	2	0	0
input/NOS/JDV_J168-Pays-EPARS-FHIR.json	69026	6	0	0	0	0	0	0	3	177	0	0	0	0	0	0	0	0	0	0	76	43	0	0	0	3	0	1
input/NOS/JDV_J169-MotifFinActivite-EPARS-FHIR.json	3756	4	0	0	0	0	0	0	0	170	0	0	0	0	0	0	0	0	0	0	15	45	0	0	0	0	0	0
input/NOS/JDV_J17-ActiviteOperationnelle-ROR-FHIR.json	171444	12	0	0	1	0	0	0	7	218	0	0	0	0	0	0	0	1	0	0	253	875	0	0	0	13	0	0
input/NOS/JDV_J170-AutoriteEnregistrement-EPARS-FHIR.json	7129	4	0	0	0	0	0	0	1	172	0	0	0	0	0	0	0	0	0	0	20	48	0	0	0	0	0	0
input/NOS/JDV_J171-TypeAutorisation-EPARS-FHIR.json	8581	3	0	0	0	0	0	0	0	166	0	0	0	0	0	0	0	0	0	0	23	61	0	0	0	0	0	0
input/NOS/JDV_J172-SecteurActivite-EPARS-FHIR.json	21929	5	0	0	0	0	0	0	1	188	0	0	0	0	0	0	0	1	0	0	36	128	0	0	0	1	0	0
input/NOS/JDV_J173-FinessStatutJuridique-EPARS-FHIR.json	27612	4	0	0	0	0	0	0	1	173	0	0	0	0	0	0	0	0	0	0	44	166	0	0	0	2	0	1
input/NOS/JDV_J176-SituationVieQuotidienne-MDPH-FHIR.json	2678	4	0	0	1	0	0	0	1	179	0	0	0	0	0	0	0	0	0	0	15	34	0	0	0	0	0	0
input/NOS/JDV_J177-BesoinAideMobilite-MDPH-FHIR.json	3369	4	0	0	0	0	0	0	0	182	0	0	0	0	0	0	0	0	0	0	16	41	0	0	0	0	0	0
input/NOS/JDV_J178-BesoinAideVieSociale-MDPH-FHIR.json	3370	3	0	0	0	0	0	0	0	175	0	0	0	0	0	0	0	0	0	0	16	48	0	0	0	1	0	0
input/NOS/JDV_J179-BesoinCommunication-MDPH-FHIR.json	2415	4	0	0	0	0	0	0	0	174	0	0	0	0	0	0	0	0	0	0	15	35	0	0	0	0	0	0
input/NOS/JDV_J18-EquipementSpecifique-ROR-FHIR.json	52380	5	0	0	0	0	0	0	2	186	0	0	0	0	0	0	0	0	0	0	121	324	0	0	0	3	0	0
input/NOS/JDV_J180-BesoinEntretienPersonnel-MDPH-FHIR.json	2756	4	0	0	1	0	0	0	1	160	0	0	0	0	0	0	0	0	0	0	16	35	0	0	0	0	0	0
input/NOS/JDV_J181-BesoinMobilite-MDPH-FHIR.json	2431	3	0	0	0	0	0	0	0	168	0	0	0	0	0	0	0	0	0	0	14	31	0	0	0	0	0	0
input/NOS/JDV_J182-BesoinScolarite-MDPH-FHIR.json	3367	4	0	0	0	0	0	0	0	181	0	0	0	0	0	0	0	0	0	0	16	36	0	0	0	0	0	0
input/NOS/JDV_J183-Diplome-EPARS-FHIR.json	27683	5	0	0	0	0	0	0	1	200	0	0	0	0	0	0	0	0	0	0	58	163	0	0	0	2	0	0
input/NOS/JDV_J185-TypeFermeture-ROR-FHIR.json	1513	3	0	0	0	0	0	0	0	179	0	0	0	0	0	0	0	0	0	0	13	27	0	0	0	0	0	0
input/NOS/JDV_J186-ProfessionRessource-ROR-FHIR.json	48171	6	0	0	0	0	0	0	2	187	0	0	0	0	0	0	0	0	0	0	64	279	0	0	0	2	0	0
input/NOS/JDV_J187-NatureCapacite-ROR-FHIR.json	1512	4	0	0	0	0	0	0	0	179	0	0	0	0	0	0	0	0	0	0	12	30	0	0	0	1	0	0
input/NOS/JDV_J188-TypeStatutCapacite-ROR-FHIR.json	2755	4	0	0	0	0	0	0	0	177	0	0	0	0	0	0	0	0	0	0	15	36	0	0	0	0	0	0
input/NOS/JDV_J189-TemporaliteCapacite-ROR-FHIR.json	2701	3	0	0	1	0	0	0	0	169	0	0	0	0	0	0	0	1	0	0	14	32	0	0	0	0	0	0
input/NOS/JDV_J19-ModePriseEnCharge-ROR-FHIR.json	12950	4	0	0	0	0	0	0	1	160	0	0	0	0	0	0	0	0	0	0	26	93	0	0	0	1	0	0
input/NOS/JDV_J190-GenreCapacite-ROR-FHIR.json	2158	4	0	0	0	0	0	0	0	159	0	0	0	0	0	0	0	0	0	0	14	28	0	0	0	0	0	0
input/NOS/JDV_J191-TypeFermetureCapacite-ROR-FHIR.json	2000	4	0	0	0	0	0	0	0	180	0	0	0	0	0	0	0	0	0	0	13	28	0	0	0	0	0	0
input/NOS/JDV_J192-TypeLitSupplementaire-ROR-FHIR.json	2067	4	0	0	0	0	0	0	0	169	0	0	0	0	0	0	0	0	0	0	14	49	0	0	0	0	0	0
input/NOS/JDV_J193-TypeSourceCapacite-ROR-FHIR.json	2241	3	0	0	0	0	0	0	1	179	0	0	0	0	0	0	0	0	0	0	14	31	0	0	0	0	0	0
input/NOS/JDV_J194-TypeCrise-ROR-FHIR.json	1567	5	0	0	0	0	0	0	0	178	0	0	0	0	0	0	0	0	0	0	13	27	0	0	0	1	0	0
input/NOS/JDV_J195-AffectationTemporaire-ROR-FHIR.json	2036	5	0	0	1	0	0	0	0	170	0	0	0	0	0	0	0	0	0	0	13	28	0	0	0	0	0	0
input/NOS/JDV_J196-StatutCommunication-ROR-FHIR.json	1301	3	0	0	0	0	0	0	0	167	0	0	0	0	0	0	0	0	0	0	13	26	0	0	0	0	0	0
input/NOS/JDV_J197-XdsTypesIdentifiantsReferenceId-CISIS-FHIR.json	3442	4	0	0	0	0	0	0	0	169	0	0	0	0	0	0	0	0	0	0	56	34	0	0	0	0	0	0
input/NOS/JDV_J198-FonctionLieu-ROR-FHIR.json	1195	4	0	0	0	0	0	0	0	169	0	0	0	0	0	0	0	0	0	0	12	31	0	0	0	0	0	0
input/NOS/JDV_J199-StatutJuridique-ROR-FHIR.json	27589	4	0	0	0	0	0	0	1	181	0	0	0	0	0	0	0	0	0	0	43	164	0	0	0	1	0	0
input/NOS/JDV_J20-ChampActivite-ROR-FHIR.json	2447	4	0	0	0	0	0	0	0	158	0	0	0	0	0	0	0	0	0	0	14	36	0	0	0	1	0	0
input/NOS/JDV_J200-SousEnsembleAgregatStatutJuridique-ROR-FHIR.json	2661	4	0	0	0	0	1	0	0	178	0	0	0	0	0	0	0	0	0	0	15	33	0	0	0	0	0	1
input/NOS/JDV_J201-TypeFermeture-ROR-FHIR.json	2790	3	0	0	0	0	0	0	1	186	0	0	0	0	0	0	0	0	0	0	14	43	0	0	0	0	0	0
input/NOS/JDV_J202-ESPIC-ROR-FHIR.json	3773	4	0	0	0	0	0	0	0	187	0	0	0	0	0	0	0	0	0	0	15	49	0	0	0	0	0	0
input/NOS/JDV_J203-TypeOrganisationInterne-ROR-FHIR.json	2994	4	0	0	0	0	0	0	0	168	0	0	0	0	0	0	0	0	0	0	15	36	0	0	0	0	0	0
input/NOS/JDV_J204-NiveauRecoursORSAN-ROR-FHIR.json	1556	3	0	0	0	0	0	0	0	169	0	0	0	0	0	0	0	0	0	0	13	28	0	0	0	1	0	0
input/NOS/JDV_J205-UnitePrix-ROR-FHIR.json	2052	4	0	0	0	0	0	0	0	167	0	0	0	0	0	0	0	0	0	0	13	32	0	0	0	0	0	0
input/NOS/JDV_J206-PrestationNonObligatoireIncluse-ROR-FHIR.json	4807	4	0	0	0	0	0	0	0	169	0	0	0	0	0	0	0	0	0	0	17	46	0	0	0	0	0	0
input/NOS/JDV_J207-Civilite-ROR-FHIR.json	1724	3	0	0	0	0	0	0	0	178	0	0	0	0	0	0	0	0	0	0	21	31	0	0	0	0	0	0
input/NOS/JDV_J208-CiviliteExercice-ROR-FHIR.json	2735	4	0	0	1	0	0	0	1	168	0	0	0	0	0	0	0	0	0	0	13	32	0	0	0	0	0	0
input/NOS/JDV_J209-TypeSavoirFaire-ROR-FHIR.json	4471	4	0	0	0	0	0	0	0	181	0	0	0	0	0	0	0	0	0	0	15	47	0	0	0	1	0	0
input/NOS/JDV_J21-PalierAuthentificationActeurPP-FHIR.json	3037	3	0	0	0	0	0	0	0	159	0	0	0	0	0	0	0	0	0	0	15	38	0	0	0	0	0	0
input/NOS/JDV_J210-SpecialiteOrdinale-ROR-FHIR.json	35732	5	0	0	0	0	0	0	1	169	0	0	0	0	0	0	0	0	0	0	55	216	0	0	0	1	0	0
input/NOS/JDV_J211-CompetenceExclusive-ROR-FHIR.json	2173	4	0	0	0	0	0	0	1	168	0	0	0	0	0	0	0	0	0	0	13	29	0	0	0	1	0	0
input/NOS/JDV_J212-OrientationParticuliere-ROR-FHIR.json	1518	4	0	0	0	0	0	0	0	170	0	0	0	0	0	0	0	0	0	0	13	26	0	0	0	0	0	0
input/NOS/JDV_J213-CapaciteSavoirFaire-ROR-FHIR.json	6207	3	0	0	0	0	0	0	0	181	0	0	0	0	0	0	0	0	0	0	18	43	0	0	0	0	0	0
input/NOS/JDV_J214-QualificationPAC-ROR-FHIR.json	1231	4	0	0	0	0	0	0	0	161	0	0	0	0	0	0	0	0	0	0	12	24	0	0	0	0	0	0
input/NOS/JDV_J215-DESCnonQualifiant-ROR-FHIR.json	14570	4	0	0	0	0	0	0	1	168	0	0	0	0	0	0	0	0	0	0	28	84	0	0	0	1	0	0
input/NOS/JDV_J216-DroitExerciceCompl-ROR-FHIR.json	9060	4	0	0	0	0	0	0	0	173	0	0	0	0	0	0	0	0	0	0	20	54	0	0	0	0	0	0
input/NOS/JDV_J217-ModeExercice-ROR-FHIR.json	1785	4	0	0	0	0	0	0	0	189	0	0	0	0	0	0	0	0	0	0	14	32	0	0	0	1	0	0
input/NOS/JDV_J218-CNAMAmeliSecteurConventionnement-ROR-FHIR.json	2331	6	0	0	0	0	0	0	0	166	0	0	0	0	0	0	0	0	0	0	14	30	0	0	0	0	0	0
input/NOS/JDV_J219-TypeVoie-ROR-FHIR.json	57051	6	0	0	0	0	0	0	3	185	0	0	0	0	0	0	0	1	0	0	61	426	0	0	0	2	0	0
input/NOS/JDV_J22-RestrictionAudienceVIHF-CISIS-FHIR.json	1316	4	0	0	1	0	0	0	0	178	0	0	0	0	0	0	0	0	0	0	13	35	0	0	0	0	0	0
input/NOS/JDV_J220-FonctionContact-ROR-FHIR.json	9313	4	0	0	0	0	0	0	0	181	0	0	0	0	0	0	0	0	0	0	22	70	0	0	0	0	0	0
input/NOS/JDV_J221-NatureContact-ROR-FHIR.json	6200	4	0	0	0	0	0	0	1	178	0	0	0	0	0	0	0	0	0	0	17	63	0	0	0	1	0	0
input/NOS/JDV_J222-NiveauConfidentialite-ROR-FHIR.json	1847	3	0	0	0	0	0	0	0	176	0	0	0	0	0	0	0	0	0	0	13	30	0	0	0	0	0	0
input/NOS/JDV_J223-TypeDivisionTerritoriale-ROR-FHIR.json	2753	4	0	0	0	0	0	0	0	179	0	0	0	0	0	0	0	0	0	0	15	38	0	0	0	0	0	0
input/NOS/JDV_J224-StatutLieu-ROR-FHIR.json	1756	4	0	0	0	0	0	0	0	170	0	0	0	0	0	0	0	0	0	0	19	33	0	0	0	0	0	0
input/NOS/JDV_J225-CanalCommunication-ROR-FHIR.json	3693	3	0	0	0	0	0	0	0	169	0	0	0	0	0	0	0	0	0	0	15	41	0	0	0	0	0	0
input/NOS/JDV_J226-ModaliteAccueil-ROR-FHIR.json	7107	4	0	0	0	0	0	0	1	170	0	0	0	0	0	0	0	0	0	0	19	57	0	0	0	1	0	0
input/NOS/JDV_J227-NiveauExpertise-ROR-FHIR.json	14059	4	0	0	0	0	0	0	0	168	0	0	0	0	0	0	0	0	0	0	27	92	0	0	0	0	0	0
input/NOS/JDV_J228-TypeCaracteristiqueEquipement-ROR-FHIR.json	1582	4	0	0	0	0	0	0	0	167	0	0	0	0	0	0	0	0	0	0	14	27	0	0	0	1	0	0
input/NOS/JDV_J229-ProfessionSante-ROR-FHIR.json	9940	4	0	0	0	0	0	0	1	167	0	0	0	0	0	0	0	0	0	0	21	63	0	0	0	0	0	0
input/NOS/JDV_J23-TypeNoteCahierLiaison-CISIS-FHIR.json	2483	3	0	0	0	0	0	0	0	178	0	0	0	0	0	0	0	0	0	0	14	33	0	0	0	0	0	1
input/NOS/JDV_J231-XdsTypesIdentifiantsReferenceId-DMP-FHIR.json	2066	4	0	0	0	0	0	0	0	188	0	0	0	0	0	0	0	0	0	0	13	28	0	0	0	0	0	0
input/NOS/JDV_J232-Competence-ROR-FHIR.json	14616	4	0	0	0	0	0	0	1	170	0	0	0	0	0	0	0	0	0	0	26	91	0	0	0	1	0	0
input/NOS/JDV_J233-TypeDiplome-EPARS-FHIR.json	2188	4	0	0	1	0	0	0	0	169	0	0	0	0	0	0	0	0	0	0	14	29	0	0	0	0	0	0
input/NOS/JDV_J234-GenreActivite-EPARS-FHIR.json	1557	3	0	0	0	0	0	0	0	168	0	0	0	0	0	0	0	0	0	0	14	27	0	0	0	0	0	0
input/NOS/JDV_J235-LieuFormation-EPARS-FHIR.json	35081	5	0	0	0	0	0	0	2	206	0	0	0	0	0	0	0	0	0	0	44	207	0	0	0	1	0	0
input/NOS/JDV_J236-TypeIdentifiant-ROR-FHIR.json	6329	4	0	0	0	0	0	0	0	170	0	0	0	0	0	0	0	0	0	0	21	54	0	0	0	1	0	0
input/NOS/JDV_J237-RegionOM-ROR-FHIR.json	6410	4	0	0	0	0	0	0	0	168	0	0	0	0	0	0	0	1	0	0	17	23	0	0	0	0	0	0
input/NOS/JDV_J238-TypeOffre-ROR-FHIR.json	91939	6	0	0	0	0	0	0	2	188	0	0	0	0	0	0	0	0	0	0	123	493	0	0	0	5	0	0
input/NOS/JDV_J239-SpecialitesSNP-SAS-FHIR.json	9227	4	0	0	0	0	0	0	0	202	0	0	0	0	0	0	0	0	0	0	21	70	0	0	0	0	0	0
input/NOS/JDV_J24-ProfessionAuteurNote-CISIS-FHIR.json	8266	4	0	0	0	0	0	0	0	189	0	0	0	0	0	0	0	0	0	0	21	60	0	0	0	1	0	0
input/NOS/JDV_J241-ThematiqueAnomalie-ROR-FHIR.json	2760	5	0	0	0	0	0	0	1	173	0	0	0	0	0	0	0	0	0	0	14	34	0	0	0	0	0	0
input/NOS/JDV_J242-ActionAnomalie-ROR-FHIR.json	1833	5	0	0	0	0	0	0	0	156	0	0	0	0	0	0	0	0	0	0	14	28	0	0	0	0	0	0
input/NOS/JDV_J244-StatutMetierAnomalie-ROR-FHIR.json	4352	3	0	0	1	0	0	0	0	173	0	0	0	0	0	0	0	0	0	0	16	44	0	0	0	0	0	0
input/NOS/JDV_J245-Civilite-CISIS-FHIR.json	1430	4	0	0	0	0	0	0	0	164	0	0	0	0	0	0	0	0	0	0	13	29	0	0	0	1	0	0
input/NOS/JDV_J246-Titre-CISIS-FHIR.json	2699	4	0	0	0	0	0	0	0	171	0	0	0	0	0	0	0	0	0	0	14	34	0	0	0	0	0	0
input/NOS/JDV_J247-Pays-ROR-FHIR.json	66760	6	0	0	0	0	0	0	2	177	0	0	0	0	0	0	0	1	0	0	72	42	0	0	0	2	0	1
input/NOS/JDV_J248-DepartementOM-ROR-FHIR.json	34842	5	0	0	0	0	0	0	1	172	0	0	0	0	0	0	0	0	0	0	46	31	0	0	0	2	0	0
input/NOS/JDV_J249-TerritoireSante-ROR-FHIR.json	42253	5	0	0	0	0	0	0	1	184	0	0	0	0	0	0	0	0	0	0	53	231	0	0	0	1	0	0
input/NOS/JDV_J250-MotifStatutPersonnePriseChargeUnite-FHIR.json	10812	4	0	0	0	0	0	0	0	181	0	0	0	0	0	0	0	0	0	0	25	67	0	0	0	1	0	0
input/NOS/JDV_J251-MotifStatutPersonnePriseChargeESMS-FHIR.json	9292	3	0	0	0	0	0	0	0	177	0	0	0	0	0	0	0	0	0	0	22	75	0	0	0	0	0	0
input/NOS/JDV_J252-StatutPersonnePriseChargeESMS-FHIR.json	6201	4	0	0	0	0	0	0	0	169	0	0	0	0	0	0	0	0	0	0	19	44	0	0	0	0	0	0
input/NOS/JDV_J253-StatutPersonnePriseChargeUnite-FHIR.json	4023	4	0	0	0	0	0	0	0	169	0	0	0	0	0	0	0	0	0	0	16	38	0	0	0	1	0	0
input/NOS/JDV_J254-CategorieEtablissementESSMSPH-FHIR.json	9329	4	0	0	0	0	0	0	1	170	0	0	0	0	0	0	0	0	0	0	21	60	0	0	0	0	0	0
input/NOS/JDV_J255-SurspecialiteTransversale-RPPS-FHIR.json	9560	4	0	0	1	0	0	0	0	169	0	0	0	0	0	0	0	0	0	0	22	68	0	0	0	1	0	0
input/NOS/JDV_J256-Pays-FHIR.json	68015	6	0	0	0	0	0	0	2	177	0	0	0	0	0	0	0	1	0	0	73	344	0	0	0	2	0	0
input/NOS/JDV_J257-Region-FHIR.json	9257	4	0	0	0	0	0	0	0	160	0	0	0	0	0	0	0	0	0	0	21	65	0	1	0	1	0	0
input/NOS/JDV_J258-Departement-FHIR.json	35156	4	0	0	0	0	0	0	1	162	0	0	0	0	0	0	0	0	0	0	45	199	0	0	0	1	0	1
input/NOS/JDV_J259-ModeFixationTarifaire-RASS-FHIR.json	16882	4	0	0	0	0	0	0	0	171	0	0	0	0	0	0	0	0	0	0	31	97	0	0	0	1	0	0
input/NOS/JDV_J26-ModeGestion-ROR-FHIR.json	1439	4	0	0	0	0	0	0	0	177	0	0	0	0	0	0	0	0	0	0	12	27	0	0	0	0	0	0
input/NOS/JDV_J260-TypeFermeture-RASS-FHIR.json	2810	4	0	0	0	0	0	0	0	167	0	0	0	0	0	0	0	0	0	0	15	35	0	0	0	0	0	0
input/NOS/JDV_J261-SourceInformationInstallation-RASS-FHIR.json	3835	3	0	0	0	0	0	0	0	179	0	0	0	0	0	0	0	0	0	0	15	37	0	0	0	0	0	0
input/NOS/JDV_J262-Sexe-FHIR.json	2031	4	0	0	0	0	0	0	1	168	0	0	0	0	0	0	0	0	0	0	13	29	0	0	0	1	0	0
input/NOS/JDV_J264-ModeEtCentreDePriseEnCharge-MDPH-FHIR.json	2481	4	0	0	0	0	0	0	0	187	0	0	0	0	0	0	0	0	0	0	15	33	0	0	0	0	0	0
input/NOS/JDV_J265-RoleMembreCercleDeSoins-CISIS-FHIR.json	3012	3	0	0	0	0	0	0	0	169	0	0	0	0	0	0	0	0	0	0	22	32	0	0	0	0	0	0
input/NOS/JDV_J27-GroupeTarifaireDependance-ROR-FHIR.json	1860	6	0	0	0	0	0	0	0	168	0	0	0	0	0	0	0	0	0	0	14	30	0	0	0	0	0	0
input/NOS/JDV_J275-EMDN-UPNOS-FHIR.json	6231	4	0	0	1	0	0	0	0	489	0	0	0	0	0	0	0	0	0	0	16	66	0	0	0	0	0	0
input/NOS/JDV_J277-NCIT-CISIS-FHIR.json	2117	4	0	0	0	0	0	0	0	471	0	0	0	0	0	0	0	0	0	0	13	409	0	0	0	1	0	0
input/NOS/JDV_J278-UcumUniteMesure-UPNOS-FHIR.json	5106	4	0	0	0	0	0	0	0	275	0	0	0	0	0	0	0	0	0	0	15	167	0	0	0	0	0	0
input/NOS/JDV_J279-Loinc-UPNOS-FHIR.json	29131	5	0	0	0	0	0	0	1	335	0	0	0	0	0	0	0	0	0	0	40	345	0	0	0	1	0	0
input/NOS/JDV_J28-OuvertureAnnuelle-ROR-FHIR.json	2566	3	0	0	0	0	0	0	0	181	0	0	0	0	0	0	0	0	0	0	14	32	0	0	0	0	0	0
input/NOS/JDV_J281-StatutsRessourcesMS-FHIR.json	4329	4	0	0	0	0	0	0	0	167	0	0	0	0	0	0	0	0	0	0	20	46	0	0	0	0	0	0
input/NOS/JDV_J282-TransportsLiesAuProjetIndividuel_SERAFIN-FHIR.json	2438	4	0	0	0	0	0	0	0	487	0	0	0	0	0	0	0	0	0	0	15	31	0	0	0	1	0	0
input/NOS/JDV_J283-PrestationsIndirects_SERAFIN-FHIR.json	13256	4	0	0	0	0	0	0	1	507	0	0	0	0	0	0	0	0	0	0	23	78	0	0	0	0	0	0
input/NOS/JDV_J284-PrestationsDirects_SERAFIN-FHIR.json	14189	4	0	0	0	0	0	0	0	351	0	0	0	0	0	0	0	0	0	0	24	75	0	0	0	1	0	0
input/NOS/JDV_J285-Besoins_SERAFIN-FHIR.json	13263	4	0	0	0	0	0	0	0	432	0	0	0	0	0	0	0	1	0	0	23	81	0	0	0	0	0	0
input/NOS/JDV_J286_ProfilUtilisateurReferentielNational_ROR-FHIR.json	4683	4	0	0	0	0	0	0	0	171	0	0	0	0	0	0	0	0	0	0	16	39	0	0	0	0	0	0
input/NOS/JDV_J29-PublicPrisEnCharge-ROR-FHIR.json	3914	4	0	0	0	0	0	0	1	173	0	0	0	0	0	0	0	0	0	0	16	39	0	0	0	1	0	0
input/NOS/JDV_J30-TemporaliteAccueil-ROR-FHIR.json	1487	3	0	0	0	0	0	0	0	182	0	0	0	0	0	0	0	0	0	0	12	26	0	0	0	0	0	0
input/NOS/JDV_J31-AideFinanciere-ROR-FHIR.json	1532	4	0	0	1	0	0	0	0	184	0	0	0	0	0	0	0	0	0	0	13	26	0	0	0	0	0	0
input/NOS/JDV_J32-TypeHabitation-ROR-FHIR.json	2965	4	0	0	0	0	0	0	0	183	0	0	0	0	0	0	0	0	0	0	15	39	0	0	0	0	0	0
input/NOS/JDV_J33-CompetenceSpecifique-ROR-FHIR.json	18993	4	0	0	0	0	0	0	0	179	0	0	0	0	0	0	0	0	0	0	37	107	0	0	0	1	0	0
input/NOS/JDV_J34-CategorieOrganisation-ROR-FHIR.json	91904	7	0	0	0	0	0	0	3	180	0	0	0	0	0	0	0	0	0	0	118	476	0	0	0	5	0	1
input/NOS/JDV_J35-SpecialisationDePriseEnCharge-ROR-FHIR.json	23569	4	0	0	0	0	0	0	0	170	0	0	0	0	0	0	0	0	0	0	40	134	0	0	0	1	0	0
input/NOS/JDV_J36-TypeTarif-ROR-FHIR.json	3062	4	0	0	0	0	0	0	0	186	0	0	0	0	0	0	0	0	0	0	15	37	0	0	0	0	0	0
input/NOS/JDV_J369-MotifRestrictionDiffusion-ROR-FHIR.json	1623	3	0	0	0	0	0	0	0	452	0	0	0	0	0	0	0	0	0	0	14	32	0	0	0	0	0	0
input/NOS/JDV_J37-UcumUniteTemps-FHIR.json	3204	4	0	0	0	0	0	0	0	308	0	0	0	0	0	0	0	0	0	0	13	161	1	0	0	0	0	0
input/NOS/JDV_J38_ModeAcces-CISIS-FHIR.json	1883	3	0	0	0	0	0	0	1	173	0	0	0	0	0	0	0	0	0	0	13	28	0	0	0	1	0	0
input/NOS/JDV_J39-ConditionTarifaire-ROR-FHIR.json	1833	4	0	0	0	0	0	0	0	177	0	0	0	0	0	0	0	0	0	0	13	28	0	0	0	0	0	0
input/NOS/JDV_J41-TypeHoraire-ROR-FHIR.json	4391	4	0	0	0	0	0	0	0	175	0	0	0	0	0	0	0	0	0	0	17	45	0	0	0	0	0	0
input/NOS/JDV_J42-TypeMaternite-ROR-FHIR.json	2109	6	0	0	1	0	0	0	0	182	0	0	0	0	0	0	0	0	0	0	14	28	0	0	0	0	0	0
input/NOS/JDV_J46-TypeEvenementNotification-CISIS-FHIR.json	7732	4	0	0	0	0	0	0	0	170	0	0	0	0	0	0	0	0	0	0	20	56	0	0	0	1	0	0
input/NOS/JDV_J47-FunctionCode-CISIS-FHIR.json	6273	3	0	0	0	0	0	0	0	167	0	0	0	0	0	0	0	0	0	0	21	51	0	0	0	0	0	0
input/NOS/JDV_J48-ProfessionNonPS-CISIS-FHIR.json	19043	5	0	0	0	0	0	0	1	210	0	0	0	0	0	0	0	1	0	0	35	28	0	0	0	1	0	0
input/NOS/JDV_J49-UcumUniteLongueur-FHIR.json	1124	3	0	0	0	0	0	0	0	350	0	0	0	0	0	0	0	0	0	0	13	202	0	0	0	0	0	0
input/NOS/JDV_J50-AccessibiliteLieu-ROR-FHIR.json	2750	4	0	0	0	0	0	0	0	166	0	0	0	0	0	0	0	0	0	0	14	33	0	0	0	0	0	0
input/NOS/JDV_J51-FamilleActiviteOperationnelle-ROR-FHIR.json	11590	4	0	0	0	0	0	0	0	187	0	0	0	0	0	0	0	0	0	0	26	68	0	0	0	1	0	0
input/NOS/JDV_J52-AvailabilityStatus-CISIS-FHIR.json	2533	3	0	0	0	0	0	0	0	174	0	0	0	0	0	0	0	0	0	0	14	30	0	0	0	0	0	0
input/NOS/JDV_J53-TypeRequeteGestionDossier-CISIS-FHIR.json	2930	4	0	0	0	0	0	0	0	171	0	0	0	0	0	0	0	0	0	0	14	32	0	0	0	0	0	0
input/NOS/JDV_J54-Profession-ROR-FHIR.json	18290	4	0	0	0	0	0	0	1	166	0	0	0	0	0	0	0	0	0	0	34	126	0	0	0	1	0	0
input/NOS/JDV_J55-CategorieEG-ROR-FHIR.json	64321	8	0	0	0	0	0	0	1	186	0	0	0	0	0	0	0	0	0	0	87	366	0	0	0	4	0	0
input/NOS/JDV_J56-AuthorSpecialty-DMP-FHIR.json	132399	8	0	0	1	0	0	0	4	197	0	0	0	0	0	0	0	1	0	0	167	688	0	0	0	7	0	1
input/NOS/JDV_J57-ClassCode-DMP-FHIR.json	4837	4	0	0	0	0	0	0	0	175	0	0	0	0	0	0	0	0	0	0	18	42	0	0	0	0	0	0
input/NOS/JDV_J58-ConfidentialityCode-DMP-FHIR.json	3064	4	0	0	0	0	0	0	0	174	0	0	0	0	0	0	0	0	0	0	15	35	0	0	0	0	0	0
input/NOS/JDV_J59-ContentTypeCode-DMP-FHIR.json	34650	5	0	0	0	0	0	0	1	174	0	0	0	0	0	0	0	0	0	0	51	201	0	0	0	2	0	0
input/NOS/JDV_J60-FormatCode-DMP-FHIR.json	24263	4	0	0	1	0	0	0	0	171	0	0	0	0	0	0	0	0	0	0	45	132	0	0	0	1	0	0
input/NOS/JDV_J61-HealthcareFacilityTypeCode-DMP-FHIR.json	23769	4	0	0	0	0	0	0	1	195	0	0	0	0	0	0	0	0	0	0	38	138	0	0	0	1	0	0
input/NOS/JDV_J62-PracticeSettingCode-DMP-FHIR.json	4614	4	0	0	0	0	0	0	0	169	0	0	0	0	0	0	0	0	0	0	17	45	0	0	0	1	0	0
input/NOS/JDV_J64-RestrictionAudienceVIHF-DMP-FHIR.json	1307	4	0	0	0	0	0	0	0	172	0	0	0	0	0	0	0	0	0	0	13	28	0	0	0	0	0	0
input/NOS/JDV_J65-SubjectRole-DMP-FHIR.json	145559	8	0	0	0	0	0	0	4	195	0	0	0	0	0	0	0	1	0	0	180	775	0	0	0	8	0	1
input/NOS/JDV_J66-TypeCode-DMP-FHIR.json	37433	5	0	0	0	0	0	0	1	335	0	0	0	0	0	0	0	0	0	0	51	445	0	0	0	1	0	0
input/NOS/JDV_J67-TraitementDocument-CISIS-FHIR.json	1223	5	0	0	0	0	0	0	0	175	0	0	0	0	0	0	0	0	0	0	13	25	0	0	0	1	0	0
input/NOS/JDV_J68-ProfilAccesReferentiel-ROR-FHIR.json	5619	5	0	0	0	0	0	0	0	174	0	0	0	0	0	0	0	0	0	0	18	44	0	0	0	0	0	0
input/NOS/JDV_J71-ProfessionFonction-MSSante-FHIR.json	17205	4	0	0	0	0	0	0	0	182	0	0	0	0	0	0	0	0	0	0	31	116	0	0	0	1	0	0
input/NOS/JDV_J72-TypeProfessionFonction-MSSante-FHIR.json	1603	4	0	0	1	0	0	0	0	169	0	0	0	0	0	0	0	0	0	0	14	26	0	0	0	0	0	0
input/NOS/JDV_J73-MetierPharmacien-RASS-FHIR.json	6466	3	0	0	0	0	0	0	1	175	0	0	0	0	0	0	0	0	0	0	18	49	0	0	0	0	0	0
input/NOS/JDV_J74-Pays-RASS-FHIR.json	69029	6	0	0	0	0	0	0	1	182	0	0	0	0	0	0	0	1	0	0	77	42	0	0	0	3	0	0
input/NOS/JDV_J75-TypeAutorisation-RASS-FHIR.json	15441	4	0	0	0	0	0	0	1	169	0	0	0	0	0	0	0	0	0	0	32	106	0	0	0	1	0	0
input/NOS/JDV_J76-DisciplineAutorisation-RASS-FHIR.json	14356	5	0	0	0	0	0	0	0	170	0	0	0	0	0	0	0	0	0	0	27	88	0	0	0	1	0	0
input/NOS/JDV_J77-TypeIdentifiantPersonne-RASS-FHIR.json	3469	4	0	0	0	0	0	0	0	169	0	0	0	0	0	0	0	0	0	0	16	35	0	0	0	0	0	0
input/NOS/JDV_J78-Civilite-RASS-FHIR.json	1760	4	0	0	0	0	0	0	0	171	0	0	0	0	0	0	0	0	0	0	12	28	0	0	0	0	0	0
input/NOS/JDV_J79-CiviliteExercice-RASS-FHIR.json	2766	4	0	0	0	0	0	0	0	169	0	0	0	0	0	0	0	0	0	0	15	38	0	0	0	0	0	0
input/NOS/JDV_J80-Sexe-RASS-FHIR.json	2039	3	0	0	0	0	0	0	0	168	0	0	0	0	0	0	0	0	0	0	12	31	0	0	0	0	0	0
input/NOS/JDV_J81-TypeDiplome-RASS-FHIR.json	5542	4	0	0	0	0	0	0	1	166	0	0	0	0	0	0	0	0	0	0	18	44	0	0	0	1	0	0
input/NOS/JDV_J82-Langue-RASS-FHIR.json	58062	6	0	0	0	0	0	0	1	175	0	0	0	0	0	0	0	0	0	0	62	314	0	0	0	2	0	1
input/NOS/JDV_J83-AutoriteEnregistrement-RASS-FHIR.json	10098	4	0	0	0	0	0	0	0	171	0	0	0	0	0	0	0	0	0	0	23	74	0	0	0	0	0	0
input/NOS/JDV_J84-DepartementOM-RASS-FHIR.json	34272	5	0	0	1	0	0	0	1	174	0	0	0	0	0	0	0	1	0	0	44	30	0	0	0	1	0	0
input/NOS/JDV_J85-StatutInscription-RASS-FHIR.json	2167	3	0	0	0	0	0	0	0	158	0	0	0	0	0	0	0	0	0	0	15	29	0	0	0	1	0	0
input/NOS/JDV_J86-NatCycleForm-RASS-FHIR.json	1835	4	0	0	0	0	0	0	0	167	0	0	0	0	0	0	0	0	0	0	13	29	0	0	0	0	0	0
input/NOS/JDV_J87-NiveauFormAcquis-RASS-FHIR.json	5864	4	0	0	0	0	0	0	1	177	0	0	0	0	0	0	0	0	0	0	17	47	0	0	0	0	0	0
input/NOS/JDV_J88-AnneeUniversitaire-RASS-FHIR.json	6851	3	0	0	0	0	0	0	0	184	0	0	0	0	0	0	0	0	0	0	19	47	0	0	0	0	0	0
input/NOS/JDV_J89-CategorieProfessionnelle-RASS-FHIR.json	2194	4	0	0	0	0	0	0	0	166	0	0	0	0	0	0	0	0	0	0	15	31	0	0	0	1	0	0
input/NOS/JDV_J90-AttributionParticuliere-RASS-FHIR.json	4314	4	0	0	0	0	0	0	0	178	0	0	0	0	0	0	0	0	0	0	17	39	0	0	0	0	0	0
input/NOS/JDV_J91-TypeSavoirFaire-RASS-FHIR.json	4502	3	0	0	0	0	0	0	0	165	0	0	0	0	0	0	0	0	0	0	17	39	0	0	0	0	0	0
input/NOS/JDV_J92-MotifFinActivite-RASS-FHIR.json	3763	4	0	0	0	0	0	0	0	168	0	0	0	0	0	0	0	0	0	0	20	35	0	0	0	0	0	0
input/NOS/JDV_J93-RegionOM-RASS-FHIR.json	9262	5	0	0	0	0	0	0	1	169	0	0	0	0	0	0	0	0	0	0	21	25	0	0	0	1	0	0
input/NOS/JDV_J94-GenreActivite-RASS-FHIR.json	5389	5	0	0	1	0	0	0	0	181	0	0	0	0	0	0	0	0	0	0	19	43	0	0	0	0	0	0
input/NOS/JDV_J95-ModeExercice-RASS-FHIR.json	1814	4	0	0	0	0	0	0	0	169	0	0	0	0	0	0	0	0	0	0	13	30	0	0	0	0	0	0
input/NOS/JDV_J96-TypeActiviteLiberale-RASS-FHIR.json	2882	3	0	0	0	0	0	0	0	167	0	0	0	0	0	0	0	0	0	0	15	32	0	0	0	1	0	0
input/NOS/JDV_J97-StatutProfessionnelSSA-RASS-FHIR.json	2242	4	0	0	0	0	0	0	0	166	0	0	0	0	0	0	0	0	0	0	13	30	0	0	0	0	0	0
input/NOS/JDV_J98-StatutHospitalier-RASS-FHIR.json	7852	4	0	0	0	0	0	0	0	188	0	0	0	0	0	0	0	0	0	0	22	59	0	0	0	0	0	0
input/NOS/JDV_J99-InseeNAFrav2Niveau5-RASS-FHIR.json	254176	12	0	0	0	0	0	0	6	220	0	0	0	0	0	0	0	1	0	0	297	1176	0	0	0	14	0	1
input/NOS/TRE_A00-ProducteurDocNonPS-FHIR.json	5838	5	0	0	0	0	0	0	1	195	0	0	0	0	0	0	0	0	0	0	17	35	0	0	0	1	0	0
input/NOS/TRE_A01-CadreExercice-FHIR.json	7442	4	0	0	0	0	0	0	0	179	0	0	0	0	0	0	0	0	0	0	21	32	0	0	0	0	0	0
input/NOS/TRE_A02-ProfessionSavFaire-CISIS-FHIR.json	262414	20	0	0	1	0	1	0	8	237	0	0	0	0	0	0	0	2	0	0	303	168	0	0	0	13	0	1
input/NOS/TRE_A03-ClasseDocument-FHIR.json	8686	4	0	0	0	0	0	0	0	185	0	0	0	0	0	0	0	0	0	0	21	40	0	0	0	1	0	0
input/NOS/TRE_A05-TypeDocComplementaire-FHIR.json	29796	5	0	0	0	0	0	0	1	174	0	0	0	0	0	0	0	1	0	0	50	49	0	0	0	1	0	0
input/NOS/TRE_A06-FormatCodeComplementaire-FHIR.json	46398	6	0	0	0	0	0	0	1	183	0	0	0	0	0	0	0	0	0	0	69	56	0	0	0	2	0	1
input/NOS/TRE_A07-StatutVisibiliteDocument-FHIR.json	5226	4	0	0	0	0	0	0	0	170	0	0	0	0	0	0	0	0	0	0	18	37	0	0	0	1	0	0
input/NOS/TRE_A08-HL7Confidentiality-FHIR.json	3283	4	0	0	0	0	0	0	0	169	0	0	0	0	0	0	0	0	0	0	15	31	0	0	0	0	0	0
input/NOS/TRE_A09-DICOMuidRegistry-FHIR.json	2773	4	0	0	0	0	0	0	0	177	0	0	0	0	0	0	0	0	0	0	15	23	0	0	0	0	0	0
input/NOS/TRE_A10-NomenclatureURN-FHIR.json	2533	3	0	0	0	0	0	0	0	167	0	0	0	0	0	0	0	0	0	0	14	22	0	0	0	0	0	0
input/NOS/TRE_A11-IheFormatCode-FHIR.json	31127	5	0	0	0	0	0	0	1	184	0	0	1	0	0	0	0	0	0	0	51	29	0	0	0	2	0	0
input/NOS/TRE_A12-NomenclatureASTM-FHIR.json	1714	6	0	0	0	0	0	0	0	179	0	0	0	0	0	0	0	0	0	0	14	22	0	0	0	0	0	0
input/NOS/TRE_A13-HL7ParticipationType-FHIR.json	37535	6	0	0	1	0	0	0	1	182	0	0	0	0	0	0	0	0	0	0	51	36	0	0	0	1	0	0
input/NOS/TRE_G00-Langue-FHIR.json	116591	11	0	0	0	0	0	0	2	190	0	0	0	0	0	0	0	1	0	0	126	71	0	0	0	6	0	1
input/NOS/TRE_G01-CategorieProduit-FHIR.json	4945	4	0	0	0	0	0	0	0	181	0	0	0	0	0	0	0	0	0	0	17	27	0	0	0	1	0	0
input/NOS/TRE_G02-TypeProduit-FHIR.json	3749	4	0	0	0	0	0	0	0	188	0	0	0	0	0	0	0	0	0	0	16	36	0	0	0	0	0	0
input/NOS/TRE_G03-CiviliteCPx-FHIR.json	2964	4	0	0	0	0	0	0	1	173	0	0	0	0	0	0	0	0	0	0	16	36	0	0	0	0	0	0
input/NOS/TRE_G04-NiveauResponsabiliteCPx-FHIR.json	3102	4	0	0	0	0	0	0	0	177	0	0	0	0	0	0	0	0	0	0	15	33	0	0	0	0	0	0
input/NOS/TRE_G05-SousSectionTableauCNOP-FHIR.json	12522	4	0	0	0	0	0	0	0	184	0	0	0	0	0	0	0	1	0	0	25	25	0	0	0	1	0	0
input/NOS/TRE_G07-TypeIdentifiantStructure-FHIR.json	7095	4	0	0	0	0	0	0	0	187	0	0	0	0	0	0	0	0	0	0	20	22	0	0	0	0	0	0
input/NOS/TRE_G08-TypeIdentifiantPersonne-FHIR.json	9577	4	0	0	1	0	0	0	0	175	0	0	0	0	0	0	0	0	0	0	24	23	0	0	0	1	0	0
input/NOS/TRE_G09-DepartementOM-FHIR.json	70309	8	0	0	0	0	0	0	2	194	0	0	0	0	0	0	0	0	0	0	82	49	0	0	0	2	0	0
input/NOS/TRE_G100-Specialite-AM-FHIR.json	56203	7	0	0	0	0	0	0	1	188	0	0	0	0	0	0	0	1	0	0	71	55	0	0	0	3	0	1
input/NOS/TRE_G11-NatureQualificationADELI-FHIR.json	7094	4	0	0	0	0	0	0	0	167	0	0	0	0	0	0	0	0	0	0	21	38	0	0	0	0	0	0
input/NOS/TRE_G12-SpecialiteADELI-FHIR.json	103867	10	0	0	0	0	0	0	3	221	0	0	0	0	0	0	0	0	0	0	120	59	0	0	0	5	0	0
input/NOS/TRE_G13-OrientationParticuliere-FHIR.json	2348	3	0	0	0	0	0	0	0	180	0	0	0	0	0	0	0	0	0	0	16	21	0	0	0	0	0	0
input/NOS/TRE_G15-ProfessionSante-FHIR.json	21792	5	0	0	0	0	0	0	0	172	0	0	0	0	0	0	0	0	0	0	38	28	0	0	0	1	0	0
input/NOS/TRE_G16-ProfessionFormation-FHIR.json	3714	4	0	0	0	0	0	0	0	186	0	0	0	0	0	0	0	1	0	0	17	22	0	0	0	0	0	0
input/NOS/TRE_G17-ModeExerciceCPx-FHIR.json	3609	4	0	0	0	0	0	0	0	169	0	0	0	0	0	0	0	0	0	0	16	22	0	0	0	1	0	0
input/NOS/TRE_G18-AttributionParticuliereADELI-FHIR.json	9120	4	0	0	1	0	0	0	0	181	0	0	0	0	0	0	0	0	0	0	22	23	0	0	0	0	0	0
input/NOS/TRE_G19-SecteurActiviteADELI-FHIR.json	45469	9	0	0	0	0	0	0	1	187	0	0	0	0	0	0	0	0	0	0	62	32	0	0	0	2	0	1
input/NOS/TRE_G20-Specialisation-FHIR.json	9571	4	0	0	0	0	0	0	1	172	0	0	0	0	0	0	0	0	0	0	22	24	0	0	0	1	0	0
input/NOS/TRE_R01-EnsembleSavoirFaire-CISIS-FHIR.json	226292	20	0	0	0	0	0	0	5	204	0	0	0	0	0	0	0	2	0	0	260	84	0	0	0	11	0	1
input/NOS/TRE_R02-SecteurActivite-FHIR.json	48869	9	0	0	0	0	0	0	1	192	0	0	0	0	0	0	0	0	0	0	66	33	0	0	0	2	0	0
input/NOS/TRE_R03-AttributionParticuliere-FHIR.json	7821	5	0	0	0	0	0	0	0	173	0	0	0	0	0	0	0	0	0	0	22	27	0	0	0	0	0	0
input/NOS/TRE_R04-TypeSavoirFaire-FHIR.json	8217	5	0	0	0	0	0	0	0	177	0	0	0	0	0	0	0	0	0	0	20	23	0	0	0	1	0	0
input/NOS/TRE_R06-SectionTableauCNOP-FHIR.json	6405	5	0	0	0	0	0	0	0	168	0	0	0	0	0	0	0	0	0	0	19	22	0	0	0	0	0	0
input/NOS/TRE_R09-CategorieProfessionnelle-FHIR.json	3612	4	0	0	1	0	0	0	0	171	0	0	0	0	0	0	0	0	0	0	17	21	0	0	0	1	0	0
input/NOS/TRE_R10-SexeAdministratif-FHIR.json	2294	6	0	0	0	0	0	0	0	166	0	0	0	0	0	0	0	0	0	0	19	21	0	0	0	0	0	0
input/NOS/TRE_R11-CiviliteExercice-FHIR.json	4791	5	0	0	0	0	0	0	0	167	0	0	0	0	0	0	0	0	0	0	17	21	0	0	0	0	0	0
input/NOS/TRE_R14-TypeDiplome-FHIR.json	11237	5	0	0	0	0	0	0	1	168	0	0	0	0	0	0	0	0	0	0	24	23	0	0	0	1	0	0
input/NOS/TRE_R16-LieuFormation-FHIR.json	870501	61	0	0	0	0	0	0	17	341	0	0	1	0	0	0	0	6	0	0	941	340	0	0	0	47	0	5
input/NOS/TRE_R17-TypeAutorisation-FHIR.json	36343	5	0	0	1	0	0	0	0	187	0	0	0	0	0	0	0	0	0	0	56	29	0	0	0	1	0	0
input/NOS/TRE_R18-DisciplineAutorisation-FHIR.json	27604	5	0	0	0	0	0	0	1	175	0	0	0	0	0	0	0	1	0	0	41	27	0	0	0	2	0	0
input/NOS/TRE_R20-Pays-FHIR.json	151966	11	0	0	0	0	0	0	3	207	0	0	0	0	0	0	0	1	0	0	182	64	0	0	0	7	0	1
input/NOS/TRE_R200-CanalCommunication-FHIR.json	6650	4	0	0	0	0	0	0	0	173	0	0	0	0	0	0	0	0	0	0	19	21	0	0	0	0	0	0
input/NOS/TRE_R201-TypeDivisionTerritoriale-FHIR.json	4776	4	0	0	0	0	0	0	0	169	0	0	0	0	0	0	0	0	0	0	18	22	0	0	0	1	0	0
input/NOS/TRE_R202-AccessibiliteLieu-FHIR.json	4740	4	0	0	0	0	0	0	0	180	0	0	0	0	0	0	0	0	0	0	16	21	0	0	0	0	0	0
input/NOS/TRE_R203-StatutLieu-FHIR.json	2906	3	0	0	0	0	0	0	0	170	0	0	0	0	0	0	0	0	0	0	15	21	0	0	0	0	0	0
input/NOS/TRE_R204-DirectionLongitude-FHIR.json	2312	4	0	0	0	0	0	0	0	168	0	0	0	0	0	0	0	0	0	0	17	21	0	0	0	0	0	0
input/NOS/TRE_R205-DirectionLatitude-FHIR.json	2305	3	0	0	0	0	0	0	0	184	0	0	0	0	0	0	0	0	0	0	15	21	0	0	0	1	0	0
input/NOS/TRE_R206-TypeContact-FHIR.json	2876	4	0	0	1	0	0	0	0	185	0	0	0	0	0	0	0	0	0	0	14	22	0	0	0	0	0	0
input/NOS/TRE_R207-TypeOrganisationInterne-FHIR.json	3609	4	0	0	0	0	0	0	0	176	0	0	0	0	0	0	0	0	0	0	15	21	0	0	0	0	0	0
input/NOS/TRE_R208-ClasseAge-FHIR.json	6160	4	0	0	0	0	0	0	0	175	0	0	0	0	0	0	0	0	0	0	18	22	0	0	0	0	0	0
input/NOS/TRE_R209-TypeActivite-FHIR.json	35999	5	0	0	0	0	0	0	1	180	0	0	0	0	0	0	0	0	0	0	52	30	0	0	0	2	0	0
input/NOS/TRE_R21-Fonction-FHIR.json	38005	6	0	0	0	0	0	0	1	192	0	0	0	0	0	0	0	1	0	0	55	30	0	0	0	1	0	1
input/NOS/TRE_R210-ActeSpecifique-FHIR.json	1102695	60	0	0	1	0	1	0	28	429	0	0	1	0	0	0	0	7	0	0	1277	484	0	0	0	67	0	5
input/NOS/TRE_R211-ActiviteOperationnelle-FHIR.json	436938	91	0	0	0	0	0	0	10	226	0	0	1	0	0	0	0	2	0	0	532	167	0	0	0	31	0	2
input/NOS/TRE_R212-Equipement-FHIR.json	161469	11	0	0	0	0	0	0	3	189	0	0	0	0	0	0	0	1	0	0	187	69	0	0	0	13	0	1
input/NOS/TRE_R213-ModePriseEnCharge-FHIR.json	43625	6	0	0	0	0	0	0	1	186	0	0	0	0	0	0	0	1	0	0	59	31	0	0	0	3	0	0
input/NOS/TRE_R214-SpecialiteUnite-FHIR.json	46372	5	0	0	0	0	0	0	1	181	0	0	0	0	0	0	0	0	0	0	59	33	0	0	0	3	0	0
input/NOS/TRE_R215-UniteTemps-FHIR.json	5989	4	0	0	1	0	0	0	0	182	0	0	0	0	0	0	0	0	0	0	18	21	0	0	0	1	0	1
input/NOS/TRE_R216-HL7RoleCode-FHIR.json	76322	7	0	0	0	0	0	0	2	186	0	0	0	0	0	0	0	1	0	0	92	42	0	0	0	5	0	0
input/NOS/TRE_R217-ProtectionJuridique-FHIR.json	2966	4	0	0	0	0	0	0	0	169	0	0	0	0	0	0	0	0	0	0	16	21	0	0	0	1	0	0
input/NOS/TRE_R218-ModeAuthentification-FHIR.json	3099	4	0	0	0	0	0	0	0	183	0	0	0	0	0	0	0	0	0	0	14	21	0	0	0	0	0	0
input/NOS/TRE_R219-AutreResponsableConsent-FHIR.json	1746	3	0	0	0	0	0	0	0	171	0	0	0	0	0	0	0	0	0	0	14	20	0	0	0	0	0	0
input/NOS/TRE_R22-GenreActivite-FHIR.json	12180	6	0	0	0	0	0	0	0	186	0	0	0	0	0	0	0	0	0	0	29	23	0	0	0	1	0	0
input/NOS/TRE_R220-ModeleDocumentCDAStructure-FHIR.json	62728	7	0	0	0	0	0	0	1	178	0	0	0	0	0	0	0	0	0	0	86	42	0	0	0	5	0	0
input/NOS/TRE_R221-ModeleDocumentCDANonStructure-FHIR.json	1877	4	0	0	0	0	0	0	0	164	0	0	0	0	0	0	0	0	0	0	15	21	0	0	0	0	0	0
input/NOS/TRE_R222-MediaTypeCorpsCDANonStructure-FHIR.json	4672	3	0	0	0	0	0	0	1	168	0	0	0	0	0	0	0	0	0	0	17	21	0	0	0	1	0	0
input/NOS/TRE_R223-NatCycleForm-FHIR.json	3011	4	0	0	1	0	0	0	0	167	0	0	0	0	0	0	0	0	0	0	15	21	0	0	0	0	0	0
input/NOS/TRE_R224-NiveauFormAcquis-FHIR.json	10883	4	0	0	0	0	0	0	0	168	0	0	0	0	0	0	0	0	0	0	22	23	0	0	0	1	0	0
input/NOS/TRE_R225-AnneeUniversitaire-FHIR.json	12992	4	0	0	0	0	0	0	0	171	0	0	0	0	0	0	0	0	0	0	25	23	0	0	0	3	0	1
input/NOS/TRE_R226-Dip2iemeCycleNQ-FHIR.json	2518	4	0	0	0	0	0	0	0	169	0	0	0	0	0	0	0	0	0	0	14	21	0	0	0	0	0	0
input/NOS/TRE_R227-ChampActivite-FHIR.json	4214	3	0	0	0	0	0	0	0	168	0	0	0	0	0	0	0	0	0	0	16	21	0	0	0	1	0	0
input/NOS/TRE_R228-UnitePrix-FHIR.json	3528	4	0	0	0	0	0	0	0	180	0	0	0	0	0	0	0	0	0	0	18	21	0	0	0	0	0	0
input/NOS/TRE_R23-ModeExercice-FHIR.json	2973	4	0	0	0	0	0	0	0	169	0	0	0	0	0	0	0	0	0	0	15	21	0	0	0	0	0	0
input/NOS/TRE_R230-Devise-FHIR.json	1638	3	0	0	0	0	0	0	0	167	0	0	0	0	0	0	0	0	0	0	14	21	0	0	0	1	0	0
input/NOS/TRE_R231-PalierAuthentification-FHIR.json	6658	4	0	0	0	0	0	0	1	177	0	0	0	0	0	0	0	1	0	0	19	21	0	0	0	0	0	0
input/NOS/TRE_R232-TypeFermetureEJ-FHIR.json	3311	4	0	0	1	0	0	0	0	176	0	0	0	0	0	0	0	0	0	0	18	22	0	0	0	1	0	0
input/NOS/TRE_R233-TypeFermetureEG-FHIR.json	4843	4	0	0	0	0	0	0	0	180	0	0	0	0	0	0	0	0	0	0	17	21	0	0	0	0	0	0
input/NOS/TRE_R234-TypeNote-FHIR.json	4179	3	0	0	0	0	0	0	0	183	0	0	0	0	0	0	0	0	0	0	15	21	0	0	0	1	0	0
input/NOS/TRE_R236-ModeGestion-FHIR.json	2287	4	0	0	0	0	0	0	0	167	0	0	0	0	0	0	0	0	0	0	14	21	0	0	0	0	0	0
input/NOS/TRE_R237-GroupeTarifaireDependance-FHIR.json	2946	4	0	0	0	0	0	0	0	1606	0	0	0	0	0	0	0	0	0	0	15	20	0	0	0	0	0	0
input/NOS/TRE_R238-OuvertureAnnuelle-FHIR.json	4514	3	0	0	0	0	0	0	0	178	0	0	0	0	0	0	0	0	0	0	17	22	0	0	0	1	0	0
input/NOS/TRE_R239-PublicPrisEnCharge-FHIR.json	7110	4	0	0	0	0	0	0	0	171	0	0	0	0	0	0	0	0	0	0	19	22	0	0	0	0	0	0
input/NOS/TRE_R24-TypeActiviteLiberale-FHIR.json	4964	4	0	0	0	0	0	0	0	177	0	0	0	0	0	0	0	0	0	0	18	22	0	0	0	1	0	0
input/NOS/TRE_R240-TemporaliteAccueil-FHIR.json	2317	4	0	0	0	0	0	0	0	188	0	0	0	0	0	0	0	0	0	0	14	21	0	0	0	0	0	0
input/NOS/TRE_R241-AideFinanciere-FHIR.json	3219	3	0	0	0	0	0	0	0	182	0	0	0	0	0	0	0	0	0	0	15	21	0	0	0	1	0	0
input/NOS/TRE_R242-TypeHabitation-FHIR.json	5227	4	0	0	1	0	0	0	1	167	0	0	0	0	0	0	0	0	0	0	17	24	0	0	0	0	0	0
input/NOS/TRE_R243-CompetenceSpecifique-FHIR.json	41974	6	0	0	0	0	0	0	0	185	0	0	0	0	0	0	0	0	0	0	57	31	0	0	0	3	0	0
input/NOS/TRE_R244-CategorieOrganisation-FHIR.json	184968	16	0	0	0	0	0	0	4	197	0	0	0	0	0	0	0	1	0	0	214	76	0	0	0	14	0	1
input/NOS/TRE_R245-SpecialisationDePriseEnCharge-FHIR.json	46136	6	0	0	0	0	0	0	1	182	0	0	0	0	0	0	0	1	0	0	63	32	0	0	0	4	0	0
input/NOS/TRE_R246-TypeTarif-FHIR.json	5581	3	0	0	0	0	0	0	0	170	0	0	0	0	0	0	0	0	0	0	17	24	0	0	0	0	0	0
input/NOS/TRE_R248-ModeAcces-FHIR.json	3058	4	0	0	0	0	0	0	0	170	0	0	0	0	0	0	0	0	0	0	15	21	0	0	0	0	0	0
input/NOS/TRE_R249-Sexe-FHIR.json	4195	4	0	0	0	0	0	0	0	166	0	0	0	0	0	0	0	0	0	0	15	22	0	0	0	1	0	0
input/NOS/TRE_R25-MotifFinActivite-FHIR.json	6790	4	0	0	0	0	0	1	0	173	0	0	0	0	0	0	0	0	0	0	19	22	0	0	0	0	0	0
input/NOS/TRE_R250-ConditionTarifaire-FHIR.json	3021	3	0	0	1	0	0	0	0	168	0	0	0	0	0	0	0	0	0	0	15	21	0	0	0	1	0	0
input/NOS/TRE_R251-FonctionContact-FHIR.json	19348	5	0	0	0	0	0	0	1	172	0	0	0	0	0	0	0	0	0	0	32	26	0	0	0	1	0	1
input/NOS/TRE_R252-TypeHoraire-FHIR.json	8419	4	0	0	0	0	0	0	0	187	0	0	0	0	0	0	0	0	0	0	21	23	0	0	0	1	0	0
input/NOS/TRE_R253-TypeMaternite-FHIR.json	3574	3	0	0	0	0	0	0	0	170	0	0	0	0	0	0	0	0	0	0	15	21	0	0	0	0	0	0
input/NOS/TRE_R254-TypeEvenement-FHIR.json	15780	5	0	0	1	0	0	0	0	180	0	0	0	0	0	0	0	0	0	0	29	24	0	0	0	1	0	0
input/NOS/TRE_R255-FluxStandardise-FHIR.json	3886	3	0	0	0	0	0	0	0	173	0	0	0	0	0	0	0	0	0	0	15	22	0	0	0	1	0	0
input/NOS/TRE_R256-TypeMessagerie-FHIR.json	3964	4	0	0	0	0	0	0	0	178	0	0	0	0	0	0	0	0	0	0	16	21	0	0	0	0	0	0
input/NOS/TRE_R257-TypeBAL-FHIR.json	3678	4	0	0	0	0	0	0	0	176	0	0	0	0	0	0	0	0	0	0	15	21	0	0	0	0	0	0
input/NOS/TRE_R258-RelationPriseCharge-FHIR.json	8835	4	0	0	0	0	0	0	0	180	0	0	0	0	0	0	0	0	0	0	21	23	0	0	0	1	0	0
input/NOS/TRE_R259-HL7ParticipationFunction-FHIR.json	3802	3	0	0	0	0	0	0	0	156	0	0	0	0	0	0	0	0	0	0	15	22	0	0	0	1	0	0
input/NOS/TRE_R260-HL7RoleClass-FHIR.json	7551	4	0	0	1	0	0	0	0	171	0	0	0	0	0	0	0	0	0	0	19	24	0	0	0	0	0	0
input/NOS/TRE_R261-AutreSalarieStructureSante-FHIR.json	2765	4	0	0	0	0	0	0	0	169	0	0	0	0	0	0	0	0	0	0	15	21	0	0	0	1	0	0
input/NOS/TRE_R262-CategorieSocioProfessionnelle-FHIR.json	6339	4	0	0	0	0	0	0	0	174	0	0	0	0	0	0	0	0	0	0	18	24	0	0	0	0	0	0
input/NOS/TRE_R263-TypeNumeroIdentification-FHIR.json	5562	3	0	0	0	0	0	0	0	169	0	0	0	0	0	0	0	0	0	0	24	22	0	0	0	1	0	0
input/NOS/TRE_R264-PrestationNonObligatoireIncluse-FHIR.json	8609	4	0	0	0	0	0	0	0	161	0	0	0	0	0	0	0	1	0	0	21	23	0	0	0	0	0	0
input/NOS/TRE_R265-PrestationPilotageSerafin-FHIR.json	51162	6	0	0	0	0	0	0	1	174	0	0	0	0	0	0	0	0	0	0	67	33	0	0	0	4	0	0
input/NOS/TRE_R266-FamilleActiviteOperationnelleHorsSerafin-FHIR.json	3856	5	0	0	0	0	0	0	0	178	0	0	0	0	0	0	0	0	0	0	20	21	0	0	0	0	0	0
input/NOS/TRE_R267-SexeProvenanceISO-FHIR.json	3573	5	0	0	0	0	0	0	0	167	0	0	0	0	0	0	0	0	0	0	15	21	0	0	0	1	0	0
input/NOS/TRE_R268-PaysProvenanceISO-FHIR.json	158345	12	0	0	1	0	0	0	3	203	0	0	0	0	0	0	0	1	0	0	175	69	0	0	0	11	0	1
input/NOS/TRE_R269-AvailabilityStatusProvenanceOasis-FHIR.json	2530	3	0	0	0	0	0	0	0	175	0	0	0	0	0	0	0	0	0	0	16	21	0	0	0	0	0	0
input/NOS/TRE_R270-AvailabilityStatus-FHIR.json	2446	4	0	0	0	0	0	0	0	157	0	0	0	0	0	0	0	0	0	0	18	20	0	0	0	1	0	0
input/NOS/TRE_R271-TypeRequete-FHIR.json	4974	4	0	0	0	0	0	0	0	167	0	0	0	0	0	0	0	0	0	0	16	21	0	0	0	0	0	0
input/NOS/TRE_R272-EquipementMaterielLourd-FHIR.json	6487	4	0	0	0	0	0	0	1	192	0	0	0	0	0	0	0	0	0	0	19	22	0	0	0	1	0	0
input/NOS/TRE_R274-ActiviteSanitaireRegulee-FHIR.json	44306	5	0	0	0	0	1	0	0	214	0	0	0	0	0	0	0	0	0	0	59	31	0	0	0	3	0	1
input/NOS/TRE_R275-ModaliteActivite-FHIR.json	122511	10	0	0	0	0	0	0	2	184	0	0	0	0	0	0	0	1	0	0	142	53	0	0	0	8	0	0
input/NOS/TRE_R276-FormeActivite-FHIR.json	26664	5	0	0	0	0	0	0	1	180	0	0	0	0	0	0	0	1	0	0	40	27	0	0	0	2	0	0
input/NOS/TRE_R277-CategorieActiviteSanitaireRegulee-FHIR.json	3200	3	0	0	1	0	0	0	0	190	0	0	0	0	0	0	0	0	0	0	14	21	0	0	0	1	0	0
input/NOS/TRE_R278-FinessConvention-FHIR.json	25330	5	0	0	0	0	0	0	0	179	0	0	0	0	0	0	0	0	0	0	40	26	0	0	0	1	0	0
input/NOS/TRE_R279-Clientele-FHIR.json	90907	8	0	0	0	0	0	0	2	194	0	0	1	0	0	0	0	0	0	0	106	43	0	0	1	7	0	1
input/NOS/TRE_R280-DisciplineEquipementSocial-FHIR.json	96180	8	0	0	0	0	0	0	2	187	0	0	0	0	0	0	0	1	0	0	123	45	0	0	0	7	0	0
input/NOS/TRE_R281-DisciplineEnseignement-FHIR.json	38416	5	0	0	0	0	0	0	0	171	0	0	0	0	0	0	0	0	0	0	54	29	0	0	0	2	0	1
input/NOS/TRE_R282-CNAMAmeliSecteurConventionnement-FHIR.json	3838	4	0	0	0	0	0	0	0	170	0	0	0	0	0	0	0	0	0	0	16	22	0	0	0	1	0	0
input/NOS/TRE_R283-NiveauConfidentialite-FHIR.json	3005	4	0	0	0	0	0	0	0	179	0	0	0	0	0	0	0	0	0	0	19	21	0	0	0	0	0	0
input/NOS/TRE_R284-NiveauRecoursORSAN-FHIR.json	3805	4	0	0	0	0	0	0	0	167	0	0	0	0	0	0	0	0	0	0	25	21	0	0	0	13	0	0
input/NOS/TRE_R285-TraitementDocument-FHIR.json	1792	7	0	0	1	0	0	0	0	173	0	0	0	0	0	0	0	0	0	0	15	21	0	0	0	0	0	0
input/NOS/TRE_R286-TypeFermeture-FHIR.json	4862	7	0	0	0	0	0	0	1	170	0	0	0	0	0	0	0	0	0	0	23	22	0	0	0	1	0	0
input/NOS/TRE_R287-NatureContact-FHIR.json	11730	7	0	0	0	0	0	0	0	178	0	0	0	0	0	0	0	1	0	0	24	23	0	0	0	1	0	0
input/NOS/TRE_R288-TypeProfession-FHIR.json	4935	4	0	0	0	0	0	0	0	177	0	0	0	0	0	0	0	0	0	0	17	22	0	0	0	0	0	0
input/NOS/TRE_R289-TypeFonction-FHIR.json	5140	4	0	0	0	0	0	0	0	177	0	0	0	0	0	0	0	0	0	0	17	21	0	0	0	0	0	0
input/NOS/TRE_R290-RoleAdmTechSanitaireSocial-FHIR.json	1870	4	0	0	0	0	0	0	0	179	0	0	0	0	0	0	0	0	0	0	13	20	0	0	0	1	0	0
input/NOS/TRE_R291-AutreProfession-FHIR.json	2663	3	0	0	0	0	0	0	0	169	0	0	0	0	0	0	0	0	0	0	15	21	0	0	0	0	0	0
input/NOS/TRE_R292-INSEECategorieSocioProfessionnelleAgrNiv1-FHIR.json	6366	4	0	0	0	0	0	0	0	176	0	0	0	0	0	0	0	0	0	0	18	21	0	0	0	0	0	0
input/NOS/TRE_R293-AgregatClienteleNiv2-FHIR.json	6368	4	0	0	0	0	0	0	0	168	0	0	0	0	0	0	0	0	0	0	18	21	0	0	0	1	0	0
input/NOS/TRE_R294-AgregatClienteleNiv3-FHIR.json	14899	4	0	0	1	0	0	0	0	169	0	0	0	0	0	0	0	0	0	0	28	25	0	0	0	1	0	0
input/NOS/TRE_R295-AgregatDisciplineEnseignNiv1-FHIR.json	1843	4	0	0	0	0	0	0	1	178	0	0	0	0	0	0	0	0	0	0	13	20	0	0	0	0	0	0
input/NOS/TRE_R296-AgregatDisciplineEnseignNiv2-FHIR.json	1862	3	0	0	0	0	0	0	0	169	0	0	0	0	0	0	0	0	0	0	14	20	0	0	0	0	0	0
input/NOS/TRE_R297-AgregatDisciplineEnseignNiv3-FHIR.json	3888	4	0	0	0	0	0	0	0	187	0	0	0	0	0	0	0	0	0	0	19	22	0	0	0	1	0	0
input/NOS/TRE_R298-AgregatDisciplineEquipSocNiv1-FHIR.json	1873	4	0	0	0	0	0	0	0	167	0	0	0	0	0	0	0	0	0	0	13	20	0	0	0	0	0	0
input/NOS/TRE_R299-AgregatDisciplineEquipSocNiv2-FHIR.json	5694	4	0	0	0	0	0	0	0	167	0	0	0	0	0	0	0	0	0	0	18	31	0	0	0	0	0	0
input/NOS/TRE_R30-RegionOM-FHIR.json	31553	5	0	0	0	0	0	0	0	169	0	0	0	0	0	0	0	0	0	0	42	29	0	0	0	2	0	0
input/NOS/TRE_R300-AgregatDisciplineEquipSocNiv3-FHIR.json	16967	4	0	0	1	0	0	0	1	171	0	0	0	0	0	0	0	0	0	0	30	25	0	0	0	1	0	0
input/NOS/TRE_R301-SourceInformationInstallation-FHIR.json	7487	4	0	0	0	0	0	0	0	189	0	0	0	0	0	0	0	0	0	0	19	22	0	0	0	0	0	0
input/NOS/TRE_R302-ContexteCodeComplementaire-FHIR.json	4432	3	0	0	0	0	0	0	0	173	0	0	0	0	0	0	0	0	0	0	17	21	0	0	0	1	0	0
input/NOS/TRE_R303-HL7v3AdministrativeGender-FHIR.json	3815	4	0	0	0	0	0	0	0	187	0	0	0	0	0	0	0	0	0	0	15	22	0	0	0	0	0	1
input/NOS/TRE_R304-HL7v3ActCode-FHIR.json	5161	4	0	0	0	0	0	0	0	168	0	0	0	0	0	0	0	0	0	0	16	21	0	0	0	0	0	0
input/NOS/TRE_R305-TypeRencontre-FHIR.json	2426	3	0	0	0	0	0	0	0	165	0	0	0	0	0	0	0	0	0	0	14	21	0	0	0	0	0	0
input/NOS/TRE_R31-StatutEtatCivil-FHIR.json	6908	4	0	0	0	0	0	0	0	172	0	0	0	0	0	0	0	1	0	0	20	23	0	0	0	1	0	0
input/NOS/TRE_R314-TypeCreneau-FHIR.json	5430	4	0	0	0	0	0	0	0	177	0	0	0	0	0	0	0	0	0	0	20	21	0	0	0	0	0	0
input/NOS/TRE_R316-AutreCategorieEtablissement-FHIR.json	2318	4	0	0	0	0	0	0	0	169	0	0	0	0	0	0	0	0	0	0	15	22	0	0	0	1	0	0
input/NOS/TRE_R317-SituationVieQuotidienne-FHIR.json	3875	3	0	0	1	0	0	0	0	169	0	0	0	0	0	0	0	0	0	0	16	21	0	0	0	0	0	0
input/NOS/TRE_R318-BesoinAideMobilite-FHIR.json	5638	4	0	0	0	0	0	0	0	169	0	0	0	0	0	0	0	0	0	0	17	23	0	0	0	0	0	0
input/NOS/TRE_R319-BesoinAideVieSociale-FHIR.json	5580	4	0	0	0	0	0	0	0	174	0	0	0	0	0	0	0	0	0	0	18	22	0	0	0	1	0	0
input/NOS/TRE_R32-StatutHospitalier-FHIR.json	14396	4	0	0	0	0	0	0	1	178	0	0	0	0	0	0	0	0	0	0	32	24	0	0	0	1	0	0
input/NOS/TRE_R320-BesoinCommunication-FHIR.json	3376	4	0	0	0	0	0	0	0	168	0	0	0	0	0	0	0	0	0	0	15	21	0	0	0	0	0	0
input/NOS/TRE_R321-BesoinEntretienPersonnel-FHIR.json	4066	3	0	0	0	0	0	0	0	169	0	0	0	0	0	0	0	0	0	0	17	21	0	0	0	0	0	0
input/NOS/TRE_R322-BesoinMobilite-FHIR.json	3526	4	0	0	0	0	0	0	0	186	0	0	0	0	0	0	0	0	0	0	16	21	0	0	0	0	0	0
input/NOS/TRE_R323-BesoinScolarite-FHIR.json	5553	4	0	0	0	0	0	0	0	166	0	0	0	0	0	0	0	0	0	0	17	21	0	0	0	1	0	0
input/NOS/TRE_R324-BesoinSoutienProjetProfessionnel-FHIR.json	5057	3	0	0	1	0	0	0	0	169	0	0	0	0	0	0	0	0	0	0	17	22	0	0	0	0	0	0
input/NOS/TRE_R325-SituationProfessionnelle-FHIR.json	2544	4	0	0	0	0	0	0	0	176	0	0	0	0	0	0	0	0	0	0	15	20	0	0	0	1	0	0
input/NOS/TRE_R326-SituationSansEmploi-FHIR.json	3188	4	0	0	0	0	0	0	0	167	0	0	0	0	0	0	0	0	0	0	15	20	0	0	0	0	0	0
input/NOS/TRE_R327-TypeDecision-FHIR.json	5322	4	0	0	0	0	0	0	0	186	0	0	0	0	0	0	0	0	0	0	18	22	0	0	0	0	0	0
input/NOS/TRE_R328-TypeScolarisation-FHIR.json	3214	3	0	0	0	0	0	0	0	167	0	0	0	0	0	0	0	0	0	0	16	21	0	0	0	1	0	0
input/NOS/TRE_R329-NatureCapacite-FHIR.json	2914	4	0	0	0	0	0	0	1	176	0	0	0	0	0	0	0	0	0	0	14	21	0	0	0	0	0	0
input/NOS/TRE_R33-StatutInscription-FHIR.json	3535	4	0	0	0	0	0	0	0	168	0	0	0	0	0	0	0	0	0	0	22	21	0	0	0	0	0	0
input/NOS/TRE_R330-TypeStatutCapacite-FHIR.json	7925	3	0	0	0	0	0	0	0	177	0	0	0	0	0	0	0	0	0	0	23	25	0	0	0	1	0	0
input/NOS/TRE_R331-TemporaliteCapacite-FHIR.json	4507	4	0	0	1	0	0	0	0	167	0	0	0	0	0	0	0	0	0	0	17	28	0	0	0	0	0	0
input/NOS/TRE_R332-GenreCapacite-FHIR.json	3575	4	0	0	0	0	0	0	0	188	0	0	0	0	0	0	0	0	0	0	15	21	0	0	0	0	0	0
input/NOS/TRE_R333-TypeFermetureCapacite-FHIR.json	3132	4	0	0	0	0	0	0	0	166	0	0	0	0	0	0	0	0	0	0	16	26	0	0	0	1	0	0
input/NOS/TRE_R334-TypeLitSupplementaire-FHIR.json	3245	3	0	0	0	0	0	0	0	178	0	0	0	0	0	0	0	0	0	0	15	21	0	0	0	0	0	0
input/NOS/TRE_R335-TypeSourceCapacite-FHIR.json	3708	4	0	0	0	0	0	0	0	165	0	0	0	0	0	0	0	0	0	0	16	21	0	0	0	0	0	0
input/NOS/TRE_R336-TypeCrise-FHIR.json	2447	4	0	0	0	0	0	0	0	180	0	0	0	0	0	0	0	0	0	0	15	20	0	0	0	1	0	0
input/NOS/TRE_R337-AffectationTemporaire-FHIR.json	3122	3	0	0	0	0	0	0	0	176	0	0	0	0	0	0	0	0	0	0	15	21	0	0	0	0	0	0
input/NOS/TRE_R338-ModaliteAccueil-FHIR.json	13587	4	0	0	0	0	0	0	0	190	0	0	0	0	0	0	0	0	0	0	26	24	0	0	0	1	0	0
input/NOS/TRE_R34-StatutProfessionnelSSA-FHIR.json	3657	4	0	0	1	0	0	0	0	168	0	0	0	0	0	0	0	0	0	0	15	21	0	0	0	0	0	0
input/NOS/TRE_R340-TypeCaracteristiqueEquipement-FHIR.json	2544	4	0	0	0	0	0	0	0	179	0	0	0	0	0	0	0	0	0	0	15	20	0	0	0	0	0	0
input/NOS/TRE_R341-StatutCommunication-FHIR.json	1833	3	0	0	0	0	0	0	1	179	0	0	0	0	0	0	0	0	0	0	14	20	0	0	0	0	0	0
input/NOS/TRE_R342-XdsTypesIdentifiantsReferenceId-FHIR.json	6408	4	0	0	0	0	0	0	0	180	0	0	0	0	0	0	0	1	0	0	19	21	0	0	0	1	0	0
input/NOS/TRE_R343-FonctionLieu-FHIR.json	1708	4	0	0	0	0	0	0	0	174	0	0	0	0	0	0	0	0	0	0	14	21	0	0	0	0	0	0
input/NOS/TRE_R344-NiveauExpertise-FHIR.json	24666	4	0	0	0	0	0	0	0	180	0	0	0	0	0	0	0	0	0	0	38	25	0	0	0	1	0	1
input/NOS/TRE_R345-TypeIdentifiantAutre-FHIR.json	2649	4	0	0	0	0	0	0	0	159	0	0	0	0	0	0	0	0	1	0	14	21	0	0	0	1	0	0
input/NOS/TRE_R348-FormationSpecialiseeTransversale-FHIR.json	18577	4	0	0	0	0	0	0	0	162	0	0	0	0	0	0	0	0	0	0	31	25	0	0	0	1	0	0
input/NOS/TRE_R349-ActionAnomalie-FHIR.json	2937	4	0	0	1	0	0	0	0	170	0	0	0	0	0	0	0	0	0	0	15	21	0	0	0	0	0	0
input/NOS/TRE_R35-TypeVoie-FHIR.json	130994	11	0	0	0	0	0	0	3	173	0	0	0	0	0	0	0	1	0	0	141	57	0	0	0	7	0	0
input/NOS/TRE_R350-ThematiqueAnomalie-FHIR.json	4767	3	0	0	0	0	0	0	0	167	0	0	0	0	0	0	0	0	0	0	17	21	0	0	0	0	0	0
input/NOS/TRE_R352-StatutMetierAnomalie-FHIR.json	7977	4	0	0	0	0	0	0	0	173	0	0	0	0	0	0	0	0	0	0	19	22	0	0	0	0	0	1
input/NOS/TRE_R354-TypeIdentifiantRessourceOperationnelle-FHIR.json	3013	4	0	0	0	0	0	0	0	178	0	0	0	0	0	0	0	0	0	0	16	20	0	0	0	1	0	0
input/NOS/TRE_R355-TypeIdentifiantOffre-FHIR.json	2657	4	0	0	0	0	0	0	0	160	0	0	0	0	0	0	0	0	0	0	14	21	0	0	0	0	0	0
input/NOS/TRE_R356-ProfessionRessource-FHIR.json	61899	6	0	0	0	0	0	0	1	175	0	0	0	0	0	0	0	0	0	0	76	36	0	0	0	3	0	0
input/NOS/TRE_R357-StatutPersonnePriseCharge-FHIR.json	17801	4	0	0	0	0	0	0	0	169	0	0	0	0	0	0	0	1	0	0	30	24	0	0	0	1	0	0
input/NOS/TRE_R358-MotifStatutPersonnePriseCharge-FHIR.json	35318	5	0	0	1	0	0	0	1	181	0	0	0	0	0	0	0	0	0	0	50	29	0	0	0	2	0	0
input/NOS/TRE_R359-SurspecialiteTransversale-FHIR.json	18429	5	0	0	0	0	0	0	0	174	0	0	0	0	0	0	0	0	0	0	31	25	0	0	0	1	0	0
input/NOS/TRE_R36-AutreDiplomeObtenu-FHIR.json	63259	6	0	0	0	0	0	0	1	178	0	0	0	0	0	0	0	0	0	0	80	36	0	0	0	3	0	1
input/NOS/TRE_R368-StatutRessource-FHIR.json	9712	4	0	0	0	0	0	0	0	170	0	0	0	0	0	0	0	0	0	0	23	22	0	0	0	1	0	0
input/NOS/TRE_R369_ProfilUtilisateurReferentielNational-FHIR.json	8369	4	0	0	0	0	0	0	0	189	0	0	0	0	0	0	0	0	0	0	20	22	0	0	0	1	0	0
input/NOS/TRE_R37-TypeProfessionFonction-FHIR.json	8414	4	0	0	0	0	0	0	0	179	0	0	0	0	0	0	0	0	0	0	20	23	0	0	0	0	0	0
input/NOS/TRE_R38-SpecialiteOrdinale-FHIR.json	77204	7	0	0	0	0	0	0	2	178	0	0	0	0	0	0	0	1	0	0	98	38	0	0	0	4	0	0
input/NOS/TRE_R39-Competence-FHIR.json	28671	4	0	0	1	0	0	0	0	172	0	0	0	0	0	0	0	0	0	0	42	28	0	0	0	2	0	0
input/NOS/TRE_R391-MotifRestrictionDiffusion-FHIR.json	2511	4	0	0	0	0	0	0	0	180	0	0	0	0	0	0	0	0	0	0	14	20	0	0	0	0	0	0
input/NOS/TRE_R40-CompetenceExclusive-FHIR.json	3700	4	0	0	0	0	0	0	0	170	0	0	0	0	0	0	0	0	0	0	15	22	0	0	0	1	0	0
input/NOS/TRE_R42-DESCnonQualifiant-FHIR.json	28642	5	0	0	0	0	0	0	1	179	0	0	0	0	0	0	0	0	0	0	44	27	0	0	0	1	0	0
input/NOS/TRE_R43-CapaciteSavoirFaire-FHIR.json	11804	4	0	0	0	0	0	0	0	168	0	0	0	0	0	0	0	0	0	0	25	23	0	0	0	1	0	1
input/NOS/TRE_R44-QualificationPAC-FHIR.json	1817	3	0	0	0	0	0	0	0	176	0	0	0	0	0	0	0	1	0	0	13	20	0	0	0	0	0	0
input/NOS/TRE_R45-FonctionQualifiee-FHIR.json	4720	4	0	0	0	0	0	0	0	177	0	0	0	0	0	0	0	0	0	0	16	21	0	0	0	0	0	0
input/NOS/TRE_R46-SpecialiteConcoursHospitalier-FHIR.json	47201	6	0	0	0	0	0	0	1	171	0	0	0	0	0	0	0	0	0	0	64	33	0	0	0	3	0	0
input/NOS/TRE_R48-DiplomeEtatFrancais-FHIR.json	29453	5	0	0	1	0	0	0	0	169	0	0	0	0	0	0	0	0	0	0	45	27	0	0	0	1	0	0
input/NOS/TRE_R49-DiplomeEtudeSpecialisee-FHIR.json	83941	7	0	0	0	0	0	0	1	179	0	0	0	0	0	0	0	1	0	0	139	43	0	0	0	5	0	0
input/NOS/TRE_R50-DESCGroupe1Diplome-FHIR.json	30095	5	0	0	0	0	0	0	1	169	0	0	0	0	0	0	0	0	0	0	45	27	0	0	0	2	0	1
input/NOS/TRE_R51-DESCGroupe2Diplome-FHIR.json	9188	4	0	0	0	0	0	0	0	178	0	0	0	0	0	0	0	0	0	0	21	23	0	0	0	0	0	0
input/NOS/TRE_R52-CapaciteDiplome-FHIR.json	12179	4	0	0	0	0	1	0	0	180	0	0	0	0	0	0	0	0	0	0	25	22	0	0	0	1	0	0
input/NOS/TRE_R53-DiplomePaysEEE-FHIR.json	6807	4	0	0	0	0	0	0	0	168	0	0	0	0	0	0	0	0	0	0	20	22	0	0	0	0	0	0
input/NOS/TRE_R54-DiplomeUniversiteInterUniversitaire-FHIR.json	131395	9	0	0	0	0	0	0	3	191	0	0	0	0	0	0	0	1	0	0	161	55	0	0	0	8	0	0
input/NOS/TRE_R55-CertificatEtudeSpeciale-FHIR.json	34663	5	0	0	1	0	0	0	0	173	0	0	0	0	0	0	0	0	0	0	49	28	0	0	0	2	0	1
input/NOS/TRE_R56-Attestation-FHIR.json	12856	4	0	0	0	0	0	0	0	165	0	0	0	0	0	0	0	0	0	0	27	23	0	0	0	1	0	0
input/NOS/TRE_R57-DiplomeEuropeenEtudeSpecialisee-FHIR.json	54091	6	0	0	0	0	0	0	1	183	0	0	0	0	0	0	0	1	0	0	72	33	0	0	0	3	0	0
input/NOS/TRE_R58-AutreTypeDiplome-FHIR.json	72222	7	0	0	0	0	0	0	1	175	0	0	0	0	0	0	0	0	0	0	98	38	0	0	0	4	0	0
input/NOS/TRE_R60-AutoriteEnregistrement-FHIR.json	31957	5	0	0	0	0	0	0	1	174	0	0	0	0	0	0	0	0	0	0	47	28	0	0	0	2	0	0
input/NOS/TRE_R62-Domaine-FHIR.json	4200	3	0	0	0	0	0	0	0	168	0	0	0	0	0	0	0	0	0	0	17	21	0	0	0	0	0	0
input/NOS/TRE_R63-AgregatCategorieEtablissementNiv1-FHIR.json	6192	4	0	0	0	0	0	0	0	170	0	0	0	0	0	0	0	0	0	0	20	21	0	0	0	0	0	0
input/NOS/TRE_R64-AgregatCategorieEtablissementNiv2-FHIR.json	14550	4	0	0	1	0	0	0	0	174	0	0	0	0	0	0	0	0	0	0	28	24	0	0	0	1	0	1
input/NOS/TRE_R65-AgregatCategorieEtablissement-FHIR.json	58626	6	0	0	0	0	0	0	1	180	0	0	1	0	0	0	0	1	0	0	78	35	0	0	0	4	0	0
input/NOS/TRE_R66-CategorieEtablissement-FHIR.json	230406	16	0	0	0	0	0	0	4	207	0	0	0	0	0	0	0	1	0	0	265	114	0	0	0	14	0	1
input/NOS/TRE_R67-TypeStructure-EJ-EG-FHIR.json	2391	4	0	0	0	0	0	0	0	185	0	0	0	0	0	0	0	0	0	0	15	22	0	0	0	1	0	0
input/NOS/TRE_R68-FinessAgregatStatutJuridiqueNiv1-FHIR.json	3150	3	0	0	1	0	0	0	0	179	0	0	0	0	0	0	0	0	0	0	19	22	0	0	0	0	0	0
input/NOS/TRE_R69-FinessAgregatStatutJuridiqueNiv2-FHIR.json	4499	4	0	0	0	0	0	0	0	168	0	0	0	0	0	0	0	1	0	0	17	22	0	0	0	1	0	0
input/NOS/TRE_R70-FinessAgregatStatutJuridique-FHIR.json	15503	4	0	0	0	0	0	0	0	166	0	0	0	0	0	0	0	0	0	0	29	25	0	0	0	0	0	0
input/NOS/TRE_R72-FinessStatutJuridique-FHIR.json	54645	6	0	0	0	0	0	0	1	175	0	0	0	0	0	0	0	0	0	0	70	36	0	0	0	3	0	0
input/NOS/TRE_R73-ESPIC-FHIR.json	6899	4	0	0	1	0	0	0	0	170	0	0	0	0	0	0	0	0	0	0	20	23	0	0	0	1	0	0
input/NOS/TRE_R74-ModeFixationTarifaire-FHIR.json	37492	5	0	0	0	0	0	0	1	172	0	0	0	0	0	0	0	0	0	0	54	31	0	0	0	2	0	1
input/NOS/TRE_R75-InseeNAFrev2Niveau5-FHIR.json	492233	29	0	0	1	0	0	0	8	243	0	0	0	0	0	0	0	4	0	0	549	190	0	0	0	29	0	2
input/NOS/TRE_R78-ProfilAccesReferentiel-FHIR.json	20870	5	0	0	0	0	0	0	0	170	0	0	0	0	0	0	0	0	0	0	35	31	0	0	0	1	0	0
input/NOS/TRE_R81-Civilite-FHIR.json	2951	3	0	0	0	0	0	0	0	167	0	0	0	0	0	0	0	0	0	0	15	21	0	0	0	1	0	0
input/NOS/TRE_R82-Ordre-FHIR.json	5466	4	0	0	1	0	0	0	0	171	0	0	0	0	0	0	0	0	0	0	19	23	0	0	0	0	0	0
input/NOS/TRE_R84-ProfilAccesAnnuaire-MSSante-FHIR.json	1796	4	0	0	0	0	0	0	0	170	0	0	0	0	0	0	0	0	0	0	14	21	0	0	0	0	0	0
input/NOS/TRE_R85-RolePriseCharge-FHIR.json	55896	6	0	0	0	0	0	0	1	193	0	0	0	0	0	0	0	0	0	0	78	38	0	0	0	3	0	1
input/NOS/TRE_R86-ProfilVIHF-FHIR.json	3736	3	0	0	0	0	0	0	0	157	0	0	0	0	0	0	0	0	0	0	16	22	0	0	0	1	0	0
input/NOS/TRE_R87-TypeCarte-FHIR.json	3740	4	0	0	1	0	0	0	0	167	0	0	0	0	0	0	0	0	0	0	17	22	0	0	0	0	0	0
input/NOS/TRE_R88-TerritoireSante-FHIR.json	84143	8	0	0	0	0	0	0	1	198	0	0	0	0	0	0	0	1	0	0	97	47	0	0	0	5	0	0
input/NOS/TRE_R89-RegroupementPays-FHIR.json	2963	3	0	0	0	0	0	0	0	171	0	0	0	0	0	0	0	0	0	0	16	22	0	0	0	0	0	0
input/NOS/TRE_R90-TypeAE-FHIR.json	2845	4	0	0	1	0	0	0	0	169	0	0	0	0	0	0	0	0	0	0	16	22	0	0	0	1	0	0
input/NOS/TRE_R94-ProfessionSocial-FHIR.json	20733	5	0	0	0	0	0	0	1	180	0	0	0	0	0	0	0	0	0	0	34	33	0	0	0	1	0	0
input/NOS/TRE_R95-UsagerTitre-FHIR.json	7945	4	0	0	0	0	0	0	0	169	0	0	0	0	0	0	0	0	0	0	21	35	0	0	0	0	0	0
input/NOS/TRE_R96-AutreFonctionSanitaire-FHIR.json	8280	3	0	0	0	0	0	0	0	177	0	0	0	0	0	0	0	0	0	0	21	23	0	0	0	1	0	0
input/NOS/TRE_R97-DroitExerciceCompl-FHIR.json	17323	5	0	0	1	0	0	0	0	168	0	0	0	0	0	0	0	0	0	0	30	26	0	0	0	1	0	0
