{"resourceType":"CodeSystem","id":"TRE-R231-PalierAuthentification","text":{"status":"generated","div":"<div xmlns=\"http://www.w3.org/1999/xhtml\"><p class=\"res-header-id\"><b>Generated Narrative: CodeSystem TRE-R231-PalierAuthentification</b></p><a name=\"TRE-R231-PalierAuthentification\"> </a><a name=\"hcTRE-R231-PalierAuthentification\"> </a><a name=\"hcTRE-R231-PalierAuthentification-en-US\"> </a><p><b>Properties</b></p><p><b>This code system defines the following properties for its concepts</b></p><table class=\"grid\"><tr><td><b>Name</b></td><td><b>Code</b></td><td><b>Type</b></td><td><b>Description</b></td></tr><tr><td>dateValid</td><td>dateValid</td><td>dateTime</td><td>date de validité d'un code concept</td></tr><tr><td>dateMaj</td><td>dateMaj</td><td>dateTime</td><td>Date de mise à jour d'un code concept</td></tr><tr><td>dateFin</td><td>dateFin</td><td>dateTime</td><td>Date de fin d'exploitation d'un code concept</td></tr></table><p><b>Concepts</b></p><p>This  code system <code>https://mos.esante.gouv.fr/NOS/TRE_R231-PalierAuthentification/FHIR/TRE-R231-PalierAuthentification</code> defines the following codes:</p><table class=\"codes\"><tr><td style=\"white-space:nowrap\"><b>Code</b></td><td><b>Display</b></td><td><b>dateValid</b></td><td><b>dateMaj</b></td></tr><tr><td style=\"white-space:nowrap\">APMPUBP2<a name=\"TRE-R231-PalierAuthentification-APMPUBP2\"> </a></td><td>Palier 2 authent. pub acteurs sanitaires, médico-sociaux et sociaux PM</td><td>2017-07-07T10:00:00+01:00</td><td>2017-07-07T10:00:00+01:00</td></tr><tr><td style=\"white-space:nowrap\">APMPUBP3<a name=\"TRE-R231-PalierAuthentification-APMPUBP3\"> </a></td><td>Palier 3 authent. pub acteurs sanitaires, médico-sociaux et sociaux PM</td><td>2017-07-07T10:00:00+01:00</td><td>2017-07-07T10:00:00+01:00</td></tr><tr><td style=\"white-space:nowrap\">APPPRIP1<a name=\"TRE-R231-PalierAuthentification-APPPRIP1\"> </a></td><td>Palier 1 authent. privée acteurs sanitaires, médico-sociaux et sociaux PP</td><td>2017-07-07T10:00:00+01:00</td><td>2017-07-07T10:00:00+01:00</td></tr><tr><td style=\"white-space:nowrap\">APPPRIP2<a name=\"TRE-R231-PalierAuthentification-APPPRIP2\"> </a></td><td>Palier 2 authent. privée acteurs sanitaires, médico-sociaux et sociaux PP</td><td>2017-07-07T10:00:00+01:00</td><td>2017-07-07T10:00:00+01:00</td></tr><tr><td style=\"white-space:nowrap\">APPPRIP3<a name=\"TRE-R231-PalierAuthentification-APPPRIP3\"> </a></td><td>Palier 3 authent. privée acteurs sanitaires, médico-sociaux et sociaux PP</td><td>2017-07-07T10:00:00+01:00</td><td>2017-07-07T10:00:00+01:00</td></tr><tr><td style=\"white-space:nowrap\">APPPUBP2<a name=\"TRE-R231-PalierAuthentification-APPPUBP2\"> </a></td><td>Palier 2 authent. pub acteurs sanitaires, médico-sociaux et sociaux PP</td><td>2017-07-07T10:00:00+01:00</td><td>2017-07-07T10:00:00+01:00</td></tr><tr><td style=\"white-space:nowrap\">APPPUBP3<a name=\"TRE-R231-PalierAuthentification-APPPUBP3\"> </a></td><td>Palier 3 authent. pub acteurs sanitaires, médico-sociaux et sociaux PP</td><td>2017-07-07T10:00:00+01:00</td><td>2017-07-07T10:00:00+01:00</td></tr></table></div>"},"extension":[{"url":"http://hl7.org/fhir/StructureDefinition/resource-effectivePeriod","valuePeriod":{"start":"2017-07-07T10:00:00+01:00"}}],"url":"https://mos.esante.gouv.fr/NOS/TRE_R231-PalierAuthentification/FHIR/TRE-R231-PalierAuthentification","identifier":[{"value":"urn:oid:1.2.250.1.213.1.5.1.1.1"}],"version":"1.2.0","name":"TRE_R231-PalierAuthentification","status":"active","date":"2023-12-15T12:00:00+01:00","publisher":"ANS","contact":[{"name":"ANS","telecom":[{"system":"url","value":"https://esante.gouv.fr"}]}],"description":"Paliers des référentiels d'authentification de la PGSSI-S","content":"complete","property":[{"code":"dateValid","description":"date de validité d'un code concept","type":"dateTime"},{"code":"dateMaj","description":"Date de mise à jour d'un code concept","type":"dateTime"},{"code":"dateFin","description":"Date de fin d'exploitation d'un code concept","type":"dateTime"}],"concept":[{"code":"APMPUBP2","display":"Palier 2 authent. pub acteurs sanitaires, médico-sociaux et sociaux PM","designation":[{"use":{"code":"LibelleCourt"},"value":"P2 auth pub act smss PM"},{"use":{"code":"LibelleAdapte"},"value":"Palier 2 de l'authentification publique des acteurs sanitaires, médico-sociaux et sociaux personnes morales"}],"property":[{"code":"dateValid","valueDateTime":"2017-07-07T10:00:00+01:00"},{"code":"dateMaj","valueDateTime":"2017-07-07T10:00:00+01:00"}]},{"code":"APMPUBP3","display":"Palier 3 authent. pub acteurs sanitaires, médico-sociaux et sociaux PM","designation":[{"use":{"code":"LibelleCourt"},"value":"P3 auth pub act smss PM"},{"use":{"code":"LibelleAdapte"},"value":"Palier 3 de l'authentification publique des acteurs sanitaires, médico-sociaux et sociaux personnes morales"}],"property":[{"code":"dateValid","valueDateTime":"2017-07-07T10:00:00+01:00"},{"code":"dateMaj","valueDateTime":"2017-07-07T10:00:00+01:00"}]},{"code":"APPPRIP1","display":"Palier 1 authent. privée acteurs sanitaires, médico-sociaux et sociaux PP","designation":[{"use":{"code":"LibelleCourt"},"value":"P1 auth pri act smss PP"},{"use":{"code":"LibelleAdapte"},"value":"Palier 1 de l'authentification privée des acteurs sanitaires, médico-sociaux et sociaux personnes physiques"}],"property":[{"code":"dateValid","valueDateTime":"2017-07-07T10:00:00+01:00"},{"code":"dateMaj","valueDateTime":"2017-07-07T10:00:00+01:00"}]},{"code":"APPPRIP2","display":"Palier 2 authent. privée acteurs sanitaires, médico-sociaux et sociaux PP","designation":[{"use":{"code":"LibelleCourt"},"value":"P2 auth pri act smss PP"},{"use":{"code":"LibelleAdapte"},"value":"Palier 2 de l'authentification privée des acteurs sanitaires, médico-sociaux et sociaux personnes physiques"}],"property":[{"code":"dateValid","valueDateTime":"2017-07-07T10:00:00+01:00"},{"code":"dateMaj","valueDateTime":"2017-07-07T10:00:00+01:00"}]},{"code":"APPPRIP3","display":"Palier 3 authent. privée acteurs sanitaires, médico-sociaux et sociaux PP","designation":[{"use":{"code":"LibelleCourt"},"value":"P3 auth pri act smss PP"},{"use":{"code":"LibelleAdapte"},"value":"Palier 3 de l'authentification privée des acteurs sanitaires, médico-sociaux et sociaux personnes physiques"}],"property":[{"code":"dateValid","valueDateTime":"2017-07-07T10:00:00+01:00"},{"code":"dateMaj","valueDateTime":"2017-07-07T10:00:00+01:00"}]},{"code":"APPPUBP2","display":"Palier 2 authent. pub acteurs sanitaires, médico-sociaux et sociaux PP","designation":[{"use":{"code":"LibelleCourt"},"value":"P2 auth pub act smss PP"},{"use":{"code":"LibelleAdapte"},"value":"Palier 2 de l'authentification publique des acteurs sanitaires, médico-sociaux et sociaux personnes physiques"}],"property":[{"code":"dateValid","valueDateTime":"2017-07-07T10:00:00+01:00"},{"code":"dateMaj","valueDateTime":"2017-07-07T10:00:00+01:00"}]},{"code":"APPPUBP3","display":"Palier 3 authent. pub acteurs sanitaires, médico-sociaux et sociaux PP","designation":[{"use":{"code":"LibelleCourt"},"value":"P3 auth pub act smss PP"},{"use":{"code":"LibelleAdapte"},"value":"Palier 3 de l'authentification publique des acteurs sanitaires, médico-sociaux et sociaux personnes physiques"}],"property":[{"code":"dateValid","valueDateTime":"2017-07-07T10:00:00+01:00"},{"code":"dateMaj","valueDateTime":"2017-07-07T10:00:00+01:00"}]}]}