{"resourceType":"CodeSystem","id":"TRE-R320-BesoinCommunication","text":{"status":"generated","div":"<div xmlns=\"http://www.w3.org/1999/xhtml\"><p class=\"res-header-id\"><b>Generated Narrative: CodeSystem TRE-R320-BesoinCommunication</b></p><a name=\"TRE-R320-BesoinCommunication\"> </a><a name=\"hcTRE-R320-BesoinCommunication\"> </a><a name=\"TRE-R320-BesoinCommunication-en-US\"> </a><p><b>Properties</b></p><p><b>This code system defines the following properties for its concepts</b></p><table class=\"grid\"><tr><td><b>Name</b></td><td><b>Code</b></td><td><b>Type</b></td><td><b>Description</b></td></tr><tr><td>dateValid</td><td>dateValid</td><td>dateTime</td><td>date de validité d'un code concept</td></tr><tr><td>dateMaj</td><td>dateMaj</td><td>dateTime</td><td>Date de mise à jour d'un code concept</td></tr><tr><td>dateFin</td><td>dateFin</td><td>dateTime</td><td>Date de fin d'exploitation d'un code concept</td></tr></table><p><b>Concepts</b></p><p>This  code system <code>https://mos.esante.gouv.fr/NOS/TRE_R320-BesoinCommunication/FHIR/TRE-R320-BesoinCommunication</code> defines the following codes:</p><table class=\"codes\"><tr><td style=\"white-space:nowrap\"><b>Code</b></td><td><b>Display</b></td><td><b>Definition</b></td><td><b>dateValid</b></td><td><b>dateMaj</b></td></tr><tr><td style=\"white-space:nowrap\">01<a name=\"TRE-R320-BesoinCommunication-01\"> </a></td><td>Pour communiquer</td><td>La personne a besoin d'aide pour communiquer</td><td>2021-09-24T12:00:00+01:00</td><td>2021-09-24T12:00:00+01:00</td></tr><tr><td style=\"white-space:nowrap\">02<a name=\"TRE-R320-BesoinCommunication-02\"> </a></td><td>Pour les relations avec les autres</td><td>La personne a besoin d'aide pour les relations avec les autres</td><td>2021-09-24T12:00:00+01:00</td><td>2021-09-24T12:00:00+01:00</td></tr><tr><td style=\"white-space:nowrap\">03<a name=\"TRE-R320-BesoinCommunication-03\"> </a></td><td>Pour assurer sa sécurité</td><td>La personne a besoin d'aide pour assurer sa sécurité</td><td>2021-09-24T12:00:00+01:00</td><td>2021-09-24T12:00:00+01:00</td></tr></table></div>"},"extension":[{"url":"http://hl7.org/fhir/StructureDefinition/resource-effectivePeriod","valuePeriod":{"start":"2021-09-24T12:00:00+01:00"}}],"url":"https://mos.esante.gouv.fr/NOS/TRE_R320-BesoinCommunication/FHIR/TRE-R320-BesoinCommunication","identifier":[{"value":"urn:oid:1.2.250.1.213.3.3.75"}],"version":"1.3.0","name":"TRE_R320-BesoinCommunication","status":"active","date":"2024-03-29T12:00:00+01:00","publisher":"ANS","contact":[{"name":"ANS","telecom":[{"system":"url","value":"https://esante.gouv.fr"}]}],"description":"Caractérise les besoins d'aide de la personne en matière de scolarité, en lien avec la communication","content":"complete","property":[{"code":"dateValid","description":"date de validité d'un code concept","type":"dateTime"},{"code":"dateMaj","description":"Date de mise à jour d'un code concept","type":"dateTime"},{"code":"dateFin","description":"Date de fin d'exploitation d'un code concept","type":"dateTime"}],"concept":[{"code":"01","display":"Pour communiquer","definition":"La personne a besoin d'aide pour communiquer","designation":[{"use":{"code":"LibelleCourt"},"value":"Pour communiquer"},{"use":{"code":"LibelleAdapte"},"value":"Pour communiquer"}],"property":[{"code":"dateValid","valueDateTime":"2021-09-24T12:00:00+01:00"},{"code":"dateMaj","valueDateTime":"2021-09-24T12:00:00+01:00"}]},{"code":"02","display":"Pour les relations avec les autres","definition":"La personne a besoin d'aide pour les relations avec les autres","designation":[{"use":{"code":"LibelleCourt"},"value":"Pour relations avec les autres"},{"use":{"code":"LibelleAdapte"},"value":"Pour les relations avec les autres"}],"property":[{"code":"dateValid","valueDateTime":"2021-09-24T12:00:00+01:00"},{"code":"dateMaj","valueDateTime":"2021-09-24T12:00:00+01:00"}]},{"code":"03","display":"Pour assurer sa sécurité","definition":"La personne a besoin d'aide pour assurer sa sécurité","designation":[{"use":{"code":"LibelleCourt"},"value":"Pour assurer sa sécurité"},{"use":{"code":"LibelleAdapte"},"value":"Pour assurer sa sécurité"}],"property":[{"code":"dateValid","valueDateTime":"2021-09-24T12:00:00+01:00"},{"code":"dateMaj","valueDateTime":"2021-09-24T12:00:00+01:00"}]}]}