{"resourceType":"CodeSystem","id":"TRE-A00-ProducteurDocNonPS","text":{"status":"generated","div":"<div xmlns=\"http://www.w3.org/1999/xhtml\"><p class=\"res-header-id\"><b>Generated Narrative: CodeSystem TRE-A00-ProducteurDocNonPS</b></p><a name=\"TRE-A00-ProducteurDocNonPS\"> </a><a name=\"hcTRE-A00-ProducteurDocNonPS\"> </a><a name=\"TRE-A00-ProducteurDocNonPS-en-US\"> </a><p><b>Properties</b></p><p><b>This code system defines the following properties for its concepts</b></p><table class=\"grid\"><tr><td><b>Name</b></td><td><b>Code</b></td><td><b>Type</b></td><td><b>Description</b></td></tr><tr><td>dateValid</td><td>dateValid</td><td>dateTime</td><td>date de validité d'un code concept</td></tr><tr><td>dateMaj</td><td>dateMaj</td><td>dateTime</td><td>Date de mise à jour d'un code concept</td></tr><tr><td>dateFin</td><td>dateFin</td><td>dateTime</td><td>Date de fin d'exploitation d'un code concept</td></tr></table><p><b>Concepts</b></p><p>This  code system <code>https://mos.esante.gouv.fr/NOS/TRE_A00-ProducteurDocNonPS/FHIR/TRE-A00-ProducteurDocNonPS</code> defines the following codes:</p><table class=\"codes\"><tr><td style=\"white-space:nowrap\"><b>Code</b></td><td><b>Display</b></td><td><b>Definition</b></td><td><b>dateValid</b></td><td><b>dateMaj</b></td></tr><tr><td style=\"white-space:nowrap\">ALIM_AM<a name=\"TRE-A00-ProducteurDocNonPS-ALIM_AM\"> </a></td><td>Alimentation auto à partir du SI de l'Ass Maladie</td><td/><td>2016-09-01T00:00:00+01:00</td><td>2016-09-01T00:00:00+01:00</td></tr><tr><td style=\"white-space:nowrap\">DISPOSITIF<a name=\"TRE-A00-ProducteurDocNonPS-DISPOSITIF\"> </a></td><td>Dispositif médical</td><td/><td>2010-11-04T00:00:00+01:00</td><td>2010-11-04T00:00:00+01:00</td></tr><tr><td style=\"white-space:nowrap\">EXP_PATIENT<a name=\"TRE-A00-ProducteurDocNonPS-EXP_PATIENT\"> </a></td><td>Expression personnelle du patient</td><td/><td>2010-11-04T00:00:00+01:00</td><td>2010-11-04T00:00:00+01:00</td></tr><tr><td style=\"white-space:nowrap\">SECRETARIAT_MEDICAL<a name=\"TRE-A00-ProducteurDocNonPS-SECRETARIAT_MEDICAL\"> </a></td><td>Secrétariat médical</td><td/><td>2010-11-04T00:00:00+01:00</td><td>2010-11-04T00:00:00+01:00</td></tr><tr><td style=\"white-space:nowrap\">AUTOMATE<a name=\"TRE-A00-ProducteurDocNonPS-AUTOMATE\"> </a></td><td>Automate</td><td/><td>2019-04-26T12:00:00+01:00</td><td>2019-04-26T12:00:00+01:00</td></tr><tr><td style=\"white-space:nowrap\">SNR<a name=\"TRE-A00-ProducteurDocNonPS-SNR\"> </a></td><td>Service numérique référencé</td><td>Service numérique référencé par Mon Espace Santé</td><td>2023-09-22T12:00:00+01:00</td><td>2023-09-22T12:00:00+01:00</td></tr><tr><td style=\"white-space:nowrap\">LOGICIEL_DUI<a name=\"TRE-A00-ProducteurDocNonPS-LOGICIEL_DUI\"> </a></td><td>Logiciel de Dossier Usager Informatisé</td><td/><td>2023-12-15T12:00:00+01:00</td><td>2023-12-15T12:00:00+01:00</td></tr></table></div>"},"extension":[{"url":"http://hl7.org/fhir/StructureDefinition/resource-effectivePeriod","valuePeriod":{"start":"2010-11-04T00:00:00+01:00"}}],"url":"https://mos.esante.gouv.fr/NOS/TRE_A00-ProducteurDocNonPS/FHIR/TRE-A00-ProducteurDocNonPS","identifier":[{"value":"urn:oid:1.2.250.1.213.1.1.4.6"}],"version":"1.4.0","name":"TRE_A00-ProducteurDocNonPS","status":"active","date":"2024-03-29T12:00:00+01:00","publisher":"ANS","contact":[{"name":"ANS","telecom":[{"system":"url","value":"https://esante.gouv.fr"}]}],"description":"Producteur de document non PS","content":"complete","property":[{"code":"dateValid","description":"date de validité d'un code concept","type":"dateTime"},{"code":"dateMaj","description":"Date de mise à jour d'un code concept","type":"dateTime"},{"code":"dateFin","description":"Date de fin d'exploitation d'un code concept","type":"dateTime"}],"concept":[{"code":"ALIM_AM","display":"Alimentation auto à partir du SI de l'Ass Maladie","designation":[{"use":{"code":"LibelleCourt"},"value":"Alim auto à partir du SI-AM"},{"use":{"code":"LibelleAdapte"},"value":"Alimentation automatique à partir du Système d'Information de l'Assurance Maladie"}],"property":[{"code":"dateValid","valueDateTime":"2016-09-01T00:00:00+01:00"},{"code":"dateMaj","valueDateTime":"2016-09-01T00:00:00+01:00"}]},{"code":"DISPOSITIF","display":"Dispositif médical","designation":[{"use":{"code":"LibelleCourt"},"value":"Dispositif médical"},{"use":{"code":"LibelleAdapte"},"value":"Dispositif médical"}],"property":[{"code":"dateValid","valueDateTime":"2010-11-04T00:00:00+01:00"},{"code":"dateMaj","valueDateTime":"2010-11-04T00:00:00+01:00"}]},{"code":"EXP_PATIENT","display":"Expression personnelle du patient","designation":[{"use":{"code":"LibelleCourt"},"value":"Expres perso patient"},{"use":{"code":"LibelleAdapte"},"value":"Expression personnelle du patient"}],"property":[{"code":"dateValid","valueDateTime":"2010-11-04T00:00:00+01:00"},{"code":"dateMaj","valueDateTime":"2010-11-04T00:00:00+01:00"}]},{"code":"SECRETARIAT_MEDICAL","display":"Secrétariat médical","designation":[{"use":{"code":"LibelleCourt"},"value":"Secrétariat médical"},{"use":{"code":"LibelleAdapte"},"value":"Secrétariat médical"}],"property":[{"code":"dateValid","valueDateTime":"2010-11-04T00:00:00+01:00"},{"code":"dateMaj","valueDateTime":"2010-11-04T00:00:00+01:00"}]},{"code":"AUTOMATE","display":"Automate","designation":[{"use":{"code":"LibelleCourt"},"value":"Automate"},{"use":{"code":"LibelleAdapte"},"value":"Automate"}],"property":[{"code":"dateValid","valueDateTime":"2019-04-26T12:00:00+01:00"},{"code":"dateMaj","valueDateTime":"2019-04-26T12:00:00+01:00"}]},{"code":"SNR","display":"Service numérique référencé","definition":"Service numérique référencé par Mon Espace Santé","designation":[{"use":{"code":"LibelleCourt"},"value":"Service numérique référencé"},{"use":{"code":"LibelleAdapte"},"value":"Service numérique référencé"}],"property":[{"code":"dateValid","valueDateTime":"2023-09-22T12:00:00+01:00"},{"code":"dateMaj","valueDateTime":"2023-09-22T12:00:00+01:00"}]},{"code":"LOGICIEL_DUI","display":"Logiciel de Dossier Usager Informatisé","designation":[{"use":{"code":"LibelleCourt"},"value":"Logiciel DUI"},{"use":{"code":"LibelleAdapte"},"value":"Logiciel de Dossier Usager Informatisé"}],"property":[{"code":"dateValid","valueDateTime":"2023-12-15T12:00:00+01:00"},{"code":"dateMaj","valueDateTime":"2023-12-15T12:00:00+01:00"}]}]}