{"resourceType":"CodeSystem","id":"TRE-R300-AgregatDisciplineEquipSocNiv3","text":{"status":"generated","div":"<div xmlns=\"http://www.w3.org/1999/xhtml\"><p class=\"res-header-id\"><b>Generated Narrative: CodeSystem TRE-R300-AgregatDisciplineEquipSocNiv3</b></p><a name=\"TRE-R300-AgregatDisciplineEquipSocNiv3\"> </a><a name=\"hcTRE-R300-AgregatDisciplineEquipSocNiv3\"> </a><a name=\"TRE-R300-AgregatDisciplineEquipSocNiv3-en-US\"> </a><p><b>Properties</b></p><p><b>This code system defines the following properties for its concepts</b></p><table class=\"grid\"><tr><td><b>Name</b></td><td><b>Code</b></td><td><b>Type</b></td><td><b>Description</b></td></tr><tr><td>dateValid</td><td>dateValid</td><td>dateTime</td><td>date de validité d'un code concept</td></tr><tr><td>dateMaj</td><td>dateMaj</td><td>dateTime</td><td>Date de mise à jour d'un code concept</td></tr><tr><td>dateFin</td><td>dateFin</td><td>dateTime</td><td>Date de fin d'exploitation d'un code concept</td></tr></table><p><b>Concepts</b></p><p>This  code system <code>https://mos.esante.gouv.fr/NOS/TRE_R300-AgregatDisciplineEquipSocNiv3/FHIR/TRE-R300-AgregatDisciplineEquipSocNiv3</code> defines the following codes:</p><table class=\"codes\"><tr><td style=\"white-space:nowrap\"><b>Code</b></td><td><b>Display</b></td><td><b>dateValid</b></td><td><b>dateMaj</b></td></tr><tr><td style=\"white-space:nowrap\">4310<a name=\"TRE-R300-AgregatDisciplineEquipSocNiv3-4310\"> </a></td><td>Insertion professionnelle et sociale des adultes handicapés</td><td>2020-06-26T12:00:00+01:00</td><td>2020-06-26T12:00:00+01:00</td></tr><tr><td style=\"white-space:nowrap\">4320<a name=\"TRE-R300-AgregatDisciplineEquipSocNiv3-4320\"> </a></td><td>Hébergement des adultes handicapés</td><td>2020-06-26T12:00:00+01:00</td><td>2020-06-26T12:00:00+01:00</td></tr><tr><td style=\"white-space:nowrap\">4330<a name=\"TRE-R300-AgregatDisciplineEquipSocNiv3-4330\"> </a></td><td>Accueil et accompagnement pour personnes handicapées</td><td>2020-06-26T12:00:00+01:00</td><td>2020-06-26T12:00:00+01:00</td></tr><tr><td style=\"white-space:nowrap\">4410<a name=\"TRE-R300-AgregatDisciplineEquipSocNiv3-4410\"> </a></td><td>Soins médico sociaux aux personnes âgées</td><td>2020-06-26T12:00:00+01:00</td><td>2020-06-26T12:00:00+01:00</td></tr><tr><td style=\"white-space:nowrap\">4420<a name=\"TRE-R300-AgregatDisciplineEquipSocNiv3-4420\"> </a></td><td>Hébergement personnes âgées</td><td>2020-06-26T12:00:00+01:00</td><td>2020-06-26T12:00:00+01:00</td></tr><tr><td style=\"white-space:nowrap\">4510<a name=\"TRE-R300-AgregatDisciplineEquipSocNiv3-4510\"> </a></td><td>Accueil au titre de la protection de l'enfance</td><td>2020-06-26T12:00:00+01:00</td><td>2020-06-26T12:00:00+01:00</td></tr><tr><td style=\"white-space:nowrap\">4520<a name=\"TRE-R300-AgregatDisciplineEquipSocNiv3-4520\"> </a></td><td>Observation orientation mineurs en difficulté</td><td>2020-06-26T12:00:00+01:00</td><td>2020-06-26T12:00:00+01:00</td></tr><tr><td style=\"white-space:nowrap\">4530<a name=\"TRE-R300-AgregatDisciplineEquipSocNiv3-4530\"> </a></td><td>Soutien personnalisé enfants et ado en difficulté sociale</td><td>2020-06-26T12:00:00+01:00</td><td>2020-06-26T12:00:00+01:00</td></tr><tr><td style=\"white-space:nowrap\">4610<a name=\"TRE-R300-AgregatDisciplineEquipSocNiv3-4610\"> </a></td><td>Réinsertion professionnelle et sociale adultes en difficulté</td><td>2020-06-26T12:00:00+01:00</td><td>2020-06-26T12:00:00+01:00</td></tr><tr><td style=\"white-space:nowrap\">4620<a name=\"TRE-R300-AgregatDisciplineEquipSocNiv3-4620\"> </a></td><td>Hébergement des adultes en difficulté</td><td>2020-06-26T12:00:00+01:00</td><td>2020-06-26T12:00:00+01:00</td></tr><tr><td style=\"white-space:nowrap\">4630<a name=\"TRE-R300-AgregatDisciplineEquipSocNiv3-4630\"> </a></td><td>Hébergement des autres adultes</td><td>2020-06-26T12:00:00+01:00</td><td>2020-06-26T12:00:00+01:00</td></tr><tr><td style=\"white-space:nowrap\">4640<a name=\"TRE-R300-AgregatDisciplineEquipSocNiv3-4640\"> </a></td><td>Prise en charge des personnes en difficultés spécifiques</td><td>2020-06-26T12:00:00+01:00</td><td>2020-06-26T12:00:00+01:00</td></tr><tr><td style=\"white-space:nowrap\">4650<a name=\"TRE-R300-AgregatDisciplineEquipSocNiv3-4650\"> </a></td><td>Mesures de protection des majeurs</td><td>2020-06-26T12:00:00+01:00</td><td>2020-06-26T12:00:00+01:00</td></tr><tr><td style=\"white-space:nowrap\">4710<a name=\"TRE-R300-AgregatDisciplineEquipSocNiv3-4710\"> </a></td><td>Soins médico-sociaux enfance handicapée</td><td>2020-06-26T12:00:00+01:00</td><td>2020-06-26T12:00:00+01:00</td></tr><tr><td style=\"white-space:nowrap\">4720<a name=\"TRE-R300-AgregatDisciplineEquipSocNiv3-4720\"> </a></td><td>Education spéciale enfance handicapée</td><td>2020-06-26T12:00:00+01:00</td><td>2020-06-26T12:00:00+01:00</td></tr><tr><td style=\"white-space:nowrap\">4730<a name=\"TRE-R300-AgregatDisciplineEquipSocNiv3-4730\"> </a></td><td>Hébergement enfance handicapée</td><td>2020-06-26T12:00:00+01:00</td><td>2020-06-26T12:00:00+01:00</td></tr><tr><td style=\"white-space:nowrap\">4740<a name=\"TRE-R300-AgregatDisciplineEquipSocNiv3-4740\"> </a></td><td>Education adaptée et accompagnement social et médico-social</td><td>2020-06-26T12:00:00+01:00</td><td>2020-06-26T12:00:00+01:00</td></tr><tr><td style=\"white-space:nowrap\">4810<a name=\"TRE-R300-AgregatDisciplineEquipSocNiv3-4810\"> </a></td><td>Garde des enfants</td><td>2020-06-26T12:00:00+01:00</td><td>2020-06-26T12:00:00+01:00</td></tr><tr><td style=\"white-space:nowrap\">4820<a name=\"TRE-R300-AgregatDisciplineEquipSocNiv3-4820\"> </a></td><td>Services à la famille</td><td>2020-06-26T12:00:00+01:00</td><td>2020-06-26T12:00:00+01:00</td></tr><tr><td style=\"white-space:nowrap\">4910<a name=\"TRE-R300-AgregatDisciplineEquipSocNiv3-4910\"> </a></td><td>Services medico-sociaux à domicile</td><td>2020-06-26T12:00:00+01:00</td><td>2020-06-26T12:00:00+01:00</td></tr><tr><td style=\"white-space:nowrap\">4920<a name=\"TRE-R300-AgregatDisciplineEquipSocNiv3-4920\"> </a></td><td>Recherche et administration domaine social</td><td>2020-06-26T12:00:00+01:00</td><td>2020-06-26T12:00:00+01:00</td></tr><tr><td style=\"white-space:nowrap\">4930<a name=\"TRE-R300-AgregatDisciplineEquipSocNiv3-4930\"> </a></td><td>Activité expérimentale dans établissements sociaux</td><td>2020-06-26T12:00:00+01:00</td><td>2020-06-26T12:00:00+01:00</td></tr><tr><td style=\"white-space:nowrap\">4940<a name=\"TRE-R300-AgregatDisciplineEquipSocNiv3-4940\"> </a></td><td>Activité des centres de ressources</td><td>2020-06-26T12:00:00+01:00</td><td>2020-06-26T12:00:00+01:00</td></tr></table></div>"},"extension":[{"url":"http://hl7.org/fhir/StructureDefinition/resource-effectivePeriod","valuePeriod":{"start":"2020-06-26T12:00:00+01:00"}}],"url":"https://mos.esante.gouv.fr/NOS/TRE_R300-AgregatDisciplineEquipSocNiv3/FHIR/TRE-R300-AgregatDisciplineEquipSocNiv3","identifier":[{"value":"urn:oid:1.2.250.1.213.1.6.1.204"}],"version":"1.5.0","name":"TRE_R300-AgregatDisciplineEquipSocNiv3","status":"active","date":"2023-12-15T12:00:00+01:00","publisher":"ANS","contact":[{"name":"ANS","telecom":[{"system":"url","value":"https://esante.gouv.fr"}]}],"description":"Agrégats de disciplines d'équipement pour le social niveau 3","content":"complete","property":[{"code":"dateValid","description":"date de validité d'un code concept","type":"dateTime"},{"code":"dateMaj","description":"Date de mise à jour d'un code concept","type":"dateTime"},{"code":"dateFin","description":"Date de fin d'exploitation d'un code concept","type":"dateTime"}],"concept":[{"code":"4310","display":"Insertion professionnelle et sociale des adultes handicapés","designation":[{"use":{"code":"LibelleCourt"},"value":"Inser.prof.soc.adultes hand."},{"use":{"code":"LibelleAdapte"},"value":"Insertion professionnelle et sociale des adultes handicapés"}],"property":[{"code":"dateValid","valueDateTime":"2020-06-26T12:00:00+01:00"},{"code":"dateMaj","valueDateTime":"2020-06-26T12:00:00+01:00"}]},{"code":"4320","display":"Hébergement des adultes handicapés","designation":[{"use":{"code":"LibelleCourt"},"value":"Hébergement adultes hand."},{"use":{"code":"LibelleAdapte"},"value":"Hébergement des adultes handicapés"}],"property":[{"code":"dateValid","valueDateTime":"2020-06-26T12:00:00+01:00"},{"code":"dateMaj","valueDateTime":"2020-06-26T12:00:00+01:00"}]},{"code":"4330","display":"Accueil et accompagnement pour personnes handicapées","designation":[{"use":{"code":"LibelleCourt"},"value":"Accueil acc.pers.hand."},{"use":{"code":"LibelleAdapte"},"value":"Accueil et accompagnement pour personnes handicapées"}],"property":[{"code":"dateValid","valueDateTime":"2020-06-26T12:00:00+01:00"},{"code":"dateMaj","valueDateTime":"2020-06-26T12:00:00+01:00"}]},{"code":"4410","display":"Soins médico sociaux aux personnes âgées","designation":[{"use":{"code":"LibelleCourt"},"value":"Soins médico soc.pers.âgées"},{"use":{"code":"LibelleAdapte"},"value":"Soins médico sociaux aux personnes âgées"}],"property":[{"code":"dateValid","valueDateTime":"2020-06-26T12:00:00+01:00"},{"code":"dateMaj","valueDateTime":"2020-06-26T12:00:00+01:00"}]},{"code":"4420","display":"Hébergement personnes âgées","designation":[{"use":{"code":"LibelleCourt"},"value":"Hébergement personnes âgées"},{"use":{"code":"LibelleAdapte"},"value":"Hébergement personnes âgées"}],"property":[{"code":"dateValid","valueDateTime":"2020-06-26T12:00:00+01:00"},{"code":"dateMaj","valueDateTime":"2020-06-26T12:00:00+01:00"}]},{"code":"4510","display":"Accueil au titre de la protection de l'enfance","designation":[{"use":{"code":"LibelleCourt"},"value":"Acc.Protec.Enfance"},{"use":{"code":"LibelleAdapte"},"value":"Accueil au titre de la protection de l'enfance"}],"property":[{"code":"dateValid","valueDateTime":"2020-06-26T12:00:00+01:00"},{"code":"dateMaj","valueDateTime":"2020-06-26T12:00:00+01:00"}]},{"code":"4520","display":"Observation orientation mineurs en difficulté","designation":[{"use":{"code":"LibelleCourt"},"value":"Obs.orient.min.difficulté"},{"use":{"code":"LibelleAdapte"},"value":"Observation orientation mineurs en difficulté"}],"property":[{"code":"dateValid","valueDateTime":"2020-06-26T12:00:00+01:00"},{"code":"dateMaj","valueDateTime":"2020-06-26T12:00:00+01:00"}]},{"code":"4530","display":"Soutien personnalisé enfants et ado en difficulté sociale","designation":[{"use":{"code":"LibelleCourt"},"value":"Soutien pers.enf.ado.dif.soc."},{"use":{"code":"LibelleAdapte"},"value":"Soutien personnalisé enfants et ado en difficulté sociale"}],"property":[{"code":"dateValid","valueDateTime":"2020-06-26T12:00:00+01:00"},{"code":"dateMaj","valueDateTime":"2020-06-26T12:00:00+01:00"}]},{"code":"4610","display":"Réinsertion professionnelle et sociale adultes en difficulté","designation":[{"use":{"code":"LibelleCourt"},"value":"Réins.prof.soc.adlts.dif."},{"use":{"code":"LibelleAdapte"},"value":"Réinsertion professionnelle et sociale adultes en difficulté"}],"property":[{"code":"dateValid","valueDateTime":"2020-06-26T12:00:00+01:00"},{"code":"dateMaj","valueDateTime":"2020-06-26T12:00:00+01:00"}]},{"code":"4620","display":"Hébergement des adultes en difficulté","designation":[{"use":{"code":"LibelleCourt"},"value":"Hébergement adultes difficulté"},{"use":{"code":"LibelleAdapte"},"value":"Hébergement des adultes en difficulté"}],"property":[{"code":"dateValid","valueDateTime":"2020-06-26T12:00:00+01:00"},{"code":"dateMaj","valueDateTime":"2020-06-26T12:00:00+01:00"}]},{"code":"4630","display":"Hébergement des autres adultes","designation":[{"use":{"code":"LibelleCourt"},"value":"Hébergement autres adultes"},{"use":{"code":"LibelleAdapte"},"value":"Hébergement des autres adultes"}],"property":[{"code":"dateValid","valueDateTime":"2020-06-26T12:00:00+01:00"},{"code":"dateMaj","valueDateTime":"2020-06-26T12:00:00+01:00"}]},{"code":"4640","display":"Prise en charge des personnes en difficultés spécifiques","designation":[{"use":{"code":"LibelleCourt"},"value":"Prise charge pers.dif.spéc"},{"use":{"code":"LibelleAdapte"},"value":"Prise en charge des personnes en difficultés spécifiques"}],"property":[{"code":"dateValid","valueDateTime":"2020-06-26T12:00:00+01:00"},{"code":"dateMaj","valueDateTime":"2020-06-26T12:00:00+01:00"}]},{"code":"4650","display":"Mesures de protection des majeurs","designation":[{"use":{"code":"LibelleCourt"},"value":"Mesures protection majeurs"},{"use":{"code":"LibelleAdapte"},"value":"Mesures de protection des majeurs"}],"property":[{"code":"dateValid","valueDateTime":"2020-06-26T12:00:00+01:00"},{"code":"dateMaj","valueDateTime":"2020-06-26T12:00:00+01:00"}]},{"code":"4710","display":"Soins médico-sociaux enfance handicapée","designation":[{"use":{"code":"LibelleCourt"},"value":"Soins médico-soc.enf.hand."},{"use":{"code":"LibelleAdapte"},"value":"Soins médico-sociaux enfance handicapée"}],"property":[{"code":"dateValid","valueDateTime":"2020-06-26T12:00:00+01:00"},{"code":"dateMaj","valueDateTime":"2020-06-26T12:00:00+01:00"}]},{"code":"4720","display":"Education spéciale enfance handicapée","designation":[{"use":{"code":"LibelleCourt"},"value":"Education spéc.enf.hand."},{"use":{"code":"LibelleAdapte"},"value":"Education spéciale enfance handicapée"}],"property":[{"code":"dateValid","valueDateTime":"2020-06-26T12:00:00+01:00"},{"code":"dateMaj","valueDateTime":"2020-06-26T12:00:00+01:00"}]},{"code":"4730","display":"Hébergement enfance handicapée","designation":[{"use":{"code":"LibelleCourt"},"value":"Hébergement enfance hand."},{"use":{"code":"LibelleAdapte"},"value":"Hébergement enfance handicapée"}],"property":[{"code":"dateValid","valueDateTime":"2020-06-26T12:00:00+01:00"},{"code":"dateMaj","valueDateTime":"2020-06-26T12:00:00+01:00"}]},{"code":"4740","display":"Education adaptée et accompagnement social et médico-social","designation":[{"use":{"code":"LibelleCourt"},"value":"Educ.adap.acc.soc.médic.soc."},{"use":{"code":"LibelleAdapte"},"value":"Education adaptée et accompagnement social et médico-social"}],"property":[{"code":"dateValid","valueDateTime":"2020-06-26T12:00:00+01:00"},{"code":"dateMaj","valueDateTime":"2020-06-26T12:00:00+01:00"}]},{"code":"4810","display":"Garde des enfants","designation":[{"use":{"code":"LibelleCourt"},"value":"Garde des enfants"},{"use":{"code":"LibelleAdapte"},"value":"Garde des enfants"}],"property":[{"code":"dateValid","valueDateTime":"2020-06-26T12:00:00+01:00"},{"code":"dateMaj","valueDateTime":"2020-06-26T12:00:00+01:00"}]},{"code":"4820","display":"Services à la famille","designation":[{"use":{"code":"LibelleCourt"},"value":"Services à la famille"},{"use":{"code":"LibelleAdapte"},"value":"Services à la famille"}],"property":[{"code":"dateValid","valueDateTime":"2020-06-26T12:00:00+01:00"},{"code":"dateMaj","valueDateTime":"2020-06-26T12:00:00+01:00"}]},{"code":"4910","display":"Services medico-sociaux à domicile","designation":[{"use":{"code":"LibelleCourt"},"value":"Services medico-soc.dom."},{"use":{"code":"LibelleAdapte"},"value":"Services medico-sociaux à domicile"}],"property":[{"code":"dateValid","valueDateTime":"2020-06-26T12:00:00+01:00"},{"code":"dateMaj","valueDateTime":"2020-06-26T12:00:00+01:00"}]},{"code":"4920","display":"Recherche et administration domaine social","designation":[{"use":{"code":"LibelleCourt"},"value":"Recherche admin.dom.soc."},{"use":{"code":"LibelleAdapte"},"value":"Recherche et administration domaine social"}],"property":[{"code":"dateValid","valueDateTime":"2020-06-26T12:00:00+01:00"},{"code":"dateMaj","valueDateTime":"2020-06-26T12:00:00+01:00"}]},{"code":"4930","display":"Activité expérimentale dans établissements sociaux","designation":[{"use":{"code":"LibelleCourt"},"value":"Activité exp.étab.soc."},{"use":{"code":"LibelleAdapte"},"value":"Activité expérimentale dans établissements sociaux"}],"property":[{"code":"dateValid","valueDateTime":"2020-06-26T12:00:00+01:00"},{"code":"dateMaj","valueDateTime":"2020-06-26T12:00:00+01:00"}]},{"code":"4940","display":"Activité des centres de ressources","designation":[{"use":{"code":"LibelleCourt"},"value":"Activité centres ressources"},{"use":{"code":"LibelleAdapte"},"value":"Activité des centres de ressources"}],"property":[{"code":"dateValid","valueDateTime":"2020-06-26T12:00:00+01:00"},{"code":"dateMaj","valueDateTime":"2020-06-26T12:00:00+01:00"}]}]}