{"resourceType":"CodeSystem","id":"TRE-R50-DESCGroupe1Diplome","text":{"status":"generated","div":"<div xmlns=\"http://www.w3.org/1999/xhtml\"><p class=\"res-header-id\"><b>Generated Narrative: CodeSystem TRE-R50-DESCGroupe1Diplome</b></p><a name=\"TRE-R50-DESCGroupe1Diplome\"> </a><a name=\"hcTRE-R50-DESCGroupe1Diplome\"> </a><a name=\"hcTRE-R50-DESCGroupe1Diplome-en-US\"> </a><p><b>Properties</b></p><p><b>This code system defines the following properties for its concepts</b></p><table class=\"grid\"><tr><td><b>Name</b></td><td><b>Code</b></td><td><b>Type</b></td><td><b>Description</b></td></tr><tr><td>dateValid</td><td>dateValid</td><td>dateTime</td><td>date de validité d'un code concept</td></tr><tr><td>dateMaj</td><td>dateMaj</td><td>dateTime</td><td>Date de mise à jour d'un code concept</td></tr><tr><td>dateFin</td><td>dateFin</td><td>dateTime</td><td>Date de fin d'exploitation d'un code concept</td></tr></table><p><b>Concepts</b></p><p>This  code system <code>https://mos.esante.gouv.fr/NOS/TRE_R50-DESCGroupe1Diplome/FHIR/TRE-R50-DESCGroupe1Diplome</code> defines the following codes:</p><table class=\"codes\"><tr><td style=\"white-space:nowrap\"><b>Code</b></td><td><b>Display</b></td><td><b>dateValid</b></td><td><b>dateMaj</b></td></tr><tr><td style=\"white-space:nowrap\">DSM200<a name=\"TRE-R50-DESCGroupe1Diplome-DSM200\"> </a></td><td>Addictologie</td><td>2007-07-25T15:04:42+01:00</td><td>2008-02-28T00:00:00+01:00</td></tr><tr><td style=\"white-space:nowrap\">DSM201<a name=\"TRE-R50-DESCGroupe1Diplome-DSM201\"> </a></td><td>Allergologie et Immunologie clinique</td><td>2007-07-25T15:04:42+01:00</td><td>2016-09-01T00:00:00+01:00</td></tr><tr><td style=\"white-space:nowrap\">DSM202<a name=\"TRE-R50-DESCGroupe1Diplome-DSM202\"> </a></td><td>Andrologie</td><td>2007-07-25T15:04:42+01:00</td><td>2008-02-28T00:00:00+01:00</td></tr><tr><td style=\"white-space:nowrap\">DSM203<a name=\"TRE-R50-DESCGroupe1Diplome-DSM203\"> </a></td><td>Biochimie hormonale et métabolique</td><td>2007-07-25T15:04:42+01:00</td><td>2016-09-01T00:00:00+01:00</td></tr><tr><td style=\"white-space:nowrap\">DSM204<a name=\"TRE-R50-DESCGroupe1Diplome-DSM204\"> </a></td><td>Biologie des agents infectieux</td><td>2007-07-25T15:04:42+01:00</td><td>2016-09-01T00:00:00+01:00</td></tr><tr><td style=\"white-space:nowrap\">DSM205<a name=\"TRE-R50-DESCGroupe1Diplome-DSM205\"> </a></td><td>Biologie moléculaire</td><td>2007-07-25T15:04:42+01:00</td><td>2008-02-28T00:00:00+01:00</td></tr><tr><td style=\"white-space:nowrap\">DSM206<a name=\"TRE-R50-DESCGroupe1Diplome-DSM206\"> </a></td><td>Cancérologie</td><td>2007-07-25T15:04:42+01:00</td><td>2008-02-28T00:00:00+01:00</td></tr><tr><td style=\"white-space:nowrap\">DSM207<a name=\"TRE-R50-DESCGroupe1Diplome-DSM207\"> </a></td><td>Chirurgie de la face et du cou</td><td>2007-07-25T15:04:42+01:00</td><td>2008-02-28T00:00:00+01:00</td></tr><tr><td style=\"white-space:nowrap\">DSM208<a name=\"TRE-R50-DESCGroupe1Diplome-DSM208\"> </a></td><td>Chirurgie plastique et reconstructrice</td><td>2007-07-25T15:04:42+01:00</td><td>2016-09-01T00:00:00+01:00</td></tr><tr><td style=\"white-space:nowrap\">DSM209<a name=\"TRE-R50-DESCGroupe1Diplome-DSM209\"> </a></td><td>Chirurgie vasculaire</td><td>2007-07-25T15:04:42+01:00</td><td>2008-02-28T00:00:00+01:00</td></tr><tr><td style=\"white-space:nowrap\">DSM210<a name=\"TRE-R50-DESCGroupe1Diplome-DSM210\"> </a></td><td>Cytogénétique humaine</td><td>2007-07-25T15:04:42+01:00</td><td>2016-09-01T00:00:00+01:00</td></tr><tr><td style=\"white-space:nowrap\">DSM211<a name=\"TRE-R50-DESCGroupe1Diplome-DSM211\"> </a></td><td>Dermatopathologie</td><td>2007-07-25T15:04:42+01:00</td><td>2008-02-28T00:00:00+01:00</td></tr><tr><td style=\"white-space:nowrap\">DSM212<a name=\"TRE-R50-DESCGroupe1Diplome-DSM212\"> </a></td><td>Foetopathologie</td><td>2007-07-25T15:04:42+01:00</td><td>2008-02-28T00:00:00+01:00</td></tr><tr><td style=\"white-space:nowrap\">DSM213<a name=\"TRE-R50-DESCGroupe1Diplome-DSM213\"> </a></td><td>Gériatrie</td><td>2007-07-25T15:04:42+01:00</td><td>2008-02-28T00:00:00+01:00</td></tr><tr><td style=\"white-space:nowrap\">DSM214<a name=\"TRE-R50-DESCGroupe1Diplome-DSM214\"> </a></td><td>Hématologie biologique</td><td>2007-07-25T15:04:42+01:00</td><td>2016-09-01T00:00:00+01:00</td></tr><tr><td style=\"white-space:nowrap\">DSM215<a name=\"TRE-R50-DESCGroupe1Diplome-DSM215\"> </a></td><td>Hématologie, Maladies du sang</td><td>2007-07-25T15:04:42+01:00</td><td>2016-09-01T00:00:00+01:00</td></tr><tr><td style=\"white-space:nowrap\">DSM216<a name=\"TRE-R50-DESCGroupe1Diplome-DSM216\"> </a></td><td>Hémobiologie-transfusion</td><td>2007-07-25T15:04:42+01:00</td><td>2016-09-01T00:00:00+01:00</td></tr><tr><td style=\"white-space:nowrap\">DSM217<a name=\"TRE-R50-DESCGroupe1Diplome-DSM217\"> </a></td><td>Immunologie et Immunopathologie</td><td>2007-07-25T15:04:42+01:00</td><td>2016-09-01T00:00:00+01:00</td></tr><tr><td style=\"white-space:nowrap\">DSM218<a name=\"TRE-R50-DESCGroupe1Diplome-DSM218\"> </a></td><td>Médecine de la reproduction</td><td>2007-07-25T15:04:42+01:00</td><td>2016-09-01T00:00:00+01:00</td></tr><tr><td style=\"white-space:nowrap\">DSM219<a name=\"TRE-R50-DESCGroupe1Diplome-DSM219\"> </a></td><td>Médecine du sport</td><td>2007-07-25T15:04:42+01:00</td><td>2016-09-01T00:00:00+01:00</td></tr><tr><td style=\"white-space:nowrap\">DSM220<a name=\"TRE-R50-DESCGroupe1Diplome-DSM220\"> </a></td><td>Médecine d'urgence</td><td>2007-07-25T15:04:42+01:00</td><td>2008-02-28T00:00:00+01:00</td></tr><tr><td style=\"white-space:nowrap\">DSM221<a name=\"TRE-R50-DESCGroupe1Diplome-DSM221\"> </a></td><td>Médecine légale et Expertises médicales</td><td>2007-07-25T15:04:42+01:00</td><td>2016-09-01T00:00:00+01:00</td></tr><tr><td style=\"white-space:nowrap\">DSM222<a name=\"TRE-R50-DESCGroupe1Diplome-DSM222\"> </a></td><td>Médecine nucléaire</td><td>2007-07-25T15:04:42+01:00</td><td>2008-02-28T00:00:00+01:00</td></tr><tr><td style=\"white-space:nowrap\">DSM223<a name=\"TRE-R50-DESCGroupe1Diplome-DSM223\"> </a></td><td>Médecine vasculaire</td><td>2007-07-25T15:04:42+01:00</td><td>2008-02-28T00:00:00+01:00</td></tr><tr><td style=\"white-space:nowrap\">DSM224<a name=\"TRE-R50-DESCGroupe1Diplome-DSM224\"> </a></td><td>Néonatalogie</td><td>2007-07-25T15:04:42+01:00</td><td>2008-02-28T00:00:00+01:00</td></tr><tr><td style=\"white-space:nowrap\">DSM225<a name=\"TRE-R50-DESCGroupe1Diplome-DSM225\"> </a></td><td>Neuro-pathologie</td><td>2007-07-25T15:04:42+01:00</td><td>2008-02-28T00:00:00+01:00</td></tr><tr><td style=\"white-space:nowrap\">DSM226<a name=\"TRE-R50-DESCGroupe1Diplome-DSM226\"> </a></td><td>Nutrition</td><td>2007-07-25T15:04:42+01:00</td><td>2008-02-28T00:00:00+01:00</td></tr><tr><td style=\"white-space:nowrap\">DSM227<a name=\"TRE-R50-DESCGroupe1Diplome-DSM227\"> </a></td><td>Orthopédie dento-maxillo-faciale</td><td>2007-07-25T15:04:42+01:00</td><td>2016-09-01T00:00:00+01:00</td></tr><tr><td style=\"white-space:nowrap\">DSM228<a name=\"TRE-R50-DESCGroupe1Diplome-DSM228\"> </a></td><td>Pathologie infectieuse et tropicale, clinique et biologique</td><td>2007-07-25T15:04:42+01:00</td><td>2016-09-01T00:00:00+01:00</td></tr><tr><td style=\"white-space:nowrap\">DSM229<a name=\"TRE-R50-DESCGroupe1Diplome-DSM229\"> </a></td><td>Pharmacocinétique et Métabolisme des médicaments</td><td>2007-07-25T15:04:42+01:00</td><td>2016-09-01T00:00:00+01:00</td></tr><tr><td style=\"white-space:nowrap\">DSM230<a name=\"TRE-R50-DESCGroupe1Diplome-DSM230\"> </a></td><td>Pharmacologie clinique et Evaluation des thérapeutiques</td><td>2007-07-25T15:04:42+01:00</td><td>2016-09-01T00:00:00+01:00</td></tr><tr><td style=\"white-space:nowrap\">DSM231<a name=\"TRE-R50-DESCGroupe1Diplome-DSM231\"> </a></td><td>Psychiatrie de l'enfant et de l'adolescent</td><td>2007-07-25T15:04:42+01:00</td><td>2016-09-01T00:00:00+01:00</td></tr><tr><td style=\"white-space:nowrap\">DSM232<a name=\"TRE-R50-DESCGroupe1Diplome-DSM232\"> </a></td><td>Radiopharmacie et Radiobiologie</td><td>2007-07-25T15:04:42+01:00</td><td>2016-09-01T00:00:00+01:00</td></tr><tr><td style=\"white-space:nowrap\">DSM233<a name=\"TRE-R50-DESCGroupe1Diplome-DSM233\"> </a></td><td>Réanimation médicale</td><td>2007-07-25T15:04:42+01:00</td><td>2008-02-28T00:00:00+01:00</td></tr><tr><td style=\"white-space:nowrap\">DSM234<a name=\"TRE-R50-DESCGroupe1Diplome-DSM234\"> </a></td><td>Toxicologie biologique</td><td>2007-07-25T15:04:42+01:00</td><td>2016-09-01T00:00:00+01:00</td></tr><tr><td style=\"white-space:nowrap\">DSM235<a name=\"TRE-R50-DESCGroupe1Diplome-DSM235\"> </a></td><td>Médecine de la douleur et Médecine palliative</td><td>2007-07-25T15:04:42+01:00</td><td>2016-09-01T00:00:00+01:00</td></tr><tr><td style=\"white-space:nowrap\">DSM236<a name=\"TRE-R50-DESCGroupe1Diplome-DSM236\"> </a></td><td>Cancérologie, option Traitements médicaux des cancers</td><td>2015-05-29T15:58:30+01:00</td><td>2016-09-01T00:00:00+01:00</td></tr><tr><td style=\"white-space:nowrap\">DSM237<a name=\"TRE-R50-DESCGroupe1Diplome-DSM237\"> </a></td><td>Cancérologie, option Chirurgie cancérologique</td><td>2015-05-29T15:58:30+01:00</td><td>2016-09-01T00:00:00+01:00</td></tr><tr><td style=\"white-space:nowrap\">DSM238<a name=\"TRE-R50-DESCGroupe1Diplome-DSM238\"> </a></td><td>Cancérologie, option Réseaux de cancérologie</td><td>2015-05-29T15:58:30+01:00</td><td>2016-09-01T00:00:00+01:00</td></tr><tr><td style=\"white-space:nowrap\">DSM239<a name=\"TRE-R50-DESCGroupe1Diplome-DSM239\"> </a></td><td>Cancérologie, option Biologie cancérologie</td><td>2015-05-29T15:58:30+01:00</td><td>2016-09-01T00:00:00+01:00</td></tr><tr><td style=\"white-space:nowrap\">DSM240<a name=\"TRE-R50-DESCGroupe1Diplome-DSM240\"> </a></td><td>Cancérologie, option Imagerie cancérologie</td><td>2015-05-29T15:58:30+01:00</td><td>2016-09-01T00:00:00+01:00</td></tr><tr><td style=\"white-space:nowrap\">DSP01<a name=\"TRE-R50-DESCGroupe1Diplome-DSP01\"> </a></td><td>Radiopharmacie et Radiobiologie</td><td>2007-07-25T15:04:42+01:00</td><td>2016-09-01T00:00:00+01:00</td></tr><tr><td style=\"white-space:nowrap\">DSP02<a name=\"TRE-R50-DESCGroupe1Diplome-DSP02\"> </a></td><td>Toxicologie biologique</td><td>2007-07-25T15:04:42+01:00</td><td>2016-09-01T00:00:00+01:00</td></tr><tr><td style=\"white-space:nowrap\">DSP03<a name=\"TRE-R50-DESCGroupe1Diplome-DSP03\"> </a></td><td>Biologie des agents infectieux</td><td>2007-07-25T15:04:42+01:00</td><td>2016-09-01T00:00:00+01:00</td></tr></table></div>"},"extension":[{"url":"http://hl7.org/fhir/StructureDefinition/resource-effectivePeriod","valuePeriod":{"start":"2013-06-28T00:00:00+01:00"}}],"url":"https://mos.esante.gouv.fr/NOS/TRE_R50-DESCGroupe1Diplome/FHIR/TRE-R50-DESCGroupe1Diplome","identifier":[{"value":"urn:oid:1.2.250.1.213.1.6.1.48"}],"version":"1.2.0","name":"TRE_R50-DESCGroupe1Diplome","status":"active","date":"2023-12-15T12:00:00+01:00","publisher":"ANS","contact":[{"name":"ANS","telecom":[{"system":"url","value":"https://esante.gouv.fr"}]}],"description":"DESC Groupe 1 (diplôme)","content":"complete","property":[{"code":"dateValid","description":"date de validité d'un code concept","type":"dateTime"},{"code":"dateMaj","description":"Date de mise à jour d'un code concept","type":"dateTime"},{"code":"dateFin","description":"Date de fin d'exploitation d'un code concept","type":"dateTime"}],"concept":[{"code":"DSM200","display":"Addictologie","designation":[{"use":{"code":"LibelleCourt"},"value":"Addictologie"},{"use":{"code":"LibelleAdapte"},"value":"Addictologie"}],"property":[{"code":"dateValid","valueDateTime":"2007-07-25T15:04:42+01:00"},{"code":"dateMaj","valueDateTime":"2008-02-28T00:00:00+01:00"}]},{"code":"DSM201","display":"Allergologie et Immunologie clinique","designation":[{"use":{"code":"LibelleCourt"},"value":"Allergo, Immunologie clinique"},{"use":{"code":"LibelleAdapte"},"value":"Allergologie et Immunologie clinique"}],"property":[{"code":"dateValid","valueDateTime":"2007-07-25T15:04:42+01:00"},{"code":"dateMaj","valueDateTime":"2016-09-01T00:00:00+01:00"}]},{"code":"DSM202","display":"Andrologie","designation":[{"use":{"code":"LibelleCourt"},"value":"Andrologie"},{"use":{"code":"LibelleAdapte"},"value":"Andrologie"}],"property":[{"code":"dateValid","valueDateTime":"2007-07-25T15:04:42+01:00"},{"code":"dateMaj","valueDateTime":"2008-02-28T00:00:00+01:00"}]},{"code":"DSM203","display":"Biochimie hormonale et métabolique","designation":[{"use":{"code":"LibelleCourt"},"value":"Biochimie hormonale, métaboliq"},{"use":{"code":"LibelleAdapte"},"value":"Biochimie hormonale et métabolique"}],"property":[{"code":"dateValid","valueDateTime":"2007-07-25T15:04:42+01:00"},{"code":"dateMaj","valueDateTime":"2016-09-01T00:00:00+01:00"}]},{"code":"DSM204","display":"Biologie des agents infectieux","designation":[{"use":{"code":"LibelleCourt"},"value":"Biologie des agents infectieux"},{"use":{"code":"LibelleAdapte"},"value":"Biologie des agents infectieux"}],"property":[{"code":"dateValid","valueDateTime":"2007-07-25T15:04:42+01:00"},{"code":"dateMaj","valueDateTime":"2016-09-01T00:00:00+01:00"}]},{"code":"DSM205","display":"Biologie moléculaire","designation":[{"use":{"code":"LibelleCourt"},"value":"Biologie moléculaire"},{"use":{"code":"LibelleAdapte"},"value":"Biologie moléculaire"}],"property":[{"code":"dateValid","valueDateTime":"2007-07-25T15:04:42+01:00"},{"code":"dateMaj","valueDateTime":"2008-02-28T00:00:00+01:00"}]},{"code":"DSM206","display":"Cancérologie","designation":[{"use":{"code":"LibelleCourt"},"value":"Cancérologie"},{"use":{"code":"LibelleAdapte"},"value":"Cancérologie"}],"property":[{"code":"dateValid","valueDateTime":"2007-07-25T15:04:42+01:00"},{"code":"dateMaj","valueDateTime":"2008-02-28T00:00:00+01:00"}]},{"code":"DSM207","display":"Chirurgie de la face et du cou","designation":[{"use":{"code":"LibelleCourt"},"value":"Chir face et cou"},{"use":{"code":"LibelleAdapte"},"value":"Chirurgie de la face et du cou"}],"property":[{"code":"dateValid","valueDateTime":"2007-07-25T15:04:42+01:00"},{"code":"dateMaj","valueDateTime":"2008-02-28T00:00:00+01:00"}]},{"code":"DSM208","display":"Chirurgie plastique et reconstructrice","designation":[{"use":{"code":"LibelleCourt"},"value":"Chir plastique, reconstruct"},{"use":{"code":"LibelleAdapte"},"value":"Chirurgie plastique et reconstructrice"}],"property":[{"code":"dateValid","valueDateTime":"2007-07-25T15:04:42+01:00"},{"code":"dateMaj","valueDateTime":"2016-09-01T00:00:00+01:00"}]},{"code":"DSM209","display":"Chirurgie vasculaire","designation":[{"use":{"code":"LibelleCourt"},"value":"Chir vasculaire"},{"use":{"code":"LibelleAdapte"},"value":"Chirurgie vasculaire"}],"property":[{"code":"dateValid","valueDateTime":"2007-07-25T15:04:42+01:00"},{"code":"dateMaj","valueDateTime":"2008-02-28T00:00:00+01:00"}]},{"code":"DSM210","display":"Cytogénétique humaine","designation":[{"use":{"code":"LibelleCourt"},"value":"Cytogénétique humaine"},{"use":{"code":"LibelleAdapte"},"value":"Cytogénétique humaine"}],"property":[{"code":"dateValid","valueDateTime":"2007-07-25T15:04:42+01:00"},{"code":"dateMaj","valueDateTime":"2016-09-01T00:00:00+01:00"}]},{"code":"DSM211","display":"Dermatopathologie","designation":[{"use":{"code":"LibelleCourt"},"value":"Dermatopathologie"},{"use":{"code":"LibelleAdapte"},"value":"Dermatopathologie"}],"property":[{"code":"dateValid","valueDateTime":"2007-07-25T15:04:42+01:00"},{"code":"dateMaj","valueDateTime":"2008-02-28T00:00:00+01:00"}]},{"code":"DSM212","display":"Foetopathologie","designation":[{"use":{"code":"LibelleCourt"},"value":"Foetopathologie"},{"use":{"code":"LibelleAdapte"},"value":"Foetopathologie"}],"property":[{"code":"dateValid","valueDateTime":"2007-07-25T15:04:42+01:00"},{"code":"dateMaj","valueDateTime":"2008-02-28T00:00:00+01:00"}]},{"code":"DSM213","display":"Gériatrie","designation":[{"use":{"code":"LibelleCourt"},"value":"Gériatrie"},{"use":{"code":"LibelleAdapte"},"value":"Gériatrie"}],"property":[{"code":"dateValid","valueDateTime":"2007-07-25T15:04:42+01:00"},{"code":"dateMaj","valueDateTime":"2008-02-28T00:00:00+01:00"}]},{"code":"DSM214","display":"Hématologie biologique","designation":[{"use":{"code":"LibelleCourt"},"value":"Hématologie biologique"},{"use":{"code":"LibelleAdapte"},"value":"Hématologie biologique"}],"property":[{"code":"dateValid","valueDateTime":"2007-07-25T15:04:42+01:00"},{"code":"dateMaj","valueDateTime":"2016-09-01T00:00:00+01:00"}]},{"code":"DSM215","display":"Hématologie, Maladies du sang","designation":[{"use":{"code":"LibelleCourt"},"value":"Hématologie, Maladies du sang"},{"use":{"code":"LibelleAdapte"},"value":"Hématologie, Maladies du sang"}],"property":[{"code":"dateValid","valueDateTime":"2007-07-25T15:04:42+01:00"},{"code":"dateMaj","valueDateTime":"2016-09-01T00:00:00+01:00"}]},{"code":"DSM216","display":"Hémobiologie-transfusion","designation":[{"use":{"code":"LibelleCourt"},"value":"Hémobiologie-transfusion"},{"use":{"code":"LibelleAdapte"},"value":"Hémobiologie-transfusion"}],"property":[{"code":"dateValid","valueDateTime":"2007-07-25T15:04:42+01:00"},{"code":"dateMaj","valueDateTime":"2016-09-01T00:00:00+01:00"}]},{"code":"DSM217","display":"Immunologie et Immunopathologie","designation":[{"use":{"code":"LibelleCourt"},"value":"Immunologie, Immunopathologie"},{"use":{"code":"LibelleAdapte"},"value":"Immunologie et Immunopathologie"}],"property":[{"code":"dateValid","valueDateTime":"2007-07-25T15:04:42+01:00"},{"code":"dateMaj","valueDateTime":"2016-09-01T00:00:00+01:00"}]},{"code":"DSM218","display":"Médecine de la reproduction","designation":[{"use":{"code":"LibelleCourt"},"value":"Médecine de la reproduction"},{"use":{"code":"LibelleAdapte"},"value":"Médecine de la reproduction"}],"property":[{"code":"dateValid","valueDateTime":"2007-07-25T15:04:42+01:00"},{"code":"dateMaj","valueDateTime":"2016-09-01T00:00:00+01:00"}]},{"code":"DSM219","display":"Médecine du sport","designation":[{"use":{"code":"LibelleCourt"},"value":"Médecine du sport"},{"use":{"code":"LibelleAdapte"},"value":"Médecine du sport"}],"property":[{"code":"dateValid","valueDateTime":"2007-07-25T15:04:42+01:00"},{"code":"dateMaj","valueDateTime":"2016-09-01T00:00:00+01:00"}]},{"code":"DSM220","display":"Médecine d'urgence","designation":[{"use":{"code":"LibelleCourt"},"value":"Médecine d'urgence"},{"use":{"code":"LibelleAdapte"},"value":"Médecine d'urgence"}],"property":[{"code":"dateValid","valueDateTime":"2007-07-25T15:04:42+01:00"},{"code":"dateMaj","valueDateTime":"2008-02-28T00:00:00+01:00"}]},{"code":"DSM221","display":"Médecine légale et Expertises médicales","designation":[{"use":{"code":"LibelleCourt"},"value":"Médecine légale, Expertise méd"},{"use":{"code":"LibelleAdapte"},"value":"Médecine légale et Expertises médicales"}],"property":[{"code":"dateValid","valueDateTime":"2007-07-25T15:04:42+01:00"},{"code":"dateMaj","valueDateTime":"2016-09-01T00:00:00+01:00"}]},{"code":"DSM222","display":"Médecine nucléaire","designation":[{"use":{"code":"LibelleCourt"},"value":"Médecine nucléaire"},{"use":{"code":"LibelleAdapte"},"value":"Médecine nucléaire"}],"property":[{"code":"dateValid","valueDateTime":"2007-07-25T15:04:42+01:00"},{"code":"dateMaj","valueDateTime":"2008-02-28T00:00:00+01:00"}]},{"code":"DSM223","display":"Médecine vasculaire","designation":[{"use":{"code":"LibelleCourt"},"value":"Médecine vasculaire"},{"use":{"code":"LibelleAdapte"},"value":"Médecine vasculaire"}],"property":[{"code":"dateValid","valueDateTime":"2007-07-25T15:04:42+01:00"},{"code":"dateMaj","valueDateTime":"2008-02-28T00:00:00+01:00"}]},{"code":"DSM224","display":"Néonatalogie","designation":[{"use":{"code":"LibelleCourt"},"value":"Néonatalogie"},{"use":{"code":"LibelleAdapte"},"value":"Néonatalogie"}],"property":[{"code":"dateValid","valueDateTime":"2007-07-25T15:04:42+01:00"},{"code":"dateMaj","valueDateTime":"2008-02-28T00:00:00+01:00"}]},{"code":"DSM225","display":"Neuro-pathologie","designation":[{"use":{"code":"LibelleCourt"},"value":"Neuro-pathologie"},{"use":{"code":"LibelleAdapte"},"value":"Neuro-pathologie"}],"property":[{"code":"dateValid","valueDateTime":"2007-07-25T15:04:42+01:00"},{"code":"dateMaj","valueDateTime":"2008-02-28T00:00:00+01:00"}]},{"code":"DSM226","display":"Nutrition","designation":[{"use":{"code":"LibelleCourt"},"value":"Nutrition"},{"use":{"code":"LibelleAdapte"},"value":"Nutrition"}],"property":[{"code":"dateValid","valueDateTime":"2007-07-25T15:04:42+01:00"},{"code":"dateMaj","valueDateTime":"2008-02-28T00:00:00+01:00"}]},{"code":"DSM227","display":"Orthopédie dento-maxillo-faciale","designation":[{"use":{"code":"LibelleCourt"},"value":"Orthopédie dento-maxillo-fac"},{"use":{"code":"LibelleAdapte"},"value":"Orthopédie dento-maxillo-faciale"}],"property":[{"code":"dateValid","valueDateTime":"2007-07-25T15:04:42+01:00"},{"code":"dateMaj","valueDateTime":"2016-09-01T00:00:00+01:00"}]},{"code":"DSM228","display":"Pathologie infectieuse et tropicale, clinique et biologique","designation":[{"use":{"code":"LibelleCourt"},"value":"Patho infect, trop, clin, bio"},{"use":{"code":"LibelleAdapte"},"value":"Pathologie infectieuse et tropicale, clinique et biologique"}],"property":[{"code":"dateValid","valueDateTime":"2007-07-25T15:04:42+01:00"},{"code":"dateMaj","valueDateTime":"2016-09-01T00:00:00+01:00"}]},{"code":"DSM229","display":"Pharmacocinétique et Métabolisme des médicaments","designation":[{"use":{"code":"LibelleCourt"},"value":"Pharmacocin, Métabolisme médic"},{"use":{"code":"LibelleAdapte"},"value":"Pharmacocinétique et Métabolisme des médicaments"}],"property":[{"code":"dateValid","valueDateTime":"2007-07-25T15:04:42+01:00"},{"code":"dateMaj","valueDateTime":"2016-09-01T00:00:00+01:00"}]},{"code":"DSM230","display":"Pharmacologie clinique et Evaluation des thérapeutiques","designation":[{"use":{"code":"LibelleCourt"},"value":"Pharmacol clin, Eval thérapeut"},{"use":{"code":"LibelleAdapte"},"value":"Pharmacologie clinique et Evaluation des thérapeutiques"}],"property":[{"code":"dateValid","valueDateTime":"2007-07-25T15:04:42+01:00"},{"code":"dateMaj","valueDateTime":"2016-09-01T00:00:00+01:00"}]},{"code":"DSM231","display":"Psychiatrie de l'enfant et de l'adolescent","designation":[{"use":{"code":"LibelleCourt"},"value":"Psychiatrie enfant et ado"},{"use":{"code":"LibelleAdapte"},"value":"Psychiatrie de l'enfant et de l'adolescent"}],"property":[{"code":"dateValid","valueDateTime":"2007-07-25T15:04:42+01:00"},{"code":"dateMaj","valueDateTime":"2016-09-01T00:00:00+01:00"}]},{"code":"DSM232","display":"Radiopharmacie et Radiobiologie","designation":[{"use":{"code":"LibelleCourt"},"value":"Radiopharmacie, Radiobiologie"},{"use":{"code":"LibelleAdapte"},"value":"Radiopharmacie et Radiobiologie"}],"property":[{"code":"dateValid","valueDateTime":"2007-07-25T15:04:42+01:00"},{"code":"dateMaj","valueDateTime":"2016-09-01T00:00:00+01:00"}]},{"code":"DSM233","display":"Réanimation médicale","designation":[{"use":{"code":"LibelleCourt"},"value":"Réanimation médicale"},{"use":{"code":"LibelleAdapte"},"value":"Réanimation médicale"}],"property":[{"code":"dateValid","valueDateTime":"2007-07-25T15:04:42+01:00"},{"code":"dateMaj","valueDateTime":"2008-02-28T00:00:00+01:00"}]},{"code":"DSM234","display":"Toxicologie biologique","designation":[{"use":{"code":"LibelleCourt"},"value":"Toxicologie biologique"},{"use":{"code":"LibelleAdapte"},"value":"Toxicologie biologique"}],"property":[{"code":"dateValid","valueDateTime":"2007-07-25T15:04:42+01:00"},{"code":"dateMaj","valueDateTime":"2016-09-01T00:00:00+01:00"}]},{"code":"DSM235","display":"Médecine de la douleur et Médecine palliative","designation":[{"use":{"code":"LibelleCourt"},"value":"Méd douleur, Méd pal"},{"use":{"code":"LibelleAdapte"},"value":"Médecine de la douleur et Médecine palliative"}],"property":[{"code":"dateValid","valueDateTime":"2007-07-25T15:04:42+01:00"},{"code":"dateMaj","valueDateTime":"2016-09-01T00:00:00+01:00"}]},{"code":"DSM236","display":"Cancérologie, option Traitements médicaux des cancers","designation":[{"use":{"code":"LibelleCourt"},"value":"Ttt médicaux cancers"},{"use":{"code":"LibelleAdapte"},"value":"Cancérologie, option Traitements médicaux des cancers"}],"property":[{"code":"dateValid","valueDateTime":"2015-05-29T15:58:30+01:00"},{"code":"dateMaj","valueDateTime":"2016-09-01T00:00:00+01:00"}]},{"code":"DSM237","display":"Cancérologie, option Chirurgie cancérologique","designation":[{"use":{"code":"LibelleCourt"},"value":"Cancéro, opt Chir cancérologie"},{"use":{"code":"LibelleAdapte"},"value":"Cancérologie, option Chirurgie cancérologique"}],"property":[{"code":"dateValid","valueDateTime":"2015-05-29T15:58:30+01:00"},{"code":"dateMaj","valueDateTime":"2016-09-01T00:00:00+01:00"}]},{"code":"DSM238","display":"Cancérologie, option Réseaux de cancérologie","designation":[{"use":{"code":"LibelleCourt"},"value":"Cancéro, opt Réseaux cancéro"},{"use":{"code":"LibelleAdapte"},"value":"Cancérologie, option Réseaux de cancérologie"}],"property":[{"code":"dateValid","valueDateTime":"2015-05-29T15:58:30+01:00"},{"code":"dateMaj","valueDateTime":"2016-09-01T00:00:00+01:00"}]},{"code":"DSM239","display":"Cancérologie, option Biologie cancérologie","designation":[{"use":{"code":"LibelleCourt"},"value":"Cancéro, opt Biologie cancéro"},{"use":{"code":"LibelleAdapte"},"value":"Cancérologie, option Biologie cancérologie"}],"property":[{"code":"dateValid","valueDateTime":"2015-05-29T15:58:30+01:00"},{"code":"dateMaj","valueDateTime":"2016-09-01T00:00:00+01:00"}]},{"code":"DSM240","display":"Cancérologie, option Imagerie cancérologie","designation":[{"use":{"code":"LibelleCourt"},"value":"Cancéro, opt Imagerie cancéro"},{"use":{"code":"LibelleAdapte"},"value":"Cancérologie, option Imagerie cancérologie"}],"property":[{"code":"dateValid","valueDateTime":"2015-05-29T15:58:30+01:00"},{"code":"dateMaj","valueDateTime":"2016-09-01T00:00:00+01:00"}]},{"code":"DSP01","display":"Radiopharmacie et Radiobiologie","designation":[{"use":{"code":"LibelleCourt"},"value":"Radiopharmacie, Radiobiologie"},{"use":{"code":"LibelleAdapte"},"value":"Radiopharmacie et Radiobiologie"}],"property":[{"code":"dateValid","valueDateTime":"2007-07-25T15:04:42+01:00"},{"code":"dateMaj","valueDateTime":"2016-09-01T00:00:00+01:00"}]},{"code":"DSP02","display":"Toxicologie biologique","designation":[{"use":{"code":"LibelleCourt"},"value":"Toxicologie biologique"},{"use":{"code":"LibelleAdapte"},"value":"Toxicologie biologique"}],"property":[{"code":"dateValid","valueDateTime":"2007-07-25T15:04:42+01:00"},{"code":"dateMaj","valueDateTime":"2016-09-01T00:00:00+01:00"}]},{"code":"DSP03","display":"Biologie des agents infectieux","designation":[{"use":{"code":"LibelleCourt"},"value":"Biologie des agents infectieux"},{"use":{"code":"LibelleAdapte"},"value":"Biologie des agents infectieux"}],"property":[{"code":"dateValid","valueDateTime":"2007-07-25T15:04:42+01:00"},{"code":"dateMaj","valueDateTime":"2016-09-01T00:00:00+01:00"}]}]}