{"resourceType":"CodeSystem","id":"TRE-R299-AgregatDisciplineEquipSocNiv2","text":{"status":"generated","div":"<div xmlns=\"http://www.w3.org/1999/xhtml\"><p class=\"res-header-id\"><b>Generated Narrative: CodeSystem TRE-R299-AgregatDisciplineEquipSocNiv2</b></p><a name=\"TRE-R299-AgregatDisciplineEquipSocNiv2\"> </a><a name=\"hcTRE-R299-AgregatDisciplineEquipSocNiv2\"> </a><a name=\"TRE-R299-AgregatDisciplineEquipSocNiv2-en-US\"> </a><p><b>Properties</b></p><p><b>This code system defines the following properties for its concepts</b></p><table class=\"grid\"><tr><td><b>Name</b></td><td><b>Code</b></td><td><b>Type</b></td><td><b>Description</b></td></tr><tr><td>dateValid</td><td>dateValid</td><td>dateTime</td><td>date de validité d'un code concept</td></tr><tr><td>dateMaj</td><td>dateMaj</td><td>dateTime</td><td>Date de mise à jour d'un code concept</td></tr><tr><td>dateFin</td><td>dateFin</td><td>dateTime</td><td>Date de fin d'exploitation d'un code concept</td></tr></table><p><b>Concepts</b></p><p>This  code system <code>https://mos.esante.gouv.fr/NOS/TRE_R299-AgregatDisciplineEquipSocNiv2/FHIR/TRE-R299-AgregatDisciplineEquipSocNiv2</code> defines the following codes:</p><table class=\"codes\"><tr><td style=\"white-space:nowrap\"><b>Code</b></td><td><b>Display</b></td><td><b>dateValid</b></td><td><b>dateMaj</b></td></tr><tr><td style=\"white-space:nowrap\">4300<a name=\"TRE-R299-AgregatDisciplineEquipSocNiv2-4300\"> </a></td><td>Adultes handicapés</td><td>2020-06-26T12:00:00+01:00</td><td>2020-06-26T12:00:00+01:00</td></tr><tr><td style=\"white-space:nowrap\">4400<a name=\"TRE-R299-AgregatDisciplineEquipSocNiv2-4400\"> </a></td><td>Personnes âgées</td><td>2020-06-26T12:00:00+01:00</td><td>2020-06-26T12:00:00+01:00</td></tr><tr><td style=\"white-space:nowrap\">4500<a name=\"TRE-R299-AgregatDisciplineEquipSocNiv2-4500\"> </a></td><td>Protection de l'enfance</td><td>2020-06-26T12:00:00+01:00</td><td>2020-06-26T12:00:00+01:00</td></tr><tr><td style=\"white-space:nowrap\">4600<a name=\"TRE-R299-AgregatDisciplineEquipSocNiv2-4600\"> </a></td><td>Action sociale autres adultes</td><td>2020-06-26T12:00:00+01:00</td><td>2020-06-26T12:00:00+01:00</td></tr><tr><td style=\"white-space:nowrap\">4700<a name=\"TRE-R299-AgregatDisciplineEquipSocNiv2-4700\"> </a></td><td>Enfance handicapée</td><td>2020-06-26T12:00:00+01:00</td><td>2020-06-26T12:00:00+01:00</td></tr><tr><td style=\"white-space:nowrap\">4800<a name=\"TRE-R299-AgregatDisciplineEquipSocNiv2-4800\"> </a></td><td>Aide à la famille</td><td>2020-06-26T12:00:00+01:00</td><td>2020-06-26T12:00:00+01:00</td></tr><tr><td style=\"white-space:nowrap\">4900<a name=\"TRE-R299-AgregatDisciplineEquipSocNiv2-4900\"> </a></td><td>Autres services du domaine social</td><td>2020-06-26T12:00:00+01:00</td><td>2020-06-26T12:00:00+01:00</td></tr></table></div>"},"extension":[{"url":"http://hl7.org/fhir/StructureDefinition/resource-effectivePeriod","valuePeriod":{"start":"2020-06-26T12:00:00+01:00"}}],"url":"https://mos.esante.gouv.fr/NOS/TRE_R299-AgregatDisciplineEquipSocNiv2/FHIR/TRE-R299-AgregatDisciplineEquipSocNiv2","identifier":[{"value":"urn:oid:1.2.250.1.213.1.6.1.203"}],"version":"1.5.0","name":"TRE_R299-AgregatDisciplineEquipSocNiv2","status":"active","date":"2023-12-15T12:00:00+01:00","publisher":"ANS","contact":[{"name":"ANS","telecom":[{"system":"url","value":"https://esante.gouv.fr"}]}],"description":"Agrégats de disciplines d'équipement pour le social niveau 2","content":"complete","property":[{"code":"dateValid","description":"date de validité d'un code concept","type":"dateTime"},{"code":"dateMaj","description":"Date de mise à jour d'un code concept","type":"dateTime"},{"code":"dateFin","description":"Date de fin d'exploitation d'un code concept","type":"dateTime"}],"concept":[{"code":"4300","display":"Adultes handicapés","designation":[{"use":{"code":"LibelleCourt"},"value":"Adultes handicapés"},{"use":{"code":"LibelleAdapte"},"value":"Adultes handicapés"}],"property":[{"code":"dateValid","valueDateTime":"2020-06-26T12:00:00+01:00"},{"code":"dateMaj","valueDateTime":"2020-06-26T12:00:00+01:00"}]},{"code":"4400","display":"Personnes âgées","designation":[{"use":{"code":"LibelleCourt"},"value":"Personnes âgées"},{"use":{"code":"LibelleAdapte"},"value":"Personnes âgées"}],"property":[{"code":"dateValid","valueDateTime":"2020-06-26T12:00:00+01:00"},{"code":"dateMaj","valueDateTime":"2020-06-26T12:00:00+01:00"}]},{"code":"4500","display":"Protection de l'enfance","designation":[{"use":{"code":"LibelleCourt"},"value":"Protection enfance"},{"use":{"code":"LibelleAdapte"},"value":"Protection de l'enfance"}],"property":[{"code":"dateValid","valueDateTime":"2020-06-26T12:00:00+01:00"},{"code":"dateMaj","valueDateTime":"2020-06-26T12:00:00+01:00"}]},{"code":"4600","display":"Action sociale autres adultes","designation":[{"use":{"code":"LibelleCourt"},"value":"Action sociale autres adultes"},{"use":{"code":"LibelleAdapte"},"value":"Action sociale autres adultes"}],"property":[{"code":"dateValid","valueDateTime":"2020-06-26T12:00:00+01:00"},{"code":"dateMaj","valueDateTime":"2020-06-26T12:00:00+01:00"}]},{"code":"4700","display":"Enfance handicapée","designation":[{"use":{"code":"LibelleCourt"},"value":"Enfance handicapée"},{"use":{"code":"LibelleAdapte"},"value":"Enfance handicapée"}],"property":[{"code":"dateValid","valueDateTime":"2020-06-26T12:00:00+01:00"},{"code":"dateMaj","valueDateTime":"2020-06-26T12:00:00+01:00"}]},{"code":"4800","display":"Aide à la famille","designation":[{"use":{"code":"LibelleCourt"},"value":"Aide à la famille"},{"use":{"code":"LibelleAdapte"},"value":"Aide à la famille"}],"property":[{"code":"dateValid","valueDateTime":"2020-06-26T12:00:00+01:00"},{"code":"dateMaj","valueDateTime":"2020-06-26T12:00:00+01:00"}]},{"code":"4900","display":"Autres services du domaine social","designation":[{"use":{"code":"LibelleCourt"},"value":"Autres services domaine social"},{"use":{"code":"LibelleAdapte"},"value":"Autres services du domaine social"}],"property":[{"code":"dateValid","valueDateTime":"2020-06-26T12:00:00+01:00"},{"code":"dateMaj","valueDateTime":"2020-06-26T12:00:00+01:00"}]}]}