{"resourceType":"CodeSystem","id":"TRE-R333-TypeFermetureCapacite","text":{"status":"generated","div":"<div xmlns=\"http://www.w3.org/1999/xhtml\"><p class=\"res-header-id\"><b>Generated Narrative: CodeSystem TRE-R333-TypeFermetureCapacite</b></p><a name=\"TRE-R333-TypeFermetureCapacite\"> </a><a name=\"hcTRE-R333-TypeFermetureCapacite\"> </a><a name=\"TRE-R333-TypeFermetureCapacite-en-US\"> </a><p><b>Properties</b></p><p><b>This code system defines the following properties for its concepts</b></p><table class=\"grid\"><tr><td><b>Name</b></td><td><b>Code</b></td><td><b>Type</b></td><td><b>Description</b></td></tr><tr><td>dateValid</td><td>dateValid</td><td>dateTime</td><td>date de validité d'un code concept</td></tr><tr><td>dateMaj</td><td>dateMaj</td><td>dateTime</td><td>Date de mise à jour d'un code concept</td></tr><tr><td>dateFin</td><td>dateFin</td><td>dateTime</td><td>Date de fin d'exploitation d'un code concept</td></tr></table><p><b>Concepts</b></p><p>This  code system <code>https://mos.esante.gouv.fr/NOS/TRE_R333-TypeFermetureCapacite/FHIR/TRE-R333-TypeFermetureCapacite</code> defines the following codes:</p><table class=\"codes\"><tr><td style=\"white-space:nowrap\"><b>Code</b></td><td><b>Display</b></td><td><b>dateValid</b></td><td><b>dateMaj</b></td></tr><tr><td style=\"white-space:nowrap\">01<a name=\"TRE-R333-TypeFermetureCapacite-01\"> </a></td><td>Réactivable</td><td>2022-05-27T12:00:00+01:00</td><td>2022-05-27T12:00:00+01:00</td></tr><tr><td style=\"white-space:nowrap\">02<a name=\"TRE-R333-TypeFermetureCapacite-02\"> </a></td><td>Non réactivable</td><td>2022-05-27T12:00:00+01:00</td><td>2022-05-27T12:00:00+01:00</td></tr><tr><td style=\"white-space:nowrap\">03<a name=\"TRE-R333-TypeFermetureCapacite-03\"> </a></td><td>Indéterminé</td><td>2022-05-27T12:00:00+01:00</td><td>2022-05-27T12:00:00+01:00</td></tr></table></div>"},"extension":[{"url":"http://hl7.org/fhir/StructureDefinition/resource-effectivePeriod","valuePeriod":{"start":"2022-05-27T12:00:00+01:00"}}],"url":"https://mos.esante.gouv.fr/NOS/TRE_R333-TypeFermetureCapacite/FHIR/TRE-R333-TypeFermetureCapacite","identifier":[{"value":"urn:oid:1.2.250.1.213.3.3.216"}],"version":"1.2.0","name":"TRE_R333-TypeFermetureCapacite","status":"active","date":"2023-12-15T12:00:00+01:00","publisher":"ANS","contact":[{"name":"ANS","telecom":[{"system":"url","value":"https://esante.gouv.fr"}]}],"description":"Permet d'indiquer le statut de lits fermés, afin d'identifier le nombre de lits fermés qui peuvent être réactivés en cas de besoin et le nombre de ceux qui ne peuvent pas l'être","content":"complete","property":[{"code":"dateValid","description":"date de validité d'un code concept","type":"dateTime"},{"code":"dateMaj","description":"Date de mise à jour d'un code concept","type":"dateTime"},{"code":"dateFin","description":"Date de fin d'exploitation d'un code concept","type":"dateTime"}],"concept":[{"code":"01","display":"Réactivable","designation":[{"use":{"code":"LibelleCourt"},"value":"Réactivable"},{"use":{"code":"LibelleAdapte"},"value":"Réactivable"}],"property":[{"code":"dateValid","valueDateTime":"2022-05-27T12:00:00+01:00"},{"code":"dateMaj","valueDateTime":"2022-05-27T12:00:00+01:00"}]},{"code":"02","display":"Non réactivable","designation":[{"use":{"code":"LibelleCourt"},"value":"Non réactivable"},{"use":{"code":"LibelleAdapte"},"value":"Non réactivable"}],"property":[{"code":"dateValid","valueDateTime":"2022-05-27T12:00:00+01:00"},{"code":"dateMaj","valueDateTime":"2022-05-27T12:00:00+01:00"}]},{"code":"03","display":"Indéterminé","designation":[{"use":{"code":"LibelleCourt"},"value":"Indéterminé"},{"use":{"code":"LibelleAdapte"},"value":"Indéterminé"}],"property":[{"code":"dateValid","valueDateTime":"2022-05-27T12:00:00+01:00"},{"code":"dateMaj","valueDateTime":"2022-05-27T12:00:00+01:00"}]}]}