{"resourceType":"CodeSystem","id":"TRE-R03-AttributionParticuliere","text":{"status":"generated","div":"<div xmlns=\"http://www.w3.org/1999/xhtml\"><p class=\"res-header-id\"><b>Generated Narrative: CodeSystem TRE-R03-AttributionParticuliere</b></p><a name=\"TRE-R03-AttributionParticuliere\"> </a><a name=\"hcTRE-R03-AttributionParticuliere\"> </a><a name=\"TRE-R03-AttributionParticuliere-en-US\"> </a><p><b>Properties</b></p><p><b>This code system defines the following properties for its concepts</b></p><table class=\"grid\"><tr><td><b>Name</b></td><td><b>Code</b></td><td><b>Type</b></td><td><b>Description</b></td></tr><tr><td>dateValid</td><td>dateValid</td><td>dateTime</td><td>date de validité d'un code concept</td></tr><tr><td>dateMaj</td><td>dateMaj</td><td>dateTime</td><td>Date de mise à jour d'un code concept</td></tr><tr><td>dateFin</td><td>dateFin</td><td>dateTime</td><td>Date de fin d'exploitation d'un code concept</td></tr></table><p><b>Concepts</b></p><p>This  code system <code>https://mos.esante.gouv.fr/NOS/TRE_R03-AttributionParticuliere/FHIR/TRE-R03-AttributionParticuliere</code> defines the following codes:</p><table class=\"codes\"><tr><td style=\"white-space:nowrap\"><b>Code</b></td><td><b>Display</b></td><td><b>dateValid</b></td><td><b>dateMaj</b></td></tr><tr><td style=\"white-space:nowrap\">ATTR-01<a name=\"TRE-R03-AttributionParticuliere-ATTR-01\"> </a></td><td>Expert auprès des tribunaux (expertise judiciaire)</td><td>2007-07-25T15:04:35+01:00</td><td>2016-09-01T00:00:00+01:00</td></tr><tr><td style=\"white-space:nowrap\">ATTR-02<a name=\"TRE-R03-AttributionParticuliere-ATTR-02\"> </a></td><td>Médecine légale</td><td>2007-07-25T00:00:00+01:00</td><td>2008-02-28T00:00:00+01:00</td></tr><tr><td style=\"white-space:nowrap\">ATTR-03<a name=\"TRE-R03-AttributionParticuliere-ATTR-03\"> </a></td><td>Médecin agréé</td><td>2007-07-25T15:04:35+01:00</td><td>2008-02-28T00:00:00+01:00</td></tr><tr><td style=\"white-space:nowrap\">ATTR-04<a name=\"TRE-R03-AttributionParticuliere-ATTR-04\"> </a></td><td>Expert auprès des assurances</td><td>2007-07-25T15:04:35+01:00</td><td>2016-09-01T00:00:00+01:00</td></tr><tr><td style=\"white-space:nowrap\">ATTR-05<a name=\"TRE-R03-AttributionParticuliere-ATTR-05\"> </a></td><td>Expertises de Sécurité Sociale</td><td>2007-07-25T15:04:35+01:00</td><td>2016-09-01T00:00:00+01:00</td></tr><tr><td style=\"white-space:nowrap\">ATTR-06<a name=\"TRE-R03-AttributionParticuliere-ATTR-06\"> </a></td><td>Expertise pour le Ministère des anciens combattants</td><td>2007-07-25T15:04:35+01:00</td><td>2016-09-01T00:00:00+01:00</td></tr><tr><td style=\"white-space:nowrap\">ATTR-07<a name=\"TRE-R03-AttributionParticuliere-ATTR-07\"> </a></td><td>Collège des 3G</td><td>2007-07-25T15:04:35+01:00</td><td>2008-02-28T00:00:00+01:00</td></tr><tr><td style=\"white-space:nowrap\">ATTR-08<a name=\"TRE-R03-AttributionParticuliere-ATTR-08\"> </a></td><td>Expert auprès des Comités médicaux et commissions de réforme (CMCR)</td><td>2007-07-25T15:04:35+01:00</td><td>2016-09-01T00:00:00+01:00</td></tr><tr><td style=\"white-space:nowrap\">ATTR-09<a name=\"TRE-R03-AttributionParticuliere-ATTR-09\"> </a></td><td>Activité libérale de contrôle d'absentéisme</td><td>2007-07-25T00:00:00+01:00</td><td>2016-09-01T00:00:00+01:00</td></tr><tr><td style=\"white-space:nowrap\">ATTR-10<a name=\"TRE-R03-AttributionParticuliere-ATTR-10\"> </a></td><td>Médecin de recours</td><td>2016-09-23T12:00:00+01:00</td><td>2016-09-23T12:00:00+01:00</td></tr></table></div>"},"extension":[{"url":"http://hl7.org/fhir/StructureDefinition/resource-effectivePeriod","valuePeriod":{"start":"2013-06-28T00:00:00+01:00"}}],"url":"https://mos.esante.gouv.fr/NOS/TRE_R03-AttributionParticuliere/FHIR/TRE-R03-AttributionParticuliere","identifier":[{"value":"urn:oid:1.2.250.1.71.1.2.27"}],"version":"1.5.0","name":"TRE_R03-AttributionParticuliere","status":"active","date":"2023-12-15T12:00:00+01:00","publisher":"ANS","contact":[{"name":"ANS","telecom":[{"system":"url","value":"https://esante.gouv.fr"}]}],"description":"Attribution particulière","content":"complete","property":[{"code":"dateValid","description":"date de validité d'un code concept","type":"dateTime"},{"code":"dateMaj","description":"Date de mise à jour d'un code concept","type":"dateTime"},{"code":"dateFin","description":"Date de fin d'exploitation d'un code concept","type":"dateTime"}],"concept":[{"code":"ATTR-01","display":"Expert auprès des tribunaux (expertise judiciaire)","designation":[{"use":{"code":"LibelleCourt"},"value":"Expertise judiciaire"},{"use":{"code":"LibelleAdapte"},"value":"Expert auprès des tribunaux (expertise judiciaire)"}],"property":[{"code":"dateValid","valueDateTime":"2007-07-25T15:04:35+01:00"},{"code":"dateMaj","valueDateTime":"2016-09-01T00:00:00+01:00"}]},{"code":"ATTR-02","display":"Médecine légale","designation":[{"use":{"code":"LibelleCourt"},"value":"Médecine légale"},{"use":{"code":"LibelleAdapte"},"value":"Médecine légale"}],"property":[{"code":"dateValid","valueDateTime":"2007-07-25T00:00:00+01:00"},{"code":"dateMaj","valueDateTime":"2008-02-28T00:00:00+01:00"}]},{"code":"ATTR-03","display":"Médecin agréé","designation":[{"use":{"code":"LibelleCourt"},"value":"Médecin agréé"},{"use":{"code":"LibelleAdapte"},"value":"Médecin agréé"}],"property":[{"code":"dateValid","valueDateTime":"2007-07-25T15:04:35+01:00"},{"code":"dateMaj","valueDateTime":"2008-02-28T00:00:00+01:00"}]},{"code":"ATTR-04","display":"Expert auprès des assurances","designation":[{"use":{"code":"LibelleCourt"},"value":"Expert auprès des assurances"},{"use":{"code":"LibelleAdapte"},"value":"Expert auprès des assurances"}],"property":[{"code":"dateValid","valueDateTime":"2007-07-25T15:04:35+01:00"},{"code":"dateMaj","valueDateTime":"2016-09-01T00:00:00+01:00"}]},{"code":"ATTR-05","display":"Expertises de Sécurité Sociale","designation":[{"use":{"code":"LibelleCourt"},"value":"Expertises de Sécurité Sociale"},{"use":{"code":"LibelleAdapte"},"value":"Expertises de Sécurité Sociale"}],"property":[{"code":"dateValid","valueDateTime":"2007-07-25T15:04:35+01:00"},{"code":"dateMaj","valueDateTime":"2016-09-01T00:00:00+01:00"}]},{"code":"ATTR-06","display":"Expertise pour le Ministère des anciens combattants","designation":[{"use":{"code":"LibelleCourt"},"value":"Expert Ministère anc combat"},{"use":{"code":"LibelleAdapte"},"value":"Expertise pour le Ministère des anciens combattants"}],"property":[{"code":"dateValid","valueDateTime":"2007-07-25T15:04:35+01:00"},{"code":"dateMaj","valueDateTime":"2016-09-01T00:00:00+01:00"}]},{"code":"ATTR-07","display":"Collège des 3G","designation":[{"use":{"code":"LibelleCourt"},"value":"Collège des 3G"},{"use":{"code":"LibelleAdapte"},"value":"Collège des 3G"}],"property":[{"code":"dateValid","valueDateTime":"2007-07-25T15:04:35+01:00"},{"code":"dateMaj","valueDateTime":"2008-02-28T00:00:00+01:00"}]},{"code":"ATTR-08","display":"Expert auprès des Comités médicaux et commissions de réforme (CMCR)","designation":[{"use":{"code":"LibelleCourt"},"value":"Expert CMCR"},{"use":{"code":"LibelleAdapte"},"value":"Expert auprès des Comités médicaux et commissions de réforme (CMCR)"}],"property":[{"code":"dateValid","valueDateTime":"2007-07-25T15:04:35+01:00"},{"code":"dateMaj","valueDateTime":"2016-09-01T00:00:00+01:00"}]},{"code":"ATTR-09","display":"Activité libérale de contrôle d'absentéisme","designation":[{"use":{"code":"LibelleCourt"},"value":"Contrôle absentéisme"},{"use":{"code":"LibelleAdapte"},"value":"Activité libérale de contrôle d'absentéisme"}],"property":[{"code":"dateValid","valueDateTime":"2007-07-25T00:00:00+01:00"},{"code":"dateMaj","valueDateTime":"2016-09-01T00:00:00+01:00"}]},{"code":"ATTR-10","display":"Médecin de recours","designation":[{"use":{"code":"LibelleCourt"},"value":"Médecin de recours"},{"use":{"code":"LibelleAdapte"},"value":"Médecin de recours"}],"property":[{"code":"dateValid","valueDateTime":"2016-09-23T12:00:00+01:00"},{"code":"dateMaj","valueDateTime":"2016-09-23T12:00:00+01:00"}]}]}