{"resourceType":"CodeSystem","id":"TRE-R254-TypeEvenement","text":{"status":"generated","div":"<div xmlns=\"http://www.w3.org/1999/xhtml\"><p><b>Properties</b></p><p><b>This code system defines the following properties for its concepts</b></p><table class=\"grid\"><tr><td><b>Code</b></td><td><b>Type</b></td><td><b>Description</b></td></tr><tr><td>dateValid</td><td>dateTime</td><td>date de validité d'un code concept</td></tr><tr><td>dateMaj</td><td>dateTime</td><td>Date de mise à jour d'un code concept</td></tr><tr><td>dateFin</td><td>dateTime</td><td>Date de fin d'exploitation d'un code concept</td></tr></table><p><b>Concepts</b></p><p>This  code system <code>https://mos.esante.gouv.fr/NOS/TRE_R254-TypeEvenement/FHIR/TRE-R254-TypeEvenement</code> defines the following codes:</p><table class=\"codes\"><tr><td style=\"white-space:nowrap\"><b>Code</b></td><td><b>Display</b></td><td><b>Definition</b></td><td><b>dateValid</b></td><td><b>dateMaj</b></td><td><b>dateFin</b></td></tr><tr><td style=\"white-space:nowrap\">ADM<a name=\"TRE-R254-TypeEvenement-ADM\"> </a></td><td>Admission d'un patient dans un établissement de santé</td><td/><td>2018-03-30T12:00:00+01:00</td><td>2018-03-30T12:00:00+01:00</td><td/></tr><tr><td style=\"white-space:nowrap\">AUT<a name=\"TRE-R254-TypeEvenement-AUT\"> </a></td><td>Autorisation de paiement de la facture des dispositifs médicaux</td><td/><td>2020-08-28T12:00:00+01:00</td><td>2020-08-28T12:00:00+01:00</td><td/></tr><tr><td style=\"white-space:nowrap\">CDM<a name=\"TRE-R254-TypeEvenement-CDM\"> </a></td><td>Commande de dispositifs médicaux</td><td>Commande de dispositifs médicaux de l'établissement de santé auprès d'un fabricant</td><td>2022-06-24T12:00:00+01:00</td><td>2022-06-24T12:00:00+01:00</td><td/></tr><tr><td style=\"white-space:nowrap\">DEL<a name=\"TRE-R254-TypeEvenement-DEL\"> </a></td><td>Délivrance des dispositifs médicaux</td><td/><td>2019-12-13T12:00:00+01:00</td><td>2020-08-28T12:00:00+01:00</td><td/></tr><tr><td style=\"white-space:nowrap\">DEM<a name=\"TRE-R254-TypeEvenement-DEM\"> </a></td><td>Demande de dispositifs médicaux à la pharmacie de l'établissement de santé</td><td/><td>2020-08-28T12:00:00+01:00</td><td>2020-08-28T12:00:00+01:00</td><td/></tr><tr><td style=\"white-space:nowrap\">DOC<a name=\"TRE-R254-TypeEvenement-DOC\"> </a></td><td>Dépôt de document pour un patient</td><td/><td>2018-03-30T12:00:00+01:00</td><td>2018-03-30T12:00:00+01:00</td><td/></tr><tr><td style=\"white-space:nowrap\">ECH<a name=\"TRE-R254-TypeEvenement-ECH\"> </a></td><td>Echec de pose du dispositif médical</td><td/><td>2019-12-13T12:00:00+01:00</td><td>2019-12-13T12:00:00+01:00</td><td/></tr><tr><td style=\"white-space:nowrap\">ESD<a name=\"TRE-R254-TypeEvenement-ESD\"> </a></td><td>Entrée de stock des dispositifs médicaux au sein de l'établissement de santé</td><td/><td>2019-12-13T12:00:00+01:00</td><td>2020-08-28T12:00:00+01:00</td><td/></tr><tr><td style=\"white-space:nowrap\">NCO<a name=\"TRE-R254-TypeEvenement-NCO\"> </a></td><td>DM non-conforme, avec un risque inacceptable pour la santé et la sécurité</td><td/><td>2019-12-13T12:00:00+01:00</td><td>2019-12-13T12:00:00+01:00</td><td/></tr><tr><td style=\"white-space:nowrap\">NOT<a name=\"TRE-R254-TypeEvenement-NOT\"> </a></td><td>Création d'une note pour un patient dans le cahier de liaison</td><td/><td>2018-03-30T12:00:00+01:00</td><td>2018-03-30T12:00:00+01:00</td><td/></tr><tr><td style=\"white-space:nowrap\">NRE<a name=\"TRE-R254-TypeEvenement-NRE\"> </a></td><td>Réception non valide du dispositif médical par l'établissement de santé</td><td/><td>2020-08-28T12:00:00+01:00</td><td>2020-08-28T12:00:00+01:00</td><td/></tr><tr><td style=\"white-space:nowrap\">NREC<a name=\"TRE-R254-TypeEvenement-NREC\"> </a></td><td>Réception NOK du DM par l'établissement de santé ou le service utilisateur</td><td/><td>2019-12-13T12:00:00+01:00</td><td>2020-08-28T12:00:00+01:00</td><td>2020-08-28T12:00:00+01:00</td></tr><tr><td style=\"white-space:nowrap\">PER<a name=\"TRE-R254-TypeEvenement-PER\"> </a></td><td>Dispositif médical périmé</td><td/><td>2019-12-13T12:00:00+01:00</td><td>2019-12-13T12:00:00+01:00</td><td/></tr><tr><td style=\"white-space:nowrap\">POS<a name=\"TRE-R254-TypeEvenement-POS\"> </a></td><td>Pose du dispositif médical</td><td/><td>2019-12-13T12:00:00+01:00</td><td>2019-12-13T12:00:00+01:00</td><td/></tr><tr><td style=\"white-space:nowrap\">REA<a name=\"TRE-R254-TypeEvenement-REA\"> </a></td><td>Demande de réassort en DM</td><td/><td>2020-08-28T12:00:00+01:00</td><td>2020-08-28T12:00:00+01:00</td><td/></tr><tr><td style=\"white-space:nowrap\">REC<a name=\"TRE-R254-TypeEvenement-REC\"> </a></td><td>Réception valide du dispositif médical par l'établissement de santé</td><td/><td>2019-12-13T12:00:00+01:00</td><td>2020-08-28T12:00:00+01:00</td><td/></tr><tr><td style=\"white-space:nowrap\">REP<a name=\"TRE-R254-TypeEvenement-REP\"> </a></td><td>Réponse de la pharmacie au service responsable de la demande</td><td/><td>2020-08-28T12:00:00+01:00</td><td>2020-08-28T12:00:00+01:00</td><td/></tr><tr><td style=\"white-space:nowrap\">SDM<a name=\"TRE-R254-TypeEvenement-SDM\"> </a></td><td>Suppression de la demande de dispositif médicaux</td><td/><td>2020-08-28T12:00:00+01:00</td><td>2020-08-28T12:00:00+01:00</td><td/></tr><tr><td style=\"white-space:nowrap\">SOR<a name=\"TRE-R254-TypeEvenement-SOR\"> </a></td><td>Sortie d'un patient de l'établissement de santé</td><td/><td>2018-03-30T12:00:00+01:00</td><td>2018-03-30T12:00:00+01:00</td><td/></tr><tr><td style=\"white-space:nowrap\">SSD<a name=\"TRE-R254-TypeEvenement-SSD\"> </a></td><td>Sortie de stock des dispositifs médicaux</td><td/><td>2019-12-13T12:00:00+01:00</td><td>2020-08-28T12:00:00+01:00</td><td/></tr><tr><td style=\"white-space:nowrap\">TRA<a name=\"TRE-R254-TypeEvenement-TRA\"> </a></td><td>Transport des dispositifs médicaux</td><td/><td>2020-08-28T12:00:00+01:00</td><td>2020-08-28T12:00:00+01:00</td><td/></tr></table></div>"},"extension":[{"url":"http://hl7.org/fhir/StructureDefinition/resource-effectivePeriod","valuePeriod":{"start":"2018-03-30T12:00:00+01:00"}}],"url":"https://mos.esante.gouv.fr/NOS/TRE_R254-TypeEvenement/FHIR/TRE-R254-TypeEvenement","identifier":[{"value":"urn:oid:1.2.250.1.213.1.1.4.337"}],"version":"1.2.0","name":"TRE_R254-TypeEvenement","status":"active","date":"2024-03-29T12:00:00+01:00","publisher":"ANS","contact":[{"name":"ANS","telecom":[{"system":"url","value":"https://esante.gouv.fr"}]}],"description":"Liste de types d'évènement","content":"complete","property":[{"code":"dateValid","description":"date de validité d'un code concept","type":"dateTime"},{"code":"dateMaj","description":"Date de mise à jour d'un code concept","type":"dateTime"},{"code":"dateFin","description":"Date de fin d'exploitation d'un code concept","type":"dateTime"}],"concept":[{"code":"ADM","display":"Admission d'un patient dans un établissement de santé","designation":[{"use":{"code":"LibelleCourt"},"value":"ADM"},{"use":{"code":"LibelleAdapte"},"value":"Admission d'un patient dans un établissement de santé"}],"property":[{"code":"dateValid","valueDateTime":"2018-03-30T12:00:00+01:00"},{"code":"dateMaj","valueDateTime":"2018-03-30T12:00:00+01:00"}]},{"code":"AUT","display":"Autorisation de paiement de la facture des dispositifs médicaux","designation":[{"use":{"code":"LibelleCourt"},"value":"AUT"},{"use":{"code":"LibelleAdapte"},"value":"Autorisation de paiement de la facture des dispositifs médicaux"}],"property":[{"code":"dateValid","valueDateTime":"2020-08-28T12:00:00+01:00"},{"code":"dateMaj","valueDateTime":"2020-08-28T12:00:00+01:00"}]},{"code":"CDM","display":"Commande de dispositifs médicaux","definition":"Commande de dispositifs médicaux de l'établissement de santé auprès d'un fabricant","designation":[{"use":{"code":"LibelleCourt"},"value":"CDM"},{"use":{"code":"LibelleAdapte"},"value":"Commande de dispositifs médicaux"}],"property":[{"code":"dateValid","valueDateTime":"2022-06-24T12:00:00+01:00"},{"code":"dateMaj","valueDateTime":"2022-06-24T12:00:00+01:00"}]},{"code":"DEL","display":"Délivrance des dispositifs médicaux","designation":[{"use":{"code":"LibelleCourt"},"value":"DEL"},{"use":{"code":"LibelleAdapte"},"value":"Délivrance des dispositifs médicaux au service en charge de la pose chez le patient"}],"property":[{"code":"dateValid","valueDateTime":"2019-12-13T12:00:00+01:00"},{"code":"dateMaj","valueDateTime":"2020-08-28T12:00:00+01:00"}]},{"code":"DEM","display":"Demande de dispositifs médicaux à la pharmacie de l'établissement de santé","designation":[{"use":{"code":"LibelleCourt"},"value":"DEM"},{"use":{"code":"LibelleAdapte"},"value":"Demande de dispositifs médicaux à la pharmacie de l'établissement de santé"}],"property":[{"code":"dateValid","valueDateTime":"2020-08-28T12:00:00+01:00"},{"code":"dateMaj","valueDateTime":"2020-08-28T12:00:00+01:00"}]},{"code":"DOC","display":"Dépôt de document pour un patient","designation":[{"use":{"code":"LibelleCourt"},"value":"DOC"},{"use":{"code":"LibelleAdapte"},"value":"Dépôt de document pour un patient"}],"property":[{"code":"dateValid","valueDateTime":"2018-03-30T12:00:00+01:00"},{"code":"dateMaj","valueDateTime":"2018-03-30T12:00:00+01:00"}]},{"code":"ECH","display":"Echec de pose du dispositif médical","designation":[{"use":{"code":"LibelleCourt"},"value":"ECH"},{"use":{"code":"LibelleAdapte"},"value":"Echec de pose du dispositif médical"}],"property":[{"code":"dateValid","valueDateTime":"2019-12-13T12:00:00+01:00"},{"code":"dateMaj","valueDateTime":"2019-12-13T12:00:00+01:00"}]},{"code":"ESD","display":"Entrée de stock des dispositifs médicaux au sein de l'établissement de santé","designation":[{"use":{"code":"LibelleCourt"},"value":"ESD"},{"use":{"code":"LibelleAdapte"},"value":"Entrée de stock des dispositifs médicaux au sein de l'établissement de santé"}],"property":[{"code":"dateValid","valueDateTime":"2019-12-13T12:00:00+01:00"},{"code":"dateMaj","valueDateTime":"2020-08-28T12:00:00+01:00"}]},{"code":"NCO","display":"DM non-conforme, avec un risque inacceptable pour la santé et la sécurité","designation":[{"use":{"code":"LibelleCourt"},"value":"NCO"},{"use":{"code":"LibelleAdapte"},"value":"Dispositif médical non-conforme, présentant un risque inacceptable pour la santé et la sécurité"}],"property":[{"code":"dateValid","valueDateTime":"2019-12-13T12:00:00+01:00"},{"code":"dateMaj","valueDateTime":"2019-12-13T12:00:00+01:00"}]},{"code":"NOT","display":"Création d'une note pour un patient dans le cahier de liaison","designation":[{"use":{"code":"LibelleCourt"},"value":"NOT"},{"use":{"code":"LibelleAdapte"},"value":"Création d'une note pour un patient dans le cahier de liaison"}],"property":[{"code":"dateValid","valueDateTime":"2018-03-30T12:00:00+01:00"},{"code":"dateMaj","valueDateTime":"2018-03-30T12:00:00+01:00"}]},{"code":"NRE","display":"Réception non valide du dispositif médical par l'établissement de santé","designation":[{"use":{"code":"LibelleCourt"},"value":"NRE"},{"use":{"code":"LibelleAdapte"},"value":"Réception non valide du dispositif médical par l'établissement de santé"}],"property":[{"code":"dateValid","valueDateTime":"2020-08-28T12:00:00+01:00"},{"code":"dateMaj","valueDateTime":"2020-08-28T12:00:00+01:00"}]},{"code":"NREC","display":"Réception NOK du DM par l'établissement de santé ou le service utilisateur","designation":[{"use":{"code":"LibelleCourt"},"value":"NREC"},{"use":{"code":"LibelleAdapte"},"value":"Réception non valide d'un dispositif médical par l'établissement de santé ou le service utilisateur"}],"property":[{"code":"dateValid","valueDateTime":"2019-12-13T12:00:00+01:00"},{"code":"dateFin","valueDateTime":"2020-08-28T12:00:00+01:00"},{"code":"dateMaj","valueDateTime":"2020-08-28T12:00:00+01:00"}]},{"code":"PER","display":"Dispositif médical périmé","designation":[{"use":{"code":"LibelleCourt"},"value":"PER"},{"use":{"code":"LibelleAdapte"},"value":"Dispositif médical périmé"}],"property":[{"code":"dateValid","valueDateTime":"2019-12-13T12:00:00+01:00"},{"code":"dateMaj","valueDateTime":"2019-12-13T12:00:00+01:00"}]},{"code":"POS","display":"Pose du dispositif médical","designation":[{"use":{"code":"LibelleCourt"},"value":"POS"},{"use":{"code":"LibelleAdapte"},"value":"Pose du dispositif médical"}],"property":[{"code":"dateValid","valueDateTime":"2019-12-13T12:00:00+01:00"},{"code":"dateMaj","valueDateTime":"2019-12-13T12:00:00+01:00"}]},{"code":"REA","display":"Demande de réassort en DM","designation":[{"use":{"code":"LibelleCourt"},"value":"REA"},{"use":{"code":"LibelleAdapte"},"value":"Demande de réassort en dispositifs médicaux"}],"property":[{"code":"dateValid","valueDateTime":"2020-08-28T12:00:00+01:00"},{"code":"dateMaj","valueDateTime":"2020-08-28T12:00:00+01:00"}]},{"code":"REC","display":"Réception valide du dispositif médical par l'établissement de santé","designation":[{"use":{"code":"LibelleCourt"},"value":"REC"},{"use":{"code":"LibelleAdapte"},"value":"Réception valide du dispositif médical par l'établissement de santé"}],"property":[{"code":"dateValid","valueDateTime":"2019-12-13T12:00:00+01:00"},{"code":"dateMaj","valueDateTime":"2020-08-28T12:00:00+01:00"}]},{"code":"REP","display":"Réponse de la pharmacie au service responsable de la demande","designation":[{"use":{"code":"LibelleCourt"},"value":"REP"},{"use":{"code":"LibelleAdapte"},"value":"Réponse de la pharmacie de l'établissement de santé au service responsable de la demande"}],"property":[{"code":"dateValid","valueDateTime":"2020-08-28T12:00:00+01:00"},{"code":"dateMaj","valueDateTime":"2020-08-28T12:00:00+01:00"}]},{"code":"SDM","display":"Suppression de la demande de dispositif médicaux","designation":[{"use":{"code":"LibelleCourt"},"value":"SDM"},{"use":{"code":"LibelleAdapte"},"value":"Suppression de la demande de dispositif médicaux"}],"property":[{"code":"dateValid","valueDateTime":"2020-08-28T12:00:00+01:00"},{"code":"dateMaj","valueDateTime":"2020-08-28T12:00:00+01:00"}]},{"code":"SOR","display":"Sortie d'un patient de l'établissement de santé","designation":[{"use":{"code":"LibelleCourt"},"value":"SOR"},{"use":{"code":"LibelleAdapte"},"value":"Sortie d'un patient de l'établissement de santé"}],"property":[{"code":"dateValid","valueDateTime":"2018-03-30T12:00:00+01:00"},{"code":"dateMaj","valueDateTime":"2018-03-30T12:00:00+01:00"}]},{"code":"SSD","display":"Sortie de stock des dispositifs médicaux","designation":[{"use":{"code":"LibelleCourt"},"value":"SSD"},{"use":{"code":"LibelleAdapte"},"value":"Sortie de stock des dispositifs médicaux"}],"property":[{"code":"dateValid","valueDateTime":"2019-12-13T12:00:00+01:00"},{"code":"dateMaj","valueDateTime":"2020-08-28T12:00:00+01:00"}]},{"code":"TRA","display":"Transport des dispositifs médicaux","designation":[{"use":{"code":"LibelleCourt"},"value":"TRA"},{"use":{"code":"LibelleAdapte"},"value":"Transport des dispositifs médicaux"}],"property":[{"code":"dateValid","valueDateTime":"2020-08-28T12:00:00+01:00"},{"code":"dateMaj","valueDateTime":"2020-08-28T12:00:00+01:00"}]}]}