{"resourceType":"CodeSystem","id":"TRE-R18-DisciplineAutorisation","text":{"status":"generated","div":"<div xmlns=\"http://www.w3.org/1999/xhtml\"><p class=\"res-header-id\"><b>Generated Narrative: CodeSystem TRE-R18-DisciplineAutorisation</b></p><a name=\"TRE-R18-DisciplineAutorisation\"> </a><a name=\"hcTRE-R18-DisciplineAutorisation\"> </a><a name=\"hcTRE-R18-DisciplineAutorisation-en-US\"> </a><p><b>Properties</b></p><p><b>This code system defines the following properties for its concepts</b></p><table class=\"grid\"><tr><td><b>Name</b></td><td><b>Code</b></td><td><b>Type</b></td><td><b>Description</b></td></tr><tr><td>dateValid</td><td>dateValid</td><td>dateTime</td><td>date de validité d'un code concept</td></tr><tr><td>dateMaj</td><td>dateMaj</td><td>dateTime</td><td>Date de mise à jour d'un code concept</td></tr><tr><td>dateFin</td><td>dateFin</td><td>dateTime</td><td>Date de fin d'exploitation d'un code concept</td></tr></table><p><b>Concepts</b></p><p>This  code system <code>https://mos.esante.gouv.fr/NOS/TRE_R18-DisciplineAutorisation/FHIR/TRE-R18-DisciplineAutorisation</code> defines the following codes:</p><table class=\"codes\"><tr><td style=\"white-space:nowrap\"><b>Code</b></td><td><b>Display</b></td><td><b>dateValid</b></td><td><b>dateMaj</b></td></tr><tr><td style=\"white-space:nowrap\">DAUT01<a name=\"TRE-R18-DisciplineAutorisation-DAUT01\"> </a></td><td>Biologie médicale</td><td>2007-07-25T15:04:42+01:00</td><td>2016-09-01T00:00:00+01:00</td></tr><tr><td style=\"white-space:nowrap\">DAUT02<a name=\"TRE-R18-DisciplineAutorisation-DAUT02\"> </a></td><td>Chirurgie générale</td><td>2007-07-25T15:04:42+01:00</td><td>2016-09-01T00:00:00+01:00</td></tr><tr><td style=\"white-space:nowrap\">DAUT03<a name=\"TRE-R18-DisciplineAutorisation-DAUT03\"> </a></td><td>Chirurgie infantile</td><td>2007-07-25T15:04:42+01:00</td><td>2016-09-01T00:00:00+01:00</td></tr><tr><td style=\"white-space:nowrap\">DAUT04<a name=\"TRE-R18-DisciplineAutorisation-DAUT04\"> </a></td><td>Chirurgie maxillo-faciale et Stomatologie</td><td>2007-07-25T15:04:42+01:00</td><td>2016-09-01T00:00:00+01:00</td></tr><tr><td style=\"white-space:nowrap\">DAUT05<a name=\"TRE-R18-DisciplineAutorisation-DAUT05\"> </a></td><td>Chirurgie orthopédique et Traumatologie</td><td>2007-07-25T15:04:42+01:00</td><td>2016-09-01T00:00:00+01:00</td></tr><tr><td style=\"white-space:nowrap\">DAUT06<a name=\"TRE-R18-DisciplineAutorisation-DAUT06\"> </a></td><td>Chirurgie plastique, reconstructrice et esthétique</td><td>2007-07-25T15:04:42+01:00</td><td>2016-09-01T00:00:00+01:00</td></tr><tr><td style=\"white-space:nowrap\">DAUT07<a name=\"TRE-R18-DisciplineAutorisation-DAUT07\"> </a></td><td>Chirurgie thoracique et cardio-vasculaire</td><td>2007-07-25T15:04:42+01:00</td><td>2016-09-01T00:00:00+01:00</td></tr><tr><td style=\"white-space:nowrap\">DAUT08<a name=\"TRE-R18-DisciplineAutorisation-DAUT08\"> </a></td><td>Chirurgie urologique</td><td>2007-07-25T15:04:42+01:00</td><td>2016-09-01T00:00:00+01:00</td></tr><tr><td style=\"white-space:nowrap\">DAUT09<a name=\"TRE-R18-DisciplineAutorisation-DAUT09\"> </a></td><td>Chirurgie vasculaire</td><td>2007-07-25T15:04:42+01:00</td><td>2016-09-01T00:00:00+01:00</td></tr><tr><td style=\"white-space:nowrap\">DAUT10<a name=\"TRE-R18-DisciplineAutorisation-DAUT10\"> </a></td><td>Chirurgie viscérale et digestive</td><td>2007-07-25T15:04:42+01:00</td><td>2016-09-01T00:00:00+01:00</td></tr><tr><td style=\"white-space:nowrap\">DAUT11<a name=\"TRE-R18-DisciplineAutorisation-DAUT11\"> </a></td><td>Gynécologie-obstétrique</td><td>2007-07-25T15:04:42+01:00</td><td>2016-09-01T00:00:00+01:00</td></tr><tr><td style=\"white-space:nowrap\">DAUT12<a name=\"TRE-R18-DisciplineAutorisation-DAUT12\"> </a></td><td>Neurochirurgie</td><td>2007-07-25T15:04:42+01:00</td><td>2016-09-01T00:00:00+01:00</td></tr><tr><td style=\"white-space:nowrap\">DAUT13<a name=\"TRE-R18-DisciplineAutorisation-DAUT13\"> </a></td><td>Ophtalmologie</td><td>2007-07-25T15:04:42+01:00</td><td>2016-09-01T00:00:00+01:00</td></tr><tr><td style=\"white-space:nowrap\">DAUT14<a name=\"TRE-R18-DisciplineAutorisation-DAUT14\"> </a></td><td>Oto-rhino-laryngologie et Chirurgie cervico-faciale</td><td>2007-07-25T15:04:42+01:00</td><td>2016-09-01T00:00:00+01:00</td></tr><tr><td style=\"white-space:nowrap\">DAUT15<a name=\"TRE-R18-DisciplineAutorisation-DAUT15\"> </a></td><td>Anatomie et Cytologie pathologiques</td><td>2007-07-25T15:04:42+01:00</td><td>2016-09-01T00:00:00+01:00</td></tr><tr><td style=\"white-space:nowrap\">DAUT16<a name=\"TRE-R18-DisciplineAutorisation-DAUT16\"> </a></td><td>Anesthésie et Réanimation</td><td>2007-07-25T15:04:42+01:00</td><td>2016-09-01T00:00:00+01:00</td></tr><tr><td style=\"white-space:nowrap\">DAUT17<a name=\"TRE-R18-DisciplineAutorisation-DAUT17\"> </a></td><td>Cardiologie et Maladies vasculaires</td><td>2007-07-25T15:04:42+01:00</td><td>2016-09-01T00:00:00+01:00</td></tr><tr><td style=\"white-space:nowrap\">DAUT18<a name=\"TRE-R18-DisciplineAutorisation-DAUT18\"> </a></td><td>Dermatologie et Vénéréologie</td><td>2007-07-25T15:04:42+01:00</td><td>2016-09-01T00:00:00+01:00</td></tr><tr><td style=\"white-space:nowrap\">DAUT19<a name=\"TRE-R18-DisciplineAutorisation-DAUT19\"> </a></td><td>Endocrinologie et Métabolisme</td><td>2007-07-25T15:04:42+01:00</td><td>2016-09-01T00:00:00+01:00</td></tr><tr><td style=\"white-space:nowrap\">DAUT20<a name=\"TRE-R18-DisciplineAutorisation-DAUT20\"> </a></td><td>Gastro-entérologie et Hépatologie</td><td>2007-07-25T15:04:42+01:00</td><td>2016-09-01T00:00:00+01:00</td></tr><tr><td style=\"white-space:nowrap\">DAUT21<a name=\"TRE-R18-DisciplineAutorisation-DAUT21\"> </a></td><td>Génétique médicale</td><td>2007-07-25T15:04:42+01:00</td><td>2008-02-28T00:00:00+01:00</td></tr><tr><td style=\"white-space:nowrap\">DAUT22<a name=\"TRE-R18-DisciplineAutorisation-DAUT22\"> </a></td><td>Gériatrie</td><td>2007-07-25T15:04:42+01:00</td><td>2008-02-28T00:00:00+01:00</td></tr><tr><td style=\"white-space:nowrap\">DAUT23<a name=\"TRE-R18-DisciplineAutorisation-DAUT23\"> </a></td><td>Gynécologie médicale</td><td>2007-07-25T15:04:42+01:00</td><td>2008-02-28T00:00:00+01:00</td></tr><tr><td style=\"white-space:nowrap\">DAUT24<a name=\"TRE-R18-DisciplineAutorisation-DAUT24\"> </a></td><td>Hématologie</td><td>2007-07-25T15:04:42+01:00</td><td>2008-02-28T00:00:00+01:00</td></tr><tr><td style=\"white-space:nowrap\">DAUT25<a name=\"TRE-R18-DisciplineAutorisation-DAUT25\"> </a></td><td>Médecine d'urgence</td><td>2005-01-01T00:00:00+01:00</td><td>2016-04-28T00:00:00+01:00</td></tr><tr><td style=\"white-space:nowrap\">DAUT26<a name=\"TRE-R18-DisciplineAutorisation-DAUT26\"> </a></td><td>Médecine générale</td><td>2007-07-25T15:04:42+01:00</td><td>2008-02-28T00:00:00+01:00</td></tr><tr><td style=\"white-space:nowrap\">DAUT27<a name=\"TRE-R18-DisciplineAutorisation-DAUT27\"> </a></td><td>Médecine interne</td><td>2007-07-25T15:04:42+01:00</td><td>2008-02-28T00:00:00+01:00</td></tr><tr><td style=\"white-space:nowrap\">DAUT28<a name=\"TRE-R18-DisciplineAutorisation-DAUT28\"> </a></td><td>Médecine nucléaire</td><td>2007-07-25T15:04:42+01:00</td><td>2008-02-28T00:00:00+01:00</td></tr><tr><td style=\"white-space:nowrap\">DAUT29<a name=\"TRE-R18-DisciplineAutorisation-DAUT29\"> </a></td><td>Médecine physique et de réadaptation</td><td>2007-07-25T15:04:42+01:00</td><td>2016-09-01T00:00:00+01:00</td></tr><tr><td style=\"white-space:nowrap\">DAUT30<a name=\"TRE-R18-DisciplineAutorisation-DAUT30\"> </a></td><td>Néphrologie</td><td>2007-07-25T15:04:42+01:00</td><td>2008-02-28T00:00:00+01:00</td></tr><tr><td style=\"white-space:nowrap\">DAUT31<a name=\"TRE-R18-DisciplineAutorisation-DAUT31\"> </a></td><td>Neurologie</td><td>2007-07-25T15:04:42+01:00</td><td>2008-02-28T00:00:00+01:00</td></tr><tr><td style=\"white-space:nowrap\">DAUT32<a name=\"TRE-R18-DisciplineAutorisation-DAUT32\"> </a></td><td>Oncologie</td><td>2007-07-25T15:04:42+01:00</td><td>2008-02-28T00:00:00+01:00</td></tr><tr><td style=\"white-space:nowrap\">DAUT33<a name=\"TRE-R18-DisciplineAutorisation-DAUT33\"> </a></td><td>Pédiatrie</td><td>2007-07-25T15:04:42+01:00</td><td>2008-02-28T00:00:00+01:00</td></tr><tr><td style=\"white-space:nowrap\">DAUT34<a name=\"TRE-R18-DisciplineAutorisation-DAUT34\"> </a></td><td>Pneumologie</td><td>2007-07-25T15:04:42+01:00</td><td>2008-02-28T00:00:00+01:00</td></tr><tr><td style=\"white-space:nowrap\">DAUT35<a name=\"TRE-R18-DisciplineAutorisation-DAUT35\"> </a></td><td>Psychiatrie</td><td>2007-07-25T15:04:42+01:00</td><td>2008-02-28T00:00:00+01:00</td></tr><tr><td style=\"white-space:nowrap\">DAUT36<a name=\"TRE-R18-DisciplineAutorisation-DAUT36\"> </a></td><td>Radiodiagnostic et Imagerie médicale</td><td>2007-07-25T15:04:42+01:00</td><td>2008-02-28T00:00:00+01:00</td></tr><tr><td style=\"white-space:nowrap\">DAUT37<a name=\"TRE-R18-DisciplineAutorisation-DAUT37\"> </a></td><td>Réanimation médicale</td><td>2007-07-25T15:04:42+01:00</td><td>2008-02-28T00:00:00+01:00</td></tr><tr><td style=\"white-space:nowrap\">DAUT38<a name=\"TRE-R18-DisciplineAutorisation-DAUT38\"> </a></td><td>Rhumatologie</td><td>2007-07-25T15:04:42+01:00</td><td>2008-02-28T00:00:00+01:00</td></tr><tr><td style=\"white-space:nowrap\">DAUT39<a name=\"TRE-R18-DisciplineAutorisation-DAUT39\"> </a></td><td>Santé publique et Médecine sociale</td><td>2007-07-25T15:04:42+01:00</td><td>2016-09-01T00:00:00+01:00</td></tr><tr><td style=\"white-space:nowrap\">DAUT40<a name=\"TRE-R18-DisciplineAutorisation-DAUT40\"> </a></td><td>Médecine du travail</td><td>2007-07-25T00:00:00+01:00</td><td>2008-02-28T00:00:00+01:00</td></tr><tr><td style=\"white-space:nowrap\">DAUT41<a name=\"TRE-R18-DisciplineAutorisation-DAUT41\"> </a></td><td>Stomatologie</td><td>2007-07-25T00:00:00+01:00</td><td>2008-02-28T00:00:00+01:00</td></tr></table></div>"},"extension":[{"url":"http://hl7.org/fhir/StructureDefinition/resource-effectivePeriod","valuePeriod":{"start":"2013-06-28T00:00:00+01:00"}}],"url":"https://mos.esante.gouv.fr/NOS/TRE_R18-DisciplineAutorisation/FHIR/TRE-R18-DisciplineAutorisation","identifier":[{"value":"urn:oid:1.2.250.1.213.1.6.1.67"}],"version":"1.2.0","name":"TRE_R18-DisciplineAutorisation","status":"active","date":"2023-12-15T12:00:00+01:00","publisher":"ANS","contact":[{"name":"ANS","telecom":[{"system":"url","value":"https://esante.gouv.fr"}]}],"description":"Discipline d'autorisation","content":"complete","property":[{"code":"dateValid","description":"date de validité d'un code concept","type":"dateTime"},{"code":"dateMaj","description":"Date de mise à jour d'un code concept","type":"dateTime"},{"code":"dateFin","description":"Date de fin d'exploitation d'un code concept","type":"dateTime"}],"concept":[{"code":"DAUT01","display":"Biologie médicale","designation":[{"use":{"code":"LibelleCourt"},"value":"Biologie médicale"},{"use":{"code":"LibelleAdapte"},"value":"Biologie médicale"}],"property":[{"code":"dateValid","valueDateTime":"2007-07-25T15:04:42+01:00"},{"code":"dateMaj","valueDateTime":"2016-09-01T00:00:00+01:00"}]},{"code":"DAUT02","display":"Chirurgie générale","designation":[{"use":{"code":"LibelleCourt"},"value":"Chirurgie générale"},{"use":{"code":"LibelleAdapte"},"value":"Chirurgie générale"}],"property":[{"code":"dateValid","valueDateTime":"2007-07-25T15:04:42+01:00"},{"code":"dateMaj","valueDateTime":"2016-09-01T00:00:00+01:00"}]},{"code":"DAUT03","display":"Chirurgie infantile","designation":[{"use":{"code":"LibelleCourt"},"value":"Chirurgie infantile"},{"use":{"code":"LibelleAdapte"},"value":"Chirurgie infantile"}],"property":[{"code":"dateValid","valueDateTime":"2007-07-25T15:04:42+01:00"},{"code":"dateMaj","valueDateTime":"2016-09-01T00:00:00+01:00"}]},{"code":"DAUT04","display":"Chirurgie maxillo-faciale et Stomatologie","designation":[{"use":{"code":"LibelleCourt"},"value":"Chir maxillo-fac, Stomatologie"},{"use":{"code":"LibelleAdapte"},"value":"Chirurgie maxillo-faciale et Stomatologie"}],"property":[{"code":"dateValid","valueDateTime":"2007-07-25T15:04:42+01:00"},{"code":"dateMaj","valueDateTime":"2016-09-01T00:00:00+01:00"}]},{"code":"DAUT05","display":"Chirurgie orthopédique et Traumatologie","designation":[{"use":{"code":"LibelleCourt"},"value":"Chir orthopéd, Traumatologie"},{"use":{"code":"LibelleAdapte"},"value":"Chirurgie orthopédique et Traumatologie"}],"property":[{"code":"dateValid","valueDateTime":"2007-07-25T15:04:42+01:00"},{"code":"dateMaj","valueDateTime":"2016-09-01T00:00:00+01:00"}]},{"code":"DAUT06","display":"Chirurgie plastique, reconstructrice et esthétique","designation":[{"use":{"code":"LibelleCourt"},"value":"Chir plastique, recon, esthét"},{"use":{"code":"LibelleAdapte"},"value":"Chirurgie plastique, reconstructrice et esthétique"}],"property":[{"code":"dateValid","valueDateTime":"2007-07-25T15:04:42+01:00"},{"code":"dateMaj","valueDateTime":"2016-09-01T00:00:00+01:00"}]},{"code":"DAUT07","display":"Chirurgie thoracique et cardio-vasculaire","designation":[{"use":{"code":"LibelleCourt"},"value":"Chir thoracique, cardio-vasc"},{"use":{"code":"LibelleAdapte"},"value":"Chirurgie thoracique et cardio-vasculaire"}],"property":[{"code":"dateValid","valueDateTime":"2007-07-25T15:04:42+01:00"},{"code":"dateMaj","valueDateTime":"2016-09-01T00:00:00+01:00"}]},{"code":"DAUT08","display":"Chirurgie urologique","designation":[{"use":{"code":"LibelleCourt"},"value":"Chirurgie urologique"},{"use":{"code":"LibelleAdapte"},"value":"Chirurgie urologique"}],"property":[{"code":"dateValid","valueDateTime":"2007-07-25T15:04:42+01:00"},{"code":"dateMaj","valueDateTime":"2016-09-01T00:00:00+01:00"}]},{"code":"DAUT09","display":"Chirurgie vasculaire","designation":[{"use":{"code":"LibelleCourt"},"value":"Chirurgie vasculaire"},{"use":{"code":"LibelleAdapte"},"value":"Chirurgie vasculaire"}],"property":[{"code":"dateValid","valueDateTime":"2007-07-25T15:04:42+01:00"},{"code":"dateMaj","valueDateTime":"2016-09-01T00:00:00+01:00"}]},{"code":"DAUT10","display":"Chirurgie viscérale et digestive","designation":[{"use":{"code":"LibelleCourt"},"value":"Chirurgie viscérale, digestive"},{"use":{"code":"LibelleAdapte"},"value":"Chirurgie viscérale et digestive"}],"property":[{"code":"dateValid","valueDateTime":"2007-07-25T15:04:42+01:00"},{"code":"dateMaj","valueDateTime":"2016-09-01T00:00:00+01:00"}]},{"code":"DAUT11","display":"Gynécologie-obstétrique","designation":[{"use":{"code":"LibelleCourt"},"value":"Gynécologie-obstétrique"},{"use":{"code":"LibelleAdapte"},"value":"Gynécologie-obstétrique"}],"property":[{"code":"dateValid","valueDateTime":"2007-07-25T15:04:42+01:00"},{"code":"dateMaj","valueDateTime":"2016-09-01T00:00:00+01:00"}]},{"code":"DAUT12","display":"Neurochirurgie","designation":[{"use":{"code":"LibelleCourt"},"value":"Neurochirurgie"},{"use":{"code":"LibelleAdapte"},"value":"Neurochirurgie"}],"property":[{"code":"dateValid","valueDateTime":"2007-07-25T15:04:42+01:00"},{"code":"dateMaj","valueDateTime":"2016-09-01T00:00:00+01:00"}]},{"code":"DAUT13","display":"Ophtalmologie","designation":[{"use":{"code":"LibelleCourt"},"value":"Ophtalmologie"},{"use":{"code":"LibelleAdapte"},"value":"Ophtalmologie"}],"property":[{"code":"dateValid","valueDateTime":"2007-07-25T15:04:42+01:00"},{"code":"dateMaj","valueDateTime":"2016-09-01T00:00:00+01:00"}]},{"code":"DAUT14","display":"Oto-rhino-laryngologie et Chirurgie cervico-faciale","designation":[{"use":{"code":"LibelleCourt"},"value":"ORL, Chir cervico-faciale"},{"use":{"code":"LibelleAdapte"},"value":"Oto-rhino-laryngologie et Chirurgie cervico-faciale"}],"property":[{"code":"dateValid","valueDateTime":"2007-07-25T15:04:42+01:00"},{"code":"dateMaj","valueDateTime":"2016-09-01T00:00:00+01:00"}]},{"code":"DAUT15","display":"Anatomie et Cytologie pathologiques","designation":[{"use":{"code":"LibelleCourt"},"value":"Anatomie, Cytologie pathologiq"},{"use":{"code":"LibelleAdapte"},"value":"Anatomie et Cytologie pathologiques"}],"property":[{"code":"dateValid","valueDateTime":"2007-07-25T15:04:42+01:00"},{"code":"dateMaj","valueDateTime":"2016-09-01T00:00:00+01:00"}]},{"code":"DAUT16","display":"Anesthésie et Réanimation","designation":[{"use":{"code":"LibelleCourt"},"value":"Anesthésie et Réanimation"},{"use":{"code":"LibelleAdapte"},"value":"Anesthésie et Réanimation"}],"property":[{"code":"dateValid","valueDateTime":"2007-07-25T15:04:42+01:00"},{"code":"dateMaj","valueDateTime":"2016-09-01T00:00:00+01:00"}]},{"code":"DAUT17","display":"Cardiologie et Maladies vasculaires","designation":[{"use":{"code":"LibelleCourt"},"value":"Cardio, Maladies vasculaires"},{"use":{"code":"LibelleAdapte"},"value":"Cardiologie et Maladies vasculaires"}],"property":[{"code":"dateValid","valueDateTime":"2007-07-25T15:04:42+01:00"},{"code":"dateMaj","valueDateTime":"2016-09-01T00:00:00+01:00"}]},{"code":"DAUT18","display":"Dermatologie et Vénéréologie","designation":[{"use":{"code":"LibelleCourt"},"value":"Dermatologie, Vénéréologie"},{"use":{"code":"LibelleAdapte"},"value":"Dermatologie et Vénéréologie"}],"property":[{"code":"dateValid","valueDateTime":"2007-07-25T15:04:42+01:00"},{"code":"dateMaj","valueDateTime":"2016-09-01T00:00:00+01:00"}]},{"code":"DAUT19","display":"Endocrinologie et Métabolisme","designation":[{"use":{"code":"LibelleCourt"},"value":"Endocrinologie, Métabolisme"},{"use":{"code":"LibelleAdapte"},"value":"Endocrinologie et Métabolisme"}],"property":[{"code":"dateValid","valueDateTime":"2007-07-25T15:04:42+01:00"},{"code":"dateMaj","valueDateTime":"2016-09-01T00:00:00+01:00"}]},{"code":"DAUT20","display":"Gastro-entérologie et Hépatologie","designation":[{"use":{"code":"LibelleCourt"},"value":"Gastro-entéro, Hépatologie"},{"use":{"code":"LibelleAdapte"},"value":"Gastro-entérologie et Hépatologie"}],"property":[{"code":"dateValid","valueDateTime":"2007-07-25T15:04:42+01:00"},{"code":"dateMaj","valueDateTime":"2016-09-01T00:00:00+01:00"}]},{"code":"DAUT21","display":"Génétique médicale","designation":[{"use":{"code":"LibelleCourt"},"value":"Génétique médicale"},{"use":{"code":"LibelleAdapte"},"value":"Génétique médicale"}],"property":[{"code":"dateValid","valueDateTime":"2007-07-25T15:04:42+01:00"},{"code":"dateMaj","valueDateTime":"2008-02-28T00:00:00+01:00"}]},{"code":"DAUT22","display":"Gériatrie","designation":[{"use":{"code":"LibelleCourt"},"value":"Gériatrie"},{"use":{"code":"LibelleAdapte"},"value":"Gériatrie"}],"property":[{"code":"dateValid","valueDateTime":"2007-07-25T15:04:42+01:00"},{"code":"dateMaj","valueDateTime":"2008-02-28T00:00:00+01:00"}]},{"code":"DAUT23","display":"Gynécologie médicale","designation":[{"use":{"code":"LibelleCourt"},"value":"Gynécologie médicale"},{"use":{"code":"LibelleAdapte"},"value":"Gynécologie médicale"}],"property":[{"code":"dateValid","valueDateTime":"2007-07-25T15:04:42+01:00"},{"code":"dateMaj","valueDateTime":"2008-02-28T00:00:00+01:00"}]},{"code":"DAUT24","display":"Hématologie","designation":[{"use":{"code":"LibelleCourt"},"value":"Hématologie"},{"use":{"code":"LibelleAdapte"},"value":"Hématologie"}],"property":[{"code":"dateValid","valueDateTime":"2007-07-25T15:04:42+01:00"},{"code":"dateMaj","valueDateTime":"2008-02-28T00:00:00+01:00"}]},{"code":"DAUT25","display":"Médecine d'urgence","designation":[{"use":{"code":"LibelleCourt"},"value":"Médecine d'urgence"},{"use":{"code":"LibelleAdapte"},"value":"Médecine d'urgence"}],"property":[{"code":"dateValid","valueDateTime":"2005-01-01T00:00:00+01:00"},{"code":"dateMaj","valueDateTime":"2016-04-28T00:00:00+01:00"}]},{"code":"DAUT26","display":"Médecine générale","designation":[{"use":{"code":"LibelleCourt"},"value":"Médecine générale"},{"use":{"code":"LibelleAdapte"},"value":"Médecine générale"}],"property":[{"code":"dateValid","valueDateTime":"2007-07-25T15:04:42+01:00"},{"code":"dateMaj","valueDateTime":"2008-02-28T00:00:00+01:00"}]},{"code":"DAUT27","display":"Médecine interne","designation":[{"use":{"code":"LibelleCourt"},"value":"Médecine interne"},{"use":{"code":"LibelleAdapte"},"value":"Médecine interne"}],"property":[{"code":"dateValid","valueDateTime":"2007-07-25T15:04:42+01:00"},{"code":"dateMaj","valueDateTime":"2008-02-28T00:00:00+01:00"}]},{"code":"DAUT28","display":"Médecine nucléaire","designation":[{"use":{"code":"LibelleCourt"},"value":"Médecine nucléaire"},{"use":{"code":"LibelleAdapte"},"value":"Médecine nucléaire"}],"property":[{"code":"dateValid","valueDateTime":"2007-07-25T15:04:42+01:00"},{"code":"dateMaj","valueDateTime":"2008-02-28T00:00:00+01:00"}]},{"code":"DAUT29","display":"Médecine physique et de réadaptation","designation":[{"use":{"code":"LibelleCourt"},"value":"Médecine physiq, réadaptation"},{"use":{"code":"LibelleAdapte"},"value":"Médecine physique et de réadaptation"}],"property":[{"code":"dateValid","valueDateTime":"2007-07-25T15:04:42+01:00"},{"code":"dateMaj","valueDateTime":"2016-09-01T00:00:00+01:00"}]},{"code":"DAUT30","display":"Néphrologie","designation":[{"use":{"code":"LibelleCourt"},"value":"Néphrologie"},{"use":{"code":"LibelleAdapte"},"value":"Néphrologie"}],"property":[{"code":"dateValid","valueDateTime":"2007-07-25T15:04:42+01:00"},{"code":"dateMaj","valueDateTime":"2008-02-28T00:00:00+01:00"}]},{"code":"DAUT31","display":"Neurologie","designation":[{"use":{"code":"LibelleCourt"},"value":"Neurologie"},{"use":{"code":"LibelleAdapte"},"value":"Neurologie"}],"property":[{"code":"dateValid","valueDateTime":"2007-07-25T15:04:42+01:00"},{"code":"dateMaj","valueDateTime":"2008-02-28T00:00:00+01:00"}]},{"code":"DAUT32","display":"Oncologie","designation":[{"use":{"code":"LibelleCourt"},"value":"Oncologie"},{"use":{"code":"LibelleAdapte"},"value":"Oncologie"}],"property":[{"code":"dateValid","valueDateTime":"2007-07-25T15:04:42+01:00"},{"code":"dateMaj","valueDateTime":"2008-02-28T00:00:00+01:00"}]},{"code":"DAUT33","display":"Pédiatrie","designation":[{"use":{"code":"LibelleCourt"},"value":"Pédiatrie"},{"use":{"code":"LibelleAdapte"},"value":"Pédiatrie"}],"property":[{"code":"dateValid","valueDateTime":"2007-07-25T15:04:42+01:00"},{"code":"dateMaj","valueDateTime":"2008-02-28T00:00:00+01:00"}]},{"code":"DAUT34","display":"Pneumologie","designation":[{"use":{"code":"LibelleCourt"},"value":"Pneumologie"},{"use":{"code":"LibelleAdapte"},"value":"Pneumologie"}],"property":[{"code":"dateValid","valueDateTime":"2007-07-25T15:04:42+01:00"},{"code":"dateMaj","valueDateTime":"2008-02-28T00:00:00+01:00"}]},{"code":"DAUT35","display":"Psychiatrie","designation":[{"use":{"code":"LibelleCourt"},"value":"Psychiatrie"},{"use":{"code":"LibelleAdapte"},"value":"Psychiatrie"}],"property":[{"code":"dateValid","valueDateTime":"2007-07-25T15:04:42+01:00"},{"code":"dateMaj","valueDateTime":"2008-02-28T00:00:00+01:00"}]},{"code":"DAUT36","display":"Radiodiagnostic et Imagerie médicale","designation":[{"use":{"code":"LibelleCourt"},"value":"Radiodiag, Imagerie médicale"},{"use":{"code":"LibelleAdapte"},"value":"Radiodiagnostic et Imagerie médicale"}],"property":[{"code":"dateValid","valueDateTime":"2007-07-25T15:04:42+01:00"},{"code":"dateMaj","valueDateTime":"2008-02-28T00:00:00+01:00"}]},{"code":"DAUT37","display":"Réanimation médicale","designation":[{"use":{"code":"LibelleCourt"},"value":"Réanimation médicale"},{"use":{"code":"LibelleAdapte"},"value":"Réanimation médicale"}],"property":[{"code":"dateValid","valueDateTime":"2007-07-25T15:04:42+01:00"},{"code":"dateMaj","valueDateTime":"2008-02-28T00:00:00+01:00"}]},{"code":"DAUT38","display":"Rhumatologie","designation":[{"use":{"code":"LibelleCourt"},"value":"Rhumatologie"},{"use":{"code":"LibelleAdapte"},"value":"Rhumatologie"}],"property":[{"code":"dateValid","valueDateTime":"2007-07-25T15:04:42+01:00"},{"code":"dateMaj","valueDateTime":"2008-02-28T00:00:00+01:00"}]},{"code":"DAUT39","display":"Santé publique et Médecine sociale","designation":[{"use":{"code":"LibelleCourt"},"value":"Santé publiq, Médecine sociale"},{"use":{"code":"LibelleAdapte"},"value":"Santé publique et Médecine sociale"}],"property":[{"code":"dateValid","valueDateTime":"2007-07-25T15:04:42+01:00"},{"code":"dateMaj","valueDateTime":"2016-09-01T00:00:00+01:00"}]},{"code":"DAUT40","display":"Médecine du travail","designation":[{"use":{"code":"LibelleCourt"},"value":"Médecine du travail"},{"use":{"code":"LibelleAdapte"},"value":"Médecine du travail"}],"property":[{"code":"dateValid","valueDateTime":"2007-07-25T00:00:00+01:00"},{"code":"dateMaj","valueDateTime":"2008-02-28T00:00:00+01:00"}]},{"code":"DAUT41","display":"Stomatologie","designation":[{"use":{"code":"LibelleCourt"},"value":"Stomatologie"},{"use":{"code":"LibelleAdapte"},"value":"Stomatologie"}],"property":[{"code":"dateValid","valueDateTime":"2007-07-25T00:00:00+01:00"},{"code":"dateMaj","valueDateTime":"2008-02-28T00:00:00+01:00"}]}]}