{"resourceType":"ValueSet","id":"JDV-J166-Profession-EPARS","text":{"status":"generated","div":"<div xmlns=\"http://www.w3.org/1999/xhtml\"><p class=\"res-header-id\"><b>Generated Narrative: ValueSet JDV-J166-Profession-EPARS</b></p><a name=\"JDV-J166-Profession-EPARS\"> </a><a name=\"hcJDV-J166-Profession-EPARS\"> </a><a name=\"JDV-J166-Profession-EPARS-en-US\"> </a><p>This value set includes codes based on the following rules:</p><ul><li>Include these codes as defined in <a href=\"CodeSystem-TRE-G15-ProfessionSante.html\"><code>https://mos.esante.gouv.fr/NOS/TRE_G15-ProfessionSante/FHIR/TRE-G15-ProfessionSante</code></a><table class=\"none\"><tr><td style=\"white-space:nowrap\"><b>Code</b></td><td><b>Display</b></td></tr><tr><td><a href=\"CodeSystem-TRE-G15-ProfessionSante.html#TRE-G15-ProfessionSante-26\">26</a></td><td>Audioprothésiste</td></tr><tr><td><a href=\"CodeSystem-TRE-G15-ProfessionSante.html#TRE-G15-ProfessionSante-28\">28</a></td><td>Opticien-Lunetier</td></tr><tr><td><a href=\"CodeSystem-TRE-G15-ProfessionSante.html#TRE-G15-ProfessionSante-31\">31</a></td><td>Assistant dentaire</td></tr><tr><td><a href=\"CodeSystem-TRE-G15-ProfessionSante.html#TRE-G15-ProfessionSante-32\">32</a></td><td>Physicien médical</td></tr></table></li><li>Include these codes as defined in <a href=\"CodeSystem-TRE-R94-ProfessionSocial.html\"><code>https://mos.esante.gouv.fr/NOS/TRE_R94-ProfessionSocial/FHIR/TRE-R94-ProfessionSocial</code></a><table class=\"none\"><tr><td style=\"white-space:nowrap\"><b>Code</b></td><td><b>Display</b></td></tr><tr><td><a href=\"CodeSystem-TRE-R94-ProfessionSocial.html#TRE-R94-ProfessionSocial-41\">41</a></td><td>Assistant de service social</td></tr></table></li><li>Include these codes as defined in <a href=\"CodeSystem-TRE-R95-UsagerTitre.html\"><code>https://mos.esante.gouv.fr/NOS/TRE_R95-UsagerTitre/FHIR/TRE-R95-UsagerTitre</code></a><table class=\"none\"><tr><td style=\"white-space:nowrap\"><b>Code</b></td><td><b>Display</b></td></tr><tr><td><a href=\"CodeSystem-TRE-R95-UsagerTitre.html#TRE-R95-UsagerTitre-71\">71</a></td><td>Ostéopathe</td></tr><tr><td><a href=\"CodeSystem-TRE-R95-UsagerTitre.html#TRE-R95-UsagerTitre-72\">72</a></td><td>Psychothérapeute</td></tr><tr><td><a href=\"CodeSystem-TRE-R95-UsagerTitre.html#TRE-R95-UsagerTitre-73\">73</a></td><td>Chiropracteur</td></tr></table></li><li>Include these codes as defined in <a href=\"CodeSystem-TRE-G15-ProfessionSante.html\"><code>https://mos.esante.gouv.fr/NOS/TRE_G15-ProfessionSante/FHIR/TRE-G15-ProfessionSante</code></a><table class=\"none\"><tr><td style=\"white-space:nowrap\"><b>Code</b></td><td><b>Display</b></td></tr><tr><td><a href=\"CodeSystem-TRE-G15-ProfessionSante.html#TRE-G15-ProfessionSante-81\">81</a></td><td>Orthoprothésiste</td></tr><tr><td><a href=\"CodeSystem-TRE-G15-ProfessionSante.html#TRE-G15-ProfessionSante-82\">82</a></td><td>Podo-Orthésiste</td></tr><tr><td><a href=\"CodeSystem-TRE-G15-ProfessionSante.html#TRE-G15-ProfessionSante-83\">83</a></td><td>Orthopédiste-Orthésiste</td></tr><tr><td><a href=\"CodeSystem-TRE-G15-ProfessionSante.html#TRE-G15-ProfessionSante-84\">84</a></td><td>Oculariste</td></tr><tr><td><a href=\"CodeSystem-TRE-G15-ProfessionSante.html#TRE-G15-ProfessionSante-85\">85</a></td><td>Epithésiste</td></tr><tr><td><a href=\"CodeSystem-TRE-G15-ProfessionSante.html#TRE-G15-ProfessionSante-86\">86</a></td><td>Technicien de laboratoire médical</td></tr><tr><td><a href=\"CodeSystem-TRE-G15-ProfessionSante.html#TRE-G15-ProfessionSante-91\">91</a></td><td>Orthophoniste</td></tr><tr><td><a href=\"CodeSystem-TRE-G15-ProfessionSante.html#TRE-G15-ProfessionSante-92\">92</a></td><td>Orthoptiste</td></tr></table></li><li>Include these codes as defined in <a href=\"CodeSystem-TRE-R95-UsagerTitre.html\"><code>https://mos.esante.gouv.fr/NOS/TRE_R95-UsagerTitre/FHIR/TRE-R95-UsagerTitre</code></a><table class=\"none\"><tr><td style=\"white-space:nowrap\"><b>Code</b></td><td><b>Display</b></td></tr><tr><td><a href=\"CodeSystem-TRE-R95-UsagerTitre.html#TRE-R95-UsagerTitre-93\">93</a></td><td>Psychologue</td></tr></table></li><li>Include these codes as defined in <a href=\"CodeSystem-TRE-G15-ProfessionSante.html\"><code>https://mos.esante.gouv.fr/NOS/TRE_G15-ProfessionSante/FHIR/TRE-G15-ProfessionSante</code></a><table class=\"none\"><tr><td style=\"white-space:nowrap\"><b>Code</b></td><td><b>Display</b></td></tr><tr><td><a href=\"CodeSystem-TRE-G15-ProfessionSante.html#TRE-G15-ProfessionSante-94\">94</a></td><td>Ergothérapeute</td></tr><tr><td><a href=\"CodeSystem-TRE-G15-ProfessionSante.html#TRE-G15-ProfessionSante-95\">95</a></td><td>Diététicien</td></tr><tr><td><a href=\"CodeSystem-TRE-G15-ProfessionSante.html#TRE-G15-ProfessionSante-96\">96</a></td><td>Psychomotricien</td></tr></table></li><li>Include these codes as defined in <a href=\"CodeSystem-TRE-R95-UsagerTitre.html\"><code>https://mos.esante.gouv.fr/NOS/TRE_R95-UsagerTitre/FHIR/TRE-R95-UsagerTitre</code></a><table class=\"none\"><tr><td style=\"white-space:nowrap\"><b>Code</b></td><td><b>Display</b></td></tr><tr><td><a href=\"CodeSystem-TRE-R95-UsagerTitre.html#TRE-R95-UsagerTitre-97\">97</a></td><td>Conseiller en génétique</td></tr></table></li><li>Include these codes as defined in <a href=\"CodeSystem-TRE-G15-ProfessionSante.html\"><code>https://mos.esante.gouv.fr/NOS/TRE_G15-ProfessionSante/FHIR/TRE-G15-ProfessionSante</code></a><table class=\"none\"><tr><td style=\"white-space:nowrap\"><b>Code</b></td><td><b>Display</b></td></tr><tr><td><a href=\"CodeSystem-TRE-G15-ProfessionSante.html#TRE-G15-ProfessionSante-98\">98</a></td><td>Manipulateur ERM</td></tr></table></li></ul></div>"},"extension":[{"url":"http://hl7.org/fhir/StructureDefinition/resource-effectivePeriod","valuePeriod":{"start":"2021-06-25T12:00:00+01:00"}}],"url":"https://mos.esante.gouv.fr/NOS/JDV_J166-Profession-EPARS/FHIR/JDV-J166-Profession-EPARS","identifier":[{"value":"urn:oid:1.2.250.1.213.1.6.1.227"}],"version":"1.4.0","name":"JDV_J166-Profession-EPARS","status":"active","date":"2024-03-29T12:00:00+01:00","publisher":"ANS","contact":[{"name":"ANS","telecom":[{"system":"url","value":"https://esante.gouv.fr"}]}],"description":"Profession pour EPARS","compose":{"include":[{"system":"https://mos.esante.gouv.fr/NOS/TRE_G15-ProfessionSante/FHIR/TRE-G15-ProfessionSante","concept":[{"code":"26","display":"Audioprothésiste","designation":[{"use":{"code":"OID"},"value":"urn:oid:1.2.250.1.71.1.2.7"}]},{"code":"28","display":"Opticien-Lunetier","designation":[{"use":{"code":"OID"},"value":"urn:oid:1.2.250.1.71.1.2.7"}]},{"code":"31","display":"Assistant dentaire","designation":[{"use":{"code":"OID"},"value":"urn:oid:1.2.250.1.71.1.2.7"}]},{"code":"32","display":"Physicien médical","designation":[{"use":{"code":"OID"},"value":"urn:oid:1.2.250.1.71.1.2.7"}]}]},{"system":"https://mos.esante.gouv.fr/NOS/TRE_R94-ProfessionSocial/FHIR/TRE-R94-ProfessionSocial","concept":[{"code":"41","display":"Assistant de service social","designation":[{"use":{"code":"OID"},"value":"urn:oid:1.2.250.1.213.1.6.1.4"}]}]},{"system":"https://mos.esante.gouv.fr/NOS/TRE_R95-UsagerTitre/FHIR/TRE-R95-UsagerTitre","concept":[{"code":"71","display":"Ostéopathe","designation":[{"use":{"code":"OID"},"value":"urn:oid:1.2.250.1.213.1.6.1.109"}]},{"code":"72","display":"Psychothérapeute","designation":[{"use":{"code":"OID"},"value":"urn:oid:1.2.250.1.213.1.6.1.109"}]},{"code":"73","display":"Chiropracteur","designation":[{"use":{"code":"OID"},"value":"urn:oid:1.2.250.1.213.1.6.1.109"}]}]},{"system":"https://mos.esante.gouv.fr/NOS/TRE_G15-ProfessionSante/FHIR/TRE-G15-ProfessionSante","concept":[{"code":"81","display":"Orthoprothésiste","designation":[{"use":{"code":"OID"},"value":"urn:oid:1.2.250.1.71.1.2.7"}]},{"code":"82","display":"Podo-Orthésiste","designation":[{"use":{"code":"OID"},"value":"urn:oid:1.2.250.1.71.1.2.7"}]},{"code":"83","display":"Orthopédiste-Orthésiste","designation":[{"use":{"code":"OID"},"value":"urn:oid:1.2.250.1.71.1.2.7"}]},{"code":"84","display":"Oculariste","designation":[{"use":{"code":"OID"},"value":"urn:oid:1.2.250.1.71.1.2.7"}]},{"code":"85","display":"Epithésiste","designation":[{"use":{"code":"OID"},"value":"urn:oid:1.2.250.1.71.1.2.7"}]},{"code":"86","display":"Technicien de laboratoire médical","designation":[{"use":{"code":"OID"},"value":"urn:oid:1.2.250.1.71.1.2.7"}]},{"code":"91","display":"Orthophoniste","designation":[{"use":{"code":"OID"},"value":"urn:oid:1.2.250.1.71.1.2.7"}]},{"code":"92","display":"Orthoptiste","designation":[{"use":{"code":"OID"},"value":"urn:oid:1.2.250.1.71.1.2.7"}]}]},{"system":"https://mos.esante.gouv.fr/NOS/TRE_R95-UsagerTitre/FHIR/TRE-R95-UsagerTitre","concept":[{"code":"93","display":"Psychologue","designation":[{"use":{"code":"OID"},"value":"urn:oid:1.2.250.1.213.1.6.1.109"}]}]},{"system":"https://mos.esante.gouv.fr/NOS/TRE_G15-ProfessionSante/FHIR/TRE-G15-ProfessionSante","concept":[{"code":"94","display":"Ergothérapeute","designation":[{"use":{"code":"OID"},"value":"urn:oid:1.2.250.1.71.1.2.7"}]},{"code":"95","display":"Diététicien","designation":[{"use":{"code":"OID"},"value":"urn:oid:1.2.250.1.71.1.2.7"}]},{"code":"96","display":"Psychomotricien","designation":[{"use":{"code":"OID"},"value":"urn:oid:1.2.250.1.71.1.2.7"}]}]},{"system":"https://mos.esante.gouv.fr/NOS/TRE_R95-UsagerTitre/FHIR/TRE-R95-UsagerTitre","concept":[{"code":"97","display":"Conseiller en génétique","designation":[{"use":{"code":"OID"},"value":"urn:oid:1.2.250.1.213.1.6.1.109"}]}]},{"system":"https://mos.esante.gouv.fr/NOS/TRE_G15-ProfessionSante/FHIR/TRE-G15-ProfessionSante","concept":[{"code":"98","display":"Manipulateur ERM","designation":[{"use":{"code":"OID"},"value":"urn:oid:1.2.250.1.71.1.2.7"}]}]}]}}