{"resourceType":"ValueSet","id":"JDV-J39-ConditionTarifaire-ROR","text":{"status":"generated","div":"<div xmlns=\"http://www.w3.org/1999/xhtml\"><ul><li>Include these codes as defined in <a href=\"CodeSystem-TRE-R250-ConditionTarifaire.html\"><code>https://mos.esante.gouv.fr/NOS/TRE_R250-ConditionTarifaire/FHIR/TRE-R250-ConditionTarifaire</code></a><table class=\"none\"><tr><td style=\"white-space:nowrap\"><b>Code</b></td><td><b>Display</b></td></tr><tr><td><a href=\"CodeSystem-TRE-R250-ConditionTarifaire.html#TRE-R250-ConditionTarifaire-01\">01</a></td><td>Tarif public</td></tr><tr><td><a href=\"CodeSystem-TRE-R250-ConditionTarifaire.html#TRE-R250-ConditionTarifaire-02\">02</a></td><td>Tarif agréé Aide Sociale</td></tr><tr><td><a href=\"CodeSystem-TRE-R250-ConditionTarifaire.html#TRE-R250-ConditionTarifaire-03\">03</a></td><td>Tarif agréé ASH</td></tr></table></li></ul></div>"},"extension":[{"url":"http://hl7.org/fhir/StructureDefinition/resource-effectivePeriod","valuePeriod":{"start":"2018-01-26T12:00:00+01:00"}}],"url":"https://mos.esante.gouv.fr/NOS/JDV_J39-ConditionTarifaire-ROR/FHIR/JDV-J39-ConditionTarifaire-ROR","identifier":[{"value":"urn:oid:1.2.250.1.213.3.3.47"}],"version":"1.2.0","name":"JDV_J39-ConditionTarifaire-ROR","status":"active","date":"2020-04-24T12:00:00+01:00","publisher":"ANS","contact":[{"name":"ANS","telecom":[{"system":"url","value":"https://esante.gouv.fr"}]}],"description":"Conditions d'accès à un tarif modulé","compose":{"include":[{"system":"https://mos.esante.gouv.fr/NOS/TRE_R250-ConditionTarifaire/FHIR/TRE-R250-ConditionTarifaire","concept":[{"code":"01","display":"Tarif public","designation":[{"use":{"code":"OID"},"value":"urn:oid:1.2.250.1.213.3.3.46"}]},{"code":"02","display":"Tarif agréé Aide Sociale","designation":[{"use":{"code":"OID"},"value":"urn:oid:1.2.250.1.213.3.3.46"}]},{"code":"03","display":"Tarif agréé ASH","designation":[{"use":{"code":"OID"},"value":"urn:oid:1.2.250.1.213.3.3.46"}]}]}]}}