{"resourceType":"ValueSet","id":"JDV-J231-XdsTypesIdentifiantsReferenceId-DMP","text":{"status":"generated","div":"<div xmlns=\"http://www.w3.org/1999/xhtml\"><p class=\"res-header-id\"><b>Generated Narrative: ValueSet JDV-J231-XdsTypesIdentifiantsReferenceId-DMP</b></p><a name=\"JDV-J231-XdsTypesIdentifiantsReferenceId-DMP\"> </a><a name=\"hcJDV-J231-XdsTypesIdentifiantsReferenceId-DMP\"> </a><a name=\"JDV-J231-XdsTypesIdentifiantsReferenceId-DMP-en-US\"> </a><ul><li>Include these codes as defined in <a href=\"CodeSystem-TRE-R342-XdsTypesIdentifiantsReferenceId.html\"><code>https://mos.esante.gouv.fr/NOS/TRE_R342-XdsTypesIdentifiantsReferenceId/FHIR/TRE-R342-XdsTypesIdentifiantsReferenceId</code></a><table class=\"none\"><tr><td style=\"white-space:nowrap\"><b>Code</b></td><td><b>Display</b></td></tr><tr><td><a href=\"CodeSystem-TRE-R342-XdsTypesIdentifiantsReferenceId.html#TRE-R342-XdsTypesIdentifiantsReferenceId-urn.58ihe.58iti.58xds.582013.58accession\">urn:ihe:iti:xds:2013:accession</a></td><td>accession</td></tr><tr><td><a href=\"CodeSystem-TRE-R342-XdsTypesIdentifiantsReferenceId.html#TRE-R342-XdsTypesIdentifiantsReferenceId-urn.58ihe.58iti.58xds.582013.58order\">urn:ihe:iti:xds:2013:order</a></td><td>order</td></tr><tr><td><a href=\"CodeSystem-TRE-R342-XdsTypesIdentifiantsReferenceId.html#TRE-R342-XdsTypesIdentifiantsReferenceId-urn.58ihe.58iti.58xds.582016.58studyInstanceUID\">urn:ihe:iti:xds:2016:studyInstanceUID</a></td><td>studyInstanceUID</td></tr></table></li></ul></div>"},"extension":[{"url":"http://hl7.org/fhir/StructureDefinition/resource-effectivePeriod","valuePeriod":{"start":"2022-12-16T12:00:00+01:00"}}],"url":"https://mos.esante.gouv.fr/NOS/JDV_J231-XdsTypesIdentifiantsReferenceId-DMP/FHIR/JDV-J231-XdsTypesIdentifiantsReferenceId-DMP","identifier":[{"value":"urn:oid:1.2.250.1.213.1.1.5.693"}],"version":"1.3.0","name":"JDV_J231-XdsTypesIdentifiantsReferenceId-DMP","status":"active","date":"2022-12-16T12:00:00+01:00","publisher":"ANS","contact":[{"name":"ANS","telecom":[{"system":"url","value":"https://esante.gouv.fr"}]}],"description":"Types d'identifiants utilisés dans la métadonnée XDS referenceIdList de la fiche du document dans le cadre du DMP","compose":{"include":[{"system":"https://mos.esante.gouv.fr/NOS/TRE_R342-XdsTypesIdentifiantsReferenceId/FHIR/TRE-R342-XdsTypesIdentifiantsReferenceId","concept":[{"code":"urn:ihe:iti:xds:2013:accession","display":"accession","designation":[{"use":{"code":"OID"},"value":"urn:oid:1.2.250.1.213.1.1.4.347"}]},{"code":"urn:ihe:iti:xds:2013:order","display":"order","designation":[{"use":{"code":"OID"},"value":"urn:oid:1.2.250.1.213.1.1.4.347"}]},{"code":"urn:ihe:iti:xds:2016:studyInstanceUID","display":"studyInstanceUID","designation":[{"use":{"code":"OID"},"value":"urn:oid:1.2.250.1.213.1.1.4.347"}]}]}]}}