{"resourceType":"ValueSet","id":"JDV-J145-MethodBodyWeight-ENS","text":{"status":"generated","div":"<div xmlns=\"http://www.w3.org/1999/xhtml\"><ul><li>Include these codes as defined in <code>https://webgate.ec.europa.eu/dyna2/emdn</code><table class=\"none\"><tr><td style=\"white-space:nowrap\"><b>Code</b></td><td><b>Display</b></td></tr><tr><td>V030210</td><td>PÈSE-PERSONNES (SAUF CEUX DE NÉONATALOGIE)</td></tr></table></li></ul></div>"},"extension":[{"url":"http://hl7.org/fhir/StructureDefinition/resource-effectivePeriod","valuePeriod":{"start":"2021-04-30T12:00:00+01:00"}}],"url":"https://mos.esante.gouv.fr/NOS/JDV_J145-MethodBodyWeight-ENS/FHIR/JDV-J145-MethodBodyWeight-ENS","identifier":[{"value":"urn:oid:1.2.250.1.213.1.1.5.600"}],"version":"1.2.0","name":"JDV_J145-MethodBodyWeight-ENS","status":"active","date":"2023-06-30T12:00:00+01:00","publisher":"ANS","contact":[{"name":"ANS","telecom":[{"system":"url","value":"https://esante.gouv.fr"}]}],"description":"JDV pour la méthode de mesure du poids","compose":{"include":[{"system":"https://webgate.ec.europa.eu/dyna2/emdn","concept":[{"code":"V030210","display":"PÈSE-PERSONNES (SAUF CEUX DE NÉONATALOGIE)","designation":[{"use":{"code":"OID"},"value":"urn:oid:1.2.250.1.213.2.68"}]}]}]}}