{"resourceType":"ValueSet","id":"JDV-J03-XdsContentTypeCode-CISIS","text":{"status":"extensions","div":"<div xmlns=\"http://www.w3.org/1999/xhtml\"><p class=\"res-header-id\"><b>Generated Narrative: ValueSet JDV-J03-XdsContentTypeCode-CISIS</b></p><a name=\"JDV-J03-XdsContentTypeCode-CISIS\"> </a><a name=\"hcJDV-J03-XdsContentTypeCode-CISIS\"> </a><a name=\"JDV-J03-XdsContentTypeCode-CISIS-en-US\"> </a><p>This value set includes codes based on the following rules:</p><ul><li>Include these codes as defined in <a href=\"CodeSystem-TRE-A00-ProducteurDocNonPS.html\"><code>https://mos.esante.gouv.fr/NOS/TRE_A00-ProducteurDocNonPS/FHIR/TRE-A00-ProducteurDocNonPS</code></a><table class=\"none\"><tr><td style=\"white-space:nowrap\"><b>Code</b></td><td><b>Display</b></td></tr><tr><td><a href=\"CodeSystem-TRE-A00-ProducteurDocNonPS.html#TRE-A00-ProducteurDocNonPS-EXP_PATIENT\">EXP_PATIENT</a></td><td>Expression personnelle du patient</td></tr></table></li><li>Include these codes as defined in <a href=\"CodeSystem-TRE-R209-TypeActivite.html\"><code>https://mos.esante.gouv.fr/NOS/TRE_R209-TypeActivite/FHIR/TRE-R209-TypeActivite</code></a><table class=\"none\"><tr><td style=\"white-space:nowrap\"><b>Code</b></td><td><b>Display</b></td></tr><tr><td><a href=\"CodeSystem-TRE-R209-TypeActivite.html#TRE-R209-TypeActivite-03\">03</a></td><td>Hospitalisation complète (non compris hospitalisation de semaine)</td></tr><tr><td><a href=\"CodeSystem-TRE-R209-TypeActivite.html#TRE-R209-TypeActivite-04\">04</a></td><td>Hospitalisation de jour</td></tr><tr><td><a href=\"CodeSystem-TRE-R209-TypeActivite.html#TRE-R209-TypeActivite-07\">07</a></td><td>Consultations soins externes</td></tr><tr><td><a href=\"CodeSystem-TRE-R209-TypeActivite.html#TRE-R209-TypeActivite-08\">08</a></td><td>Bloc opératoire (y compris obstétrical et gynécologique)</td></tr><tr><td><a href=\"CodeSystem-TRE-R209-TypeActivite.html#TRE-R209-TypeActivite-09\">09</a></td><td>Autres unités médico-techniques (anesthésiologie, explor fonct, rééduc et réadapt fonct, pharmacie)</td></tr><tr><td><a href=\"CodeSystem-TRE-R209-TypeActivite.html#TRE-R209-TypeActivite-11\">11</a></td><td>Hébergement complet ou internat (non compris internat de semaine)</td></tr><tr><td><a href=\"CodeSystem-TRE-R209-TypeActivite.html#TRE-R209-TypeActivite-13\">13</a></td><td>Semi-internat</td></tr><tr><td><a href=\"CodeSystem-TRE-R209-TypeActivite.html#TRE-R209-TypeActivite-14\">14</a></td><td>Externat</td></tr><tr><td><a href=\"CodeSystem-TRE-R209-TypeActivite.html#TRE-R209-TypeActivite-15\">15</a></td><td>Placement en famille d'accueil (strictement social)</td></tr><tr><td><a href=\"CodeSystem-TRE-R209-TypeActivite.html#TRE-R209-TypeActivite-16\">16</a></td><td>Prestations sur le lieu de vie (non compris placement familial)</td></tr><tr><td><a href=\"CodeSystem-TRE-R209-TypeActivite.html#TRE-R209-TypeActivite-17\">17</a></td><td>Internat de semaine</td></tr><tr><td><a href=\"CodeSystem-TRE-R209-TypeActivite.html#TRE-R209-TypeActivite-18\">18</a></td><td>Hébergement de nuit en structure éclatée</td></tr><tr><td><a href=\"CodeSystem-TRE-R209-TypeActivite.html#TRE-R209-TypeActivite-19\">19</a></td><td>Traitement et cure ambulatoire</td></tr><tr><td><a href=\"CodeSystem-TRE-R209-TypeActivite.html#TRE-R209-TypeActivite-20\">20</a></td><td>Hospitalisation de semaine</td></tr><tr><td><a href=\"CodeSystem-TRE-R209-TypeActivite.html#TRE-R209-TypeActivite-21\">21</a></td><td>Accueil de Jour (sans distinction entre semi-internat et externat)</td></tr><tr><td><a href=\"CodeSystem-TRE-R209-TypeActivite.html#TRE-R209-TypeActivite-22\">22</a></td><td>Accueil de nuit</td></tr><tr><td><a href=\"CodeSystem-TRE-R209-TypeActivite.html#TRE-R209-TypeActivite-26\">26</a></td><td>Analyses médicales biologiques</td></tr><tr><td><a href=\"CodeSystem-TRE-R209-TypeActivite.html#TRE-R209-TypeActivite-27\">27</a></td><td>Accueil modulable/séquentiel</td></tr><tr><td><a href=\"CodeSystem-TRE-R209-TypeActivite.html#TRE-R209-TypeActivite-28\">28</a></td><td>Consultations dentaires et soins dentaires</td></tr><tr><td><a href=\"CodeSystem-TRE-R209-TypeActivite.html#TRE-R209-TypeActivite-33\">33</a></td><td>Recherche</td></tr><tr><td><a href=\"CodeSystem-TRE-R209-TypeActivite.html#TRE-R209-TypeActivite-37\">37</a></td><td>Accueil et prise en charge en appartement thérapeutique</td></tr><tr><td><a href=\"CodeSystem-TRE-R209-TypeActivite.html#TRE-R209-TypeActivite-40\">40</a></td><td>Accueil temporaire avec hébergement</td></tr><tr><td><a href=\"CodeSystem-TRE-R209-TypeActivite.html#TRE-R209-TypeActivite-42\">42</a></td><td>Equipe mobile de rue</td></tr><tr><td><a href=\"CodeSystem-TRE-R209-TypeActivite.html#TRE-R209-TypeActivite-43\">43</a></td><td>Tous modes d'accueil avec hébergement</td></tr><tr><td><a href=\"CodeSystem-TRE-R209-TypeActivite.html#TRE-R209-TypeActivite-44\">44</a></td><td>Accueil temporaire de jour</td></tr><tr><td><a href=\"CodeSystem-TRE-R209-TypeActivite.html#TRE-R209-TypeActivite-45\">45</a></td><td>Accueil temporaire (avec et sans hébergement)</td></tr><tr><td><a href=\"CodeSystem-TRE-R209-TypeActivite.html#TRE-R209-TypeActivite-46\">46</a></td><td>Tous modes d'accueil (avec et sans hébergement)</td></tr><tr><td><a href=\"CodeSystem-TRE-R209-TypeActivite.html#TRE-R209-TypeActivite-47\">47</a></td><td>Accueil de jour et accompagnement en milieu ordinaire</td></tr><tr><td><a href=\"CodeSystem-TRE-R209-TypeActivite.html#TRE-R209-TypeActivite-48\">48</a></td><td>Tous modes d'accueil et d'accompagnement</td></tr><tr><td><a href=\"CodeSystem-TRE-R209-TypeActivite.html#TRE-R209-TypeActivite-50\">50</a></td><td>Protection juridique</td></tr><tr><td><a href=\"CodeSystem-TRE-R209-TypeActivite.html#TRE-R209-TypeActivite-52\">52</a></td><td>Accompagnement social personnalisé</td></tr><tr><td><a href=\"CodeSystem-TRE-R209-TypeActivite.html#TRE-R209-TypeActivite-60\">60</a></td><td>Consultations et actes</td></tr><tr><td><a href=\"CodeSystem-TRE-R209-TypeActivite.html#TRE-R209-TypeActivite-97\">97</a></td><td>Type d'activité indifférencié</td></tr></table></li><li>Include these codes as defined in <a href=\"CodeSystem-TRE-R02-SecteurActivite.html\"><code>https://mos.esante.gouv.fr/NOS/TRE_R02-SecteurActivite/FHIR/TRE-R02-SecteurActivite</code></a><table class=\"none\"><tr><td style=\"white-space:nowrap\"><b>Code</b></td><td><b>Display</b></td><td><b>Definition</b></td></tr><tr><td><a href=\"CodeSystem-TRE-R02-SecteurActivite.html#TRE-R02-SecteurActivite-SA05\">SA05</a></td><td>Centre de santé</td><td/></tr><tr><td><a href=\"CodeSystem-TRE-R02-SecteurActivite.html#TRE-R02-SecteurActivite-SA06\">SA06</a></td><td>Autre structure du Service de santé des armées</td><td/></tr><tr><td><a href=\"CodeSystem-TRE-R02-SecteurActivite.html#TRE-R02-SecteurActivite-SA07\">SA07</a></td><td>Cabinet individuel</td><td/></tr><tr><td><a href=\"CodeSystem-TRE-R02-SecteurActivite.html#TRE-R02-SecteurActivite-SA08\">SA08</a></td><td>Cabinet de groupe</td><td/></tr><tr><td><a href=\"CodeSystem-TRE-R02-SecteurActivite.html#TRE-R02-SecteurActivite-SA09\">SA09</a></td><td>Exercice en société</td><td/></tr><tr><td><a href=\"CodeSystem-TRE-R02-SecteurActivite.html#TRE-R02-SecteurActivite-SA10\">SA10</a></td><td>Transporteur sanitaire</td><td/></tr><tr><td><a href=\"CodeSystem-TRE-R02-SecteurActivite.html#TRE-R02-SecteurActivite-SA12\">SA12</a></td><td>Etablissement de soins et prévention</td><td/></tr><tr><td><a href=\"CodeSystem-TRE-R02-SecteurActivite.html#TRE-R02-SecteurActivite-SA13\">SA13</a></td><td>Prévention et soins en entreprise</td><td/></tr><tr><td><a href=\"CodeSystem-TRE-R02-SecteurActivite.html#TRE-R02-SecteurActivite-SA14\">SA14</a></td><td>Etablissements scolaires, universitaires et de formation hors champ FINESS</td><td>Etablissements scolaires, universitaires et de formation hors champ FINESS (venant donc en complément des établissements du secteur SA19)</td></tr><tr><td><a href=\"CodeSystem-TRE-R02-SecteurActivite.html#TRE-R02-SecteurActivite-SA15\">SA15</a></td><td>PMI et Planification familiale</td><td/></tr><tr><td><a href=\"CodeSystem-TRE-R02-SecteurActivite.html#TRE-R02-SecteurActivite-SA16\">SA16</a></td><td>Etablissement pour personnes handicapées</td><td/></tr><tr><td><a href=\"CodeSystem-TRE-R02-SecteurActivite.html#TRE-R02-SecteurActivite-SA17\">SA17</a></td><td>Etablissement pour personnes âgées</td><td/></tr><tr><td><a href=\"CodeSystem-TRE-R02-SecteurActivite.html#TRE-R02-SecteurActivite-SA18\">SA18</a></td><td>Etablissement aide à la famille</td><td/></tr><tr><td><a href=\"CodeSystem-TRE-R02-SecteurActivite.html#TRE-R02-SecteurActivite-SA19\">SA19</a></td><td>Etablissements FINESS de formation aux professions sanitaires et sociales</td><td>Etablissements de formation préparant aux diplômes délivrés par l'administration sanitaire et sociale, relevant du répertoire FINESS. Hormis les écoles universitaires de sages-femmes, qui sont dans FINESS, ce secteur ne comprend pas les universités formant aux professions médicales qui sont hors champ FINESS</td></tr><tr><td><a href=\"CodeSystem-TRE-R02-SecteurActivite.html#TRE-R02-SecteurActivite-SA20\">SA20</a></td><td>Etablissement pour la protection de l'enfance</td><td/></tr><tr><td><a href=\"CodeSystem-TRE-R02-SecteurActivite.html#TRE-R02-SecteurActivite-SA21\">SA21</a></td><td>Etablissement d'hébergement et de réadaptation</td><td/></tr><tr><td><a href=\"CodeSystem-TRE-R02-SecteurActivite.html#TRE-R02-SecteurActivite-SA22\">SA22</a></td><td>Recherche</td><td/></tr><tr><td><a href=\"CodeSystem-TRE-R02-SecteurActivite.html#TRE-R02-SecteurActivite-SA23\">SA23</a></td><td>Assurance privée</td><td/></tr><tr><td><a href=\"CodeSystem-TRE-R02-SecteurActivite.html#TRE-R02-SecteurActivite-SA24\">SA24</a></td><td>Organisme de sécurité sociale</td><td/></tr><tr><td><a href=\"CodeSystem-TRE-R02-SecteurActivite.html#TRE-R02-SecteurActivite-SA25\">SA25</a></td><td>Laboratoire de biologie médicale</td><td/></tr><tr><td><a href=\"CodeSystem-TRE-R02-SecteurActivite.html#TRE-R02-SecteurActivite-SA26\">SA26</a></td><td>Ministère ou Service déconcentré</td><td/></tr><tr><td><a href=\"CodeSystem-TRE-R02-SecteurActivite.html#TRE-R02-SecteurActivite-SA27\">SA27</a></td><td>Collectivité territoriale</td><td/></tr><tr><td><a href=\"CodeSystem-TRE-R02-SecteurActivite.html#TRE-R02-SecteurActivite-SA28\">SA28</a></td><td>Association ou organisme humanitaire</td><td/></tr><tr><td><a href=\"CodeSystem-TRE-R02-SecteurActivite.html#TRE-R02-SecteurActivite-SA29\">SA29</a></td><td>Laboratoire d'analyses et de biologie médicale</td><td/></tr><tr><td><a href=\"CodeSystem-TRE-R02-SecteurActivite.html#TRE-R02-SecteurActivite-SA30\">SA30</a></td><td>Autre établissement sanitaire</td><td/></tr><tr><td><a href=\"CodeSystem-TRE-R02-SecteurActivite.html#TRE-R02-SecteurActivite-SA31\">SA31</a></td><td>Répartition et Distribution de médicaments et dispositifs médicaux</td><td/></tr><tr><td><a href=\"CodeSystem-TRE-R02-SecteurActivite.html#TRE-R02-SecteurActivite-SA32\">SA32</a></td><td>Fabrication, Exploitation et Importation de médicaments et dispositifs médicaux</td><td/></tr><tr><td><a href=\"CodeSystem-TRE-R02-SecteurActivite.html#TRE-R02-SecteurActivite-SA33\">SA33</a></td><td>Pharmacie d'officine</td><td/></tr><tr><td><a href=\"CodeSystem-TRE-R02-SecteurActivite.html#TRE-R02-SecteurActivite-SA34\">SA34</a></td><td>Centre de dialyse</td><td/></tr><tr><td><a href=\"CodeSystem-TRE-R02-SecteurActivite.html#TRE-R02-SecteurActivite-SA35\">SA35</a></td><td>Para-pharmacie</td><td/></tr><tr><td><a href=\"CodeSystem-TRE-R02-SecteurActivite.html#TRE-R02-SecteurActivite-SA36\">SA36</a></td><td>Centre anti-cancer</td><td/></tr><tr><td><a href=\"CodeSystem-TRE-R02-SecteurActivite.html#TRE-R02-SecteurActivite-SA37\">SA37</a></td><td>Centre de transfusion sanguine</td><td/></tr><tr><td><a href=\"CodeSystem-TRE-R02-SecteurActivite.html#TRE-R02-SecteurActivite-SA38\">SA38</a></td><td>Pharmacie minière</td><td/></tr><tr><td><a href=\"CodeSystem-TRE-R02-SecteurActivite.html#TRE-R02-SecteurActivite-SA39\">SA39</a></td><td>Pharmacie mutualiste</td><td/></tr><tr><td><a href=\"CodeSystem-TRE-R02-SecteurActivite.html#TRE-R02-SecteurActivite-SA40\">SA40</a></td><td>Secteur privé, praticien hospitalier temps plein</td><td/></tr><tr><td><a href=\"CodeSystem-TRE-R02-SecteurActivite.html#TRE-R02-SecteurActivite-SA41\">SA41</a></td><td>Autre établissement du domaine social ou médico-social</td><td/></tr><tr><td><a href=\"CodeSystem-TRE-R02-SecteurActivite.html#TRE-R02-SecteurActivite-SA42\">SA42</a></td><td>Appareillage médical</td><td/></tr><tr><td><a href=\"CodeSystem-TRE-R02-SecteurActivite.html#TRE-R02-SecteurActivite-SA43\">SA43</a></td><td>Secteur non défini</td><td/></tr><tr><td><a href=\"CodeSystem-TRE-R02-SecteurActivite.html#TRE-R02-SecteurActivite-SA44\">SA44</a></td><td>Recrutement ou Gestion RH</td><td/></tr><tr><td><a href=\"CodeSystem-TRE-R02-SecteurActivite.html#TRE-R02-SecteurActivite-SA45\">SA45</a></td><td>Communication, Marketing, Consulting, Média</td><td/></tr><tr><td><a href=\"CodeSystem-TRE-R02-SecteurActivite.html#TRE-R02-SecteurActivite-SA46\">SA46</a></td><td>Fabrication, Exploitation, Importation, Répartition, Distribution médicaments et dispositifs médicaux</td><td/></tr><tr><td><a href=\"CodeSystem-TRE-R02-SecteurActivite.html#TRE-R02-SecteurActivite-SA47\">SA47</a></td><td>Incendie et secours</td><td/></tr><tr><td><a href=\"CodeSystem-TRE-R02-SecteurActivite.html#TRE-R02-SecteurActivite-SA48\">SA48</a></td><td>Entreprise industrielle et tertiaire hors industrie pharmaceutique</td><td/></tr><tr><td><a href=\"CodeSystem-TRE-R02-SecteurActivite.html#TRE-R02-SecteurActivite-SA49\">SA49</a></td><td>Entité Outre-Mer</td><td/></tr><tr><td><a href=\"CodeSystem-TRE-R02-SecteurActivite.html#TRE-R02-SecteurActivite-SA50\">SA50</a></td><td>Permanence des soins ambulatoires hors cabinet</td><td>Ce secteur est utilisé pour un usage spécifique lié à la facturation et n'a pas vocation à recenser exhaustivement les structures de PDSA. Le SA50 contient les SIRET des professionnels ayant une activité de PDSA et qui ne sont pas déjà établis à titre libéral non remplaçant. Ces structures permettent aux professionnels de facturer à l'Assurance Maladie dans le cadre de leur activité de PDSA (feuilles de soins électroniques).</td></tr><tr><td><a href=\"CodeSystem-TRE-R02-SecteurActivite.html#TRE-R02-SecteurActivite-SA51\">SA51</a></td><td>Structure de coopération avec autorisation de soins</td><td/></tr><tr><td><a href=\"CodeSystem-TRE-R02-SecteurActivite.html#TRE-R02-SecteurActivite-SA52\">SA52</a></td><td>Maison de santé ou Pôle de santé</td><td/></tr><tr><td><a href=\"CodeSystem-TRE-R02-SecteurActivite.html#TRE-R02-SecteurActivite-SA53\">SA53</a></td><td>Siège administratif d'un établissement de santé</td><td/></tr><tr><td><a href=\"CodeSystem-TRE-R02-SecteurActivite.html#TRE-R02-SecteurActivite-SA54\">SA54</a></td><td>Centre de dépistage et de prévention</td><td/></tr><tr><td><a href=\"CodeSystem-TRE-R02-SecteurActivite.html#TRE-R02-SecteurActivite-SA55\">SA55</a></td><td>Laboratoire pharmaceutique préparant et délivrant des allergènes</td><td/></tr><tr><td><a href=\"CodeSystem-TRE-R02-SecteurActivite.html#TRE-R02-SecteurActivite-SA56\">SA56</a></td><td>Propharmacie</td><td/></tr><tr><td><a href=\"CodeSystem-TRE-R02-SecteurActivite.html#TRE-R02-SecteurActivite-SA57\">SA57</a></td><td>Structure de coopération avec mission de coordination de soins</td><td/></tr><tr><td><a href=\"CodeSystem-TRE-R02-SecteurActivite.html#TRE-R02-SecteurActivite-SA58\">SA58</a></td><td>Entreprise de taxis</td><td/></tr><tr><td><a href=\"CodeSystem-TRE-R02-SecteurActivite.html#TRE-R02-SecteurActivite-SA59\">SA59</a></td><td>Laboratoire de biologie médicale hors catégorie standard</td><td/></tr><tr><td><a href=\"CodeSystem-TRE-R02-SecteurActivite.html#TRE-R02-SecteurActivite-SA60\">SA60</a></td><td>Centres médicaux SNCF</td><td/></tr><tr><td><a href=\"CodeSystem-TRE-R02-SecteurActivite.html#TRE-R02-SecteurActivite-SA61\">SA61</a></td><td>Structure Dispensatrice à domicile d'Oxygène à usage médical</td><td/></tr><tr><td><a href=\"CodeSystem-TRE-R02-SecteurActivite.html#TRE-R02-SecteurActivite-SA63\">SA63</a></td><td>Communauté professionnelle territoriale de santé et équipe de soins spécialisés</td><td>Les communautés professionnelles territoriales de santé (CPTS) ont été créées par la loi de modernisation de notre système de santé du 26 janvier 2016. Les équipes de soins spécialisés (ESS) ont été créées à la suite de la loi n°2019-774 du 24 juillet 2019 relative à l'organisation et à la transformation du système de santé. Les CPTS et les ESS ne sont pas des structures effectrices de soins mais des espaces d'organisation et de coordination entre professionnels de santé.</td></tr><tr><td><a href=\"CodeSystem-TRE-R02-SecteurActivite.html#TRE-R02-SecteurActivite-SA64\">SA64</a></td><td>Société de téléconsultation</td><td/></tr><tr><td><a href=\"CodeSystem-TRE-R02-SecteurActivite.html#TRE-R02-SecteurActivite-SA65\">SA65</a></td><td>Antenne de pharmacie</td><td/></tr><tr><td><a href=\"CodeSystem-TRE-R02-SecteurActivite.html#TRE-R02-SecteurActivite-SA66\">SA66</a></td><td>Services de Prévention et de Santé au Travail (SPST)</td><td/></tr><tr><td><a href=\"CodeSystem-TRE-R02-SecteurActivite.html#TRE-R02-SecteurActivite-SA67\">SA67</a></td><td>Maisons médicales de garde (MMG)</td><td/></tr><tr><td><a href=\"CodeSystem-TRE-R02-SecteurActivite.html#TRE-R02-SecteurActivite-SA68\">SA68</a></td><td>Services départementaux d'incendie et de secours</td><td/></tr><tr><td><a href=\"CodeSystem-TRE-R02-SecteurActivite.html#TRE-R02-SecteurActivite-SA69\">SA69</a></td><td>Maisons de naissance</td><td/></tr></table></li><li>Include these codes as defined in <a href=\"CodeSystem-TRE-R276-FormeActivite.html\"><code>https://mos.esante.gouv.fr/NOS/TRE_R276-FormeActivite/FHIR/TRE-R276-FormeActivite</code></a><table class=\"none\"><tr><td style=\"white-space:nowrap\"><b>Code</b></td><td><b>Display</b></td></tr><tr><td><a href=\"CodeSystem-TRE-R276-FormeActivite.html#TRE-R276-FormeActivite-05\">05</a></td><td>Hospitalisation à domicile (au domicile du patient)</td></tr><tr><td><a href=\"CodeSystem-TRE-R276-FormeActivite.html#TRE-R276-FormeActivite-11\">11</a></td><td>Centre postcure</td></tr><tr><td><a href=\"CodeSystem-TRE-R276-FormeActivite.html#TRE-R276-FormeActivite-12\">12</a></td><td>Centre de crise</td></tr></table></li></ul></div>"},"extension":[{"url":"http://hl7.org/fhir/StructureDefinition/resource-effectivePeriod","valuePeriod":{"start":"2014-10-08T00:00:00+01:00"}}],"url":"https://mos.esante.gouv.fr/NOS/JDV_J03-XdsContentTypeCode-CISIS/FHIR/JDV-J03-XdsContentTypeCode-CISIS","identifier":[{"value":"urn:oid:1.2.250.1.213.1.1.5.464"}],"version":"1.5.0","name":"JDV_J03-XdsContentTypeCode-CISIS","status":"active","date":"2024-12-13T12:00:00+01:00","publisher":"ANS","contact":[{"name":"ANS","telecom":[{"system":"url","value":"https://esante.gouv.fr"}]}],"description":"XDS contentTypeCode CI-SIS","compose":{"include":[{"system":"https://mos.esante.gouv.fr/NOS/TRE_A00-ProducteurDocNonPS/FHIR/TRE-A00-ProducteurDocNonPS","concept":[{"code":"EXP_PATIENT","display":"Expression personnelle du patient","designation":[{"use":{"code":"OID"},"value":"urn:oid:1.2.250.1.213.1.1.4.6"}]}]},{"system":"https://mos.esante.gouv.fr/NOS/TRE_R209-TypeActivite/FHIR/TRE-R209-TypeActivite","concept":[{"code":"03","display":"Hospitalisation complète (non compris hospitalisation de semaine)","designation":[{"use":{"code":"OID"},"value":"urn:oid:1.2.250.1.213.2.2"}]},{"code":"04","display":"Hospitalisation de jour","designation":[{"use":{"code":"OID"},"value":"urn:oid:1.2.250.1.213.2.2"}]},{"code":"07","display":"Consultations soins externes","designation":[{"use":{"code":"OID"},"value":"urn:oid:1.2.250.1.213.2.2"}]},{"code":"08","display":"Bloc opératoire (y compris obstétrical et gynécologique)","designation":[{"use":{"code":"OID"},"value":"urn:oid:1.2.250.1.213.2.2"}]},{"code":"09","display":"Autres unités médico-techniques (anesthésiologie, explor fonct, rééduc et réadapt fonct, pharmacie)","designation":[{"use":{"code":"OID"},"value":"urn:oid:1.2.250.1.213.2.2"}]},{"code":"11","display":"Hébergement complet ou internat (non compris internat de semaine)","designation":[{"use":{"code":"OID"},"value":"urn:oid:1.2.250.1.213.2.2"}]},{"code":"13","display":"Semi-internat","designation":[{"use":{"code":"OID"},"value":"urn:oid:1.2.250.1.213.2.2"}]},{"code":"14","display":"Externat","designation":[{"use":{"code":"OID"},"value":"urn:oid:1.2.250.1.213.2.2"}]},{"code":"15","display":"Placement en famille d'accueil (strictement social)","designation":[{"use":{"code":"OID"},"value":"urn:oid:1.2.250.1.213.2.2"}]},{"code":"16","display":"Prestations sur le lieu de vie (non compris placement familial)","designation":[{"use":{"code":"OID"},"value":"urn:oid:1.2.250.1.213.2.2"}]},{"code":"17","display":"Internat de semaine","designation":[{"use":{"code":"OID"},"value":"urn:oid:1.2.250.1.213.2.2"}]},{"code":"18","display":"Hébergement de nuit en structure éclatée","designation":[{"use":{"code":"OID"},"value":"urn:oid:1.2.250.1.213.2.2"}]},{"code":"19","display":"Traitement et cure ambulatoire","designation":[{"use":{"code":"OID"},"value":"urn:oid:1.2.250.1.213.2.2"}]},{"code":"20","display":"Hospitalisation de semaine","designation":[{"use":{"code":"OID"},"value":"urn:oid:1.2.250.1.213.2.2"}]},{"code":"21","display":"Accueil de Jour (sans distinction entre semi-internat et externat)","designation":[{"use":{"code":"OID"},"value":"urn:oid:1.2.250.1.213.2.2"}]},{"code":"22","display":"Accueil de nuit","designation":[{"use":{"code":"OID"},"value":"urn:oid:1.2.250.1.213.2.2"}]},{"code":"26","display":"Analyses médicales biologiques","designation":[{"use":{"code":"OID"},"value":"urn:oid:1.2.250.1.213.2.2"}]},{"code":"27","display":"Accueil modulable/séquentiel","designation":[{"use":{"code":"OID"},"value":"urn:oid:1.2.250.1.213.2.2"}]},{"code":"28","display":"Consultations dentaires et soins dentaires","designation":[{"use":{"code":"OID"},"value":"urn:oid:1.2.250.1.213.2.2"}]},{"code":"33","display":"Recherche","designation":[{"use":{"code":"OID"},"value":"urn:oid:1.2.250.1.213.2.2"}]},{"code":"37","display":"Accueil et prise en charge en appartement thérapeutique","designation":[{"use":{"code":"OID"},"value":"urn:oid:1.2.250.1.213.2.2"}]},{"code":"40","display":"Accueil temporaire avec hébergement","designation":[{"use":{"code":"OID"},"value":"urn:oid:1.2.250.1.213.2.2"}]},{"code":"42","display":"Equipe mobile de rue","designation":[{"use":{"code":"OID"},"value":"urn:oid:1.2.250.1.213.2.2"}]},{"code":"43","display":"Tous modes d'accueil avec hébergement","designation":[{"use":{"code":"OID"},"value":"urn:oid:1.2.250.1.213.2.2"}]},{"code":"44","display":"Accueil temporaire de jour","designation":[{"use":{"code":"OID"},"value":"urn:oid:1.2.250.1.213.2.2"}]},{"code":"45","display":"Accueil temporaire (avec et sans hébergement)","designation":[{"use":{"code":"OID"},"value":"urn:oid:1.2.250.1.213.2.2"}]},{"code":"46","display":"Tous modes d'accueil (avec et sans hébergement)","designation":[{"use":{"code":"OID"},"value":"urn:oid:1.2.250.1.213.2.2"}]},{"code":"47","display":"Accueil de jour et accompagnement en milieu ordinaire","designation":[{"use":{"code":"OID"},"value":"urn:oid:1.2.250.1.213.2.2"}]},{"code":"48","display":"Tous modes d'accueil et d'accompagnement","designation":[{"use":{"code":"OID"},"value":"urn:oid:1.2.250.1.213.2.2"}]},{"code":"50","display":"Protection juridique","designation":[{"use":{"code":"OID"},"value":"urn:oid:1.2.250.1.213.2.2"}]},{"code":"52","display":"Accompagnement social personnalisé","designation":[{"use":{"code":"OID"},"value":"urn:oid:1.2.250.1.213.2.2"}]},{"code":"60","display":"Consultations et actes","designation":[{"use":{"code":"OID"},"value":"urn:oid:1.2.250.1.213.2.2"}]},{"code":"97","display":"Type d'activité indifférencié","designation":[{"use":{"code":"OID"},"value":"urn:oid:1.2.250.1.213.2.2"}]}]},{"system":"https://mos.esante.gouv.fr/NOS/TRE_R02-SecteurActivite/FHIR/TRE-R02-SecteurActivite","concept":[{"code":"SA05","display":"Centre de santé","designation":[{"use":{"code":"OID"},"value":"urn:oid:1.2.250.1.71.4.2.4"}]},{"code":"SA06","display":"Autre structure du Service de santé des armées","designation":[{"use":{"code":"OID"},"value":"urn:oid:1.2.250.1.71.4.2.4"}]},{"code":"SA07","display":"Cabinet individuel","designation":[{"use":{"code":"OID"},"value":"urn:oid:1.2.250.1.71.4.2.4"}]},{"code":"SA08","display":"Cabinet de groupe","designation":[{"use":{"code":"OID"},"value":"urn:oid:1.2.250.1.71.4.2.4"}]},{"code":"SA09","display":"Exercice en société","designation":[{"use":{"code":"OID"},"value":"urn:oid:1.2.250.1.71.4.2.4"}]},{"code":"SA10","display":"Transporteur sanitaire","designation":[{"use":{"code":"OID"},"value":"urn:oid:1.2.250.1.71.4.2.4"}]},{"code":"SA12","display":"Etablissement de soins et prévention","designation":[{"use":{"code":"OID"},"value":"urn:oid:1.2.250.1.71.4.2.4"}]},{"code":"SA13","display":"Prévention et soins en entreprise","designation":[{"use":{"code":"OID"},"value":"urn:oid:1.2.250.1.71.4.2.4"}]},{"code":"SA14","display":"Etablissements scolaires, universitaires et de formation hors champ FINESS","designation":[{"use":{"code":"OID"},"value":"urn:oid:1.2.250.1.71.4.2.4"}]},{"code":"SA15","display":"PMI et Planification familiale","designation":[{"use":{"code":"OID"},"value":"urn:oid:1.2.250.1.71.4.2.4"}]},{"code":"SA16","display":"Etablissement pour personnes handicapées","designation":[{"use":{"code":"OID"},"value":"urn:oid:1.2.250.1.71.4.2.4"}]},{"code":"SA17","display":"Etablissement pour personnes âgées","designation":[{"use":{"code":"OID"},"value":"urn:oid:1.2.250.1.71.4.2.4"}]},{"code":"SA18","display":"Etablissement aide à la famille","designation":[{"use":{"code":"OID"},"value":"urn:oid:1.2.250.1.71.4.2.4"}]},{"code":"SA19","display":"Etablissements FINESS de formation aux professions sanitaires et sociales","designation":[{"use":{"code":"OID"},"value":"urn:oid:1.2.250.1.71.4.2.4"}]},{"code":"SA20","display":"Etablissement pour la protection de l'enfance","designation":[{"use":{"code":"OID"},"value":"urn:oid:1.2.250.1.71.4.2.4"}]},{"code":"SA21","display":"Etablissement d'hébergement et de réadaptation","designation":[{"use":{"code":"OID"},"value":"urn:oid:1.2.250.1.71.4.2.4"}]},{"code":"SA22","display":"Recherche","designation":[{"use":{"code":"OID"},"value":"urn:oid:1.2.250.1.71.4.2.4"}]},{"code":"SA23","display":"Assurance privée","designation":[{"use":{"code":"OID"},"value":"urn:oid:1.2.250.1.71.4.2.4"}]},{"code":"SA24","display":"Organisme de sécurité sociale","designation":[{"use":{"code":"OID"},"value":"urn:oid:1.2.250.1.71.4.2.4"}]},{"code":"SA25","display":"Laboratoire de biologie médicale","designation":[{"use":{"code":"OID"},"value":"urn:oid:1.2.250.1.71.4.2.4"}]},{"code":"SA26","display":"Ministère ou Service déconcentré","designation":[{"use":{"code":"OID"},"value":"urn:oid:1.2.250.1.71.4.2.4"}]},{"code":"SA27","display":"Collectivité territoriale","designation":[{"use":{"code":"OID"},"value":"urn:oid:1.2.250.1.71.4.2.4"}]},{"code":"SA28","display":"Association ou organisme humanitaire","designation":[{"use":{"code":"OID"},"value":"urn:oid:1.2.250.1.71.4.2.4"}]},{"code":"SA29","display":"Laboratoire d'analyses et de biologie médicale","designation":[{"use":{"code":"OID"},"value":"urn:oid:1.2.250.1.71.4.2.4"}]},{"code":"SA30","display":"Autre établissement sanitaire","designation":[{"use":{"code":"OID"},"value":"urn:oid:1.2.250.1.71.4.2.4"}]},{"code":"SA31","display":"Répartition et Distribution de médicaments et dispositifs médicaux","designation":[{"use":{"code":"OID"},"value":"urn:oid:1.2.250.1.71.4.2.4"}]},{"code":"SA32","display":"Fabrication, Exploitation et Importation de médicaments et dispositifs médicaux","designation":[{"use":{"code":"OID"},"value":"urn:oid:1.2.250.1.71.4.2.4"}]},{"code":"SA33","display":"Pharmacie d'officine","designation":[{"use":{"code":"OID"},"value":"urn:oid:1.2.250.1.71.4.2.4"}]},{"code":"SA34","display":"Centre de dialyse","designation":[{"use":{"code":"OID"},"value":"urn:oid:1.2.250.1.71.4.2.4"}]},{"code":"SA35","display":"Para-pharmacie","designation":[{"use":{"code":"OID"},"value":"urn:oid:1.2.250.1.71.4.2.4"}]},{"code":"SA36","display":"Centre anti-cancer","designation":[{"use":{"code":"OID"},"value":"urn:oid:1.2.250.1.71.4.2.4"}]},{"code":"SA37","display":"Centre de transfusion sanguine","designation":[{"use":{"code":"OID"},"value":"urn:oid:1.2.250.1.71.4.2.4"}]},{"code":"SA38","display":"Pharmacie minière","designation":[{"use":{"code":"OID"},"value":"urn:oid:1.2.250.1.71.4.2.4"}]},{"code":"SA39","display":"Pharmacie mutualiste","designation":[{"use":{"code":"OID"},"value":"urn:oid:1.2.250.1.71.4.2.4"}]},{"code":"SA40","display":"Secteur privé, praticien hospitalier temps plein","designation":[{"use":{"code":"OID"},"value":"urn:oid:1.2.250.1.71.4.2.4"}]},{"code":"SA41","display":"Autre établissement du domaine social ou médico-social","designation":[{"use":{"code":"OID"},"value":"urn:oid:1.2.250.1.71.4.2.4"}]},{"code":"SA42","display":"Appareillage médical","designation":[{"use":{"code":"OID"},"value":"urn:oid:1.2.250.1.71.4.2.4"}]},{"code":"SA43","display":"Secteur non défini","designation":[{"use":{"code":"OID"},"value":"urn:oid:1.2.250.1.71.4.2.4"}]},{"code":"SA44","display":"Recrutement ou Gestion RH","designation":[{"use":{"code":"OID"},"value":"urn:oid:1.2.250.1.71.4.2.4"}]},{"code":"SA45","display":"Communication, Marketing, Consulting, Média","designation":[{"use":{"code":"OID"},"value":"urn:oid:1.2.250.1.71.4.2.4"}]},{"code":"SA46","display":"Fabrication, Exploitation, Importation, Répartition, Distribution médicaments et dispositifs médicaux","designation":[{"use":{"code":"OID"},"value":"urn:oid:1.2.250.1.71.4.2.4"}]},{"code":"SA47","display":"Incendie et secours","designation":[{"use":{"code":"OID"},"value":"urn:oid:1.2.250.1.71.4.2.4"}]},{"code":"SA48","display":"Entreprise industrielle et tertiaire hors industrie pharmaceutique","designation":[{"use":{"code":"OID"},"value":"urn:oid:1.2.250.1.71.4.2.4"}]},{"code":"SA49","display":"Entité Outre-Mer","designation":[{"use":{"code":"OID"},"value":"urn:oid:1.2.250.1.71.4.2.4"}]},{"code":"SA50","display":"Permanence des soins ambulatoires hors cabinet","designation":[{"use":{"code":"OID"},"value":"urn:oid:1.2.250.1.71.4.2.4"}]},{"code":"SA51","display":"Structure de coopération avec autorisation de soins","designation":[{"use":{"code":"OID"},"value":"urn:oid:1.2.250.1.71.4.2.4"}]},{"code":"SA52","display":"Maison de santé ou Pôle de santé","designation":[{"use":{"code":"OID"},"value":"urn:oid:1.2.250.1.71.4.2.4"}]},{"code":"SA53","display":"Siège administratif d'un établissement de santé","designation":[{"use":{"code":"OID"},"value":"urn:oid:1.2.250.1.71.4.2.4"}]},{"code":"SA54","display":"Centre de dépistage et de prévention","designation":[{"use":{"code":"OID"},"value":"urn:oid:1.2.250.1.71.4.2.4"}]},{"code":"SA55","display":"Laboratoire pharmaceutique préparant et délivrant des allergènes","designation":[{"use":{"code":"OID"},"value":"urn:oid:1.2.250.1.71.4.2.4"}]},{"code":"SA56","display":"Propharmacie","designation":[{"use":{"code":"OID"},"value":"urn:oid:1.2.250.1.71.4.2.4"}]},{"code":"SA57","display":"Structure de coopération avec mission de coordination de soins","designation":[{"use":{"code":"OID"},"value":"urn:oid:1.2.250.1.71.4.2.4"}]},{"code":"SA58","display":"Entreprise de taxis","designation":[{"use":{"code":"OID"},"value":"urn:oid:1.2.250.1.71.4.2.4"}]},{"code":"SA59","display":"Laboratoire de biologie médicale hors catégorie standard","designation":[{"use":{"code":"OID"},"value":"urn:oid:1.2.250.1.71.4.2.4"}]},{"code":"SA60","display":"Centres médicaux SNCF","designation":[{"use":{"code":"OID"},"value":"urn:oid:1.2.250.1.71.4.2.4"}]},{"code":"SA61","display":"Structure Dispensatrice à domicile d'Oxygène à usage médical","designation":[{"use":{"code":"OID"},"value":"urn:oid:1.2.250.1.71.4.2.4"}]},{"code":"SA63","display":"Communauté professionnelle territoriale de santé et équipe de soins spécialisés","designation":[{"use":{"code":"OID"},"value":"urn:oid:1.2.250.1.71.4.2.4"}]},{"code":"SA64","display":"Société de téléconsultation","designation":[{"use":{"code":"OID"},"value":"urn:oid:1.2.250.1.71.4.2.4"}]},{"code":"SA65","display":"Antenne de pharmacie","designation":[{"use":{"code":"OID"},"value":"urn:oid:1.2.250.1.71.4.2.4"}]},{"code":"SA66","display":"Services de Prévention et de Santé au Travail (SPST)","designation":[{"use":{"code":"OID"},"value":"urn:oid:1.2.250.1.71.4.2.4"}]},{"code":"SA67","display":"Maisons médicales de garde (MMG)","designation":[{"use":{"code":"OID"},"value":"urn:oid:1.2.250.1.71.4.2.4"}]},{"code":"SA68","display":"Services départementaux d'incendie et de secours","designation":[{"use":{"code":"OID"},"value":"urn:oid:1.2.250.1.71.4.2.4"}]},{"code":"SA69","display":"Maisons de naissance","designation":[{"use":{"code":"OID"},"value":"urn:oid:1.2.250.1.71.4.2.4"}]}]},{"system":"https://mos.esante.gouv.fr/NOS/TRE_R276-FormeActivite/FHIR/TRE-R276-FormeActivite","concept":[{"code":"05","display":"Hospitalisation à domicile (au domicile du patient)","designation":[{"use":{"code":"OID"},"value":"urn:oid:1.2.250.1.213.1.6.1.128"}]},{"code":"11","display":"Centre postcure","designation":[{"use":{"code":"OID"},"value":"urn:oid:1.2.250.1.213.1.6.1.128"}]},{"code":"12","display":"Centre de crise","designation":[{"use":{"code":"OID"},"value":"urn:oid:1.2.250.1.213.1.6.1.128"}]}]}]}}