{"resourceType":"ValueSet","id":"JDV-J186-ProfessionRessource-ROR","text":{"status":"extensions","div":"<div xmlns=\"http://www.w3.org/1999/xhtml\"><p>This value set includes codes based on the following rules:</p><ul><li>Include these codes as defined in <a href=\"CodeSystem-TRE-G15-ProfessionSante.html\"><code>https://mos.esante.gouv.fr/NOS/TRE_G15-ProfessionSante/FHIR/TRE-G15-ProfessionSante</code></a><table class=\"none\"><tr><td style=\"white-space:nowrap\"><b>Code</b></td><td><b>Display</b></td></tr><tr><td><a href=\"CodeSystem-TRE-G15-ProfessionSante.html#TRE-G15-ProfessionSante-10\">10</a></td><td>Médecin</td></tr><tr><td><a href=\"CodeSystem-TRE-G15-ProfessionSante.html#TRE-G15-ProfessionSante-21\">21</a></td><td>Pharmacien</td></tr><tr><td><a href=\"CodeSystem-TRE-G15-ProfessionSante.html#TRE-G15-ProfessionSante-26\">26</a></td><td>Audioprothésiste</td></tr><tr><td><a href=\"CodeSystem-TRE-G15-ProfessionSante.html#TRE-G15-ProfessionSante-28\">28</a></td><td>Opticien-Lunetier</td></tr><tr><td><a href=\"CodeSystem-TRE-G15-ProfessionSante.html#TRE-G15-ProfessionSante-31\">31</a></td><td>Assistant dentaire</td></tr><tr><td><a href=\"CodeSystem-TRE-G15-ProfessionSante.html#TRE-G15-ProfessionSante-32\">32</a></td><td>Physicien médical</td></tr><tr><td><a href=\"CodeSystem-TRE-G15-ProfessionSante.html#TRE-G15-ProfessionSante-35\">35</a></td><td>Aide-soignant</td></tr><tr><td><a href=\"CodeSystem-TRE-G15-ProfessionSante.html#TRE-G15-ProfessionSante-36\">36</a></td><td>Ambulancier</td></tr><tr><td><a href=\"CodeSystem-TRE-G15-ProfessionSante.html#TRE-G15-ProfessionSante-37\">37</a></td><td>Auxiliaire de puériculture</td></tr><tr><td><a href=\"CodeSystem-TRE-G15-ProfessionSante.html#TRE-G15-ProfessionSante-38\">38</a></td><td>Préparateur en pharmacie hospitalière</td></tr><tr><td><a href=\"CodeSystem-TRE-G15-ProfessionSante.html#TRE-G15-ProfessionSante-39\">39</a></td><td>Préparateur en pharmacie (officine)</td></tr><tr><td><a href=\"CodeSystem-TRE-G15-ProfessionSante.html#TRE-G15-ProfessionSante-40\">40</a></td><td>Chirurgien-Dentiste</td></tr><tr><td><a href=\"CodeSystem-TRE-G15-ProfessionSante.html#TRE-G15-ProfessionSante-50\">50</a></td><td>Sage-Femme</td></tr><tr><td><a href=\"CodeSystem-TRE-G15-ProfessionSante.html#TRE-G15-ProfessionSante-60\">60</a></td><td>Infirmier</td></tr><tr><td><a href=\"CodeSystem-TRE-G15-ProfessionSante.html#TRE-G15-ProfessionSante-69\">69</a></td><td>Infirmier psychiatrique</td></tr><tr><td><a href=\"CodeSystem-TRE-G15-ProfessionSante.html#TRE-G15-ProfessionSante-70\">70</a></td><td>Masseur-Kinésithérapeute</td></tr><tr><td><a href=\"CodeSystem-TRE-G15-ProfessionSante.html#TRE-G15-ProfessionSante-80\">80</a></td><td>Pédicure-Podologue</td></tr><tr><td><a href=\"CodeSystem-TRE-G15-ProfessionSante.html#TRE-G15-ProfessionSante-81\">81</a></td><td>Orthoprothésiste</td></tr><tr><td><a href=\"CodeSystem-TRE-G15-ProfessionSante.html#TRE-G15-ProfessionSante-82\">82</a></td><td>Podo-Orthésiste</td></tr><tr><td><a href=\"CodeSystem-TRE-G15-ProfessionSante.html#TRE-G15-ProfessionSante-83\">83</a></td><td>Orthopédiste-Orthésiste</td></tr><tr><td><a href=\"CodeSystem-TRE-G15-ProfessionSante.html#TRE-G15-ProfessionSante-84\">84</a></td><td>Oculariste</td></tr><tr><td><a href=\"CodeSystem-TRE-G15-ProfessionSante.html#TRE-G15-ProfessionSante-85\">85</a></td><td>Epithésiste</td></tr><tr><td><a href=\"CodeSystem-TRE-G15-ProfessionSante.html#TRE-G15-ProfessionSante-86\">86</a></td><td>Technicien de laboratoire médical</td></tr><tr><td><a href=\"CodeSystem-TRE-G15-ProfessionSante.html#TRE-G15-ProfessionSante-91\">91</a></td><td>Orthophoniste</td></tr><tr><td><a href=\"CodeSystem-TRE-G15-ProfessionSante.html#TRE-G15-ProfessionSante-92\">92</a></td><td>Orthoptiste</td></tr><tr><td><a href=\"CodeSystem-TRE-G15-ProfessionSante.html#TRE-G15-ProfessionSante-94\">94</a></td><td>Ergothérapeute</td></tr><tr><td><a href=\"CodeSystem-TRE-G15-ProfessionSante.html#TRE-G15-ProfessionSante-95\">95</a></td><td>Diététicien</td></tr><tr><td><a href=\"CodeSystem-TRE-G15-ProfessionSante.html#TRE-G15-ProfessionSante-96\">96</a></td><td>Psychomotricien</td></tr><tr><td><a href=\"CodeSystem-TRE-G15-ProfessionSante.html#TRE-G15-ProfessionSante-98\">98</a></td><td>Manipulateur ERM</td></tr></table></li><li>Include these codes as defined in <a href=\"CodeSystem-TRE-R94-ProfessionSocial.html\"><code>https://mos.esante.gouv.fr/NOS/TRE_R94-ProfessionSocial/FHIR/TRE-R94-ProfessionSocial</code></a><table class=\"none\"><tr><td style=\"white-space:nowrap\"><b>Code</b></td><td><b>Display</b></td></tr><tr><td><a href=\"CodeSystem-TRE-R94-ProfessionSocial.html#TRE-R94-ProfessionSocial-41\">41</a></td><td>Assistant de service social</td></tr><tr><td><a href=\"CodeSystem-TRE-R94-ProfessionSocial.html#TRE-R94-ProfessionSocial-42\">42</a></td><td>Auxiliaire de vie sociale</td></tr><tr><td><a href=\"CodeSystem-TRE-R94-ProfessionSocial.html#TRE-R94-ProfessionSocial-43\">43</a></td><td>Technicien de l'intervention sociale et familiale</td></tr><tr><td><a href=\"CodeSystem-TRE-R94-ProfessionSocial.html#TRE-R94-ProfessionSocial-44\">44</a></td><td>Conseiller en économie sociale et familiale</td></tr><tr><td><a href=\"CodeSystem-TRE-R94-ProfessionSocial.html#TRE-R94-ProfessionSocial-45\">45</a></td><td>Médiateur familial</td></tr><tr><td><a href=\"CodeSystem-TRE-R94-ProfessionSocial.html#TRE-R94-ProfessionSocial-46\">46</a></td><td>Assistant familial</td></tr><tr><td><a href=\"CodeSystem-TRE-R94-ProfessionSocial.html#TRE-R94-ProfessionSocial-47\">47</a></td><td>Aide médico-psychologique</td></tr><tr><td><a href=\"CodeSystem-TRE-R94-ProfessionSocial.html#TRE-R94-ProfessionSocial-48\">48</a></td><td>Moniteur éducateur</td></tr><tr><td><a href=\"CodeSystem-TRE-R94-ProfessionSocial.html#TRE-R94-ProfessionSocial-49\">49</a></td><td>Educateur de jeunes enfants</td></tr><tr><td><a href=\"CodeSystem-TRE-R94-ProfessionSocial.html#TRE-R94-ProfessionSocial-51\">51</a></td><td>Educateur spécialisé</td></tr><tr><td><a href=\"CodeSystem-TRE-R94-ProfessionSocial.html#TRE-R94-ProfessionSocial-52\">52</a></td><td>Educateur technique spécialisé</td></tr><tr><td><a href=\"CodeSystem-TRE-R94-ProfessionSocial.html#TRE-R94-ProfessionSocial-53\">53</a></td><td>Accompagnant éducatif et social</td></tr></table></li><li>Include these codes as defined in <a href=\"CodeSystem-TRE-R85-RolePriseCharge.html\"><code>https://mos.esante.gouv.fr/NOS/TRE_R85-RolePriseCharge/FHIR/TRE-R85-RolePriseCharge</code></a><table class=\"none\"><tr><td style=\"white-space:nowrap\"><b>Code</b></td><td><b>Display</b></td><td><b>Definition</b></td></tr><tr><td><a href=\"CodeSystem-TRE-R85-RolePriseCharge.html#TRE-R85-RolePriseCharge-350\">350</a></td><td>Aide à domicile</td><td>CSP Articles L1132-1 à L1132-7</td></tr><tr><td><a href=\"CodeSystem-TRE-R85-RolePriseCharge.html#TRE-R85-RolePriseCharge-351\">351</a></td><td>Assistant(e) maternel(le)</td><td/></tr></table></li><li>Include these codes as defined in <a href=\"CodeSystem-TRE-R96-AutreFonctionSanitaire.html\"><code>https://mos.esante.gouv.fr/NOS/TRE_R96-AutreFonctionSanitaire/FHIR/TRE-R96-AutreFonctionSanitaire</code></a><table class=\"none\"><tr><td style=\"white-space:nowrap\"><b>Code</b></td><td><b>Display</b></td></tr><tr><td><a href=\"CodeSystem-TRE-R96-AutreFonctionSanitaire.html#TRE-R96-AutreFonctionSanitaire-407\">407</a></td><td>Tatoueur</td></tr><tr><td><a href=\"CodeSystem-TRE-R96-AutreFonctionSanitaire.html#TRE-R96-AutreFonctionSanitaire-408\">408</a></td><td>Perceur corporel</td></tr><tr><td><a href=\"CodeSystem-TRE-R96-AutreFonctionSanitaire.html#TRE-R96-AutreFonctionSanitaire-409\">409</a></td><td>Maquilleur permanent</td></tr></table></li><li>Include these codes as defined in <a href=\"CodeSystem-TRE-R95-UsagerTitre.html\"><code>https://mos.esante.gouv.fr/NOS/TRE_R95-UsagerTitre/FHIR/TRE-R95-UsagerTitre</code></a><table class=\"none\"><tr><td style=\"white-space:nowrap\"><b>Code</b></td><td><b>Display</b></td></tr><tr><td><a href=\"CodeSystem-TRE-R95-UsagerTitre.html#TRE-R95-UsagerTitre-71\">71</a></td><td>Ostéopathe</td></tr><tr><td><a href=\"CodeSystem-TRE-R95-UsagerTitre.html#TRE-R95-UsagerTitre-72\">72</a></td><td>Psychothérapeute</td></tr><tr><td><a href=\"CodeSystem-TRE-R95-UsagerTitre.html#TRE-R95-UsagerTitre-73\">73</a></td><td>Chiropracteur</td></tr><tr><td><a href=\"CodeSystem-TRE-R95-UsagerTitre.html#TRE-R95-UsagerTitre-93\">93</a></td><td>Psychologue</td></tr><tr><td><a href=\"CodeSystem-TRE-R95-UsagerTitre.html#TRE-R95-UsagerTitre-97\">97</a></td><td>Conseiller en génétique</td></tr></table></li><li>Include these codes as defined in <a href=\"CodeSystem-TRE-G16-ProfessionFormation.html\"><code>https://mos.esante.gouv.fr/NOS/TRE_G16-ProfessionFormation/FHIR/TRE-G16-ProfessionFormation</code></a><table class=\"none\"><tr><td style=\"white-space:nowrap\"><b>Code</b></td><td><b>Display</b></td></tr><tr><td><a href=\"CodeSystem-TRE-G16-ProfessionFormation.html#TRE-G16-ProfessionFormation-10\">10</a></td><td>Médecin en formation</td></tr><tr><td><a href=\"CodeSystem-TRE-G16-ProfessionFormation.html#TRE-G16-ProfessionFormation-21\">21</a></td><td>Pharmacien en formation</td></tr><tr><td><a href=\"CodeSystem-TRE-G16-ProfessionFormation.html#TRE-G16-ProfessionFormation-40\">40</a></td><td>Chirurgien-Dentiste en formation</td></tr><tr><td><a href=\"CodeSystem-TRE-G16-ProfessionFormation.html#TRE-G16-ProfessionFormation-50\">50</a></td><td>Sage-Femme en formation</td></tr></table></li><li>Include these codes as defined in <a href=\"CodeSystem-TRE-R356-ProfessionRessource.html\"><code>https://mos.esante.gouv.fr/NOS/TRE_R356-ProfessionRessource/FHIR/TRE-R356-ProfessionRessource</code></a><table class=\"none\"><tr><td style=\"white-space:nowrap\"><b>Code</b></td><td><b>Display</b></td></tr><tr><td><a href=\"CodeSystem-TRE-R356-ProfessionRessource.html#TRE-R356-ProfessionRessource-04\">04</a></td><td>Art-thérapeute</td></tr><tr><td><a href=\"CodeSystem-TRE-R356-ProfessionRessource.html#TRE-R356-ProfessionRessource-05\">05</a></td><td>Neuropsychologue</td></tr><tr><td><a href=\"CodeSystem-TRE-R356-ProfessionRessource.html#TRE-R356-ProfessionRessource-08\">08</a></td><td>Médiateur de santé pair</td></tr><tr><td><a href=\"CodeSystem-TRE-R356-ProfessionRessource.html#TRE-R356-ProfessionRessource-10\">10</a></td><td>Socio-esthéticienne</td></tr><tr><td><a href=\"CodeSystem-TRE-R356-ProfessionRessource.html#TRE-R356-ProfessionRessource-11\">11</a></td><td>Enseignant du 1er degré</td></tr><tr><td><a href=\"CodeSystem-TRE-R356-ProfessionRessource.html#TRE-R356-ProfessionRessource-12\">12</a></td><td>Enseignant du 2nd degré</td></tr><tr><td><a href=\"CodeSystem-TRE-R356-ProfessionRessource.html#TRE-R356-ProfessionRessource-13\">13</a></td><td>Enseignant du supérieur</td></tr><tr><td><a href=\"CodeSystem-TRE-R356-ProfessionRessource.html#TRE-R356-ProfessionRessource-14\">14</a></td><td>Puéricultrice</td></tr><tr><td><a href=\"CodeSystem-TRE-R356-ProfessionRessource.html#TRE-R356-ProfessionRessource-17\">17</a></td><td>Aide humaine en milieu scolaire</td></tr><tr><td><a href=\"CodeSystem-TRE-R356-ProfessionRessource.html#TRE-R356-ProfessionRessource-19\">19</a></td><td>Médecin coordonnateur</td></tr><tr><td><a href=\"CodeSystem-TRE-R356-ProfessionRessource.html#TRE-R356-ProfessionRessource-20\">20</a></td><td>Infirmier coordonnateur</td></tr><tr><td><a href=\"CodeSystem-TRE-R356-ProfessionRessource.html#TRE-R356-ProfessionRessource-21\">21</a></td><td>Phoniatre</td></tr><tr><td><a href=\"CodeSystem-TRE-R356-ProfessionRessource.html#TRE-R356-ProfessionRessource-22\">22</a></td><td>Audio phonologue</td></tr><tr><td><a href=\"CodeSystem-TRE-R356-ProfessionRessource.html#TRE-R356-ProfessionRessource-23\">23</a></td><td>Ingénieur en analyse du mouvement</td></tr><tr><td><a href=\"CodeSystem-TRE-R356-ProfessionRessource.html#TRE-R356-ProfessionRessource-24\">24</a></td><td>Psychologue clinicien</td></tr><tr><td><a href=\"CodeSystem-TRE-R356-ProfessionRessource.html#TRE-R356-ProfessionRessource-25\">25</a></td><td>Animateur socio-culturel</td></tr><tr><td><a href=\"CodeSystem-TRE-R356-ProfessionRessource.html#TRE-R356-ProfessionRessource-26\">26</a></td><td>Moniteur d'atelier</td></tr><tr><td><a href=\"CodeSystem-TRE-R356-ProfessionRessource.html#TRE-R356-ProfessionRessource-38\">38</a></td><td>Enseignant en Activité Physique Adaptée (EAPA)</td></tr><tr><td><a href=\"CodeSystem-TRE-R356-ProfessionRessource.html#TRE-R356-ProfessionRessource-39\">39</a></td><td>Accompagnant des Élèves en Situation de Handicap (AESH)</td></tr><tr><td><a href=\"CodeSystem-TRE-R356-ProfessionRessource.html#TRE-R356-ProfessionRessource-43\">43</a></td><td>Pédopsychiatre</td></tr><tr><td><a href=\"CodeSystem-TRE-R356-ProfessionRessource.html#TRE-R356-ProfessionRessource-44\">44</a></td><td>Veilleur de nuit</td></tr><tr><td><a href=\"CodeSystem-TRE-R356-ProfessionRessource.html#TRE-R356-ProfessionRessource-45\">45</a></td><td>Assistant(e) de soins en gérontologie</td></tr><tr><td><a href=\"CodeSystem-TRE-R356-ProfessionRessource.html#TRE-R356-ProfessionRessource-47\">47</a></td><td>Aide médico psychologique (AMP)</td></tr><tr><td><a href=\"CodeSystem-TRE-R356-ProfessionRessource.html#TRE-R356-ProfessionRessource-50\">50</a></td><td>Avéjiste</td></tr><tr><td><a href=\"CodeSystem-TRE-R356-ProfessionRessource.html#TRE-R356-ProfessionRessource-51\">51</a></td><td>Instructeur en locomotion</td></tr><tr><td><a href=\"CodeSystem-TRE-R356-ProfessionRessource.html#TRE-R356-ProfessionRessource-52\">52</a></td><td>Educateur sportif</td></tr><tr><td><a href=\"CodeSystem-TRE-R356-ProfessionRessource.html#TRE-R356-ProfessionRessource-53\">53</a></td><td>Conseiller en insertion professionnelle</td></tr><tr><td><a href=\"CodeSystem-TRE-R356-ProfessionRessource.html#TRE-R356-ProfessionRessource-54\">54</a></td><td>Coordonnateur et gestionnaire de parcours handicap</td></tr><tr><td><a href=\"CodeSystem-TRE-R356-ProfessionRessource.html#TRE-R356-ProfessionRessource-55\">55</a></td><td>Neuropédiatre</td></tr><tr><td><a href=\"CodeSystem-TRE-R356-ProfessionRessource.html#TRE-R356-ProfessionRessource-56\">56</a></td><td>Psychopédagogue</td></tr><tr><td><a href=\"CodeSystem-TRE-R356-ProfessionRessource.html#TRE-R356-ProfessionRessource-59\">59</a></td><td>Tabacologue</td></tr><tr><td><a href=\"CodeSystem-TRE-R356-ProfessionRessource.html#TRE-R356-ProfessionRessource-60\">60</a></td><td>Addictologue</td></tr><tr><td><a href=\"CodeSystem-TRE-R356-ProfessionRessource.html#TRE-R356-ProfessionRessource-61\">61</a></td><td>Allergologue</td></tr><tr><td><a href=\"CodeSystem-TRE-R356-ProfessionRessource.html#TRE-R356-ProfessionRessource-63\">63</a></td><td>Cardiologue</td></tr><tr><td><a href=\"CodeSystem-TRE-R356-ProfessionRessource.html#TRE-R356-ProfessionRessource-64\">64</a></td><td>Chercheur médical</td></tr><tr><td><a href=\"CodeSystem-TRE-R356-ProfessionRessource.html#TRE-R356-ProfessionRessource-65\">65</a></td><td>Chirurgien digestif</td></tr><tr><td><a href=\"CodeSystem-TRE-R356-ProfessionRessource.html#TRE-R356-ProfessionRessource-66\">66</a></td><td>Chirurgien général</td></tr><tr><td><a href=\"CodeSystem-TRE-R356-ProfessionRessource.html#TRE-R356-ProfessionRessource-67\">67</a></td><td>Chirurgien maxillo-facial</td></tr><tr><td><a href=\"CodeSystem-TRE-R356-ProfessionRessource.html#TRE-R356-ProfessionRessource-69\">69</a></td><td>Chirurgien oral</td></tr><tr><td><a href=\"CodeSystem-TRE-R356-ProfessionRessource.html#TRE-R356-ProfessionRessource-70\">70</a></td><td>Chirurgien orthopédiste</td></tr><tr><td><a href=\"CodeSystem-TRE-R356-ProfessionRessource.html#TRE-R356-ProfessionRessource-71\">71</a></td><td>Chirurgien pédiatrique</td></tr><tr><td><a href=\"CodeSystem-TRE-R356-ProfessionRessource.html#TRE-R356-ProfessionRessource-72\">72</a></td><td>Chirurgien plastique, plasticien</td></tr><tr><td><a href=\"CodeSystem-TRE-R356-ProfessionRessource.html#TRE-R356-ProfessionRessource-73\">73</a></td><td>Chirurgien thoracique et cardiaque</td></tr><tr><td><a href=\"CodeSystem-TRE-R356-ProfessionRessource.html#TRE-R356-ProfessionRessource-74\">74</a></td><td>Chirurgien urologue</td></tr><tr><td><a href=\"CodeSystem-TRE-R356-ProfessionRessource.html#TRE-R356-ProfessionRessource-75\">75</a></td><td>Chirurgien vasculaire</td></tr><tr><td><a href=\"CodeSystem-TRE-R356-ProfessionRessource.html#TRE-R356-ProfessionRessource-76\">76</a></td><td>Dentiste</td></tr><tr><td><a href=\"CodeSystem-TRE-R356-ProfessionRessource.html#TRE-R356-ProfessionRessource-77\">77</a></td><td>Dermatologue</td></tr><tr><td><a href=\"CodeSystem-TRE-R356-ProfessionRessource.html#TRE-R356-ProfessionRessource-78\">78</a></td><td>Endocrinologue</td></tr><tr><td><a href=\"CodeSystem-TRE-R356-ProfessionRessource.html#TRE-R356-ProfessionRessource-79\">79</a></td><td>Gastro-entérologue</td></tr><tr><td><a href=\"CodeSystem-TRE-R356-ProfessionRessource.html#TRE-R356-ProfessionRessource-80\">80</a></td><td>Généticien médicale</td></tr><tr><td><a href=\"CodeSystem-TRE-R356-ProfessionRessource.html#TRE-R356-ProfessionRessource-81\">81</a></td><td>Gériatre</td></tr><tr><td><a href=\"CodeSystem-TRE-R356-ProfessionRessource.html#TRE-R356-ProfessionRessource-82\">82</a></td><td>Gynécologue</td></tr><tr><td><a href=\"CodeSystem-TRE-R356-ProfessionRessource.html#TRE-R356-ProfessionRessource-83\">83</a></td><td>Gynéco-obstétricien</td></tr><tr><td><a href=\"CodeSystem-TRE-R356-ProfessionRessource.html#TRE-R356-ProfessionRessource-84\">84</a></td><td>Hématologue</td></tr><tr><td><a href=\"CodeSystem-TRE-R356-ProfessionRessource.html#TRE-R356-ProfessionRessource-85\">85</a></td><td>Infectiologue</td></tr><tr><td><a href=\"CodeSystem-TRE-R356-ProfessionRessource.html#TRE-R356-ProfessionRessource-86\">86</a></td><td>Infirmier en pratique avancée (IPA)</td></tr><tr><td><a href=\"CodeSystem-TRE-R356-ProfessionRessource.html#TRE-R356-ProfessionRessource-87\">87</a></td><td>Médecin anesthésiste-réanimateur</td></tr><tr><td><a href=\"CodeSystem-TRE-R356-ProfessionRessource.html#TRE-R356-ProfessionRessource-90\">90</a></td><td>Médecin généraliste</td></tr><tr><td><a href=\"CodeSystem-TRE-R356-ProfessionRessource.html#TRE-R356-ProfessionRessource-91\">91</a></td><td>Médecin interniste</td></tr><tr><td><a href=\"CodeSystem-TRE-R356-ProfessionRessource.html#TRE-R356-ProfessionRessource-92\">92</a></td><td>Médecin légiste</td></tr><tr><td><a href=\"CodeSystem-TRE-R356-ProfessionRessource.html#TRE-R356-ProfessionRessource-93\">93</a></td><td>Médecin nucléaire</td></tr><tr><td><a href=\"CodeSystem-TRE-R356-ProfessionRessource.html#TRE-R356-ProfessionRessource-94\">94</a></td><td>Médecin rééducateur</td></tr><tr><td><a href=\"CodeSystem-TRE-R356-ProfessionRessource.html#TRE-R356-ProfessionRessource-95\">95</a></td><td>Médecin vasculaire</td></tr><tr><td><a href=\"CodeSystem-TRE-R356-ProfessionRessource.html#TRE-R356-ProfessionRessource-96\">96</a></td><td>Néphrologue</td></tr><tr><td><a href=\"CodeSystem-TRE-R356-ProfessionRessource.html#TRE-R356-ProfessionRessource-97\">97</a></td><td>Neurochirurgien</td></tr><tr><td><a href=\"CodeSystem-TRE-R356-ProfessionRessource.html#TRE-R356-ProfessionRessource-98\">98</a></td><td>Neurologue</td></tr><tr><td><a href=\"CodeSystem-TRE-R356-ProfessionRessource.html#TRE-R356-ProfessionRessource-99\">99</a></td><td>Neuro-psychiatre</td></tr><tr><td><a href=\"CodeSystem-TRE-R356-ProfessionRessource.html#TRE-R356-ProfessionRessource-100\">100</a></td><td>Onco-hématologue</td></tr><tr><td><a href=\"CodeSystem-TRE-R356-ProfessionRessource.html#TRE-R356-ProfessionRessource-101\">101</a></td><td>Oncologue</td></tr><tr><td><a href=\"CodeSystem-TRE-R356-ProfessionRessource.html#TRE-R356-ProfessionRessource-102\">102</a></td><td>Ophtalmologue</td></tr><tr><td><a href=\"CodeSystem-TRE-R356-ProfessionRessource.html#TRE-R356-ProfessionRessource-103\">103</a></td><td>ORL</td></tr><tr><td><a href=\"CodeSystem-TRE-R356-ProfessionRessource.html#TRE-R356-ProfessionRessource-104\">104</a></td><td>Pathologiste</td></tr><tr><td><a href=\"CodeSystem-TRE-R356-ProfessionRessource.html#TRE-R356-ProfessionRessource-105\">105</a></td><td>Pédiatre</td></tr><tr><td><a href=\"CodeSystem-TRE-R356-ProfessionRessource.html#TRE-R356-ProfessionRessource-106\">106</a></td><td>Pédopsychiatre</td></tr><tr><td><a href=\"CodeSystem-TRE-R356-ProfessionRessource.html#TRE-R356-ProfessionRessource-107\">107</a></td><td>Pneumologue</td></tr><tr><td><a href=\"CodeSystem-TRE-R356-ProfessionRessource.html#TRE-R356-ProfessionRessource-108\">108</a></td><td>Psychiatre</td></tr><tr><td><a href=\"CodeSystem-TRE-R356-ProfessionRessource.html#TRE-R356-ProfessionRessource-109\">109</a></td><td>Radiologue</td></tr><tr><td><a href=\"CodeSystem-TRE-R356-ProfessionRessource.html#TRE-R356-ProfessionRessource-110\">110</a></td><td>Radiologue et radiothérapeute</td></tr><tr><td><a href=\"CodeSystem-TRE-R356-ProfessionRessource.html#TRE-R356-ProfessionRessource-111\">111</a></td><td>Radiothérapeute</td></tr><tr><td><a href=\"CodeSystem-TRE-R356-ProfessionRessource.html#TRE-R356-ProfessionRessource-112\">112</a></td><td>Réanimateur intensiviste</td></tr><tr><td><a href=\"CodeSystem-TRE-R356-ProfessionRessource.html#TRE-R356-ProfessionRessource-113\">113</a></td><td>Rhumatologue</td></tr><tr><td><a href=\"CodeSystem-TRE-R356-ProfessionRessource.html#TRE-R356-ProfessionRessource-114\">114</a></td><td>Stomatologue</td></tr><tr><td><a href=\"CodeSystem-TRE-R356-ProfessionRessource.html#TRE-R356-ProfessionRessource-115\">115</a></td><td>Urgentiste</td></tr><tr><td><a href=\"CodeSystem-TRE-R356-ProfessionRessource.html#TRE-R356-ProfessionRessource-116\">116</a></td><td>Biologiste médical</td></tr><tr><td><a href=\"CodeSystem-TRE-R356-ProfessionRessource.html#TRE-R356-ProfessionRessource-117\">117</a></td><td>Médecin du travail</td></tr><tr><td><a href=\"CodeSystem-TRE-R356-ProfessionRessource.html#TRE-R356-ProfessionRessource-118\">118</a></td><td>Médecin de santé public</td></tr><tr><td><a href=\"CodeSystem-TRE-R356-ProfessionRessource.html#TRE-R356-ProfessionRessource-119\">119</a></td><td>Médecin anesthésiste-réanimateur pédiatrique</td></tr><tr><td><a href=\"CodeSystem-TRE-R356-ProfessionRessource.html#TRE-R356-ProfessionRessource-120\">120</a></td><td>Chirurgien viscéral</td></tr><tr><td><a href=\"CodeSystem-TRE-R356-ProfessionRessource.html#TRE-R356-ProfessionRessource-121\">121</a></td><td>Cardiologue interventionnelle</td></tr><tr><td><a href=\"CodeSystem-TRE-R356-ProfessionRessource.html#TRE-R356-ProfessionRessource-122\">122</a></td><td>Cardiologue en imagerie</td></tr><tr><td><a href=\"CodeSystem-TRE-R356-ProfessionRessource.html#TRE-R356-ProfessionRessource-123\">123</a></td><td>Cardiologue rythmologue</td></tr><tr><td><a href=\"CodeSystem-TRE-R356-ProfessionRessource.html#TRE-R356-ProfessionRessource-124\">124</a></td><td>Réanimateur pédiatrique</td></tr><tr><td><a href=\"CodeSystem-TRE-R356-ProfessionRessource.html#TRE-R356-ProfessionRessource-125\">125</a></td><td>Neurologue interventionnelle</td></tr><tr><td><a href=\"CodeSystem-TRE-R356-ProfessionRessource.html#TRE-R356-ProfessionRessource-126\">126</a></td><td>Ophtalmologue pédiatrique</td></tr><tr><td><a href=\"CodeSystem-TRE-R356-ProfessionRessource.html#TRE-R356-ProfessionRessource-127\">127</a></td><td>Réanimateur néonatologiste</td></tr><tr><td><a href=\"CodeSystem-TRE-R356-ProfessionRessource.html#TRE-R356-ProfessionRessource-128\">128</a></td><td>Conseiller conjugal et familial</td></tr></table></li></ul></div>"},"extension":[{"url":"http://hl7.org/fhir/StructureDefinition/resource-effectivePeriod","valuePeriod":{"start":"2023-03-31T12:00:00+01:00"}}],"url":"https://mos.esante.gouv.fr/NOS/JDV_J186-ProfessionRessource-ROR/FHIR/JDV-J186-ProfessionRessource-ROR","identifier":[{"value":"urn:oid:1.2.250.1.213.3.4.19"}],"version":"1.2.0","name":"JDV_J186-ProfessionRessource-ROR","status":"active","date":"2024-04-26T12:00:00+01:00","publisher":"ANS","contact":[{"name":"ANS","telecom":[{"system":"url","value":"https://esante.gouv.fr"}]}],"description":"Profession Ressource des offres dans le ROR","compose":{"include":[{"system":"https://mos.esante.gouv.fr/NOS/TRE_G15-ProfessionSante/FHIR/TRE-G15-ProfessionSante","concept":[{"code":"10","display":"Médecin","designation":[{"use":{"code":"OID"},"value":"urn:oid:1.2.250.1.71.1.2.7"}]},{"code":"21","display":"Pharmacien","designation":[{"use":{"code":"OID"},"value":"urn:oid:1.2.250.1.71.1.2.7"}]},{"code":"26","display":"Audioprothésiste","designation":[{"use":{"code":"OID"},"value":"urn:oid:1.2.250.1.71.1.2.7"}]},{"code":"28","display":"Opticien-Lunetier","designation":[{"use":{"code":"OID"},"value":"urn:oid:1.2.250.1.71.1.2.7"}]},{"code":"31","display":"Assistant dentaire","designation":[{"use":{"code":"OID"},"value":"urn:oid:1.2.250.1.71.1.2.7"}]},{"code":"32","display":"Physicien médical","designation":[{"use":{"code":"OID"},"value":"urn:oid:1.2.250.1.71.1.2.7"}]},{"code":"35","display":"Aide-soignant","designation":[{"use":{"code":"OID"},"value":"urn:oid:1.2.250.1.71.1.2.7"}]},{"code":"36","display":"Ambulancier","designation":[{"use":{"code":"OID"},"value":"urn:oid:1.2.250.1.71.1.2.7"}]},{"code":"37","display":"Auxiliaire de puériculture","designation":[{"use":{"code":"OID"},"value":"urn:oid:1.2.250.1.71.1.2.7"}]},{"code":"38","display":"Préparateur en pharmacie hospitalière","designation":[{"use":{"code":"OID"},"value":"urn:oid:1.2.250.1.71.1.2.7"}]},{"code":"39","display":"Préparateur en pharmacie (officine)","designation":[{"use":{"code":"OID"},"value":"urn:oid:1.2.250.1.71.1.2.7"}]},{"code":"40","display":"Chirurgien-Dentiste","designation":[{"use":{"code":"OID"},"value":"urn:oid:1.2.250.1.71.1.2.7"}]},{"code":"50","display":"Sage-Femme","designation":[{"use":{"code":"OID"},"value":"urn:oid:1.2.250.1.71.1.2.7"}]},{"code":"60","display":"Infirmier","designation":[{"use":{"code":"OID"},"value":"urn:oid:1.2.250.1.71.1.2.7"}]},{"code":"69","display":"Infirmier psychiatrique","designation":[{"use":{"code":"OID"},"value":"urn:oid:1.2.250.1.71.1.2.7"}]},{"code":"70","display":"Masseur-Kinésithérapeute","designation":[{"use":{"code":"OID"},"value":"urn:oid:1.2.250.1.71.1.2.7"}]},{"code":"80","display":"Pédicure-Podologue","designation":[{"use":{"code":"OID"},"value":"urn:oid:1.2.250.1.71.1.2.7"}]},{"code":"81","display":"Orthoprothésiste","designation":[{"use":{"code":"OID"},"value":"urn:oid:1.2.250.1.71.1.2.7"}]},{"code":"82","display":"Podo-Orthésiste","designation":[{"use":{"code":"OID"},"value":"urn:oid:1.2.250.1.71.1.2.7"}]},{"code":"83","display":"Orthopédiste-Orthésiste","designation":[{"use":{"code":"OID"},"value":"urn:oid:1.2.250.1.71.1.2.7"}]},{"code":"84","display":"Oculariste","designation":[{"use":{"code":"OID"},"value":"urn:oid:1.2.250.1.71.1.2.7"}]},{"code":"85","display":"Epithésiste","designation":[{"use":{"code":"OID"},"value":"urn:oid:1.2.250.1.71.1.2.7"}]},{"code":"86","display":"Technicien de laboratoire médical","designation":[{"use":{"code":"OID"},"value":"urn:oid:1.2.250.1.71.1.2.7"}]},{"code":"91","display":"Orthophoniste","designation":[{"use":{"code":"OID"},"value":"urn:oid:1.2.250.1.71.1.2.7"}]},{"code":"92","display":"Orthoptiste","designation":[{"use":{"code":"OID"},"value":"urn:oid:1.2.250.1.71.1.2.7"}]},{"code":"94","display":"Ergothérapeute","designation":[{"use":{"code":"OID"},"value":"urn:oid:1.2.250.1.71.1.2.7"}]},{"code":"95","display":"Diététicien","designation":[{"use":{"code":"OID"},"value":"urn:oid:1.2.250.1.71.1.2.7"}]},{"code":"96","display":"Psychomotricien","designation":[{"use":{"code":"OID"},"value":"urn:oid:1.2.250.1.71.1.2.7"}]},{"code":"98","display":"Manipulateur ERM","designation":[{"use":{"code":"OID"},"value":"urn:oid:1.2.250.1.71.1.2.7"}]}]},{"system":"https://mos.esante.gouv.fr/NOS/TRE_R94-ProfessionSocial/FHIR/TRE-R94-ProfessionSocial","concept":[{"code":"41","display":"Assistant de service social","designation":[{"use":{"code":"OID"},"value":"urn:oid:1.2.250.1.213.1.6.1.4"}]},{"code":"42","display":"Auxiliaire de vie sociale","designation":[{"use":{"code":"OID"},"value":"urn:oid:1.2.250.1.213.1.6.1.4"}]},{"code":"43","display":"Technicien de l'intervention sociale et familiale","designation":[{"use":{"code":"OID"},"value":"urn:oid:1.2.250.1.213.1.6.1.4"}]},{"code":"44","display":"Conseiller en économie sociale et familiale","designation":[{"use":{"code":"OID"},"value":"urn:oid:1.2.250.1.213.1.6.1.4"}]},{"code":"45","display":"Médiateur familial","designation":[{"use":{"code":"OID"},"value":"urn:oid:1.2.250.1.213.1.6.1.4"}]},{"code":"46","display":"Assistant familial","designation":[{"use":{"code":"OID"},"value":"urn:oid:1.2.250.1.213.1.6.1.4"}]},{"code":"47","display":"Aide médico-psychologique","designation":[{"use":{"code":"OID"},"value":"urn:oid:1.2.250.1.213.1.6.1.4"}]},{"code":"48","display":"Moniteur éducateur","designation":[{"use":{"code":"OID"},"value":"urn:oid:1.2.250.1.213.1.6.1.4"}]},{"code":"49","display":"Educateur de jeunes enfants","designation":[{"use":{"code":"OID"},"value":"urn:oid:1.2.250.1.213.1.6.1.4"}]},{"code":"51","display":"Educateur spécialisé","designation":[{"use":{"code":"OID"},"value":"urn:oid:1.2.250.1.213.1.6.1.4"}]},{"code":"52","display":"Educateur technique spécialisé","designation":[{"use":{"code":"OID"},"value":"urn:oid:1.2.250.1.213.1.6.1.4"}]},{"code":"53","display":"Accompagnant éducatif et social","designation":[{"use":{"code":"OID"},"value":"urn:oid:1.2.250.1.213.1.6.1.4"}]}]},{"system":"https://mos.esante.gouv.fr/NOS/TRE_R85-RolePriseCharge/FHIR/TRE-R85-RolePriseCharge","concept":[{"code":"350","display":"Aide à domicile","designation":[{"use":{"code":"OID"},"value":"urn:oid:1.2.250.1.213.1.6.1.107"}]},{"code":"351","display":"Assistant(e) maternel(le)","designation":[{"use":{"code":"OID"},"value":"urn:oid:1.2.250.1.213.1.6.1.107"}]}]},{"system":"https://mos.esante.gouv.fr/NOS/TRE_R96-AutreFonctionSanitaire/FHIR/TRE-R96-AutreFonctionSanitaire","concept":[{"code":"407","display":"Tatoueur","designation":[{"use":{"code":"OID"},"value":"urn:oid:1.2.250.1.213.1.6.1.110"}]},{"code":"408","display":"Perceur corporel","designation":[{"use":{"code":"OID"},"value":"urn:oid:1.2.250.1.213.1.6.1.110"}]},{"code":"409","display":"Maquilleur permanent","designation":[{"use":{"code":"OID"},"value":"urn:oid:1.2.250.1.213.1.6.1.110"}]}]},{"system":"https://mos.esante.gouv.fr/NOS/TRE_R95-UsagerTitre/FHIR/TRE-R95-UsagerTitre","concept":[{"code":"71","display":"Ostéopathe","designation":[{"use":{"code":"OID"},"value":"urn:oid:1.2.250.1.213.1.6.1.109"}]},{"code":"72","display":"Psychothérapeute","designation":[{"use":{"code":"OID"},"value":"urn:oid:1.2.250.1.213.1.6.1.109"}]},{"code":"73","display":"Chiropracteur","designation":[{"use":{"code":"OID"},"value":"urn:oid:1.2.250.1.213.1.6.1.109"}]},{"code":"93","display":"Psychologue","designation":[{"use":{"code":"OID"},"value":"urn:oid:1.2.250.1.213.1.6.1.109"}]},{"code":"97","display":"Conseiller en génétique","designation":[{"use":{"code":"OID"},"value":"urn:oid:1.2.250.1.213.1.6.1.109"}]}]},{"system":"https://mos.esante.gouv.fr/NOS/TRE_G16-ProfessionFormation/FHIR/TRE-G16-ProfessionFormation","concept":[{"code":"10","display":"Médecin en formation","designation":[{"use":{"code":"OID"},"value":"urn:oid:1.2.250.1.71.1.2.8"}]},{"code":"21","display":"Pharmacien en formation","designation":[{"use":{"code":"OID"},"value":"urn:oid:1.2.250.1.71.1.2.8"}]},{"code":"40","display":"Chirurgien-Dentiste en formation","designation":[{"use":{"code":"OID"},"value":"urn:oid:1.2.250.1.71.1.2.8"}]},{"code":"50","display":"Sage-Femme en formation","designation":[{"use":{"code":"OID"},"value":"urn:oid:1.2.250.1.71.1.2.8"}]}]},{"system":"https://mos.esante.gouv.fr/NOS/TRE_R356-ProfessionRessource/FHIR/TRE-R356-ProfessionRessource","concept":[{"code":"04","display":"Art-thérapeute","designation":[{"use":{"code":"OID"},"value":"urn:oid:1.2.250.1.213.3.3.246"}]},{"code":"05","display":"Neuropsychologue","designation":[{"use":{"code":"OID"},"value":"urn:oid:1.2.250.1.213.3.3.246"}]},{"code":"08","display":"Médiateur de santé pair","designation":[{"use":{"code":"OID"},"value":"urn:oid:1.2.250.1.213.3.3.246"}]},{"code":"10","display":"Socio-esthéticienne","designation":[{"use":{"code":"OID"},"value":"urn:oid:1.2.250.1.213.3.3.246"}]},{"code":"11","display":"Enseignant du 1er degré","designation":[{"use":{"code":"OID"},"value":"urn:oid:1.2.250.1.213.3.3.246"}]},{"code":"12","display":"Enseignant du 2nd degré","designation":[{"use":{"code":"OID"},"value":"urn:oid:1.2.250.1.213.3.3.246"}]},{"code":"13","display":"Enseignant du supérieur","designation":[{"use":{"code":"OID"},"value":"urn:oid:1.2.250.1.213.3.3.246"}]},{"code":"14","display":"Puéricultrice","designation":[{"use":{"code":"OID"},"value":"urn:oid:1.2.250.1.213.3.3.246"}]},{"code":"17","display":"Aide humaine en milieu scolaire","designation":[{"use":{"code":"OID"},"value":"urn:oid:1.2.250.1.213.3.3.246"}]},{"code":"19","display":"Médecin coordonnateur","designation":[{"use":{"code":"OID"},"value":"urn:oid:1.2.250.1.213.3.3.246"}]},{"code":"20","display":"Infirmier coordonnateur","designation":[{"use":{"code":"OID"},"value":"urn:oid:1.2.250.1.213.3.3.246"}]},{"code":"21","display":"Phoniatre","designation":[{"use":{"code":"OID"},"value":"urn:oid:1.2.250.1.213.3.3.246"}]},{"code":"22","display":"Audio phonologue","designation":[{"use":{"code":"OID"},"value":"urn:oid:1.2.250.1.213.3.3.246"}]},{"code":"23","display":"Ingénieur en analyse du mouvement","designation":[{"use":{"code":"OID"},"value":"urn:oid:1.2.250.1.213.3.3.246"}]},{"code":"24","display":"Psychologue clinicien","designation":[{"use":{"code":"OID"},"value":"urn:oid:1.2.250.1.213.3.3.246"}]},{"code":"25","display":"Animateur socio-culturel","designation":[{"use":{"code":"OID"},"value":"urn:oid:1.2.250.1.213.3.3.246"}]},{"code":"26","display":"Moniteur d'atelier","designation":[{"use":{"code":"OID"},"value":"urn:oid:1.2.250.1.213.3.3.246"}]},{"code":"38","display":"Enseignant en Activité Physique Adaptée (EAPA)","designation":[{"use":{"code":"OID"},"value":"urn:oid:1.2.250.1.213.3.3.246"}]},{"code":"39","display":"Accompagnant des Élèves en Situation de Handicap (AESH)","designation":[{"use":{"code":"OID"},"value":"urn:oid:1.2.250.1.213.3.3.246"}]},{"code":"43","display":"Pédopsychiatre","designation":[{"use":{"code":"OID"},"value":"urn:oid:1.2.250.1.213.3.3.246"}]},{"code":"44","display":"Veilleur de nuit","designation":[{"use":{"code":"OID"},"value":"urn:oid:1.2.250.1.213.3.3.246"}]},{"code":"45","display":"Assistant(e) de soins en gérontologie","designation":[{"use":{"code":"OID"},"value":"urn:oid:1.2.250.1.213.3.3.246"}]},{"code":"47","display":"Aide médico psychologique (AMP)","designation":[{"use":{"code":"OID"},"value":"urn:oid:1.2.250.1.213.3.3.246"}]},{"code":"50","display":"Avéjiste","designation":[{"use":{"code":"OID"},"value":"urn:oid:1.2.250.1.213.3.3.246"}]},{"code":"51","display":"Instructeur en locomotion","designation":[{"use":{"code":"OID"},"value":"urn:oid:1.2.250.1.213.3.3.246"}]},{"code":"52","display":"Educateur sportif","designation":[{"use":{"code":"OID"},"value":"urn:oid:1.2.250.1.213.3.3.246"}]},{"code":"53","display":"Conseiller en insertion professionnelle","designation":[{"use":{"code":"OID"},"value":"urn:oid:1.2.250.1.213.3.3.246"}]},{"code":"54","display":"Coordonnateur et gestionnaire de parcours handicap","designation":[{"use":{"code":"OID"},"value":"urn:oid:1.2.250.1.213.3.3.246"}]},{"code":"55","display":"Neuropédiatre","designation":[{"use":{"code":"OID"},"value":"urn:oid:1.2.250.1.213.3.3.246"}]},{"code":"56","display":"Psychopédagogue","designation":[{"use":{"code":"OID"},"value":"urn:oid:1.2.250.1.213.3.3.246"}]},{"code":"59","display":"Tabacologue","designation":[{"use":{"code":"OID"},"value":"urn:oid:1.2.250.1.213.3.3.246"}]},{"code":"60","display":"Addictologue","designation":[{"use":{"code":"OID"},"value":"urn:oid:1.2.250.1.213.3.3.246"}]},{"code":"61","display":"Allergologue","designation":[{"use":{"code":"OID"},"value":"urn:oid:1.2.250.1.213.3.3.246"}]},{"code":"63","display":"Cardiologue","designation":[{"use":{"code":"OID"},"value":"urn:oid:1.2.250.1.213.3.3.246"}]},{"code":"64","display":"Chercheur médical","designation":[{"use":{"code":"OID"},"value":"urn:oid:1.2.250.1.213.3.3.246"}]},{"code":"65","display":"Chirurgien digestif","designation":[{"use":{"code":"OID"},"value":"urn:oid:1.2.250.1.213.3.3.246"}]},{"code":"66","display":"Chirurgien général","designation":[{"use":{"code":"OID"},"value":"urn:oid:1.2.250.1.213.3.3.246"}]},{"code":"67","display":"Chirurgien maxillo-facial","designation":[{"use":{"code":"OID"},"value":"urn:oid:1.2.250.1.213.3.3.246"}]},{"code":"69","display":"Chirurgien oral","designation":[{"use":{"code":"OID"},"value":"urn:oid:1.2.250.1.213.3.3.246"}]},{"code":"70","display":"Chirurgien orthopédiste","designation":[{"use":{"code":"OID"},"value":"urn:oid:1.2.250.1.213.3.3.246"}]},{"code":"71","display":"Chirurgien pédiatrique","designation":[{"use":{"code":"OID"},"value":"urn:oid:1.2.250.1.213.3.3.246"}]},{"code":"72","display":"Chirurgien plastique, plasticien","designation":[{"use":{"code":"OID"},"value":"urn:oid:1.2.250.1.213.3.3.246"}]},{"code":"73","display":"Chirurgien thoracique et cardiaque","designation":[{"use":{"code":"OID"},"value":"urn:oid:1.2.250.1.213.3.3.246"}]},{"code":"74","display":"Chirurgien urologue","designation":[{"use":{"code":"OID"},"value":"urn:oid:1.2.250.1.213.3.3.246"}]},{"code":"75","display":"Chirurgien vasculaire","designation":[{"use":{"code":"OID"},"value":"urn:oid:1.2.250.1.213.3.3.246"}]},{"code":"76","display":"Dentiste","designation":[{"use":{"code":"OID"},"value":"urn:oid:1.2.250.1.213.3.3.246"}]},{"code":"77","display":"Dermatologue","designation":[{"use":{"code":"OID"},"value":"urn:oid:1.2.250.1.213.3.3.246"}]},{"code":"78","display":"Endocrinologue","designation":[{"use":{"code":"OID"},"value":"urn:oid:1.2.250.1.213.3.3.246"}]},{"code":"79","display":"Gastro-entérologue","designation":[{"use":{"code":"OID"},"value":"urn:oid:1.2.250.1.213.3.3.246"}]},{"code":"80","display":"Généticien médicale","designation":[{"use":{"code":"OID"},"value":"urn:oid:1.2.250.1.213.3.3.246"}]},{"code":"81","display":"Gériatre","designation":[{"use":{"code":"OID"},"value":"urn:oid:1.2.250.1.213.3.3.246"}]},{"code":"82","display":"Gynécologue","designation":[{"use":{"code":"OID"},"value":"urn:oid:1.2.250.1.213.3.3.246"}]},{"code":"83","display":"Gynéco-obstétricien","designation":[{"use":{"code":"OID"},"value":"urn:oid:1.2.250.1.213.3.3.246"}]},{"code":"84","display":"Hématologue","designation":[{"use":{"code":"OID"},"value":"urn:oid:1.2.250.1.213.3.3.246"}]},{"code":"85","display":"Infectiologue","designation":[{"use":{"code":"OID"},"value":"urn:oid:1.2.250.1.213.3.3.246"}]},{"code":"86","display":"Infirmier en pratique avancée (IPA)","designation":[{"use":{"code":"OID"},"value":"urn:oid:1.2.250.1.213.3.3.246"}]},{"code":"87","display":"Médecin anesthésiste-réanimateur","designation":[{"use":{"code":"OID"},"value":"urn:oid:1.2.250.1.213.3.3.246"}]},{"code":"90","display":"Médecin généraliste","designation":[{"use":{"code":"OID"},"value":"urn:oid:1.2.250.1.213.3.3.246"}]},{"code":"91","display":"Médecin interniste","designation":[{"use":{"code":"OID"},"value":"urn:oid:1.2.250.1.213.3.3.246"}]},{"code":"92","display":"Médecin légiste","designation":[{"use":{"code":"OID"},"value":"urn:oid:1.2.250.1.213.3.3.246"}]},{"code":"93","display":"Médecin nucléaire","designation":[{"use":{"code":"OID"},"value":"urn:oid:1.2.250.1.213.3.3.246"}]},{"code":"94","display":"Médecin rééducateur","designation":[{"use":{"code":"OID"},"value":"urn:oid:1.2.250.1.213.3.3.246"}]},{"code":"95","display":"Médecin vasculaire","designation":[{"use":{"code":"OID"},"value":"urn:oid:1.2.250.1.213.3.3.246"}]},{"code":"96","display":"Néphrologue","designation":[{"use":{"code":"OID"},"value":"urn:oid:1.2.250.1.213.3.3.246"}]},{"code":"97","display":"Neurochirurgien","designation":[{"use":{"code":"OID"},"value":"urn:oid:1.2.250.1.213.3.3.246"}]},{"code":"98","display":"Neurologue","designation":[{"use":{"code":"OID"},"value":"urn:oid:1.2.250.1.213.3.3.246"}]},{"code":"99","display":"Neuro-psychiatre","designation":[{"use":{"code":"OID"},"value":"urn:oid:1.2.250.1.213.3.3.246"}]},{"code":"100","display":"Onco-hématologue","designation":[{"use":{"code":"OID"},"value":"urn:oid:1.2.250.1.213.3.3.246"}]},{"code":"101","display":"Oncologue","designation":[{"use":{"code":"OID"},"value":"urn:oid:1.2.250.1.213.3.3.246"}]},{"code":"102","display":"Ophtalmologue","designation":[{"use":{"code":"OID"},"value":"urn:oid:1.2.250.1.213.3.3.246"}]},{"code":"103","display":"ORL","designation":[{"use":{"code":"OID"},"value":"urn:oid:1.2.250.1.213.3.3.246"}]},{"code":"104","display":"Pathologiste","designation":[{"use":{"code":"OID"},"value":"urn:oid:1.2.250.1.213.3.3.246"}]},{"code":"105","display":"Pédiatre","designation":[{"use":{"code":"OID"},"value":"urn:oid:1.2.250.1.213.3.3.246"}]},{"code":"106","display":"Pédopsychiatre","designation":[{"use":{"code":"OID"},"value":"urn:oid:1.2.250.1.213.3.3.246"}]},{"code":"107","display":"Pneumologue","designation":[{"use":{"code":"OID"},"value":"urn:oid:1.2.250.1.213.3.3.246"}]},{"code":"108","display":"Psychiatre","designation":[{"use":{"code":"OID"},"value":"urn:oid:1.2.250.1.213.3.3.246"}]},{"code":"109","display":"Radiologue","designation":[{"use":{"code":"OID"},"value":"urn:oid:1.2.250.1.213.3.3.246"}]},{"code":"110","display":"Radiologue et radiothérapeute","designation":[{"use":{"code":"OID"},"value":"urn:oid:1.2.250.1.213.3.3.246"}]},{"code":"111","display":"Radiothérapeute","designation":[{"use":{"code":"OID"},"value":"urn:oid:1.2.250.1.213.3.3.246"}]},{"code":"112","display":"Réanimateur intensiviste","designation":[{"use":{"code":"OID"},"value":"urn:oid:1.2.250.1.213.3.3.246"}]},{"code":"113","display":"Rhumatologue","designation":[{"use":{"code":"OID"},"value":"urn:oid:1.2.250.1.213.3.3.246"}]},{"code":"114","display":"Stomatologue","designation":[{"use":{"code":"OID"},"value":"urn:oid:1.2.250.1.213.3.3.246"}]},{"code":"115","display":"Urgentiste","designation":[{"use":{"code":"OID"},"value":"urn:oid:1.2.250.1.213.3.3.246"}]},{"code":"116","display":"Biologiste médical","designation":[{"use":{"code":"OID"},"value":"urn:oid:1.2.250.1.213.3.3.246"}]},{"code":"117","display":"Médecin du travail","designation":[{"use":{"code":"OID"},"value":"urn:oid:1.2.250.1.213.3.3.246"}]},{"code":"118","display":"Médecin de santé public","designation":[{"use":{"code":"OID"},"value":"urn:oid:1.2.250.1.213.3.3.246"}]},{"code":"119","display":"Médecin anesthésiste-réanimateur pédiatrique","designation":[{"use":{"code":"OID"},"value":"urn:oid:1.2.250.1.213.3.3.246"}]},{"code":"120","display":"Chirurgien viscéral","designation":[{"use":{"code":"OID"},"value":"urn:oid:1.2.250.1.213.3.3.246"}]},{"code":"121","display":"Cardiologue interventionnelle","designation":[{"use":{"code":"OID"},"value":"urn:oid:1.2.250.1.213.3.3.246"}]},{"code":"122","display":"Cardiologue en imagerie","designation":[{"use":{"code":"OID"},"value":"urn:oid:1.2.250.1.213.3.3.246"}]},{"code":"123","display":"Cardiologue rythmologue","designation":[{"use":{"code":"OID"},"value":"urn:oid:1.2.250.1.213.3.3.246"}]},{"code":"124","display":"Réanimateur pédiatrique","designation":[{"use":{"code":"OID"},"value":"urn:oid:1.2.250.1.213.3.3.246"}]},{"code":"125","display":"Neurologue interventionnelle","designation":[{"use":{"code":"OID"},"value":"urn:oid:1.2.250.1.213.3.3.246"}]},{"code":"126","display":"Ophtalmologue pédiatrique","designation":[{"use":{"code":"OID"},"value":"urn:oid:1.2.250.1.213.3.3.246"}]},{"code":"127","display":"Réanimateur néonatologiste","designation":[{"use":{"code":"OID"},"value":"urn:oid:1.2.250.1.213.3.3.246"}]},{"code":"128","display":"Conseiller conjugal et familial","designation":[{"use":{"code":"OID"},"value":"urn:oid:1.2.250.1.213.3.3.246"}]}]}]}}