{"resourceType":"ValueSet","id":"JDV-J224-StatutLieu-ROR","text":{"status":"generated","div":"<div xmlns=\"http://www.w3.org/1999/xhtml\"><ul><li>Include these codes as defined in <a href=\"CodeSystem-TRE-R203-StatutLieu.html\"><code>https://mos.esante.gouv.fr/NOS/TRE_R203-StatutLieu/FHIR/TRE-R203-StatutLieu</code></a><table class=\"none\"><tr><td style=\"white-space:nowrap\"><b>Code</b></td><td><b>Display</b></td></tr><tr><td><a href=\"CodeSystem-TRE-R203-StatutLieu.html#TRE-R203-StatutLieu-1\">1</a></td><td>Fermé définitivement</td></tr><tr><td><a href=\"CodeSystem-TRE-R203-StatutLieu.html#TRE-R203-StatutLieu-2\">2</a></td><td>Fermé temporairement</td></tr><tr><td><a href=\"CodeSystem-TRE-R203-StatutLieu.html#TRE-R203-StatutLieu-3\">3</a></td><td>Opérationnel</td></tr></table></li></ul></div>"},"extension":[{"url":"http://hl7.org/fhir/StructureDefinition/resource-effectivePeriod","valuePeriod":{"start":"2022-08-26T12:00:00+01:00"}}],"url":"https://mos.esante.gouv.fr/NOS/JDV_J224-StatutLieu-ROR/FHIR/JDV-J224-StatutLieu-ROR","identifier":[{"value":"urn:oid:1.2.250.1.213.3.4.56"}],"version":"1.1.0","name":"JDV_J224-StatutLieu-ROR","status":"active","date":"2022-08-26T12:00:00+01:00","publisher":"ANS","contact":[{"name":"ANS","telecom":[{"system":"url","value":"https://esante.gouv.fr"}]}],"description":"Statut lieu","compose":{"include":[{"system":"https://mos.esante.gouv.fr/NOS/TRE_R203-StatutLieu/FHIR/TRE-R203-StatutLieu","concept":[{"code":"1","display":"Fermé définitivement","designation":[{"use":{"code":"OID"},"value":"urn:oid:1.2.250.1.213.3.3.4"}]},{"code":"2","display":"Fermé temporairement","designation":[{"use":{"code":"OID"},"value":"urn:oid:1.2.250.1.213.3.3.4"}]},{"code":"3","display":"Opérationnel","designation":[{"use":{"code":"OID"},"value":"urn:oid:1.2.250.1.213.3.3.4"}]}]}]}}