{"resourceType":"ValueSet","id":"JDV-J115-Langue-ENREG","text":{"status":"generated","div":"<div xmlns=\"http://www.w3.org/1999/xhtml\"><p class=\"res-header-id\"><b>Generated Narrative: ValueSet JDV-J115-Langue-ENREG</b></p><a name=\"JDV-J115-Langue-ENREG\"> </a><a name=\"hcJDV-J115-Langue-ENREG\"> </a><a name=\"JDV-J115-Langue-ENREG-en-US\"> </a><ul><li>Include these codes as defined in <a href=\"CodeSystem-TRE-G00-Langue.html\"><code>https://mos.esante.gouv.fr/NOS/TRE_G00-Langue/FHIR/TRE-G00-Langue</code></a><table class=\"none\"><tr><td style=\"white-space:nowrap\"><b>Code</b></td><td><b>Display</b></td></tr><tr><td><a href=\"CodeSystem-TRE-G00-Langue.html#TRE-G00-Langue-aa\">aa</a></td><td>afar</td></tr><tr><td><a href=\"CodeSystem-TRE-G00-Langue.html#TRE-G00-Langue-ab\">ab</a></td><td>abkhaze, abkhazien</td></tr><tr><td><a href=\"CodeSystem-TRE-G00-Langue.html#TRE-G00-Langue-ae\">ae</a></td><td>avestique</td></tr><tr><td><a href=\"CodeSystem-TRE-G00-Langue.html#TRE-G00-Langue-af\">af</a></td><td>afrikaans</td></tr><tr><td><a href=\"CodeSystem-TRE-G00-Langue.html#TRE-G00-Langue-ak\">ak</a></td><td>akan</td></tr><tr><td><a href=\"CodeSystem-TRE-G00-Langue.html#TRE-G00-Langue-am\">am</a></td><td>amharique</td></tr><tr><td><a href=\"CodeSystem-TRE-G00-Langue.html#TRE-G00-Langue-an\">an</a></td><td>aragonais</td></tr><tr><td><a href=\"CodeSystem-TRE-G00-Langue.html#TRE-G00-Langue-ar\">ar</a></td><td>arabe</td></tr><tr><td><a href=\"CodeSystem-TRE-G00-Langue.html#TRE-G00-Langue-as\">as</a></td><td>assamais</td></tr><tr><td><a href=\"CodeSystem-TRE-G00-Langue.html#TRE-G00-Langue-av\">av</a></td><td>avar</td></tr><tr><td><a href=\"CodeSystem-TRE-G00-Langue.html#TRE-G00-Langue-ay\">ay</a></td><td>aymara</td></tr><tr><td><a href=\"CodeSystem-TRE-G00-Langue.html#TRE-G00-Langue-az\">az</a></td><td>azéri, azerbaïdjanais</td></tr><tr><td><a href=\"CodeSystem-TRE-G00-Langue.html#TRE-G00-Langue-ba\">ba</a></td><td>bachkir, bashkir</td></tr><tr><td><a href=\"CodeSystem-TRE-G00-Langue.html#TRE-G00-Langue-be\">be</a></td><td>biélorusse</td></tr><tr><td><a href=\"CodeSystem-TRE-G00-Langue.html#TRE-G00-Langue-bg\">bg</a></td><td>bulgare</td></tr><tr><td><a href=\"CodeSystem-TRE-G00-Langue.html#TRE-G00-Langue-bh\">bh</a></td><td>bihari</td></tr><tr><td><a href=\"CodeSystem-TRE-G00-Langue.html#TRE-G00-Langue-bi\">bi</a></td><td>bichlamar, bislama</td></tr><tr><td><a href=\"CodeSystem-TRE-G00-Langue.html#TRE-G00-Langue-bm\">bm</a></td><td>bambara</td></tr><tr><td><a href=\"CodeSystem-TRE-G00-Langue.html#TRE-G00-Langue-bn\">bn</a></td><td>bengali</td></tr><tr><td><a href=\"CodeSystem-TRE-G00-Langue.html#TRE-G00-Langue-bo\">bo</a></td><td>tibétain</td></tr><tr><td><a href=\"CodeSystem-TRE-G00-Langue.html#TRE-G00-Langue-br\">br</a></td><td>breton</td></tr><tr><td><a href=\"CodeSystem-TRE-G00-Langue.html#TRE-G00-Langue-bs\">bs</a></td><td>bosniaque</td></tr><tr><td><a href=\"CodeSystem-TRE-G00-Langue.html#TRE-G00-Langue-ca\">ca</a></td><td>catalan, valencien</td></tr><tr><td><a href=\"CodeSystem-TRE-G00-Langue.html#TRE-G00-Langue-ce\">ce</a></td><td>tchétchène</td></tr><tr><td><a href=\"CodeSystem-TRE-G00-Langue.html#TRE-G00-Langue-ch\">ch</a></td><td>chamorro</td></tr><tr><td><a href=\"CodeSystem-TRE-G00-Langue.html#TRE-G00-Langue-co\">co</a></td><td>corse</td></tr><tr><td><a href=\"CodeSystem-TRE-G00-Langue.html#TRE-G00-Langue-cr\">cr</a></td><td>cree</td></tr><tr><td><a href=\"CodeSystem-TRE-G00-Langue.html#TRE-G00-Langue-cs\">cs</a></td><td>tchèque</td></tr><tr><td><a href=\"CodeSystem-TRE-G00-Langue.html#TRE-G00-Langue-cu\">cu</a></td><td>slavon d'église, slavon liturgique, vieux slave, vieux bulgare</td></tr><tr><td><a href=\"CodeSystem-TRE-G00-Langue.html#TRE-G00-Langue-cv\">cv</a></td><td>tchouvache</td></tr><tr><td><a href=\"CodeSystem-TRE-G00-Langue.html#TRE-G00-Langue-cy\">cy</a></td><td>gallois</td></tr><tr><td><a href=\"CodeSystem-TRE-G00-Langue.html#TRE-G00-Langue-da\">da</a></td><td>danois</td></tr><tr><td><a href=\"CodeSystem-TRE-G00-Langue.html#TRE-G00-Langue-de\">de</a></td><td>allemand</td></tr><tr><td><a href=\"CodeSystem-TRE-G00-Langue.html#TRE-G00-Langue-dv\">dv</a></td><td>maldivien</td></tr><tr><td><a href=\"CodeSystem-TRE-G00-Langue.html#TRE-G00-Langue-dz\">dz</a></td><td>dzongkha, bhoutani</td></tr><tr><td><a href=\"CodeSystem-TRE-G00-Langue.html#TRE-G00-Langue-ee\">ee</a></td><td>éwé</td></tr><tr><td><a href=\"CodeSystem-TRE-G00-Langue.html#TRE-G00-Langue-el\">el</a></td><td>grec moderne (après 1453)</td></tr><tr><td><a href=\"CodeSystem-TRE-G00-Langue.html#TRE-G00-Langue-en\">en</a></td><td>anglais</td></tr><tr><td><a href=\"CodeSystem-TRE-G00-Langue.html#TRE-G00-Langue-eo\">eo</a></td><td>espéranto</td></tr><tr><td><a href=\"CodeSystem-TRE-G00-Langue.html#TRE-G00-Langue-es\">es</a></td><td>espagnol, castillan</td></tr><tr><td><a href=\"CodeSystem-TRE-G00-Langue.html#TRE-G00-Langue-et\">et</a></td><td>estonien</td></tr><tr><td><a href=\"CodeSystem-TRE-G00-Langue.html#TRE-G00-Langue-eu\">eu</a></td><td>basque</td></tr><tr><td><a href=\"CodeSystem-TRE-G00-Langue.html#TRE-G00-Langue-fa\">fa</a></td><td>farsi, persan</td></tr><tr><td><a href=\"CodeSystem-TRE-G00-Langue.html#TRE-G00-Langue-ff\">ff</a></td><td>peul</td></tr><tr><td><a href=\"CodeSystem-TRE-G00-Langue.html#TRE-G00-Langue-fi\">fi</a></td><td>finnois</td></tr><tr><td><a href=\"CodeSystem-TRE-G00-Langue.html#TRE-G00-Langue-fj\">fj</a></td><td>fidjien</td></tr><tr><td><a href=\"CodeSystem-TRE-G00-Langue.html#TRE-G00-Langue-fo\">fo</a></td><td>féroïen</td></tr><tr><td><a href=\"CodeSystem-TRE-G00-Langue.html#TRE-G00-Langue-fy\">fy</a></td><td>frison</td></tr><tr><td><a href=\"CodeSystem-TRE-G00-Langue.html#TRE-G00-Langue-ga\">ga</a></td><td>irlandais</td></tr><tr><td><a href=\"CodeSystem-TRE-G00-Langue.html#TRE-G00-Langue-gd\">gd</a></td><td>gaélique, gaélique écossais</td></tr><tr><td><a href=\"CodeSystem-TRE-G00-Langue.html#TRE-G00-Langue-gl\">gl</a></td><td>galicien</td></tr><tr><td><a href=\"CodeSystem-TRE-G00-Langue.html#TRE-G00-Langue-gn\">gn</a></td><td>guarani</td></tr><tr><td><a href=\"CodeSystem-TRE-G00-Langue.html#TRE-G00-Langue-gu\">gu</a></td><td>gujarati, goudjrati</td></tr><tr><td><a href=\"CodeSystem-TRE-G00-Langue.html#TRE-G00-Langue-gv\">gv</a></td><td>mannois, manx</td></tr><tr><td><a href=\"CodeSystem-TRE-G00-Langue.html#TRE-G00-Langue-ha\">ha</a></td><td>haoussa</td></tr><tr><td><a href=\"CodeSystem-TRE-G00-Langue.html#TRE-G00-Langue-he\">he</a></td><td>hébreu</td></tr><tr><td><a href=\"CodeSystem-TRE-G00-Langue.html#TRE-G00-Langue-hi\">hi</a></td><td>hindi</td></tr><tr><td><a href=\"CodeSystem-TRE-G00-Langue.html#TRE-G00-Langue-ho\">ho</a></td><td>hiri motu</td></tr><tr><td><a href=\"CodeSystem-TRE-G00-Langue.html#TRE-G00-Langue-hr\">hr</a></td><td>croate</td></tr><tr><td><a href=\"CodeSystem-TRE-G00-Langue.html#TRE-G00-Langue-ht\">ht</a></td><td>créole haïtien</td></tr><tr><td><a href=\"CodeSystem-TRE-G00-Langue.html#TRE-G00-Langue-hu\">hu</a></td><td>hongrois</td></tr><tr><td><a href=\"CodeSystem-TRE-G00-Langue.html#TRE-G00-Langue-hy\">hy</a></td><td>arménien</td></tr><tr><td><a href=\"CodeSystem-TRE-G00-Langue.html#TRE-G00-Langue-hz\">hz</a></td><td>herero</td></tr><tr><td><a href=\"CodeSystem-TRE-G00-Langue.html#TRE-G00-Langue-ia\">ia</a></td><td>interlingua (langue auxiliaire internationale)</td></tr><tr><td><a href=\"CodeSystem-TRE-G00-Langue.html#TRE-G00-Langue-id\">id</a></td><td>indonésien</td></tr><tr><td><a href=\"CodeSystem-TRE-G00-Langue.html#TRE-G00-Langue-ie\">ie</a></td><td>interlingue</td></tr><tr><td><a href=\"CodeSystem-TRE-G00-Langue.html#TRE-G00-Langue-ig\">ig</a></td><td>igbo</td></tr><tr><td><a href=\"CodeSystem-TRE-G00-Langue.html#TRE-G00-Langue-ii\">ii</a></td><td>Sichuan Yi</td></tr><tr><td><a href=\"CodeSystem-TRE-G00-Langue.html#TRE-G00-Langue-ik\">ik</a></td><td>inupiaq</td></tr><tr><td><a href=\"CodeSystem-TRE-G00-Langue.html#TRE-G00-Langue-io\">io</a></td><td>ido</td></tr><tr><td><a href=\"CodeSystem-TRE-G00-Langue.html#TRE-G00-Langue-is\">is</a></td><td>islandais</td></tr><tr><td><a href=\"CodeSystem-TRE-G00-Langue.html#TRE-G00-Langue-it\">it</a></td><td>italien</td></tr><tr><td><a href=\"CodeSystem-TRE-G00-Langue.html#TRE-G00-Langue-iu\">iu</a></td><td>inuktitut</td></tr><tr><td><a href=\"CodeSystem-TRE-G00-Langue.html#TRE-G00-Langue-ja\">ja</a></td><td>japonais</td></tr><tr><td><a href=\"CodeSystem-TRE-G00-Langue.html#TRE-G00-Langue-jv\">jv</a></td><td>javanais</td></tr><tr><td><a href=\"CodeSystem-TRE-G00-Langue.html#TRE-G00-Langue-ka\">ka</a></td><td>géorgien</td></tr><tr><td><a href=\"CodeSystem-TRE-G00-Langue.html#TRE-G00-Langue-kg\">kg</a></td><td>kongo</td></tr><tr><td><a href=\"CodeSystem-TRE-G00-Langue.html#TRE-G00-Langue-ki\">ki</a></td><td>kikuyu</td></tr><tr><td><a href=\"CodeSystem-TRE-G00-Langue.html#TRE-G00-Langue-kj\">kj</a></td><td>kwanyama, kuanyama</td></tr><tr><td><a href=\"CodeSystem-TRE-G00-Langue.html#TRE-G00-Langue-kk\">kk</a></td><td>kazakh</td></tr><tr><td><a href=\"CodeSystem-TRE-G00-Langue.html#TRE-G00-Langue-kl\">kl</a></td><td>groenlandais</td></tr><tr><td><a href=\"CodeSystem-TRE-G00-Langue.html#TRE-G00-Langue-km\">km</a></td><td>khmer, cambodgien</td></tr><tr><td><a href=\"CodeSystem-TRE-G00-Langue.html#TRE-G00-Langue-kn\">kn</a></td><td>kannada</td></tr><tr><td><a href=\"CodeSystem-TRE-G00-Langue.html#TRE-G00-Langue-ko\">ko</a></td><td>coréen</td></tr><tr><td><a href=\"CodeSystem-TRE-G00-Langue.html#TRE-G00-Langue-kr\">kr</a></td><td>kanouri</td></tr><tr><td><a href=\"CodeSystem-TRE-G00-Langue.html#TRE-G00-Langue-ks\">ks</a></td><td>kashmiri</td></tr><tr><td><a href=\"CodeSystem-TRE-G00-Langue.html#TRE-G00-Langue-ku\">ku</a></td><td>kurde</td></tr><tr><td><a href=\"CodeSystem-TRE-G00-Langue.html#TRE-G00-Langue-kv\">kv</a></td><td>komi</td></tr><tr><td><a href=\"CodeSystem-TRE-G00-Langue.html#TRE-G00-Langue-kw\">kw</a></td><td>cornique</td></tr><tr><td><a href=\"CodeSystem-TRE-G00-Langue.html#TRE-G00-Langue-ky\">ky</a></td><td>kirghize</td></tr><tr><td><a href=\"CodeSystem-TRE-G00-Langue.html#TRE-G00-Langue-la\">la</a></td><td>latin</td></tr><tr><td><a href=\"CodeSystem-TRE-G00-Langue.html#TRE-G00-Langue-lb\">lb</a></td><td>luxembourgeois</td></tr><tr><td><a href=\"CodeSystem-TRE-G00-Langue.html#TRE-G00-Langue-lg\">lg</a></td><td>louganda, ganda</td></tr><tr><td><a href=\"CodeSystem-TRE-G00-Langue.html#TRE-G00-Langue-li\">li</a></td><td>limbourgeois</td></tr><tr><td><a href=\"CodeSystem-TRE-G00-Langue.html#TRE-G00-Langue-ln\">ln</a></td><td>lingala</td></tr><tr><td><a href=\"CodeSystem-TRE-G00-Langue.html#TRE-G00-Langue-lo\">lo</a></td><td>laotien, lao</td></tr><tr><td><a href=\"CodeSystem-TRE-G00-Langue.html#TRE-G00-Langue-ls\">ls</a></td><td>langue des signes française</td></tr><tr><td><a href=\"CodeSystem-TRE-G00-Langue.html#TRE-G00-Langue-lt\">lt</a></td><td>lituanien</td></tr><tr><td><a href=\"CodeSystem-TRE-G00-Langue.html#TRE-G00-Langue-lu\">lu</a></td><td>luba-katanga</td></tr><tr><td><a href=\"CodeSystem-TRE-G00-Langue.html#TRE-G00-Langue-lv\">lv</a></td><td>letton</td></tr><tr><td><a href=\"CodeSystem-TRE-G00-Langue.html#TRE-G00-Langue-mg\">mg</a></td><td>malgache</td></tr><tr><td><a href=\"CodeSystem-TRE-G00-Langue.html#TRE-G00-Langue-mh\">mh</a></td><td>marshall</td></tr><tr><td><a href=\"CodeSystem-TRE-G00-Langue.html#TRE-G00-Langue-mi\">mi</a></td><td>maori</td></tr><tr><td><a href=\"CodeSystem-TRE-G00-Langue.html#TRE-G00-Langue-mk\">mk</a></td><td>macédonien</td></tr><tr><td><a href=\"CodeSystem-TRE-G00-Langue.html#TRE-G00-Langue-ml\">ml</a></td><td>malayalam</td></tr><tr><td><a href=\"CodeSystem-TRE-G00-Langue.html#TRE-G00-Langue-mn\">mn</a></td><td>mongol</td></tr><tr><td><a href=\"CodeSystem-TRE-G00-Langue.html#TRE-G00-Langue-mo\">mo</a></td><td>moldave</td></tr><tr><td><a href=\"CodeSystem-TRE-G00-Langue.html#TRE-G00-Langue-mr\">mr</a></td><td>marathe</td></tr><tr><td><a href=\"CodeSystem-TRE-G00-Langue.html#TRE-G00-Langue-ms\">ms</a></td><td>malais</td></tr><tr><td><a href=\"CodeSystem-TRE-G00-Langue.html#TRE-G00-Langue-mt\">mt</a></td><td>maltais</td></tr><tr><td><a href=\"CodeSystem-TRE-G00-Langue.html#TRE-G00-Langue-my\">my</a></td><td>birman</td></tr><tr><td><a href=\"CodeSystem-TRE-G00-Langue.html#TRE-G00-Langue-na\">na</a></td><td>nauri</td></tr><tr><td><a href=\"CodeSystem-TRE-G00-Langue.html#TRE-G00-Langue-nb\">nb</a></td><td>norvégien bokmål</td></tr><tr><td><a href=\"CodeSystem-TRE-G00-Langue.html#TRE-G00-Langue-nd\">nd</a></td><td>ndébélé du Nord</td></tr><tr><td><a href=\"CodeSystem-TRE-G00-Langue.html#TRE-G00-Langue-ne\">ne</a></td><td>népalais</td></tr><tr><td><a href=\"CodeSystem-TRE-G00-Langue.html#TRE-G00-Langue-ng\">ng</a></td><td>ndonga</td></tr><tr><td><a href=\"CodeSystem-TRE-G00-Langue.html#TRE-G00-Langue-nl\">nl</a></td><td>néerlandais</td></tr><tr><td><a href=\"CodeSystem-TRE-G00-Langue.html#TRE-G00-Langue-nn\">nn</a></td><td>norvégien nynorsk</td></tr><tr><td><a href=\"CodeSystem-TRE-G00-Langue.html#TRE-G00-Langue-no\">no</a></td><td>norvégien</td></tr><tr><td><a href=\"CodeSystem-TRE-G00-Langue.html#TRE-G00-Langue-nr\">nr</a></td><td>ndébélé du Sud</td></tr><tr><td><a href=\"CodeSystem-TRE-G00-Langue.html#TRE-G00-Langue-nv\">nv</a></td><td>navaho</td></tr><tr><td><a href=\"CodeSystem-TRE-G00-Langue.html#TRE-G00-Langue-ny\">ny</a></td><td>chichewa, chewa, nyanja</td></tr><tr><td><a href=\"CodeSystem-TRE-G00-Langue.html#TRE-G00-Langue-oc\">oc</a></td><td>occitan, provençal (après 1500)</td></tr><tr><td><a href=\"CodeSystem-TRE-G00-Langue.html#TRE-G00-Langue-oj\">oj</a></td><td>ojibwa</td></tr><tr><td><a href=\"CodeSystem-TRE-G00-Langue.html#TRE-G00-Langue-om\">om</a></td><td>oromo, afan oromo, galla</td></tr><tr><td><a href=\"CodeSystem-TRE-G00-Langue.html#TRE-G00-Langue-or\">or</a></td><td>oriya</td></tr><tr><td><a href=\"CodeSystem-TRE-G00-Langue.html#TRE-G00-Langue-os\">os</a></td><td>ossète</td></tr><tr><td><a href=\"CodeSystem-TRE-G00-Langue.html#TRE-G00-Langue-pa\">pa</a></td><td>punjabi, panjabi, pendjabi</td></tr><tr><td><a href=\"CodeSystem-TRE-G00-Langue.html#TRE-G00-Langue-pi\">pi</a></td><td>pali</td></tr><tr><td><a href=\"CodeSystem-TRE-G00-Langue.html#TRE-G00-Langue-pl\">pl</a></td><td>polonais</td></tr><tr><td><a href=\"CodeSystem-TRE-G00-Langue.html#TRE-G00-Langue-ps\">ps</a></td><td>pachto, pashto, pushto</td></tr><tr><td><a href=\"CodeSystem-TRE-G00-Langue.html#TRE-G00-Langue-pt\">pt</a></td><td>portugais</td></tr><tr><td><a href=\"CodeSystem-TRE-G00-Langue.html#TRE-G00-Langue-qu\">qu</a></td><td>quechua, quichua</td></tr><tr><td><a href=\"CodeSystem-TRE-G00-Langue.html#TRE-G00-Langue-rc\">rc</a></td><td>créole réunionnais</td></tr><tr><td><a href=\"CodeSystem-TRE-G00-Langue.html#TRE-G00-Langue-rm\">rm</a></td><td>rhéto-roman</td></tr><tr><td><a href=\"CodeSystem-TRE-G00-Langue.html#TRE-G00-Langue-rn\">rn</a></td><td>kirundi, rundi</td></tr><tr><td><a href=\"CodeSystem-TRE-G00-Langue.html#TRE-G00-Langue-ro\">ro</a></td><td>roumain</td></tr><tr><td><a href=\"CodeSystem-TRE-G00-Langue.html#TRE-G00-Langue-ru\">ru</a></td><td>russe</td></tr><tr><td><a href=\"CodeSystem-TRE-G00-Langue.html#TRE-G00-Langue-rw\">rw</a></td><td>kinyarwanda, rwanda</td></tr><tr><td><a href=\"CodeSystem-TRE-G00-Langue.html#TRE-G00-Langue-sa\">sa</a></td><td>sanskrit</td></tr><tr><td><a href=\"CodeSystem-TRE-G00-Langue.html#TRE-G00-Langue-sc\">sc</a></td><td>sarde</td></tr><tr><td><a href=\"CodeSystem-TRE-G00-Langue.html#TRE-G00-Langue-sd\">sd</a></td><td>sindhi</td></tr><tr><td><a href=\"CodeSystem-TRE-G00-Langue.html#TRE-G00-Langue-se\">se</a></td><td>sami du Nord</td></tr><tr><td><a href=\"CodeSystem-TRE-G00-Langue.html#TRE-G00-Langue-sg\">sg</a></td><td>sango</td></tr><tr><td><a href=\"CodeSystem-TRE-G00-Langue.html#TRE-G00-Langue-sh\">sh</a></td><td>serbo-croate</td></tr><tr><td><a href=\"CodeSystem-TRE-G00-Langue.html#TRE-G00-Langue-si\">si</a></td><td>singhalais</td></tr><tr><td><a href=\"CodeSystem-TRE-G00-Langue.html#TRE-G00-Langue-sk\">sk</a></td><td>slovaque</td></tr><tr><td><a href=\"CodeSystem-TRE-G00-Langue.html#TRE-G00-Langue-sl\">sl</a></td><td>slovène</td></tr><tr><td><a href=\"CodeSystem-TRE-G00-Langue.html#TRE-G00-Langue-sm\">sm</a></td><td>samoan</td></tr><tr><td><a href=\"CodeSystem-TRE-G00-Langue.html#TRE-G00-Langue-sn\">sn</a></td><td>shona</td></tr><tr><td><a href=\"CodeSystem-TRE-G00-Langue.html#TRE-G00-Langue-so\">so</a></td><td>somali</td></tr><tr><td><a href=\"CodeSystem-TRE-G00-Langue.html#TRE-G00-Langue-sq\">sq</a></td><td>albanais</td></tr><tr><td><a href=\"CodeSystem-TRE-G00-Langue.html#TRE-G00-Langue-sr\">sr</a></td><td>serbe</td></tr><tr><td><a href=\"CodeSystem-TRE-G00-Langue.html#TRE-G00-Langue-ss\">ss</a></td><td>swazi, swati, siswati</td></tr><tr><td><a href=\"CodeSystem-TRE-G00-Langue.html#TRE-G00-Langue-st\">st</a></td><td>sesotho, sotho du Sud</td></tr><tr><td><a href=\"CodeSystem-TRE-G00-Langue.html#TRE-G00-Langue-su\">su</a></td><td>soundanais</td></tr><tr><td><a href=\"CodeSystem-TRE-G00-Langue.html#TRE-G00-Langue-sv\">sv</a></td><td>suédois</td></tr><tr><td><a href=\"CodeSystem-TRE-G00-Langue.html#TRE-G00-Langue-sw\">sw</a></td><td>swahili</td></tr><tr><td><a href=\"CodeSystem-TRE-G00-Langue.html#TRE-G00-Langue-ta\">ta</a></td><td>tamoul, tamil</td></tr><tr><td><a href=\"CodeSystem-TRE-G00-Langue.html#TRE-G00-Langue-te\">te</a></td><td>télougou</td></tr><tr><td><a href=\"CodeSystem-TRE-G00-Langue.html#TRE-G00-Langue-tg\">tg</a></td><td>tadjik</td></tr><tr><td><a href=\"CodeSystem-TRE-G00-Langue.html#TRE-G00-Langue-th\">th</a></td><td>thaï</td></tr><tr><td><a href=\"CodeSystem-TRE-G00-Langue.html#TRE-G00-Langue-ti\">ti</a></td><td>tigrigna</td></tr><tr><td><a href=\"CodeSystem-TRE-G00-Langue.html#TRE-G00-Langue-tk\">tk</a></td><td>turkmène</td></tr><tr><td><a href=\"CodeSystem-TRE-G00-Langue.html#TRE-G00-Langue-tl\">tl</a></td><td>tagal, tagalog</td></tr><tr><td><a href=\"CodeSystem-TRE-G00-Langue.html#TRE-G00-Langue-tn\">tn</a></td><td>setchwana, tswana</td></tr><tr><td><a href=\"CodeSystem-TRE-G00-Langue.html#TRE-G00-Langue-to\">to</a></td><td>tonga (îles Tonga)</td></tr><tr><td><a href=\"CodeSystem-TRE-G00-Langue.html#TRE-G00-Langue-tr\">tr</a></td><td>turc</td></tr><tr><td><a href=\"CodeSystem-TRE-G00-Langue.html#TRE-G00-Langue-ts\">ts</a></td><td>tsonga</td></tr><tr><td><a href=\"CodeSystem-TRE-G00-Langue.html#TRE-G00-Langue-tt\">tt</a></td><td>tatar</td></tr><tr><td><a href=\"CodeSystem-TRE-G00-Langue.html#TRE-G00-Langue-tw\">tw</a></td><td>twi</td></tr><tr><td><a href=\"CodeSystem-TRE-G00-Langue.html#TRE-G00-Langue-ty\">ty</a></td><td>tahitien</td></tr><tr><td><a href=\"CodeSystem-TRE-G00-Langue.html#TRE-G00-Langue-ug\">ug</a></td><td>ouïgour</td></tr><tr><td><a href=\"CodeSystem-TRE-G00-Langue.html#TRE-G00-Langue-uk\">uk</a></td><td>ukrainien</td></tr><tr><td><a href=\"CodeSystem-TRE-G00-Langue.html#TRE-G00-Langue-ur\">ur</a></td><td>ourdou</td></tr><tr><td><a href=\"CodeSystem-TRE-G00-Langue.html#TRE-G00-Langue-uz\">uz</a></td><td>ouszbek</td></tr><tr><td><a href=\"CodeSystem-TRE-G00-Langue.html#TRE-G00-Langue-ve\">ve</a></td><td>venda</td></tr><tr><td><a href=\"CodeSystem-TRE-G00-Langue.html#TRE-G00-Langue-vi\">vi</a></td><td>vietnamien</td></tr><tr><td><a href=\"CodeSystem-TRE-G00-Langue.html#TRE-G00-Langue-vo\">vo</a></td><td>volapük</td></tr><tr><td><a href=\"CodeSystem-TRE-G00-Langue.html#TRE-G00-Langue-wa\">wa</a></td><td>wallon</td></tr><tr><td><a href=\"CodeSystem-TRE-G00-Langue.html#TRE-G00-Langue-wo\">wo</a></td><td>wolof</td></tr><tr><td><a href=\"CodeSystem-TRE-G00-Langue.html#TRE-G00-Langue-xh\">xh</a></td><td>xhosa</td></tr><tr><td><a href=\"CodeSystem-TRE-G00-Langue.html#TRE-G00-Langue-yi\">yi</a></td><td>yiddish</td></tr><tr><td><a href=\"CodeSystem-TRE-G00-Langue.html#TRE-G00-Langue-yo\">yo</a></td><td>yorouba, yoruba</td></tr><tr><td><a href=\"CodeSystem-TRE-G00-Langue.html#TRE-G00-Langue-za\">za</a></td><td>zhuang, chuang</td></tr><tr><td><a href=\"CodeSystem-TRE-G00-Langue.html#TRE-G00-Langue-zh\">zh</a></td><td>chinois</td></tr><tr><td><a href=\"CodeSystem-TRE-G00-Langue.html#TRE-G00-Langue-zu\">zu</a></td><td>zoulou</td></tr></table></li></ul></div>"},"extension":[{"url":"http://hl7.org/fhir/StructureDefinition/resource-effectivePeriod","valuePeriod":{"start":"2020-05-29T12:00:00+01:00"}}],"url":"https://mos.esante.gouv.fr/NOS/JDV_J115-Langue-ENREG/FHIR/JDV-J115-Langue-ENREG","identifier":[{"value":"urn:oid:1.2.250.1.213.1.6.1.186"}],"version":"1.5.0","name":"JDV_J115-Langue-ENREG","status":"active","date":"2024-09-27T12:00:00+01:00","publisher":"ANS","contact":[{"name":"ANS","telecom":[{"system":"url","value":"https://esante.gouv.fr"}]}],"description":"Langue pour ENREG","compose":{"include":[{"system":"https://mos.esante.gouv.fr/NOS/TRE_G00-Langue/FHIR/TRE-G00-Langue","concept":[{"code":"aa","display":"afar","designation":[{"use":{"code":"OID"},"value":"urn:oid:1.2.250.1.71.2.10"}]},{"code":"ab","display":"abkhaze, abkhazien","designation":[{"use":{"code":"OID"},"value":"urn:oid:1.2.250.1.71.2.10"}]},{"code":"ae","display":"avestique","designation":[{"use":{"code":"OID"},"value":"urn:oid:1.2.250.1.71.2.10"}]},{"code":"af","display":"afrikaans","designation":[{"use":{"code":"OID"},"value":"urn:oid:1.2.250.1.71.2.10"}]},{"code":"ak","display":"akan","designation":[{"use":{"code":"OID"},"value":"urn:oid:1.2.250.1.71.2.10"}]},{"code":"am","display":"amharique","designation":[{"use":{"code":"OID"},"value":"urn:oid:1.2.250.1.71.2.10"}]},{"code":"an","display":"aragonais","designation":[{"use":{"code":"OID"},"value":"urn:oid:1.2.250.1.71.2.10"}]},{"code":"ar","display":"arabe","designation":[{"use":{"code":"OID"},"value":"urn:oid:1.2.250.1.71.2.10"}]},{"code":"as","display":"assamais","designation":[{"use":{"code":"OID"},"value":"urn:oid:1.2.250.1.71.2.10"}]},{"code":"av","display":"avar","designation":[{"use":{"code":"OID"},"value":"urn:oid:1.2.250.1.71.2.10"}]},{"code":"ay","display":"aymara","designation":[{"use":{"code":"OID"},"value":"urn:oid:1.2.250.1.71.2.10"}]},{"code":"az","display":"azéri, azerbaïdjanais","designation":[{"use":{"code":"OID"},"value":"urn:oid:1.2.250.1.71.2.10"}]},{"code":"ba","display":"bachkir, bashkir","designation":[{"use":{"code":"OID"},"value":"urn:oid:1.2.250.1.71.2.10"}]},{"code":"be","display":"biélorusse","designation":[{"use":{"code":"OID"},"value":"urn:oid:1.2.250.1.71.2.10"}]},{"code":"bg","display":"bulgare","designation":[{"use":{"code":"OID"},"value":"urn:oid:1.2.250.1.71.2.10"}]},{"code":"bh","display":"bihari","designation":[{"use":{"code":"OID"},"value":"urn:oid:1.2.250.1.71.2.10"}]},{"code":"bi","display":"bichlamar, bislama","designation":[{"use":{"code":"OID"},"value":"urn:oid:1.2.250.1.71.2.10"}]},{"code":"bm","display":"bambara","designation":[{"use":{"code":"OID"},"value":"urn:oid:1.2.250.1.71.2.10"}]},{"code":"bn","display":"bengali","designation":[{"use":{"code":"OID"},"value":"urn:oid:1.2.250.1.71.2.10"}]},{"code":"bo","display":"tibétain","designation":[{"use":{"code":"OID"},"value":"urn:oid:1.2.250.1.71.2.10"}]},{"code":"br","display":"breton","designation":[{"use":{"code":"OID"},"value":"urn:oid:1.2.250.1.71.2.10"}]},{"code":"bs","display":"bosniaque","designation":[{"use":{"code":"OID"},"value":"urn:oid:1.2.250.1.71.2.10"}]},{"code":"ca","display":"catalan, valencien","designation":[{"use":{"code":"OID"},"value":"urn:oid:1.2.250.1.71.2.10"}]},{"code":"ce","display":"tchétchène","designation":[{"use":{"code":"OID"},"value":"urn:oid:1.2.250.1.71.2.10"}]},{"code":"ch","display":"chamorro","designation":[{"use":{"code":"OID"},"value":"urn:oid:1.2.250.1.71.2.10"}]},{"code":"co","display":"corse","designation":[{"use":{"code":"OID"},"value":"urn:oid:1.2.250.1.71.2.10"}]},{"code":"cr","display":"cree","designation":[{"use":{"code":"OID"},"value":"urn:oid:1.2.250.1.71.2.10"}]},{"code":"cs","display":"tchèque","designation":[{"use":{"code":"OID"},"value":"urn:oid:1.2.250.1.71.2.10"}]},{"code":"cu","display":"slavon d'église, slavon liturgique, vieux slave, vieux bulgare","designation":[{"use":{"code":"OID"},"value":"urn:oid:1.2.250.1.71.2.10"}]},{"code":"cv","display":"tchouvache","designation":[{"use":{"code":"OID"},"value":"urn:oid:1.2.250.1.71.2.10"}]},{"code":"cy","display":"gallois","designation":[{"use":{"code":"OID"},"value":"urn:oid:1.2.250.1.71.2.10"}]},{"code":"da","display":"danois","designation":[{"use":{"code":"OID"},"value":"urn:oid:1.2.250.1.71.2.10"}]},{"code":"de","display":"allemand","designation":[{"use":{"code":"OID"},"value":"urn:oid:1.2.250.1.71.2.10"}]},{"code":"dv","display":"maldivien","designation":[{"use":{"code":"OID"},"value":"urn:oid:1.2.250.1.71.2.10"}]},{"code":"dz","display":"dzongkha, bhoutani","designation":[{"use":{"code":"OID"},"value":"urn:oid:1.2.250.1.71.2.10"}]},{"code":"ee","display":"éwé","designation":[{"use":{"code":"OID"},"value":"urn:oid:1.2.250.1.71.2.10"}]},{"code":"el","display":"grec moderne (après 1453)","designation":[{"use":{"code":"OID"},"value":"urn:oid:1.2.250.1.71.2.10"}]},{"code":"en","display":"anglais","designation":[{"use":{"code":"OID"},"value":"urn:oid:1.2.250.1.71.2.10"}]},{"code":"eo","display":"espéranto","designation":[{"use":{"code":"OID"},"value":"urn:oid:1.2.250.1.71.2.10"}]},{"code":"es","display":"espagnol, castillan","designation":[{"use":{"code":"OID"},"value":"urn:oid:1.2.250.1.71.2.10"}]},{"code":"et","display":"estonien","designation":[{"use":{"code":"OID"},"value":"urn:oid:1.2.250.1.71.2.10"}]},{"code":"eu","display":"basque","designation":[{"use":{"code":"OID"},"value":"urn:oid:1.2.250.1.71.2.10"}]},{"code":"fa","display":"farsi, persan","designation":[{"use":{"code":"OID"},"value":"urn:oid:1.2.250.1.71.2.10"}]},{"code":"ff","display":"peul","designation":[{"use":{"code":"OID"},"value":"urn:oid:1.2.250.1.71.2.10"}]},{"code":"fi","display":"finnois","designation":[{"use":{"code":"OID"},"value":"urn:oid:1.2.250.1.71.2.10"}]},{"code":"fj","display":"fidjien","designation":[{"use":{"code":"OID"},"value":"urn:oid:1.2.250.1.71.2.10"}]},{"code":"fo","display":"féroïen","designation":[{"use":{"code":"OID"},"value":"urn:oid:1.2.250.1.71.2.10"}]},{"code":"fy","display":"frison","designation":[{"use":{"code":"OID"},"value":"urn:oid:1.2.250.1.71.2.10"}]},{"code":"ga","display":"irlandais","designation":[{"use":{"code":"OID"},"value":"urn:oid:1.2.250.1.71.2.10"}]},{"code":"gd","display":"gaélique, gaélique écossais","designation":[{"use":{"code":"OID"},"value":"urn:oid:1.2.250.1.71.2.10"}]},{"code":"gl","display":"galicien","designation":[{"use":{"code":"OID"},"value":"urn:oid:1.2.250.1.71.2.10"}]},{"code":"gn","display":"guarani","designation":[{"use":{"code":"OID"},"value":"urn:oid:1.2.250.1.71.2.10"}]},{"code":"gu","display":"gujarati, goudjrati","designation":[{"use":{"code":"OID"},"value":"urn:oid:1.2.250.1.71.2.10"}]},{"code":"gv","display":"mannois, manx","designation":[{"use":{"code":"OID"},"value":"urn:oid:1.2.250.1.71.2.10"}]},{"code":"ha","display":"haoussa","designation":[{"use":{"code":"OID"},"value":"urn:oid:1.2.250.1.71.2.10"}]},{"code":"he","display":"hébreu","designation":[{"use":{"code":"OID"},"value":"urn:oid:1.2.250.1.71.2.10"}]},{"code":"hi","display":"hindi","designation":[{"use":{"code":"OID"},"value":"urn:oid:1.2.250.1.71.2.10"}]},{"code":"ho","display":"hiri motu","designation":[{"use":{"code":"OID"},"value":"urn:oid:1.2.250.1.71.2.10"}]},{"code":"hr","display":"croate","designation":[{"use":{"code":"OID"},"value":"urn:oid:1.2.250.1.71.2.10"}]},{"code":"ht","display":"créole haïtien","designation":[{"use":{"code":"OID"},"value":"urn:oid:1.2.250.1.71.2.10"}]},{"code":"hu","display":"hongrois","designation":[{"use":{"code":"OID"},"value":"urn:oid:1.2.250.1.71.2.10"}]},{"code":"hy","display":"arménien","designation":[{"use":{"code":"OID"},"value":"urn:oid:1.2.250.1.71.2.10"}]},{"code":"hz","display":"herero","designation":[{"use":{"code":"OID"},"value":"urn:oid:1.2.250.1.71.2.10"}]},{"code":"ia","display":"interlingua (langue auxiliaire internationale)","designation":[{"use":{"code":"OID"},"value":"urn:oid:1.2.250.1.71.2.10"}]},{"code":"id","display":"indonésien","designation":[{"use":{"code":"OID"},"value":"urn:oid:1.2.250.1.71.2.10"}]},{"code":"ie","display":"interlingue","designation":[{"use":{"code":"OID"},"value":"urn:oid:1.2.250.1.71.2.10"}]},{"code":"ig","display":"igbo","designation":[{"use":{"code":"OID"},"value":"urn:oid:1.2.250.1.71.2.10"}]},{"code":"ii","display":"Sichuan Yi","designation":[{"use":{"code":"OID"},"value":"urn:oid:1.2.250.1.71.2.10"}]},{"code":"ik","display":"inupiaq","designation":[{"use":{"code":"OID"},"value":"urn:oid:1.2.250.1.71.2.10"}]},{"code":"io","display":"ido","designation":[{"use":{"code":"OID"},"value":"urn:oid:1.2.250.1.71.2.10"}]},{"code":"is","display":"islandais","designation":[{"use":{"code":"OID"},"value":"urn:oid:1.2.250.1.71.2.10"}]},{"code":"it","display":"italien","designation":[{"use":{"code":"OID"},"value":"urn:oid:1.2.250.1.71.2.10"}]},{"code":"iu","display":"inuktitut","designation":[{"use":{"code":"OID"},"value":"urn:oid:1.2.250.1.71.2.10"}]},{"code":"ja","display":"japonais","designation":[{"use":{"code":"OID"},"value":"urn:oid:1.2.250.1.71.2.10"}]},{"code":"jv","display":"javanais","designation":[{"use":{"code":"OID"},"value":"urn:oid:1.2.250.1.71.2.10"}]},{"code":"ka","display":"géorgien","designation":[{"use":{"code":"OID"},"value":"urn:oid:1.2.250.1.71.2.10"}]},{"code":"kg","display":"kongo","designation":[{"use":{"code":"OID"},"value":"urn:oid:1.2.250.1.71.2.10"}]},{"code":"ki","display":"kikuyu","designation":[{"use":{"code":"OID"},"value":"urn:oid:1.2.250.1.71.2.10"}]},{"code":"kj","display":"kwanyama, kuanyama","designation":[{"use":{"code":"OID"},"value":"urn:oid:1.2.250.1.71.2.10"}]},{"code":"kk","display":"kazakh","designation":[{"use":{"code":"OID"},"value":"urn:oid:1.2.250.1.71.2.10"}]},{"code":"kl","display":"groenlandais","designation":[{"use":{"code":"OID"},"value":"urn:oid:1.2.250.1.71.2.10"}]},{"code":"km","display":"khmer, cambodgien","designation":[{"use":{"code":"OID"},"value":"urn:oid:1.2.250.1.71.2.10"}]},{"code":"kn","display":"kannada","designation":[{"use":{"code":"OID"},"value":"urn:oid:1.2.250.1.71.2.10"}]},{"code":"ko","display":"coréen","designation":[{"use":{"code":"OID"},"value":"urn:oid:1.2.250.1.71.2.10"}]},{"code":"kr","display":"kanouri","designation":[{"use":{"code":"OID"},"value":"urn:oid:1.2.250.1.71.2.10"}]},{"code":"ks","display":"kashmiri","designation":[{"use":{"code":"OID"},"value":"urn:oid:1.2.250.1.71.2.10"}]},{"code":"ku","display":"kurde","designation":[{"use":{"code":"OID"},"value":"urn:oid:1.2.250.1.71.2.10"}]},{"code":"kv","display":"komi","designation":[{"use":{"code":"OID"},"value":"urn:oid:1.2.250.1.71.2.10"}]},{"code":"kw","display":"cornique","designation":[{"use":{"code":"OID"},"value":"urn:oid:1.2.250.1.71.2.10"}]},{"code":"ky","display":"kirghize","designation":[{"use":{"code":"OID"},"value":"urn:oid:1.2.250.1.71.2.10"}]},{"code":"la","display":"latin","designation":[{"use":{"code":"OID"},"value":"urn:oid:1.2.250.1.71.2.10"}]},{"code":"lb","display":"luxembourgeois","designation":[{"use":{"code":"OID"},"value":"urn:oid:1.2.250.1.71.2.10"}]},{"code":"lg","display":"louganda, ganda","designation":[{"use":{"code":"OID"},"value":"urn:oid:1.2.250.1.71.2.10"}]},{"code":"li","display":"limbourgeois","designation":[{"use":{"code":"OID"},"value":"urn:oid:1.2.250.1.71.2.10"}]},{"code":"ln","display":"lingala","designation":[{"use":{"code":"OID"},"value":"urn:oid:1.2.250.1.71.2.10"}]},{"code":"lo","display":"laotien, lao","designation":[{"use":{"code":"OID"},"value":"urn:oid:1.2.250.1.71.2.10"}]},{"code":"ls","display":"langue des signes française","designation":[{"use":{"code":"OID"},"value":"urn:oid:1.2.250.1.71.2.10"}]},{"code":"lt","display":"lituanien","designation":[{"use":{"code":"OID"},"value":"urn:oid:1.2.250.1.71.2.10"}]},{"code":"lu","display":"luba-katanga","designation":[{"use":{"code":"OID"},"value":"urn:oid:1.2.250.1.71.2.10"}]},{"code":"lv","display":"letton","designation":[{"use":{"code":"OID"},"value":"urn:oid:1.2.250.1.71.2.10"}]},{"code":"mg","display":"malgache","designation":[{"use":{"code":"OID"},"value":"urn:oid:1.2.250.1.71.2.10"}]},{"code":"mh","display":"marshall","designation":[{"use":{"code":"OID"},"value":"urn:oid:1.2.250.1.71.2.10"}]},{"code":"mi","display":"maori","designation":[{"use":{"code":"OID"},"value":"urn:oid:1.2.250.1.71.2.10"}]},{"code":"mk","display":"macédonien","designation":[{"use":{"code":"OID"},"value":"urn:oid:1.2.250.1.71.2.10"}]},{"code":"ml","display":"malayalam","designation":[{"use":{"code":"OID"},"value":"urn:oid:1.2.250.1.71.2.10"}]},{"code":"mn","display":"mongol","designation":[{"use":{"code":"OID"},"value":"urn:oid:1.2.250.1.71.2.10"}]},{"code":"mo","display":"moldave","designation":[{"use":{"code":"OID"},"value":"urn:oid:1.2.250.1.71.2.10"}]},{"code":"mr","display":"marathe","designation":[{"use":{"code":"OID"},"value":"urn:oid:1.2.250.1.71.2.10"}]},{"code":"ms","display":"malais","designation":[{"use":{"code":"OID"},"value":"urn:oid:1.2.250.1.71.2.10"}]},{"code":"mt","display":"maltais","designation":[{"use":{"code":"OID"},"value":"urn:oid:1.2.250.1.71.2.10"}]},{"code":"my","display":"birman","designation":[{"use":{"code":"OID"},"value":"urn:oid:1.2.250.1.71.2.10"}]},{"code":"na","display":"nauri","designation":[{"use":{"code":"OID"},"value":"urn:oid:1.2.250.1.71.2.10"}]},{"code":"nb","display":"norvégien bokmål","designation":[{"use":{"code":"OID"},"value":"urn:oid:1.2.250.1.71.2.10"}]},{"code":"nd","display":"ndébélé du Nord","designation":[{"use":{"code":"OID"},"value":"urn:oid:1.2.250.1.71.2.10"}]},{"code":"ne","display":"népalais","designation":[{"use":{"code":"OID"},"value":"urn:oid:1.2.250.1.71.2.10"}]},{"code":"ng","display":"ndonga","designation":[{"use":{"code":"OID"},"value":"urn:oid:1.2.250.1.71.2.10"}]},{"code":"nl","display":"néerlandais","designation":[{"use":{"code":"OID"},"value":"urn:oid:1.2.250.1.71.2.10"}]},{"code":"nn","display":"norvégien nynorsk","designation":[{"use":{"code":"OID"},"value":"urn:oid:1.2.250.1.71.2.10"}]},{"code":"no","display":"norvégien","designation":[{"use":{"code":"OID"},"value":"urn:oid:1.2.250.1.71.2.10"}]},{"code":"nr","display":"ndébélé du Sud","designation":[{"use":{"code":"OID"},"value":"urn:oid:1.2.250.1.71.2.10"}]},{"code":"nv","display":"navaho","designation":[{"use":{"code":"OID"},"value":"urn:oid:1.2.250.1.71.2.10"}]},{"code":"ny","display":"chichewa, chewa, nyanja","designation":[{"use":{"code":"OID"},"value":"urn:oid:1.2.250.1.71.2.10"}]},{"code":"oc","display":"occitan, provençal (après 1500)","designation":[{"use":{"code":"OID"},"value":"urn:oid:1.2.250.1.71.2.10"}]},{"code":"oj","display":"ojibwa","designation":[{"use":{"code":"OID"},"value":"urn:oid:1.2.250.1.71.2.10"}]},{"code":"om","display":"oromo, afan oromo, galla","designation":[{"use":{"code":"OID"},"value":"urn:oid:1.2.250.1.71.2.10"}]},{"code":"or","display":"oriya","designation":[{"use":{"code":"OID"},"value":"urn:oid:1.2.250.1.71.2.10"}]},{"code":"os","display":"ossète","designation":[{"use":{"code":"OID"},"value":"urn:oid:1.2.250.1.71.2.10"}]},{"code":"pa","display":"punjabi, panjabi, pendjabi","designation":[{"use":{"code":"OID"},"value":"urn:oid:1.2.250.1.71.2.10"}]},{"code":"pi","display":"pali","designation":[{"use":{"code":"OID"},"value":"urn:oid:1.2.250.1.71.2.10"}]},{"code":"pl","display":"polonais","designation":[{"use":{"code":"OID"},"value":"urn:oid:1.2.250.1.71.2.10"}]},{"code":"ps","display":"pachto, pashto, pushto","designation":[{"use":{"code":"OID"},"value":"urn:oid:1.2.250.1.71.2.10"}]},{"code":"pt","display":"portugais","designation":[{"use":{"code":"OID"},"value":"urn:oid:1.2.250.1.71.2.10"}]},{"code":"qu","display":"quechua, quichua","designation":[{"use":{"code":"OID"},"value":"urn:oid:1.2.250.1.71.2.10"}]},{"code":"rc","display":"créole réunionnais","designation":[{"use":{"code":"OID"},"value":"urn:oid:1.2.250.1.71.2.10"}]},{"code":"rm","display":"rhéto-roman","designation":[{"use":{"code":"OID"},"value":"urn:oid:1.2.250.1.71.2.10"}]},{"code":"rn","display":"kirundi, rundi","designation":[{"use":{"code":"OID"},"value":"urn:oid:1.2.250.1.71.2.10"}]},{"code":"ro","display":"roumain","designation":[{"use":{"code":"OID"},"value":"urn:oid:1.2.250.1.71.2.10"}]},{"code":"ru","display":"russe","designation":[{"use":{"code":"OID"},"value":"urn:oid:1.2.250.1.71.2.10"}]},{"code":"rw","display":"kinyarwanda, rwanda","designation":[{"use":{"code":"OID"},"value":"urn:oid:1.2.250.1.71.2.10"}]},{"code":"sa","display":"sanskrit","designation":[{"use":{"code":"OID"},"value":"urn:oid:1.2.250.1.71.2.10"}]},{"code":"sc","display":"sarde","designation":[{"use":{"code":"OID"},"value":"urn:oid:1.2.250.1.71.2.10"}]},{"code":"sd","display":"sindhi","designation":[{"use":{"code":"OID"},"value":"urn:oid:1.2.250.1.71.2.10"}]},{"code":"se","display":"sami du Nord","designation":[{"use":{"code":"OID"},"value":"urn:oid:1.2.250.1.71.2.10"}]},{"code":"sg","display":"sango","designation":[{"use":{"code":"OID"},"value":"urn:oid:1.2.250.1.71.2.10"}]},{"code":"sh","display":"serbo-croate","designation":[{"use":{"code":"OID"},"value":"urn:oid:1.2.250.1.71.2.10"}]},{"code":"si","display":"singhalais","designation":[{"use":{"code":"OID"},"value":"urn:oid:1.2.250.1.71.2.10"}]},{"code":"sk","display":"slovaque","designation":[{"use":{"code":"OID"},"value":"urn:oid:1.2.250.1.71.2.10"}]},{"code":"sl","display":"slovène","designation":[{"use":{"code":"OID"},"value":"urn:oid:1.2.250.1.71.2.10"}]},{"code":"sm","display":"samoan","designation":[{"use":{"code":"OID"},"value":"urn:oid:1.2.250.1.71.2.10"}]},{"code":"sn","display":"shona","designation":[{"use":{"code":"OID"},"value":"urn:oid:1.2.250.1.71.2.10"}]},{"code":"so","display":"somali","designation":[{"use":{"code":"OID"},"value":"urn:oid:1.2.250.1.71.2.10"}]},{"code":"sq","display":"albanais","designation":[{"use":{"code":"OID"},"value":"urn:oid:1.2.250.1.71.2.10"}]},{"code":"sr","display":"serbe","designation":[{"use":{"code":"OID"},"value":"urn:oid:1.2.250.1.71.2.10"}]},{"code":"ss","display":"swazi, swati, siswati","designation":[{"use":{"code":"OID"},"value":"urn:oid:1.2.250.1.71.2.10"}]},{"code":"st","display":"sesotho, sotho du Sud","designation":[{"use":{"code":"OID"},"value":"urn:oid:1.2.250.1.71.2.10"}]},{"code":"su","display":"soundanais","designation":[{"use":{"code":"OID"},"value":"urn:oid:1.2.250.1.71.2.10"}]},{"code":"sv","display":"suédois","designation":[{"use":{"code":"OID"},"value":"urn:oid:1.2.250.1.71.2.10"}]},{"code":"sw","display":"swahili","designation":[{"use":{"code":"OID"},"value":"urn:oid:1.2.250.1.71.2.10"}]},{"code":"ta","display":"tamoul, tamil","designation":[{"use":{"code":"OID"},"value":"urn:oid:1.2.250.1.71.2.10"}]},{"code":"te","display":"télougou","designation":[{"use":{"code":"OID"},"value":"urn:oid:1.2.250.1.71.2.10"}]},{"code":"tg","display":"tadjik","designation":[{"use":{"code":"OID"},"value":"urn:oid:1.2.250.1.71.2.10"}]},{"code":"th","display":"thaï","designation":[{"use":{"code":"OID"},"value":"urn:oid:1.2.250.1.71.2.10"}]},{"code":"ti","display":"tigrigna","designation":[{"use":{"code":"OID"},"value":"urn:oid:1.2.250.1.71.2.10"}]},{"code":"tk","display":"turkmène","designation":[{"use":{"code":"OID"},"value":"urn:oid:1.2.250.1.71.2.10"}]},{"code":"tl","display":"tagal, tagalog","designation":[{"use":{"code":"OID"},"value":"urn:oid:1.2.250.1.71.2.10"}]},{"code":"tn","display":"setchwana, tswana","designation":[{"use":{"code":"OID"},"value":"urn:oid:1.2.250.1.71.2.10"}]},{"code":"to","display":"tonga (îles Tonga)","designation":[{"use":{"code":"OID"},"value":"urn:oid:1.2.250.1.71.2.10"}]},{"code":"tr","display":"turc","designation":[{"use":{"code":"OID"},"value":"urn:oid:1.2.250.1.71.2.10"}]},{"code":"ts","display":"tsonga","designation":[{"use":{"code":"OID"},"value":"urn:oid:1.2.250.1.71.2.10"}]},{"code":"tt","display":"tatar","designation":[{"use":{"code":"OID"},"value":"urn:oid:1.2.250.1.71.2.10"}]},{"code":"tw","display":"twi","designation":[{"use":{"code":"OID"},"value":"urn:oid:1.2.250.1.71.2.10"}]},{"code":"ty","display":"tahitien","designation":[{"use":{"code":"OID"},"value":"urn:oid:1.2.250.1.71.2.10"}]},{"code":"ug","display":"ouïgour","designation":[{"use":{"code":"OID"},"value":"urn:oid:1.2.250.1.71.2.10"}]},{"code":"uk","display":"ukrainien","designation":[{"use":{"code":"OID"},"value":"urn:oid:1.2.250.1.71.2.10"}]},{"code":"ur","display":"ourdou","designation":[{"use":{"code":"OID"},"value":"urn:oid:1.2.250.1.71.2.10"}]},{"code":"uz","display":"ouszbek","designation":[{"use":{"code":"OID"},"value":"urn:oid:1.2.250.1.71.2.10"}]},{"code":"ve","display":"venda","designation":[{"use":{"code":"OID"},"value":"urn:oid:1.2.250.1.71.2.10"}]},{"code":"vi","display":"vietnamien","designation":[{"use":{"code":"OID"},"value":"urn:oid:1.2.250.1.71.2.10"}]},{"code":"vo","display":"volapük","designation":[{"use":{"code":"OID"},"value":"urn:oid:1.2.250.1.71.2.10"}]},{"code":"wa","display":"wallon","designation":[{"use":{"code":"OID"},"value":"urn:oid:1.2.250.1.71.2.10"}]},{"code":"wo","display":"wolof","designation":[{"use":{"code":"OID"},"value":"urn:oid:1.2.250.1.71.2.10"}]},{"code":"xh","display":"xhosa","designation":[{"use":{"code":"OID"},"value":"urn:oid:1.2.250.1.71.2.10"}]},{"code":"yi","display":"yiddish","designation":[{"use":{"code":"OID"},"value":"urn:oid:1.2.250.1.71.2.10"}]},{"code":"yo","display":"yorouba, yoruba","designation":[{"use":{"code":"OID"},"value":"urn:oid:1.2.250.1.71.2.10"}]},{"code":"za","display":"zhuang, chuang","designation":[{"use":{"code":"OID"},"value":"urn:oid:1.2.250.1.71.2.10"}]},{"code":"zh","display":"chinois","designation":[{"use":{"code":"OID"},"value":"urn:oid:1.2.250.1.71.2.10"}]},{"code":"zu","display":"zoulou","designation":[{"use":{"code":"OID"},"value":"urn:oid:1.2.250.1.71.2.10"}]}]}]}}