<?xml version="1.0" encoding="UTF-8"?><CodeSystem xmlns="http://hl7.org/fhir"><id value="TRE-R354-TypeIdentifiantRessourceOperationnelle"/><text><status value="generated"/><div xmlns="http://www.w3.org/1999/xhtml"><p class="res-header-id"><b>Generated Narrative: CodeSystem TRE-R354-TypeIdentifiantRessourceOperationnelle</b></p><a name="TRE-R354-TypeIdentifiantRessourceOperationnelle"> </a><a name="hcTRE-R354-TypeIdentifiantRessourceOperationnelle"> </a><a name="TRE-R354-TypeIdentifiantRessourceOperationnelle-en-US"> </a><p><b>Properties</b></p><p><b>This code system defines the following properties for its concepts</b></p><table class="grid"><tr><td><b>Name</b></td><td><b>Code</b></td><td><b>Type</b></td><td><b>Description</b></td></tr><tr><td>dateValid</td><td>dateValid</td><td>dateTime</td><td>date de validité d'un code concept</td></tr><tr><td>dateMaj</td><td>dateMaj</td><td>dateTime</td><td>Date de mise à jour d'un code concept</td></tr><tr><td>dateFin</td><td>dateFin</td><td>dateTime</td><td>Date de fin d'exploitation d'un code concept</td></tr></table><p><b>Concepts</b></p><p>This  code system <code>https://mos.esante.gouv.fr/NOS/TRE_R354-TypeIdentifiantRessourceOperationnelle/FHIR/TRE-R354-TypeIdentifiantRessourceOperationnelle</code> defines the following codes:</p><table class="codes"><tr><td style="white-space:nowrap"><b>Code</b></td><td><b>Display</b></td><td><b>Definition</b></td><td><b>dateValid</b></td><td><b>dateMaj</b></td></tr><tr><td style="white-space:nowrap">25<a name="TRE-R354-TypeIdentifiantRessourceOperationnelle-25"> </a></td><td>Identifiant du lieu de réalisation de l'offre connu par l'instance ROR</td><td>Correspond à l'identifiant du lieu, appelé identifiant du point de saisie dans le service de synchronisation du capacitaire</td><td>2023-03-31T12:00:00+01:00</td><td>2023-03-31T12:00:00+01:00</td></tr><tr><td style="white-space:nowrap">26<a name="TRE-R354-TypeIdentifiantRessourceOperationnelle-26"> </a></td><td>Identifiant de la zone d'hébergement connu par l'établissement</td><td>Identifiant connu par l'établissement dans son SI (Bed management, …) et correspondant à l'Id Externe de Synchro dans le service de synchronisation du capacitaire</td><td>2023-03-31T12:00:00+01:00</td><td>2023-03-31T12:00:00+01:00</td></tr></table></div></text><extension url="http://hl7.org/fhir/StructureDefinition/resource-effectivePeriod"><valuePeriod><start value="2023-03-31T12:00:00+01:00"/></valuePeriod></extension><url value="https://mos.esante.gouv.fr/NOS/TRE_R354-TypeIdentifiantRessourceOperationnelle/FHIR/TRE-R354-TypeIdentifiantRessourceOperationnelle"/><identifier><value value="urn:oid:1.2.250.1.213.3.3.244"/></identifier><version value="1.2.0"/><name value="TRE_R354-TypeIdentifiantRessourceOperationnelle"/><status value="active"/><date value="2024-03-29T12:00:00+01:00"/><publisher value="ANS"/><contact><name value="ANS"/><telecom><system value="url"/><value value="https://esante.gouv.fr"/></telecom></contact><description value="Type d'identifiant des ressources opérationnelles"/><content value="complete"/><property><code value="dateValid"/><description value="date de validité d'un code concept"/><type value="dateTime"/></property><property><code value="dateMaj"/><description value="Date de mise à jour d'un code concept"/><type value="dateTime"/></property><property><code value="dateFin"/><description value="Date de fin d'exploitation d'un code concept"/><type value="dateTime"/></property><concept><code value="25"/><display value="Identifiant du lieu de réalisation de l'offre connu par l'instance ROR"/><definition value="Correspond à l'identifiant du lieu, appelé identifiant du point de saisie dans le service de synchronisation du capacitaire"/><designation><use><code value="LibelleCourt"/></use><value value="RORR_PTSAI _LOCID"/></designation><designation><use><code value="LibelleAdapte"/></use><value value="Identifiant du lieu de réalisation de l'offre connu par l'instance ROR"/></designation><property><code value="dateValid"/><valueDateTime value="2023-03-31T12:00:00+01:00"/></property><property><code value="dateMaj"/><valueDateTime value="2023-03-31T12:00:00+01:00"/></property></concept><concept><code value="26"/><display value="Identifiant de la zone d'hébergement connu par l'établissement"/><definition value="Identifiant connu par l'établissement dans son SI (Bed management, …) et correspondant à l'Id Externe de Synchro dans le service de synchronisation du capacitaire"/><designation><use><code value="LibelleCourt"/></use><value value="RORR_ETAB_ LOCID"/></designation><designation><use><code value="LibelleAdapte"/></use><value value="Identifiant de la zone d'hébergement connu par l'établissement"/></designation><property><code value="dateValid"/><valueDateTime value="2023-03-31T12:00:00+01:00"/></property><property><code value="dateMaj"/><valueDateTime value="2023-03-31T12:00:00+01:00"/></property></concept></CodeSystem>