<?xml version="1.0" encoding="UTF-8"?><CodeSystem xmlns="http://hl7.org/fhir"><id value="TRE-R320-BesoinCommunication"/><text><status value="generated"/><div xmlns="http://www.w3.org/1999/xhtml"><p><b>Properties</b></p><p><b>This code system  defines the following properties for its concepts</b></p><table class="grid"><tr><td><b>Code</b></td><td><b>Type</b></td><td><b>Description</b></td></tr><tr><td>dateValid</td><td>dateTime</td><td>date de validité d'un code concept</td></tr><tr><td>dateMaj</td><td>dateTime</td><td>Date de mise à jour d'un code concept</td></tr><tr><td>dateFin</td><td>dateTime</td><td>Date de fin d'exploitation d'un code concept</td></tr></table><p><b>Concepts</b></p><p>This  code system <code>https://mos.esante.gouv.fr/NOS/TRE_R320-BesoinCommunication/FHIR/TRE-R320-BesoinCommunication</code> defines the following codes:</p><table class="codes"><tr><td style="white-space:nowrap"><b>Code</b></td><td><b>Display</b></td><td><b>Definition</b></td><td><b>dateValid</b></td><td><b>dateMaj</b></td></tr><tr><td style="white-space:nowrap">01<a name="TRE-R320-BesoinCommunication-01"> </a></td><td>Pour communiquer</td><td>La personne a besoin d'aide pour communiquer</td><td>2021-09-24T12:00:00+01:00</td><td>2021-09-24T12:00:00+01:00</td></tr><tr><td style="white-space:nowrap">02<a name="TRE-R320-BesoinCommunication-02"> </a></td><td>Pour les relations avec les autres</td><td>La personne a besoin d'aide pour les relations avec les autres</td><td>2021-09-24T12:00:00+01:00</td><td>2021-09-24T12:00:00+01:00</td></tr><tr><td style="white-space:nowrap">03<a name="TRE-R320-BesoinCommunication-03"> </a></td><td>Pour assurer sa sécurité</td><td>La personne a besoin d'aide pour assurer sa sécurité</td><td>2021-09-24T12:00:00+01:00</td><td>2021-09-24T12:00:00+01:00</td></tr></table></div></text><extension url="http://hl7.org/fhir/StructureDefinition/resource-effectivePeriod"><valuePeriod><start value="2021-09-24T12:00:00+01:00"/></valuePeriod></extension><url value="https://mos.esante.gouv.fr/NOS/TRE_R320-BesoinCommunication/FHIR/TRE-R320-BesoinCommunication"/><identifier><value value="urn:oid:1.2.250.1.213.3.3.75"/></identifier><version value="1.2.0"/><name value="TRE_R320-BesoinCommunication"/><status value="active"/><date value="2024-03-29T12:00:00+01:00"/><publisher value="ANS"/><contact><name value="ANS"/><telecom><system value="url"/><value value="https://esante.gouv.fr"/></telecom></contact><description value="Caractérise les besoins d'aide de la personne en matière de scolarité, en lien avec la communication"/><content value="complete"/><property><code value="dateValid"/><description value="date de validité d'un code concept"/><type value="dateTime"/></property><property><code value="dateMaj"/><description value="Date de mise à jour d'un code concept"/><type value="dateTime"/></property><property><code value="dateFin"/><description value="Date de fin d'exploitation d'un code concept"/><type value="dateTime"/></property><concept><code value="01"/><display value="Pour communiquer"/><definition value="La personne a besoin d'aide pour communiquer"/><designation><use><code value="LibelleCourt"/></use><value value="Pour communiquer"/></designation><designation><use><code value="LibelleAdapte"/></use><value value="Pour communiquer"/></designation><property><code value="dateValid"/><valueDateTime value="2021-09-24T12:00:00+01:00"/></property><property><code value="dateMaj"/><valueDateTime value="2021-09-24T12:00:00+01:00"/></property></concept><concept><code value="02"/><display value="Pour les relations avec les autres"/><definition value="La personne a besoin d'aide pour les relations avec les autres"/><designation><use><code value="LibelleCourt"/></use><value value="Pour relations avec les autres"/></designation><designation><use><code value="LibelleAdapte"/></use><value value="Pour les relations avec les autres"/></designation><property><code value="dateValid"/><valueDateTime value="2021-09-24T12:00:00+01:00"/></property><property><code value="dateMaj"/><valueDateTime value="2021-09-24T12:00:00+01:00"/></property></concept><concept><code value="03"/><display value="Pour assurer sa sécurité"/><definition value="La personne a besoin d'aide pour assurer sa sécurité"/><designation><use><code value="LibelleCourt"/></use><value value="Pour assurer sa sécurité"/></designation><designation><use><code value="LibelleAdapte"/></use><value value="Pour assurer sa sécurité"/></designation><property><code value="dateValid"/><valueDateTime value="2021-09-24T12:00:00+01:00"/></property><property><code value="dateMaj"/><valueDateTime value="2021-09-24T12:00:00+01:00"/></property></concept></CodeSystem>