<?xml version="1.0" encoding="UTF-8"?><CodeSystem xmlns="http://hl7.org/fhir"><id value="TRE-R302-ContexteCodeComplementaire"/><text><status value="generated"/><div xmlns="http://www.w3.org/1999/xhtml"><p><b>Properties</b></p><p><b>This code system defines the following properties for its concepts</b></p><table class="grid"><tr><td><b>Code</b></td><td><b>Type</b></td><td><b>Description</b></td></tr><tr><td>dateValid</td><td>dateTime</td><td>date de validité d'un code concept</td></tr><tr><td>dateMaj</td><td>dateTime</td><td>Date de mise à jour d'un code concept</td></tr><tr><td>dateFin</td><td>dateTime</td><td>Date de fin d'exploitation d'un code concept</td></tr></table><p><b>Concepts</b></p><p>This  code system <code>https://mos.esante.gouv.fr/NOS/TRE_R302-ContexteCodeComplementaire/FHIR/TRE-R302-ContexteCodeComplementaire</code> defines the following codes:</p><table class="codes"><tr><td style="white-space:nowrap"><b>Code</b></td><td><b>Display</b></td><td><b>Definition</b></td><td><b>dateValid</b></td><td><b>dateMaj</b></td></tr><tr><td style="white-space:nowrap">01<a name="TRE-R302-ContexteCodeComplementaire-01"> </a></td><td>Non renseigné</td><td/><td>2020-08-28T12:00:00+01:00</td><td>2020-08-28T12:00:00+01:00</td></tr><tr><td style="white-space:nowrap">02<a name="TRE-R302-ContexteCodeComplementaire-02"> </a></td><td>Autre</td><td>Tout ce qui n'est pas listé de façon exhaustive dans la liste de codes </td><td>2020-08-28T12:00:00+01:00</td><td>2020-08-28T12:00:00+01:00</td></tr><tr><td style="white-space:nowrap">AUT<a name="TRE-R302-ContexteCodeComplementaire-AUT"> </a></td><td>Autre motif</td><td/><td>2020-11-27T12:00:00+01:00</td><td>2020-11-27T12:00:00+01:00</td></tr><tr><td style="white-space:nowrap">CHA<a name="TRE-R302-ContexteCodeComplementaire-CHA"> </a></td><td>Changement d'activité</td><td/><td>2020-11-27T12:00:00+01:00</td><td>2020-11-27T12:00:00+01:00</td></tr><tr><td style="white-space:nowrap">def<a name="TRE-R302-ContexteCodeComplementaire-def"> </a></td><td>Rejet par votre gestionnaire</td><td/><td>2020-11-27T12:00:00+01:00</td><td>2020-11-27T12:00:00+01:00</td></tr></table></div></text><extension url="http://hl7.org/fhir/StructureDefinition/resource-effectivePeriod"><valuePeriod><start value="2020-08-28T12:00:00+01:00"/></valuePeriod></extension><url value="https://mos.esante.gouv.fr/NOS/TRE_R302-ContexteCodeComplementaire/FHIR/TRE-R302-ContexteCodeComplementaire"/><identifier><value value="urn:oid:1.2.250.1.213.3.3.70"/></identifier><version value="1.2.0"/><name value="TRE_R302-ContexteCodeComplementaire"/><status value="active"/><date value="2024-03-29T12:00:00+01:00"/><publisher value="ANS"/><contact><name value="ANS"/><telecom><system value="url"/><value value="https://esante.gouv.fr"/></telecom></contact><description value="Liste des codes complémentaires utilisables dans un contexte particulier"/><content value="complete"/><property><code value="dateValid"/><description value="date de validité d'un code concept"/><type value="dateTime"/></property><property><code value="dateMaj"/><description value="Date de mise à jour d'un code concept"/><type value="dateTime"/></property><property><code value="dateFin"/><description value="Date de fin d'exploitation d'un code concept"/><type value="dateTime"/></property><concept><code value="01"/><display value="Non renseigné"/><designation><use><code value="LibelleCourt"/></use><value value="Non renseigné"/></designation><designation><use><code value="LibelleAdapte"/></use><value value="Non renseigné"/></designation><property><code value="dateValid"/><valueDateTime value="2020-08-28T12:00:00+01:00"/></property><property><code value="dateMaj"/><valueDateTime value="2020-08-28T12:00:00+01:00"/></property></concept><concept><code value="02"/><display value="Autre"/><definition value="Tout ce qui n'est pas listé de façon exhaustive dans la liste de codes "/><designation><use><code value="LibelleCourt"/></use><value value="Autre"/></designation><designation><use><code value="LibelleAdapte"/></use><value value="Autre"/></designation><property><code value="dateValid"/><valueDateTime value="2020-08-28T12:00:00+01:00"/></property><property><code value="dateMaj"/><valueDateTime value="2020-08-28T12:00:00+01:00"/></property></concept><concept><code value="AUT"/><display value="Autre motif"/><designation><use><code value="LibelleCourt"/></use><value value="Autre motif"/></designation><designation><use><code value="LibelleAdapte"/></use><value value="Autre motif"/></designation><property><code value="dateValid"/><valueDateTime value="2020-11-27T12:00:00+01:00"/></property><property><code value="dateMaj"/><valueDateTime value="2020-11-27T12:00:00+01:00"/></property></concept><concept><code value="CHA"/><display value="Changement d'activité"/><designation><use><code value="LibelleCourt"/></use><value value="Changement d'activité"/></designation><designation><use><code value="LibelleAdapte"/></use><value value="Changement d'activité"/></designation><property><code value="dateValid"/><valueDateTime value="2020-11-27T12:00:00+01:00"/></property><property><code value="dateMaj"/><valueDateTime value="2020-11-27T12:00:00+01:00"/></property></concept><concept><code value="def"/><display value="Rejet par votre gestionnaire"/><designation><use><code value="LibelleCourt"/></use><value value="Rejet par votre gestionnaire"/></designation><designation><use><code value="LibelleAdapte"/></use><value value="Rejet par votre gestionnaire d'autorité d'enregistrement"/></designation><property><code value="dateValid"/><valueDateTime value="2020-11-27T12:00:00+01:00"/></property><property><code value="dateMaj"/><valueDateTime value="2020-11-27T12:00:00+01:00"/></property></concept></CodeSystem>