<?xml version="1.0" encoding="UTF-8"?><CodeSystem xmlns="http://hl7.org/fhir"><id value="TRE-A08-HL7Confidentiality"/><text><status value="generated"/><div xmlns="http://www.w3.org/1999/xhtml"><p><b>Properties</b></p><p><b>This code system defines the following properties for its concepts</b></p><table class="grid"><tr><td><b>Code</b></td><td><b>Type</b></td><td><b>Description</b></td></tr><tr><td>dateValid</td><td>dateTime</td><td>date de validité d'un code concept</td></tr><tr><td>dateMaj</td><td>dateTime</td><td>Date de mise à jour d'un code concept</td></tr><tr><td>dateFin</td><td>dateTime</td><td>Date de fin d'exploitation d'un code concept</td></tr></table><p><b>Concepts</b></p><p>This  code system <code>https://mos.esante.gouv.fr/NOS/TRE_A08-HL7Confidentiality/FHIR/TRE-A08-HL7Confidentiality</code> defines the following codes:</p><table class="codes"><tr><td style="white-space:nowrap"><b>Code</b></td><td><b>Display</b></td><td><b>dateValid</b></td><td><b>dateMaj</b></td></tr><tr><td style="white-space:nowrap">N<a name="TRE-A08-HL7Confidentiality-N"> </a></td><td>Normal</td><td>2016-05-19T00:00:00+01:00</td><td>2016-05-19T00:00:00+01:00</td></tr><tr><td style="white-space:nowrap">R<a name="TRE-A08-HL7Confidentiality-R"> </a></td><td>Restreint</td><td>2016-05-19T00:00:00+01:00</td><td>2016-05-19T00:00:00+01:00</td></tr><tr><td style="white-space:nowrap">V<a name="TRE-A08-HL7Confidentiality-V"> </a></td><td>Très restreint</td><td>2016-05-19T00:00:00+01:00</td><td>2016-05-19T00:00:00+01:00</td></tr></table></div></text><extension url="http://hl7.org/fhir/StructureDefinition/resource-effectivePeriod"><valuePeriod><start value="2016-05-19T00:00:00+01:00"/></valuePeriod></extension><url value="https://mos.esante.gouv.fr/NOS/TRE_A08-HL7Confidentiality/FHIR/TRE-A08-HL7Confidentiality"/><identifier><value value="urn:oid:2.16.840.1.113883.5.25"/></identifier><version value="1.2.0"/><name value="TRE_A08-HL7Confidentiality"/><status value="active"/><date value="2023-12-15T12:00:00+01:00"/><publisher value="ANS"/><contact><name value="ANS"/><telecom><system value="url"/><value value="https://esante.gouv.fr"/></telecom></contact><description value="HL7 confidentiality"/><content value="complete"/><property><code value="dateValid"/><description value="date de validité d'un code concept"/><type value="dateTime"/></property><property><code value="dateMaj"/><description value="Date de mise à jour d'un code concept"/><type value="dateTime"/></property><property><code value="dateFin"/><description value="Date de fin d'exploitation d'un code concept"/><type value="dateTime"/></property><concept><code value="N"/><display value="Normal"/><designation><use><code value="LibelleCourt"/></use><value value="Normal"/></designation><designation><use><code value="LibelleAdapte"/></use><value value="Normal"/></designation><designation><use><code value="DescriptionMetier"/></use><value value="Y"/></designation><property><code value="dateValid"/><valueDateTime value="2016-05-19T00:00:00+01:00"/></property><property><code value="dateMaj"/><valueDateTime value="2016-05-19T00:00:00+01:00"/></property></concept><concept><code value="R"/><display value="Restreint"/><designation><use><code value="LibelleCourt"/></use><value value="Restreint"/></designation><designation><use><code value="LibelleAdapte"/></use><value value="Restreint"/></designation><designation><use><code value="DescriptionMetier"/></use><value value="Y"/></designation><property><code value="dateValid"/><valueDateTime value="2016-05-19T00:00:00+01:00"/></property><property><code value="dateMaj"/><valueDateTime value="2016-05-19T00:00:00+01:00"/></property></concept><concept><code value="V"/><display value="Très restreint"/><designation><use><code value="LibelleCourt"/></use><value value="Très restreint"/></designation><designation><use><code value="LibelleAdapte"/></use><value value="Très restreint"/></designation><designation><use><code value="DescriptionMetier"/></use><value value="Y"/></designation><property><code value="dateValid"/><valueDateTime value="2016-05-19T00:00:00+01:00"/></property><property><code value="dateMaj"/><valueDateTime value="2016-05-19T00:00:00+01:00"/></property></concept></CodeSystem>