<?xml version="1.0" encoding="UTF-8"?><CodeSystem xmlns="http://hl7.org/fhir"><id value="TRE-R42-DESCnonQualifiant"/><text><status value="generated"/><div xmlns="http://www.w3.org/1999/xhtml"><p><b>Properties</b></p><p><b>This code system  defines the following properties for its concepts</b></p><table class="grid"><tr><td><b>Code</b></td><td><b>Type</b></td><td><b>Description</b></td></tr><tr><td>dateValid</td><td>dateTime</td><td>date de validité d'un code concept</td></tr><tr><td>dateMaj</td><td>dateTime</td><td>Date de mise à jour d'un code concept</td></tr><tr><td>dateFin</td><td>dateTime</td><td>Date de fin d'exploitation d'un code concept</td></tr></table><p><b>Concepts</b></p><p>This  code system <code>https://mos.esante.gouv.fr/NOS/TRE_R42-DESCnonQualifiant/FHIR/TRE-R42-DESCnonQualifiant</code> defines the following codes:</p><table class="codes"><tr><td style="white-space:nowrap"><b>Code</b></td><td><b>Display</b></td><td><b>dateValid</b></td><td><b>dateMaj</b></td></tr><tr><td style="white-space:nowrap">DSM200<a name="TRE-R42-DESCnonQualifiant-DSM200"> </a></td><td>Addictologie (DNQ)</td><td>2007-07-26T00:00:00+01:00</td><td>2009-02-12T00:00:00+01:00</td></tr><tr><td style="white-space:nowrap">DSM201<a name="TRE-R42-DESCnonQualifiant-DSM201"> </a></td><td>Allergologie et Immunologie clinique (DNQ)</td><td>2007-07-26T00:00:00+01:00</td><td>2016-09-01T00:00:00+01:00</td></tr><tr><td style="white-space:nowrap">DSM202<a name="TRE-R42-DESCnonQualifiant-DSM202"> </a></td><td>Andrologie (DNQ)</td><td>2007-07-26T00:00:00+01:00</td><td>2009-02-12T00:00:00+01:00</td></tr><tr><td style="white-space:nowrap">DSM203<a name="TRE-R42-DESCnonQualifiant-DSM203"> </a></td><td>Biochimie hormonale et métabolique (DNQ)</td><td>2007-07-26T00:00:00+01:00</td><td>2016-09-01T00:00:00+01:00</td></tr><tr><td style="white-space:nowrap">DSM204<a name="TRE-R42-DESCnonQualifiant-DSM204"> </a></td><td>Biologie des agents infectieux (DNQ)</td><td>2007-07-26T00:00:00+01:00</td><td>2016-09-01T00:00:00+01:00</td></tr><tr><td style="white-space:nowrap">DSM205<a name="TRE-R42-DESCnonQualifiant-DSM205"> </a></td><td>Biologie moléculaire (DNQ)</td><td>2007-07-26T00:00:00+01:00</td><td>2009-02-12T00:00:00+01:00</td></tr><tr><td style="white-space:nowrap">DSM206<a name="TRE-R42-DESCnonQualifiant-DSM206"> </a></td><td>Cancérologie (DNQ)</td><td>2007-07-26T00:00:00+01:00</td><td>2009-02-12T00:00:00+01:00</td></tr><tr><td style="white-space:nowrap">DSM207<a name="TRE-R42-DESCnonQualifiant-DSM207"> </a></td><td>Chirurgie de la face et du cou (DNQ)</td><td>2007-07-26T00:00:00+01:00</td><td>2016-09-01T00:00:00+01:00</td></tr><tr><td style="white-space:nowrap">DSM208<a name="TRE-R42-DESCnonQualifiant-DSM208"> </a></td><td>Chirurgie plastique et reconstructrice (DNQ)</td><td>2007-07-26T00:00:00+01:00</td><td>2016-09-01T00:00:00+01:00</td></tr><tr><td style="white-space:nowrap">DSM209<a name="TRE-R42-DESCnonQualifiant-DSM209"> </a></td><td>Chirurgie vasculaire (DNQ)</td><td>2007-07-26T00:00:00+01:00</td><td>2009-02-12T00:00:00+01:00</td></tr><tr><td style="white-space:nowrap">DSM210<a name="TRE-R42-DESCnonQualifiant-DSM210"> </a></td><td>Cytogénétique humaine (DNQ)</td><td>2007-07-26T00:00:00+01:00</td><td>2016-09-01T00:00:00+01:00</td></tr><tr><td style="white-space:nowrap">DSM211<a name="TRE-R42-DESCnonQualifiant-DSM211"> </a></td><td>Dermatopathologie (DNQ)</td><td>2007-07-26T00:00:00+01:00</td><td>2009-02-12T00:00:00+01:00</td></tr><tr><td style="white-space:nowrap">DSM212<a name="TRE-R42-DESCnonQualifiant-DSM212"> </a></td><td>Foetopathologie (DNQ)</td><td>2007-07-26T00:00:00+01:00</td><td>2009-02-12T00:00:00+01:00</td></tr><tr><td style="white-space:nowrap">DSM213<a name="TRE-R42-DESCnonQualifiant-DSM213"> </a></td><td>Gériatrie (DNQ)</td><td>2007-07-26T00:00:00+01:00</td><td>2009-02-12T00:00:00+01:00</td></tr><tr><td style="white-space:nowrap">DSM214<a name="TRE-R42-DESCnonQualifiant-DSM214"> </a></td><td>Hématologie biologique (DNQ)</td><td>2007-07-26T00:00:00+01:00</td><td>2016-09-01T00:00:00+01:00</td></tr><tr><td style="white-space:nowrap">DSM215<a name="TRE-R42-DESCnonQualifiant-DSM215"> </a></td><td>Hématologie maladies du sang (DNQ)</td><td>2007-07-26T00:00:00+01:00</td><td>2016-09-01T00:00:00+01:00</td></tr><tr><td style="white-space:nowrap">DSM216<a name="TRE-R42-DESCnonQualifiant-DSM216"> </a></td><td>Hémobiologie-transfusion (DNQ)</td><td>2007-07-26T00:00:00+01:00</td><td>2016-09-01T00:00:00+01:00</td></tr><tr><td style="white-space:nowrap">DSM217<a name="TRE-R42-DESCnonQualifiant-DSM217"> </a></td><td>Immunologie et Immunopathologie (DNQ)</td><td>2007-07-26T00:00:00+01:00</td><td>2016-09-01T00:00:00+01:00</td></tr><tr><td style="white-space:nowrap">DSM218<a name="TRE-R42-DESCnonQualifiant-DSM218"> </a></td><td>Médecine de la reproduction (DNQ)</td><td>2007-07-26T00:00:00+01:00</td><td>2016-09-01T00:00:00+01:00</td></tr><tr><td style="white-space:nowrap">DSM219<a name="TRE-R42-DESCnonQualifiant-DSM219"> </a></td><td>Médecine du sport (DNQ)</td><td>2007-07-26T00:00:00+01:00</td><td>2009-02-12T00:00:00+01:00</td></tr><tr><td style="white-space:nowrap">DSM220<a name="TRE-R42-DESCnonQualifiant-DSM220"> </a></td><td>Médecine d'urgence (DNQ)</td><td>2007-07-26T00:00:00+01:00</td><td>2009-02-12T00:00:00+01:00</td></tr><tr><td style="white-space:nowrap">DSM221<a name="TRE-R42-DESCnonQualifiant-DSM221"> </a></td><td>Médecine légale et Expertises médicales (DNQ)</td><td>2007-07-26T00:00:00+01:00</td><td>2016-09-01T00:00:00+01:00</td></tr><tr><td style="white-space:nowrap">DSM222<a name="TRE-R42-DESCnonQualifiant-DSM222"> </a></td><td>Médecine nucléaire (DNQ)</td><td>2007-07-26T00:00:00+01:00</td><td>2009-02-12T00:00:00+01:00</td></tr><tr><td style="white-space:nowrap">DSM223<a name="TRE-R42-DESCnonQualifiant-DSM223"> </a></td><td>Médecine vasculaire (DNQ)</td><td>2007-07-26T00:00:00+01:00</td><td>2009-02-12T00:00:00+01:00</td></tr><tr><td style="white-space:nowrap">DSM224<a name="TRE-R42-DESCnonQualifiant-DSM224"> </a></td><td>Néonatalogie (DNQ)</td><td>2007-07-26T00:00:00+01:00</td><td>2009-02-12T00:00:00+01:00</td></tr><tr><td style="white-space:nowrap">DSM225<a name="TRE-R42-DESCnonQualifiant-DSM225"> </a></td><td>Neuropathologie (DNQ)</td><td>2007-07-26T00:00:00+01:00</td><td>2009-02-12T00:00:00+01:00</td></tr><tr><td style="white-space:nowrap">DSM226<a name="TRE-R42-DESCnonQualifiant-DSM226"> </a></td><td>Nutrition (DNQ)</td><td>2007-07-26T00:00:00+01:00</td><td>2009-02-12T00:00:00+01:00</td></tr><tr><td style="white-space:nowrap">DSM227<a name="TRE-R42-DESCnonQualifiant-DSM227"> </a></td><td>Orthopédie dento-maxillo-faciale (DNQ)</td><td>2007-07-26T00:00:00+01:00</td><td>2016-09-01T00:00:00+01:00</td></tr><tr><td style="white-space:nowrap">DSM228<a name="TRE-R42-DESCnonQualifiant-DSM228"> </a></td><td>Pathologie infectieuse et tropicale, clinique et biologique (DNQ)</td><td>2007-07-26T00:00:00+01:00</td><td>2016-09-01T00:00:00+01:00</td></tr><tr><td style="white-space:nowrap">DSM229<a name="TRE-R42-DESCnonQualifiant-DSM229"> </a></td><td>Pharmacocinétique et Métabolisme des médicaments (DNQ)</td><td>2007-07-26T00:00:00+01:00</td><td>2016-09-01T00:00:00+01:00</td></tr><tr><td style="white-space:nowrap">DSM230<a name="TRE-R42-DESCnonQualifiant-DSM230"> </a></td><td>Pharmacologie clinique et Evaluation des thérapeutiques (DNQ)</td><td>2007-07-26T00:00:00+01:00</td><td>2016-09-01T00:00:00+01:00</td></tr><tr><td style="white-space:nowrap">DSM231<a name="TRE-R42-DESCnonQualifiant-DSM231"> </a></td><td>Psychiatrie de l'enfant et de l'adolescent (DNQ)</td><td>2007-07-26T00:00:00+01:00</td><td>2016-09-01T00:00:00+01:00</td></tr><tr><td style="white-space:nowrap">DSM232<a name="TRE-R42-DESCnonQualifiant-DSM232"> </a></td><td>Radiopharmacie et Radiobiologie (DNQ)</td><td>2007-07-26T00:00:00+01:00</td><td>2016-09-01T00:00:00+01:00</td></tr><tr><td style="white-space:nowrap">DSM233<a name="TRE-R42-DESCnonQualifiant-DSM233"> </a></td><td>Réanimation médicale (DNQ)</td><td>2007-07-26T00:00:00+01:00</td><td>2009-02-12T00:00:00+01:00</td></tr><tr><td style="white-space:nowrap">DSM234<a name="TRE-R42-DESCnonQualifiant-DSM234"> </a></td><td>Toxicologie biologique (DNQ)</td><td>2007-07-26T00:00:00+01:00</td><td>2016-09-01T00:00:00+01:00</td></tr><tr><td style="white-space:nowrap">DSM235<a name="TRE-R42-DESCnonQualifiant-DSM235"> </a></td><td>Médecine de la douleur et Médecine palliative (DNQ)</td><td>2007-07-26T00:00:00+01:00</td><td>2016-09-01T00:00:00+01:00</td></tr><tr><td style="white-space:nowrap">DSM236<a name="TRE-R42-DESCnonQualifiant-DSM236"> </a></td><td>Cancérologie, option Traitements médicaux des cancers (DNQ)</td><td>2015-07-06T14:59:38+01:00</td><td>2016-09-01T00:00:00+01:00</td></tr><tr><td style="white-space:nowrap">DSM237<a name="TRE-R42-DESCnonQualifiant-DSM237"> </a></td><td>Cancérologie, option Chirurgie cancérologique (DNQ)</td><td>2015-07-06T14:59:38+01:00</td><td>2016-09-01T00:00:00+01:00</td></tr><tr><td style="white-space:nowrap">DSM238<a name="TRE-R42-DESCnonQualifiant-DSM238"> </a></td><td>Cancérologie, option Réseaux de cancérologie (DNQ)</td><td>2015-07-06T14:59:38+01:00</td><td>2016-09-01T00:00:00+01:00</td></tr><tr><td style="white-space:nowrap">DSM239<a name="TRE-R42-DESCnonQualifiant-DSM239"> </a></td><td>Cancérologie, option Biologie cancérologie (DNQ)</td><td>2015-07-06T14:59:38+01:00</td><td>2016-09-01T00:00:00+01:00</td></tr><tr><td style="white-space:nowrap">DSM240<a name="TRE-R42-DESCnonQualifiant-DSM240"> </a></td><td>Cancérologie, option Imagerie cancérologie (DNQ)</td><td>2015-07-06T14:59:38+01:00</td><td>2016-09-01T00:00:00+01:00</td></tr></table></div></text><extension url="http://hl7.org/fhir/StructureDefinition/resource-effectivePeriod"><valuePeriod><start value="2015-12-28T00:00:00+01:00"/></valuePeriod></extension><url value="https://mos.esante.gouv.fr/NOS/TRE_R42-DESCnonQualifiant/FHIR/TRE-R42-DESCnonQualifiant"/><identifier><value value="urn:oid:1.2.250.1.213.2.32"/></identifier><version value="1.1.0"/><name value="TRE_R42-DESCnonQualifiant"/><status value="active"/><date value="2020-04-24T12:00:00+01:00"/><publisher value="ANS"/><contact><name value="ANS"/><telecom><system value="url"/><value value="https://esante.gouv.fr"/></telecom></contact><description value="DESC non qualifiant"/><content value="complete"/><property><code value="dateValid"/><description value="date de validité d'un code concept"/><type value="dateTime"/></property><property><code value="dateMaj"/><description value="Date de mise à jour d'un code concept"/><type value="dateTime"/></property><property><code value="dateFin"/><description value="Date de fin d'exploitation d'un code concept"/><type value="dateTime"/></property><concept><code value="DSM200"/><display value="Addictologie (DNQ)"/><designation><use><code value="LibelleCourt"/></use><value value="Addictologie"/></designation><designation><use><code value="LibelleAdapte"/></use><value value="Addictologie (DNQ)"/></designation><property><code value="dateValid"/><valueDateTime value="2007-07-26T00:00:00+01:00"/></property><property><code value="dateMaj"/><valueDateTime value="2009-02-12T00:00:00+01:00"/></property></concept><concept><code value="DSM201"/><display value="Allergologie et Immunologie clinique (DNQ)"/><designation><use><code value="LibelleCourt"/></use><value value="Allergo, Immunologie clinique"/></designation><designation><use><code value="LibelleAdapte"/></use><value value="Allergologie et Immunologie clinique (DNQ)"/></designation><property><code value="dateValid"/><valueDateTime value="2007-07-26T00:00:00+01:00"/></property><property><code value="dateMaj"/><valueDateTime value="2016-09-01T00:00:00+01:00"/></property></concept><concept><code value="DSM202"/><display value="Andrologie (DNQ)"/><designation><use><code value="LibelleCourt"/></use><value value="Andrologie"/></designation><designation><use><code value="LibelleAdapte"/></use><value value="Andrologie (DNQ)"/></designation><property><code value="dateValid"/><valueDateTime value="2007-07-26T00:00:00+01:00"/></property><property><code value="dateMaj"/><valueDateTime value="2009-02-12T00:00:00+01:00"/></property></concept><concept><code value="DSM203"/><display value="Biochimie hormonale et métabolique (DNQ)"/><designation><use><code value="LibelleCourt"/></use><value value="Biochimie hormon, métabolique"/></designation><designation><use><code value="LibelleAdapte"/></use><value value="Biochimie hormonale et métabolique (DNQ)"/></designation><property><code value="dateValid"/><valueDateTime value="2007-07-26T00:00:00+01:00"/></property><property><code value="dateMaj"/><valueDateTime value="2016-09-01T00:00:00+01:00"/></property></concept><concept><code value="DSM204"/><display value="Biologie des agents infectieux (DNQ)"/><designation><use><code value="LibelleCourt"/></use><value value="Biologie des agents infectieux"/></designation><designation><use><code value="LibelleAdapte"/></use><value value="Biologie des agents infectieux (DNQ)"/></designation><property><code value="dateValid"/><valueDateTime value="2007-07-26T00:00:00+01:00"/></property><property><code value="dateMaj"/><valueDateTime value="2016-09-01T00:00:00+01:00"/></property></concept><concept><code value="DSM205"/><display value="Biologie moléculaire (DNQ)"/><designation><use><code value="LibelleCourt"/></use><value value="Biologie moléculaire"/></designation><designation><use><code value="LibelleAdapte"/></use><value value="Biologie moléculaire (DNQ)"/></designation><property><code value="dateValid"/><valueDateTime value="2007-07-26T00:00:00+01:00"/></property><property><code value="dateMaj"/><valueDateTime value="2009-02-12T00:00:00+01:00"/></property></concept><concept><code value="DSM206"/><display value="Cancérologie (DNQ)"/><designation><use><code value="LibelleCourt"/></use><value value="Cancérologie"/></designation><designation><use><code value="LibelleAdapte"/></use><value value="Cancérologie (DNQ)"/></designation><property><code value="dateValid"/><valueDateTime value="2007-07-26T00:00:00+01:00"/></property><property><code value="dateMaj"/><valueDateTime value="2009-02-12T00:00:00+01:00"/></property></concept><concept><code value="DSM207"/><display value="Chirurgie de la face et du cou (DNQ)"/><designation><use><code value="LibelleCourt"/></use><value value="Chirurgie face et cou"/></designation><designation><use><code value="LibelleAdapte"/></use><value value="Chirurgie de la face et du cou (DNQ)"/></designation><property><code value="dateValid"/><valueDateTime value="2007-07-26T00:00:00+01:00"/></property><property><code value="dateMaj"/><valueDateTime value="2016-09-01T00:00:00+01:00"/></property></concept><concept><code value="DSM208"/><display value="Chirurgie plastique et reconstructrice (DNQ)"/><designation><use><code value="LibelleCourt"/></use><value value="Chirurgie plastique et recon"/></designation><designation><use><code value="LibelleAdapte"/></use><value value="Chirurgie plastique et reconstructrice (DNQ)"/></designation><property><code value="dateValid"/><valueDateTime value="2007-07-26T00:00:00+01:00"/></property><property><code value="dateMaj"/><valueDateTime value="2016-09-01T00:00:00+01:00"/></property></concept><concept><code value="DSM209"/><display value="Chirurgie vasculaire (DNQ)"/><designation><use><code value="LibelleCourt"/></use><value value="Chirurgie vasculaire"/></designation><designation><use><code value="LibelleAdapte"/></use><value value="Chirurgie vasculaire (DNQ)"/></designation><property><code value="dateValid"/><valueDateTime value="2007-07-26T00:00:00+01:00"/></property><property><code value="dateMaj"/><valueDateTime value="2009-02-12T00:00:00+01:00"/></property></concept><concept><code value="DSM210"/><display value="Cytogénétique humaine (DNQ)"/><designation><use><code value="LibelleCourt"/></use><value value="Cytogénétique humaine"/></designation><designation><use><code value="LibelleAdapte"/></use><value value="Cytogénétique humaine (DNQ)"/></designation><property><code value="dateValid"/><valueDateTime value="2007-07-26T00:00:00+01:00"/></property><property><code value="dateMaj"/><valueDateTime value="2016-09-01T00:00:00+01:00"/></property></concept><concept><code value="DSM211"/><display value="Dermatopathologie (DNQ)"/><designation><use><code value="LibelleCourt"/></use><value value="Dermatopathologie"/></designation><designation><use><code value="LibelleAdapte"/></use><value value="Dermatopathologie (DNQ)"/></designation><property><code value="dateValid"/><valueDateTime value="2007-07-26T00:00:00+01:00"/></property><property><code value="dateMaj"/><valueDateTime value="2009-02-12T00:00:00+01:00"/></property></concept><concept><code value="DSM212"/><display value="Foetopathologie (DNQ)"/><designation><use><code value="LibelleCourt"/></use><value value="Foetopathologie"/></designation><designation><use><code value="LibelleAdapte"/></use><value value="Foetopathologie (DNQ)"/></designation><property><code value="dateValid"/><valueDateTime value="2007-07-26T00:00:00+01:00"/></property><property><code value="dateMaj"/><valueDateTime value="2009-02-12T00:00:00+01:00"/></property></concept><concept><code value="DSM213"/><display value="Gériatrie (DNQ)"/><designation><use><code value="LibelleCourt"/></use><value value="Gériatrie"/></designation><designation><use><code value="LibelleAdapte"/></use><value value="Gériatrie (DNQ)"/></designation><property><code value="dateValid"/><valueDateTime value="2007-07-26T00:00:00+01:00"/></property><property><code value="dateMaj"/><valueDateTime value="2009-02-12T00:00:00+01:00"/></property></concept><concept><code value="DSM214"/><display value="Hématologie biologique (DNQ)"/><designation><use><code value="LibelleCourt"/></use><value value="Hématologie biologique"/></designation><designation><use><code value="LibelleAdapte"/></use><value value="Hématologie biologique (DNQ)"/></designation><property><code value="dateValid"/><valueDateTime value="2007-07-26T00:00:00+01:00"/></property><property><code value="dateMaj"/><valueDateTime value="2016-09-01T00:00:00+01:00"/></property></concept><concept><code value="DSM215"/><display value="Hématologie maladies du sang (DNQ)"/><designation><use><code value="LibelleCourt"/></use><value value="Hématologie maladies du sang"/></designation><designation><use><code value="LibelleAdapte"/></use><value value="Hématologie maladies du sang (DNQ)"/></designation><property><code value="dateValid"/><valueDateTime value="2007-07-26T00:00:00+01:00"/></property><property><code value="dateMaj"/><valueDateTime value="2016-09-01T00:00:00+01:00"/></property></concept><concept><code value="DSM216"/><display value="Hémobiologie-transfusion (DNQ)"/><designation><use><code value="LibelleCourt"/></use><value value="Hémobiologie-transfusion"/></designation><designation><use><code value="LibelleAdapte"/></use><value value="Hémobiologie-transfusion (DNQ)"/></designation><property><code value="dateValid"/><valueDateTime value="2007-07-26T00:00:00+01:00"/></property><property><code value="dateMaj"/><valueDateTime value="2016-09-01T00:00:00+01:00"/></property></concept><concept><code value="DSM217"/><display value="Immunologie et Immunopathologie (DNQ)"/><designation><use><code value="LibelleCourt"/></use><value value="Immunol, Immunopatho"/></designation><designation><use><code value="LibelleAdapte"/></use><value value="Immunologie et Immunopathologie (DNQ)"/></designation><property><code value="dateValid"/><valueDateTime value="2007-07-26T00:00:00+01:00"/></property><property><code value="dateMaj"/><valueDateTime value="2016-09-01T00:00:00+01:00"/></property></concept><concept><code value="DSM218"/><display value="Médecine de la reproduction (DNQ)"/><designation><use><code value="LibelleCourt"/></use><value value="Médecine de la reproduction"/></designation><designation><use><code value="LibelleAdapte"/></use><value value="Médecine de la reproduction (DNQ)"/></designation><property><code value="dateValid"/><valueDateTime value="2007-07-26T00:00:00+01:00"/></property><property><code value="dateMaj"/><valueDateTime value="2016-09-01T00:00:00+01:00"/></property></concept><concept><code value="DSM219"/><display value="Médecine du sport (DNQ)"/><designation><use><code value="LibelleCourt"/></use><value value="Médecine du sport"/></designation><designation><use><code value="LibelleAdapte"/></use><value value="Médecine du sport (DNQ)"/></designation><property><code value="dateValid"/><valueDateTime value="2007-07-26T00:00:00+01:00"/></property><property><code value="dateMaj"/><valueDateTime value="2009-02-12T00:00:00+01:00"/></property></concept><concept><code value="DSM220"/><display value="Médecine d'urgence (DNQ)"/><designation><use><code value="LibelleCourt"/></use><value value="Médecine d'urgence"/></designation><designation><use><code value="LibelleAdapte"/></use><value value="Médecine d'urgence (DNQ)"/></designation><property><code value="dateValid"/><valueDateTime value="2007-07-26T00:00:00+01:00"/></property><property><code value="dateMaj"/><valueDateTime value="2009-02-12T00:00:00+01:00"/></property></concept><concept><code value="DSM221"/><display value="Médecine légale et Expertises médicales (DNQ)"/><designation><use><code value="LibelleCourt"/></use><value value="Médecine légale, Expertise méd"/></designation><designation><use><code value="LibelleAdapte"/></use><value value="Médecine légale et Expertises médicales (DNQ)"/></designation><property><code value="dateValid"/><valueDateTime value="2007-07-26T00:00:00+01:00"/></property><property><code value="dateMaj"/><valueDateTime value="2016-09-01T00:00:00+01:00"/></property></concept><concept><code value="DSM222"/><display value="Médecine nucléaire (DNQ)"/><designation><use><code value="LibelleCourt"/></use><value value="Médecine nucléaire"/></designation><designation><use><code value="LibelleAdapte"/></use><value value="Médecine nucléaire (DNQ)"/></designation><property><code value="dateValid"/><valueDateTime value="2007-07-26T00:00:00+01:00"/></property><property><code value="dateMaj"/><valueDateTime value="2009-02-12T00:00:00+01:00"/></property></concept><concept><code value="DSM223"/><display value="Médecine vasculaire (DNQ)"/><designation><use><code value="LibelleCourt"/></use><value value="Médecine vasculaire"/></designation><designation><use><code value="LibelleAdapte"/></use><value value="Médecine vasculaire (DNQ)"/></designation><property><code value="dateValid"/><valueDateTime value="2007-07-26T00:00:00+01:00"/></property><property><code value="dateMaj"/><valueDateTime value="2009-02-12T00:00:00+01:00"/></property></concept><concept><code value="DSM224"/><display value="Néonatalogie (DNQ)"/><designation><use><code value="LibelleCourt"/></use><value value="Néonatalogie"/></designation><designation><use><code value="LibelleAdapte"/></use><value value="Néonatalogie (DNQ)"/></designation><property><code value="dateValid"/><valueDateTime value="2007-07-26T00:00:00+01:00"/></property><property><code value="dateMaj"/><valueDateTime value="2009-02-12T00:00:00+01:00"/></property></concept><concept><code value="DSM225"/><display value="Neuropathologie (DNQ)"/><designation><use><code value="LibelleCourt"/></use><value value="Neuropathologie"/></designation><designation><use><code value="LibelleAdapte"/></use><value value="Neuropathologie (DNQ)"/></designation><property><code value="dateValid"/><valueDateTime value="2007-07-26T00:00:00+01:00"/></property><property><code value="dateMaj"/><valueDateTime value="2009-02-12T00:00:00+01:00"/></property></concept><concept><code value="DSM226"/><display value="Nutrition (DNQ)"/><designation><use><code value="LibelleCourt"/></use><value value="Nutrition"/></designation><designation><use><code value="LibelleAdapte"/></use><value value="Nutrition (DNQ)"/></designation><property><code value="dateValid"/><valueDateTime value="2007-07-26T00:00:00+01:00"/></property><property><code value="dateMaj"/><valueDateTime value="2009-02-12T00:00:00+01:00"/></property></concept><concept><code value="DSM227"/><display value="Orthopédie dento-maxillo-faciale (DNQ)"/><designation><use><code value="LibelleCourt"/></use><value value="Orthopédie dento-maxilo-fac"/></designation><designation><use><code value="LibelleAdapte"/></use><value value="Orthopédie dento-maxillo-faciale (DNQ)"/></designation><property><code value="dateValid"/><valueDateTime value="2007-07-26T00:00:00+01:00"/></property><property><code value="dateMaj"/><valueDateTime value="2016-09-01T00:00:00+01:00"/></property></concept><concept><code value="DSM228"/><display value="Pathologie infectieuse et tropicale, clinique et biologique (DNQ)"/><designation><use><code value="LibelleCourt"/></use><value value="Patho infect, trop, clin, bio"/></designation><designation><use><code value="LibelleAdapte"/></use><value value="Pathologie infectieuse et tropicale, clinique et biologique (DNQ)"/></designation><property><code value="dateValid"/><valueDateTime value="2007-07-26T00:00:00+01:00"/></property><property><code value="dateMaj"/><valueDateTime value="2016-09-01T00:00:00+01:00"/></property></concept><concept><code value="DSM229"/><display value="Pharmacocinétique et Métabolisme des médicaments (DNQ)"/><designation><use><code value="LibelleCourt"/></use><value value="Pharmacocin, Métabolisme médic"/></designation><designation><use><code value="LibelleAdapte"/></use><value value="Pharmacocinétique et Métabolisme des médicaments (DNQ)"/></designation><property><code value="dateValid"/><valueDateTime value="2007-07-26T00:00:00+01:00"/></property><property><code value="dateMaj"/><valueDateTime value="2016-09-01T00:00:00+01:00"/></property></concept><concept><code value="DSM230"/><display value="Pharmacologie clinique et Evaluation des thérapeutiques (DNQ)"/><designation><use><code value="LibelleCourt"/></use><value value="Pharmacol cliniq, Eval thérap"/></designation><designation><use><code value="LibelleAdapte"/></use><value value="Pharmacologie clinique et Evaluation des thérapeutiques (DNQ)"/></designation><property><code value="dateValid"/><valueDateTime value="2007-07-26T00:00:00+01:00"/></property><property><code value="dateMaj"/><valueDateTime value="2016-09-01T00:00:00+01:00"/></property></concept><concept><code value="DSM231"/><display value="Psychiatrie de l'enfant et de l'adolescent (DNQ)"/><designation><use><code value="LibelleCourt"/></use><value value="Psychiatrie enfant et ado"/></designation><designation><use><code value="LibelleAdapte"/></use><value value="Psychiatrie de l'enfant et de l'adolescent (DNQ)"/></designation><property><code value="dateValid"/><valueDateTime value="2007-07-26T00:00:00+01:00"/></property><property><code value="dateMaj"/><valueDateTime value="2016-09-01T00:00:00+01:00"/></property></concept><concept><code value="DSM232"/><display value="Radiopharmacie et Radiobiologie (DNQ)"/><designation><use><code value="LibelleCourt"/></use><value value="Radiopharm, Radiobiologie"/></designation><designation><use><code value="LibelleAdapte"/></use><value value="Radiopharmacie et Radiobiologie (DNQ)"/></designation><property><code value="dateValid"/><valueDateTime value="2007-07-26T00:00:00+01:00"/></property><property><code value="dateMaj"/><valueDateTime value="2016-09-01T00:00:00+01:00"/></property></concept><concept><code value="DSM233"/><display value="Réanimation médicale (DNQ)"/><designation><use><code value="LibelleCourt"/></use><value value="Réanimation médicale"/></designation><designation><use><code value="LibelleAdapte"/></use><value value="Réanimation médicale (DNQ)"/></designation><property><code value="dateValid"/><valueDateTime value="2007-07-26T00:00:00+01:00"/></property><property><code value="dateMaj"/><valueDateTime value="2009-02-12T00:00:00+01:00"/></property></concept><concept><code value="DSM234"/><display value="Toxicologie biologique (DNQ)"/><designation><use><code value="LibelleCourt"/></use><value value="Toxicologie biologique"/></designation><designation><use><code value="LibelleAdapte"/></use><value value="Toxicologie biologique (DNQ)"/></designation><property><code value="dateValid"/><valueDateTime value="2007-07-26T00:00:00+01:00"/></property><property><code value="dateMaj"/><valueDateTime value="2016-09-01T00:00:00+01:00"/></property></concept><concept><code value="DSM235"/><display value="Médecine de la douleur et Médecine palliative (DNQ)"/><designation><use><code value="LibelleCourt"/></use><value value="Médecine douleur, palliative"/></designation><designation><use><code value="LibelleAdapte"/></use><value value="Médecine de la douleur et Médecine palliative (DNQ)"/></designation><property><code value="dateValid"/><valueDateTime value="2007-07-26T00:00:00+01:00"/></property><property><code value="dateMaj"/><valueDateTime value="2016-09-01T00:00:00+01:00"/></property></concept><concept><code value="DSM236"/><display value="Cancérologie, option Traitements médicaux des cancers (DNQ)"/><designation><use><code value="LibelleCourt"/></use><value value="Cancéro, opt Trait méd cancers"/></designation><designation><use><code value="LibelleAdapte"/></use><value value="Cancérologie, option Traitements médicaux des cancers (DNQ)"/></designation><property><code value="dateValid"/><valueDateTime value="2015-07-06T14:59:38+01:00"/></property><property><code value="dateMaj"/><valueDateTime value="2016-09-01T00:00:00+01:00"/></property></concept><concept><code value="DSM237"/><display value="Cancérologie, option Chirurgie cancérologique (DNQ)"/><designation><use><code value="LibelleCourt"/></use><value value="Cancéro, opt Chirurgie cancéro"/></designation><designation><use><code value="LibelleAdapte"/></use><value value="Cancérologie, option Chirurgie cancérologique (DNQ)"/></designation><property><code value="dateValid"/><valueDateTime value="2015-07-06T14:59:38+01:00"/></property><property><code value="dateMaj"/><valueDateTime value="2016-09-01T00:00:00+01:00"/></property></concept><concept><code value="DSM238"/><display value="Cancérologie, option Réseaux de cancérologie (DNQ)"/><designation><use><code value="LibelleCourt"/></use><value value="Cancéro, opt Réseaux cancéro"/></designation><designation><use><code value="LibelleAdapte"/></use><value value="Cancérologie, option Réseaux de cancérologie (DNQ)"/></designation><property><code value="dateValid"/><valueDateTime value="2015-07-06T14:59:38+01:00"/></property><property><code value="dateMaj"/><valueDateTime value="2016-09-01T00:00:00+01:00"/></property></concept><concept><code value="DSM239"/><display value="Cancérologie, option Biologie cancérologie (DNQ)"/><designation><use><code value="LibelleCourt"/></use><value value="Cancéro, opt Biologie cancéro"/></designation><designation><use><code value="LibelleAdapte"/></use><value value="Cancérologie, option Biologie cancérologie (DNQ)"/></designation><property><code value="dateValid"/><valueDateTime value="2015-07-06T14:59:38+01:00"/></property><property><code value="dateMaj"/><valueDateTime value="2016-09-01T00:00:00+01:00"/></property></concept><concept><code value="DSM240"/><display value="Cancérologie, option Imagerie cancérologie (DNQ)"/><designation><use><code value="LibelleCourt"/></use><value value="Cancéro, opt Imagerie cancéro"/></designation><designation><use><code value="LibelleAdapte"/></use><value value="Cancérologie, option Imagerie cancérologie (DNQ)"/></designation><property><code value="dateValid"/><valueDateTime value="2015-07-06T14:59:38+01:00"/></property><property><code value="dateMaj"/><valueDateTime value="2016-09-01T00:00:00+01:00"/></property></concept></CodeSystem>