<?xml version="1.0" encoding="UTF-8"?><CodeSystem xmlns="http://hl7.org/fhir"><id value="TRE-R219-AutreResponsableConsent"/><text><status value="generated"/><div xmlns="http://www.w3.org/1999/xhtml"><p class="res-header-id"><b>Generated Narrative: CodeSystem TRE-R219-AutreResponsableConsent</b></p><a name="TRE-R219-AutreResponsableConsent"> </a><a name="hcTRE-R219-AutreResponsableConsent"> </a><a name="TRE-R219-AutreResponsableConsent-en-US"> </a><p><b>Properties</b></p><p><b>This code system defines the following properties for its concepts</b></p><table class="grid"><tr><td><b>Name</b></td><td><b>Code</b></td><td><b>Type</b></td><td><b>Description</b></td></tr><tr><td>dateValid</td><td>dateValid</td><td>dateTime</td><td>date de validité d'un code concept</td></tr><tr><td>dateMaj</td><td>dateMaj</td><td>dateTime</td><td>Date de mise à jour d'un code concept</td></tr><tr><td>dateFin</td><td>dateFin</td><td>dateTime</td><td>Date de fin d'exploitation d'un code concept</td></tr></table><p><b>Concepts</b></p><p>This  code system <code>https://mos.esante.gouv.fr/NOS/TRE_R219-AutreResponsableConsent/FHIR/TRE-R219-AutreResponsableConsent</code> defines the following code:</p><table class="codes"><tr><td style="white-space:nowrap"><b>Code</b></td><td><b>Display</b></td><td><b>dateValid</b></td><td><b>dateMaj</b></td></tr><tr><td style="white-space:nowrap">PATIENT<a name="TRE-R219-AutreResponsableConsent-PATIENT"> </a></td><td>Patient</td><td>2016-09-01T00:00:00+01:00</td><td>2016-09-01T00:00:00+01:00</td></tr></table></div></text><extension url="http://hl7.org/fhir/StructureDefinition/resource-effectivePeriod"><valuePeriod><start value="2016-09-01T00:00:00+01:00"/></valuePeriod></extension><url value="https://mos.esante.gouv.fr/NOS/TRE_R219-AutreResponsableConsent/FHIR/TRE-R219-AutreResponsableConsent"/><identifier><value value="urn:oid:1.2.250.1.213.1.1.4.320"/></identifier><version value="1.5.0"/><name value="TRE_R219-AutreResponsableConsent"/><status value="active"/><date value="2023-12-15T12:00:00+01:00"/><publisher value="ANS"/><contact><name value="ANS"/><telecom><system value="url"/><value value="https://esante.gouv.fr"/></telecom></contact><description value="Autre responsable consentement"/><content value="complete"/><property><code value="dateValid"/><description value="date de validité d'un code concept"/><type value="dateTime"/></property><property><code value="dateMaj"/><description value="Date de mise à jour d'un code concept"/><type value="dateTime"/></property><property><code value="dateFin"/><description value="Date de fin d'exploitation d'un code concept"/><type value="dateTime"/></property><concept><code value="PATIENT"/><display value="Patient"/><designation><use><code value="LibelleCourt"/></use><value value="Patient"/></designation><designation><use><code value="LibelleAdapte"/></use><value value="Patient"/></designation><property><code value="dateValid"/><valueDateTime value="2016-09-01T00:00:00+01:00"/></property><property><code value="dateMaj"/><valueDateTime value="2016-09-01T00:00:00+01:00"/></property></concept></CodeSystem>