<?xml version="1.0" encoding="UTF-8"?><CodeSystem xmlns="http://hl7.org/fhir"><id value="TRE-R264-PrestationNonObligatoireIncluse"/><text><status value="generated"/><div xmlns="http://www.w3.org/1999/xhtml"><p class="res-header-id"><b>Generated Narrative: CodeSystem TRE-R264-PrestationNonObligatoireIncluse</b></p><a name="TRE-R264-PrestationNonObligatoireIncluse"> </a><a name="hcTRE-R264-PrestationNonObligatoireIncluse"> </a><a name="TRE-R264-PrestationNonObligatoireIncluse-en-US"> </a><p><b>Properties</b></p><p><b>This code system defines the following properties for its concepts</b></p><table class="grid"><tr><td><b>Name</b></td><td><b>Code</b></td><td><b>Type</b></td><td><b>Description</b></td></tr><tr><td>dateValid</td><td>dateValid</td><td>dateTime</td><td>date de validité d'un code concept</td></tr><tr><td>dateMaj</td><td>dateMaj</td><td>dateTime</td><td>Date de mise à jour d'un code concept</td></tr><tr><td>dateFin</td><td>dateFin</td><td>dateTime</td><td>Date de fin d'exploitation d'un code concept</td></tr></table><p><b>Concepts</b></p><p>This  code system <code>https://mos.esante.gouv.fr/NOS/TRE_R264-PrestationNonObligatoireIncluse/FHIR/TRE-R264-PrestationNonObligatoireIncluse</code> defines the following codes:</p><table class="codes"><tr><td style="white-space:nowrap"><b>Code</b></td><td><b>Display</b></td><td><b>dateValid</b></td><td><b>dateMaj</b></td></tr><tr><td style="white-space:nowrap">01<a name="TRE-R264-PrestationNonObligatoireIncluse-01"> </a></td><td>Entretien du linge du résident non délicat</td><td>2018-05-31T12:00:00+01:00</td><td>2018-05-31T12:00:00+01:00</td></tr><tr><td style="white-space:nowrap">02<a name="TRE-R264-PrestationNonObligatoireIncluse-02"> </a></td><td>Marquage du linge</td><td>2018-05-31T12:00:00+01:00</td><td>2018-05-31T12:00:00+01:00</td></tr><tr><td style="white-space:nowrap">03<a name="TRE-R264-PrestationNonObligatoireIncluse-03"> </a></td><td>Fourniture de produits d'hygiène corporelle</td><td>2018-05-31T12:00:00+01:00</td><td>2018-05-31T12:00:00+01:00</td></tr><tr><td style="white-space:nowrap">04<a name="TRE-R264-PrestationNonObligatoireIncluse-04"> </a></td><td>Mise à disposition d'un poste de téléphonie dans la chambre</td><td>2018-05-31T12:00:00+01:00</td><td>2018-05-31T12:00:00+01:00</td></tr><tr><td style="white-space:nowrap">05<a name="TRE-R264-PrestationNonObligatoireIncluse-05"> </a></td><td>Appels téléphoniques entrants non facturés en sus</td><td>2018-05-31T12:00:00+01:00</td><td>2018-05-31T12:00:00+01:00</td></tr><tr><td style="white-space:nowrap">06<a name="TRE-R264-PrestationNonObligatoireIncluse-06"> </a></td><td>Appels téléphoniques sortants non facturés en sus</td><td>2018-05-31T12:00:00+01:00</td><td>2018-05-31T12:00:00+01:00</td></tr><tr><td style="white-space:nowrap">07<a name="TRE-R264-PrestationNonObligatoireIncluse-07"> </a></td><td>Mise à disposition d'un poste de télévision dans la chambre</td><td>2018-05-31T12:00:00+01:00</td><td>2018-05-31T12:00:00+01:00</td></tr><tr><td style="white-space:nowrap">08<a name="TRE-R264-PrestationNonObligatoireIncluse-08"> </a></td><td>Internet dans la chambre (abonnement/accès au réseau Wifi)</td><td>2018-05-31T12:00:00+01:00</td><td>2018-05-31T12:00:00+01:00</td></tr><tr><td style="white-space:nowrap">09<a name="TRE-R264-PrestationNonObligatoireIncluse-09"> </a></td><td>Prestation de coiffure (shampoing, coupe)</td><td>2018-05-31T12:00:00+01:00</td><td>2018-05-31T12:00:00+01:00</td></tr><tr><td style="white-space:nowrap">10<a name="TRE-R264-PrestationNonObligatoireIncluse-10"> </a></td><td>Prestation esthétique de base</td><td>2018-05-31T12:00:00+01:00</td><td>2018-05-31T12:00:00+01:00</td></tr><tr><td style="white-space:nowrap">11<a name="TRE-R264-PrestationNonObligatoireIncluse-11"> </a></td><td>Prestation de pédicurie-podologie (hors prescription médicale)</td><td>2018-05-31T12:00:00+01:00</td><td>2018-05-31T12:00:00+01:00</td></tr></table></div></text><extension url="http://hl7.org/fhir/StructureDefinition/resource-effectivePeriod"><valuePeriod><start value="2018-05-31T12:00:00+01:00"/></valuePeriod></extension><url value="https://mos.esante.gouv.fr/NOS/TRE_R264-PrestationNonObligatoireIncluse/FHIR/TRE-R264-PrestationNonObligatoireIncluse"/><identifier><value value="urn:oid:1.2.250.1.213.3.3.59"/></identifier><version value="1.2.0"/><name value="TRE_R264-PrestationNonObligatoireIncluse"/><status value="active"/><date value="2023-12-15T12:00:00+01:00"/><publisher value="ANS"/><contact><name value="ANS"/><telecom><system value="url"/><value value="https://esante.gouv.fr"/></telecom></contact><description value="Prestations non obligatoire incluses"/><content value="complete"/><property><code value="dateValid"/><description value="date de validité d'un code concept"/><type value="dateTime"/></property><property><code value="dateMaj"/><description value="Date de mise à jour d'un code concept"/><type value="dateTime"/></property><property><code value="dateFin"/><description value="Date de fin d'exploitation d'un code concept"/><type value="dateTime"/></property><concept><code value="01"/><display value="Entretien du linge du résident non délicat"/><designation><use><code value="LibelleCourt"/></use><value value="01"/></designation><designation><use><code value="LibelleAdapte"/></use><value value="Entretien du linge du résident non délicat"/></designation><property><code value="dateValid"/><valueDateTime value="2018-05-31T12:00:00+01:00"/></property><property><code value="dateMaj"/><valueDateTime value="2018-05-31T12:00:00+01:00"/></property></concept><concept><code value="02"/><display value="Marquage du linge"/><designation><use><code value="LibelleCourt"/></use><value value="02"/></designation><designation><use><code value="LibelleAdapte"/></use><value value="Marquage du linge"/></designation><property><code value="dateValid"/><valueDateTime value="2018-05-31T12:00:00+01:00"/></property><property><code value="dateMaj"/><valueDateTime value="2018-05-31T12:00:00+01:00"/></property></concept><concept><code value="03"/><display value="Fourniture de produits d'hygiène corporelle"/><designation><use><code value="LibelleCourt"/></use><value value="03"/></designation><designation><use><code value="LibelleAdapte"/></use><value value="Fourniture de produits d'hygiène corporelle (savon, gel douche, shampoing, dentifrice...)"/></designation><property><code value="dateValid"/><valueDateTime value="2018-05-31T12:00:00+01:00"/></property><property><code value="dateMaj"/><valueDateTime value="2018-05-31T12:00:00+01:00"/></property></concept><concept><code value="04"/><display value="Mise à disposition d'un poste de téléphonie dans la chambre"/><designation><use><code value="LibelleCourt"/></use><value value="04"/></designation><designation><use><code value="LibelleAdapte"/></use><value value="Mise à disposition d'un poste de téléphonie dans la chambre"/></designation><property><code value="dateValid"/><valueDateTime value="2018-05-31T12:00:00+01:00"/></property><property><code value="dateMaj"/><valueDateTime value="2018-05-31T12:00:00+01:00"/></property></concept><concept><code value="05"/><display value="Appels téléphoniques entrants non facturés en sus"/><designation><use><code value="LibelleCourt"/></use><value value="05"/></designation><designation><use><code value="LibelleAdapte"/></use><value value="Appels téléphoniques entrants non facturés en sus"/></designation><property><code value="dateValid"/><valueDateTime value="2018-05-31T12:00:00+01:00"/></property><property><code value="dateMaj"/><valueDateTime value="2018-05-31T12:00:00+01:00"/></property></concept><concept><code value="06"/><display value="Appels téléphoniques sortants non facturés en sus"/><designation><use><code value="LibelleCourt"/></use><value value="06"/></designation><designation><use><code value="LibelleAdapte"/></use><value value="Appels téléphoniques sortants non facturés en sus"/></designation><property><code value="dateValid"/><valueDateTime value="2018-05-31T12:00:00+01:00"/></property><property><code value="dateMaj"/><valueDateTime value="2018-05-31T12:00:00+01:00"/></property></concept><concept><code value="07"/><display value="Mise à disposition d'un poste de télévision dans la chambre"/><designation><use><code value="LibelleCourt"/></use><value value="07"/></designation><designation><use><code value="LibelleAdapte"/></use><value value="Mise à disposition d'un poste de télévision dans la chambre"/></designation><property><code value="dateValid"/><valueDateTime value="2018-05-31T12:00:00+01:00"/></property><property><code value="dateMaj"/><valueDateTime value="2018-05-31T12:00:00+01:00"/></property></concept><concept><code value="08"/><display value="Internet dans la chambre (abonnement/accès au réseau Wifi)"/><designation><use><code value="LibelleCourt"/></use><value value="08"/></designation><designation><use><code value="LibelleAdapte"/></use><value value="Internet dans la chambre (abonnement/accès au réseau Wifi)"/></designation><property><code value="dateValid"/><valueDateTime value="2018-05-31T12:00:00+01:00"/></property><property><code value="dateMaj"/><valueDateTime value="2018-05-31T12:00:00+01:00"/></property></concept><concept><code value="09"/><display value="Prestation de coiffure (shampoing, coupe)"/><designation><use><code value="LibelleCourt"/></use><value value="09"/></designation><designation><use><code value="LibelleAdapte"/></use><value value="Prestation de coiffure (shampoing, coupe)"/></designation><property><code value="dateValid"/><valueDateTime value="2018-05-31T12:00:00+01:00"/></property><property><code value="dateMaj"/><valueDateTime value="2018-05-31T12:00:00+01:00"/></property></concept><concept><code value="10"/><display value="Prestation esthétique de base"/><designation><use><code value="LibelleCourt"/></use><value value="10"/></designation><designation><use><code value="LibelleAdapte"/></use><value value="Prestation esthétique de base"/></designation><property><code value="dateValid"/><valueDateTime value="2018-05-31T12:00:00+01:00"/></property><property><code value="dateMaj"/><valueDateTime value="2018-05-31T12:00:00+01:00"/></property></concept><concept><code value="11"/><display value="Prestation de pédicurie-podologie (hors prescription médicale)"/><designation><use><code value="LibelleCourt"/></use><value value="11"/></designation><designation><use><code value="LibelleAdapte"/></use><value value="Prestation de pédicurie-podologie (hors prescription médicale)"/></designation><property><code value="dateValid"/><valueDateTime value="2018-05-31T12:00:00+01:00"/></property><property><code value="dateMaj"/><valueDateTime value="2018-05-31T12:00:00+01:00"/></property></concept></CodeSystem>