<?xml version="1.0" encoding="UTF-8"?><CodeSystem xmlns="http://hl7.org/fhir"><id value="TRE-R271-TypeRequete"/><text><status value="generated"/><div xmlns="http://www.w3.org/1999/xhtml"><p class="res-header-id"><b>Generated Narrative: CodeSystem TRE-R271-TypeRequete</b></p><a name="TRE-R271-TypeRequete"> </a><a name="hcTRE-R271-TypeRequete"> </a><a name="TRE-R271-TypeRequete-en-US"> </a><p><b>Properties</b></p><p><b>This code system defines the following properties for its concepts</b></p><table class="grid"><tr><td><b>Name</b></td><td><b>Code</b></td><td><b>Type</b></td><td><b>Description</b></td></tr><tr><td>dateValid</td><td>dateValid</td><td>dateTime</td><td>date de validité d'un code concept</td></tr><tr><td>dateMaj</td><td>dateMaj</td><td>dateTime</td><td>Date de mise à jour d'un code concept</td></tr><tr><td>dateFin</td><td>dateFin</td><td>dateTime</td><td>Date de fin d'exploitation d'un code concept</td></tr></table><p><b>Concepts</b></p><p>This  code system <code>https://mos.esante.gouv.fr/NOS/TRE_R271-TypeRequete/FHIR/TRE-R271-TypeRequete</code> defines the following codes:</p><table class="codes"><tr><td style="white-space:nowrap"><b>Code</b></td><td><b>Display</b></td><td><b>dateValid</b></td><td><b>dateMaj</b></td></tr><tr><td style="white-space:nowrap">TEST_EXST<a name="TRE-R271-TypeRequete-TEST_EXST"> </a></td><td>Test d'existence de dossier</td><td>2018-06-29T12:00:00+01:00</td><td>2018-06-29T12:00:00+01:00</td></tr><tr><td style="white-space:nowrap">CREA_RD<a name="TRE-R271-TypeRequete-CREA_RD"> </a></td><td>Création de dossier</td><td>2018-06-29T12:00:00+01:00</td><td>2018-06-29T12:00:00+01:00</td></tr><tr><td style="white-space:nowrap">CNSLT_DATA<a name="TRE-R271-TypeRequete-CNSLT_DATA"> </a></td><td>Consultation des données de gestion de dossier</td><td>2018-06-29T12:00:00+01:00</td><td>2018-06-29T12:00:00+01:00</td></tr><tr><td style="white-space:nowrap">MODIF_DATA<a name="TRE-R271-TypeRequete-MODIF_DATA"> </a></td><td>Modification des données de gestion du dossier</td><td>2018-06-29T12:00:00+01:00</td><td>2018-06-29T12:00:00+01:00</td></tr><tr><td style="white-space:nowrap">FERM<a name="TRE-R271-TypeRequete-FERM"> </a></td><td>Fermeture de dossier</td><td>2018-06-29T12:00:00+01:00</td><td>2018-06-29T12:00:00+01:00</td></tr><tr><td style="white-space:nowrap">REAC<a name="TRE-R271-TypeRequete-REAC"> </a></td><td>Réactivation de dossier</td><td>2018-06-29T12:00:00+01:00</td><td>2018-06-29T12:00:00+01:00</td></tr></table></div></text><extension url="http://hl7.org/fhir/StructureDefinition/resource-effectivePeriod"><valuePeriod><start value="2018-06-29T12:00:00+01:00"/></valuePeriod></extension><url value="https://mos.esante.gouv.fr/NOS/TRE_R271-TypeRequete/FHIR/TRE-R271-TypeRequete"/><identifier><value value="urn:oid:1.2.250.1.213.1.1.4.11"/></identifier><version value="1.3.0"/><name value="TRE_R271-TypeRequete"/><status value="active"/><date value="2023-12-15T12:00:00+01:00"/><publisher value="ANS"/><contact><name value="ANS"/><telecom><system value="url"/><value value="https://esante.gouv.fr"/></telecom></contact><description value="Code de type requêtes"/><content value="complete"/><property><code value="dateValid"/><description value="date de validité d'un code concept"/><type value="dateTime"/></property><property><code value="dateMaj"/><description value="Date de mise à jour d'un code concept"/><type value="dateTime"/></property><property><code value="dateFin"/><description value="Date de fin d'exploitation d'un code concept"/><type value="dateTime"/></property><concept><code value="TEST_EXST"/><display value="Test d'existence de dossier"/><designation><use><code value="LibelleCourt"/></use><value value="TEST_EXST"/></designation><designation><use><code value="LibelleAdapte"/></use><value value="Test d'existence de dossier"/></designation><property><code value="dateValid"/><valueDateTime value="2018-06-29T12:00:00+01:00"/></property><property><code value="dateMaj"/><valueDateTime value="2018-06-29T12:00:00+01:00"/></property></concept><concept><code value="CREA_RD"/><display value="Création de dossier"/><designation><use><code value="LibelleCourt"/></use><value value="CREA_RD"/></designation><designation><use><code value="LibelleAdapte"/></use><value value="Création de dossier"/></designation><property><code value="dateValid"/><valueDateTime value="2018-06-29T12:00:00+01:00"/></property><property><code value="dateMaj"/><valueDateTime value="2018-06-29T12:00:00+01:00"/></property></concept><concept><code value="CNSLT_DATA"/><display value="Consultation des données de gestion de dossier"/><designation><use><code value="LibelleCourt"/></use><value value="CNSLT_DATA"/></designation><designation><use><code value="LibelleAdapte"/></use><value value="Consultation des données de gestion de dossier"/></designation><property><code value="dateValid"/><valueDateTime value="2018-06-29T12:00:00+01:00"/></property><property><code value="dateMaj"/><valueDateTime value="2018-06-29T12:00:00+01:00"/></property></concept><concept><code value="MODIF_DATA"/><display value="Modification des données de gestion du dossier"/><designation><use><code value="LibelleCourt"/></use><value value="MODIF_DATA"/></designation><designation><use><code value="LibelleAdapte"/></use><value value="Modification des données de gestion du dossier"/></designation><property><code value="dateValid"/><valueDateTime value="2018-06-29T12:00:00+01:00"/></property><property><code value="dateMaj"/><valueDateTime value="2018-06-29T12:00:00+01:00"/></property></concept><concept><code value="FERM"/><display value="Fermeture de dossier"/><designation><use><code value="LibelleCourt"/></use><value value="FERM"/></designation><designation><use><code value="LibelleAdapte"/></use><value value="Fermeture de dossier"/></designation><property><code value="dateValid"/><valueDateTime value="2018-06-29T12:00:00+01:00"/></property><property><code value="dateMaj"/><valueDateTime value="2018-06-29T12:00:00+01:00"/></property></concept><concept><code value="REAC"/><display value="Réactivation de dossier"/><designation><use><code value="LibelleCourt"/></use><value value="REAC"/></designation><designation><use><code value="LibelleAdapte"/></use><value value="Réactivation de dossier"/></designation><property><code value="dateValid"/><valueDateTime value="2018-06-29T12:00:00+01:00"/></property><property><code value="dateMaj"/><valueDateTime value="2018-06-29T12:00:00+01:00"/></property></concept></CodeSystem>