<?xml version="1.0" encoding="UTF-8"?><CodeSystem xmlns="http://hl7.org/fhir"><id value="TRE-R56-Attestation"/><text><status value="generated"/><div xmlns="http://www.w3.org/1999/xhtml"><p><b>Properties</b></p><p><b>This code system  defines the following properties for its concepts</b></p><table class="grid"><tr><td><b>Code</b></td><td><b>Type</b></td><td><b>Description</b></td></tr><tr><td>dateValid</td><td>dateTime</td><td>date de validité d'un code concept</td></tr><tr><td>dateMaj</td><td>dateTime</td><td>Date de mise à jour d'un code concept</td></tr><tr><td>dateFin</td><td>dateTime</td><td>Date de fin d'exploitation d'un code concept</td></tr></table><p><b>Concepts</b></p><p>This  code system <code>https://mos.esante.gouv.fr/NOS/TRE_R56-Attestation/FHIR/TRE-R56-Attestation</code> defines the following codes:</p><table class="codes"><tr><td style="white-space:nowrap"><b>Code</b></td><td><b>Display</b></td><td><b>dateValid</b></td><td><b>dateMaj</b></td></tr><tr><td style="white-space:nowrap">DIP24<a name="TRE-R56-Attestation-DIP24"> </a></td><td>Attestation études Léprologie</td><td>2008-03-20T10:49:21+01:00</td><td>2016-09-01T00:00:00+01:00</td></tr><tr><td style="white-space:nowrap">DIP25<a name="TRE-R56-Attestation-DIP25"> </a></td><td>Attestation études Electroencéphalographie clinique</td><td>2008-03-20T10:49:22+01:00</td><td>2016-09-01T00:00:00+01:00</td></tr><tr><td style="white-space:nowrap">DIP26<a name="TRE-R56-Attestation-DIP26"> </a></td><td>Attestation études Endoscopie digestive</td><td>2008-03-20T10:49:22+01:00</td><td>2016-09-01T00:00:00+01:00</td></tr><tr><td style="white-space:nowrap">DIP27<a name="TRE-R56-Attestation-DIP27"> </a></td><td>Attestation EU Réparation juridique du dommage corporel</td><td>2008-03-20T10:49:17+01:00</td><td>2016-09-01T00:00:00+01:00</td></tr><tr><td style="white-space:nowrap">DIP28<a name="TRE-R56-Attestation-DIP28"> </a></td><td>Attestation études Exploration fonctionnelle neuromusculaire</td><td>2008-03-20T10:49:23+01:00</td><td>2016-09-01T00:00:00+01:00</td></tr><tr><td style="white-space:nowrap">DIP29<a name="TRE-R56-Attestation-DIP29"> </a></td><td>Attestation EU Vertébrothérapie et Médecine manuelle</td><td>2008-03-20T10:49:24+01:00</td><td>2016-09-01T00:00:00+01:00</td></tr><tr><td style="white-space:nowrap">DIP194<a name="TRE-R56-Attestation-DIP194"> </a></td><td>Attestation EU Echographie générale</td><td>2007-07-25T00:00:00+01:00</td><td>2016-09-01T00:00:00+01:00</td></tr><tr><td style="white-space:nowrap">DIP200<a name="TRE-R56-Attestation-DIP200"> </a></td><td>Attestation études supérieures de Proctologie</td><td>2007-07-25T00:00:00+01:00</td><td>2016-09-01T00:00:00+01:00</td></tr><tr><td style="white-space:nowrap">DIP202<a name="TRE-R56-Attestation-DIP202"> </a></td><td>Attestation études Thérapeutiques manuelles et Médecine physique</td><td>2007-07-25T00:00:00+01:00</td><td>2016-09-01T00:00:00+01:00</td></tr><tr><td style="white-space:nowrap">DIP205<a name="TRE-R56-Attestation-DIP205"> </a></td><td>Attestation formation à l'Ostéodensitométrie</td><td>2007-07-25T00:00:00+01:00</td><td>2016-09-01T00:00:00+01:00</td></tr><tr><td style="white-space:nowrap">DIP208<a name="TRE-R56-Attestation-DIP208"> </a></td><td>Attestation étude complémentaire Echographie hépato-gastro-entérologie</td><td>2007-07-25T00:00:00+01:00</td><td>2016-09-01T00:00:00+01:00</td></tr><tr><td style="white-space:nowrap">DIP217<a name="TRE-R56-Attestation-DIP217"> </a></td><td>Attestation étude complémentaire Echographie, option Echotomographie</td><td>2008-03-20T00:00:00+01:00</td><td>2016-09-01T00:00:00+01:00</td></tr><tr><td style="white-space:nowrap">DIP307<a name="TRE-R56-Attestation-DIP307"> </a></td><td>Attestation de 5ième année de médecine validée</td><td>2020-01-31T12:00:00+01:00</td><td>2020-07-31T12:00:00+01:00</td></tr><tr><td style="white-space:nowrap">DIP363<a name="TRE-R56-Attestation-DIP363"> </a></td><td>Attestation de connaissances d'Ergothérapeute</td><td>2023-03-31T12:00:00+01:00</td><td>2023-03-31T12:00:00+01:00</td></tr><tr><td style="white-space:nowrap">DIP366<a name="TRE-R56-Attestation-DIP366"> </a></td><td>Attestation de connaissances de Psychomotricien</td><td>2023-03-31T12:00:00+01:00</td><td>2023-03-31T12:00:00+01:00</td></tr><tr><td style="white-space:nowrap">DIP370<a name="TRE-R56-Attestation-DIP370"> </a></td><td>Attestation de connaissances de MER</td><td>2023-03-31T12:00:00+01:00</td><td>2023-03-31T12:00:00+01:00</td></tr></table></div></text><extension url="http://hl7.org/fhir/StructureDefinition/resource-effectivePeriod"><valuePeriod><start value="2007-07-25T00:00:00+01:00"/></valuePeriod></extension><url value="https://mos.esante.gouv.fr/NOS/TRE_R56-Attestation/FHIR/TRE-R56-Attestation"/><identifier><value value="urn:oid:1.2.250.1.213.1.6.1.27"/></identifier><version value="1.1.0"/><name value="TRE_R56-Attestation"/><status value="active"/><date value="2023-03-31T12:00:00+01:00"/><publisher value="ANS"/><contact><name value="ANS"/><telecom><system value="url"/><value value="https://esante.gouv.fr"/></telecom></contact><description value="Attestation"/><content value="complete"/><property><code value="dateValid"/><description value="date de validité d'un code concept"/><type value="dateTime"/></property><property><code value="dateMaj"/><description value="Date de mise à jour d'un code concept"/><type value="dateTime"/></property><property><code value="dateFin"/><description value="Date de fin d'exploitation d'un code concept"/><type value="dateTime"/></property><concept><code value="DIP24"/><display value="Attestation études Léprologie"/><designation><use><code value="LibelleCourt"/></use><value value="Att étu Léprologie"/></designation><designation><use><code value="LibelleAdapte"/></use><value value="Attestation études Léprologie"/></designation><property><code value="dateValid"/><valueDateTime value="2008-03-20T10:49:21+01:00"/></property><property><code value="dateMaj"/><valueDateTime value="2016-09-01T00:00:00+01:00"/></property></concept><concept><code value="DIP25"/><display value="Attestation études Electroencéphalographie clinique"/><designation><use><code value="LibelleCourt"/></use><value value="Att étu Electroencéphalograph"/></designation><designation><use><code value="LibelleAdapte"/></use><value value="Attestation études Electroencéphalographie clinique"/></designation><property><code value="dateValid"/><valueDateTime value="2008-03-20T10:49:22+01:00"/></property><property><code value="dateMaj"/><valueDateTime value="2016-09-01T00:00:00+01:00"/></property></concept><concept><code value="DIP26"/><display value="Attestation études Endoscopie digestive"/><designation><use><code value="LibelleCourt"/></use><value value="Att étu Endoscopie digestive"/></designation><designation><use><code value="LibelleAdapte"/></use><value value="Attestation études Endoscopie digestive"/></designation><property><code value="dateValid"/><valueDateTime value="2008-03-20T10:49:22+01:00"/></property><property><code value="dateMaj"/><valueDateTime value="2016-09-01T00:00:00+01:00"/></property></concept><concept><code value="DIP27"/><display value="Attestation EU Réparation juridique du dommage corporel"/><designation><use><code value="LibelleCourt"/></use><value value="Att EU Répar jur domm corporel"/></designation><designation><use><code value="LibelleAdapte"/></use><value value="Attestation EU Réparation juridique du dommage corporel"/></designation><property><code value="dateValid"/><valueDateTime value="2008-03-20T10:49:17+01:00"/></property><property><code value="dateMaj"/><valueDateTime value="2016-09-01T00:00:00+01:00"/></property></concept><concept><code value="DIP28"/><display value="Attestation études Exploration fonctionnelle neuromusculaire"/><designation><use><code value="LibelleCourt"/></use><value value="Att étu Explor fonct neuromusc"/></designation><designation><use><code value="LibelleAdapte"/></use><value value="Attestation études Exploration fonctionnelle neuromusculaire"/></designation><property><code value="dateValid"/><valueDateTime value="2008-03-20T10:49:23+01:00"/></property><property><code value="dateMaj"/><valueDateTime value="2016-09-01T00:00:00+01:00"/></property></concept><concept><code value="DIP29"/><display value="Attestation EU Vertébrothérapie et Médecine manuelle"/><designation><use><code value="LibelleCourt"/></use><value value="Att EU Vertébrothérap, Méd man"/></designation><designation><use><code value="LibelleAdapte"/></use><value value="Attestation EU Vertébrothérapie et Médecine manuelle"/></designation><property><code value="dateValid"/><valueDateTime value="2008-03-20T10:49:24+01:00"/></property><property><code value="dateMaj"/><valueDateTime value="2016-09-01T00:00:00+01:00"/></property></concept><concept><code value="DIP194"/><display value="Attestation EU Echographie générale"/><designation><use><code value="LibelleCourt"/></use><value value="Att EU Echographie générale"/></designation><designation><use><code value="LibelleAdapte"/></use><value value="Attestation EU Echographie générale"/></designation><property><code value="dateValid"/><valueDateTime value="2007-07-25T00:00:00+01:00"/></property><property><code value="dateMaj"/><valueDateTime value="2016-09-01T00:00:00+01:00"/></property></concept><concept><code value="DIP200"/><display value="Attestation études supérieures de Proctologie"/><designation><use><code value="LibelleCourt"/></use><value value="Att étu sup Proctologie"/></designation><designation><use><code value="LibelleAdapte"/></use><value value="Attestation études supérieures de Proctologie"/></designation><property><code value="dateValid"/><valueDateTime value="2007-07-25T00:00:00+01:00"/></property><property><code value="dateMaj"/><valueDateTime value="2016-09-01T00:00:00+01:00"/></property></concept><concept><code value="DIP202"/><display value="Attestation études Thérapeutiques manuelles et Médecine physique"/><designation><use><code value="LibelleCourt"/></use><value value="Att étu Thérap man, Méd phys"/></designation><designation><use><code value="LibelleAdapte"/></use><value value="Attestation études Thérapeutiques manuelles et Médecine physique"/></designation><property><code value="dateValid"/><valueDateTime value="2007-07-25T00:00:00+01:00"/></property><property><code value="dateMaj"/><valueDateTime value="2016-09-01T00:00:00+01:00"/></property></concept><concept><code value="DIP205"/><display value="Attestation formation à l'Ostéodensitométrie"/><designation><use><code value="LibelleCourt"/></use><value value="Att form Ostéodensitométrie"/></designation><designation><use><code value="LibelleAdapte"/></use><value value="Attestation formation à l'Ostéodensitométrie"/></designation><property><code value="dateValid"/><valueDateTime value="2007-07-25T00:00:00+01:00"/></property><property><code value="dateMaj"/><valueDateTime value="2016-09-01T00:00:00+01:00"/></property></concept><concept><code value="DIP208"/><display value="Attestation étude complémentaire Echographie hépato-gastro-entérologie"/><designation><use><code value="LibelleCourt"/></use><value value="Att EC Echograph hép-gast-enté"/></designation><designation><use><code value="LibelleAdapte"/></use><value value="Attestation étude complémentaire Echographie hépato-gastro-entérologie"/></designation><property><code value="dateValid"/><valueDateTime value="2007-07-25T00:00:00+01:00"/></property><property><code value="dateMaj"/><valueDateTime value="2016-09-01T00:00:00+01:00"/></property></concept><concept><code value="DIP217"/><display value="Attestation étude complémentaire Echographie, option Echotomographie"/><designation><use><code value="LibelleCourt"/></use><value value="Att EC Echograph Echotomograph"/></designation><designation><use><code value="LibelleAdapte"/></use><value value="Attestation étude complémentaire Echographie, option Echotomographie"/></designation><property><code value="dateValid"/><valueDateTime value="2008-03-20T00:00:00+01:00"/></property><property><code value="dateMaj"/><valueDateTime value="2016-09-01T00:00:00+01:00"/></property></concept><concept><code value="DIP307"/><display value="Attestation de 5ième année de médecine validée"/><designation><use><code value="LibelleCourt"/></use><value value="Attest5ièmeannéeméd"/></designation><designation><use><code value="LibelleAdapte"/></use><value value="Attestation de 5ième année de médecine validée"/></designation><designation><use><code value="DescriptionMetier"/></use><value value="Attestation de 5ième année de médecine validée (cette voie d'accès à la profession d'infirmier n'est plus aujourd'hui possible mais l'a été)"/></designation><property><code value="dateValid"/><valueDateTime value="2020-01-31T12:00:00+01:00"/></property><property><code value="dateMaj"/><valueDateTime value="2020-07-31T12:00:00+01:00"/></property></concept><concept><code value="DIP363"/><display value="Attestation de connaissances d'Ergothérapeute"/><designation><use><code value="LibelleCourt"/></use><value value="Attestation Ergothérapeute"/></designation><designation><use><code value="LibelleAdapte"/></use><value value="Attestation de vérification de connaissances d'Ergothérapeute"/></designation><designation><use><code value="DescriptionMetier"/></use><value value="Article L4331-5 du code de la santé publique (CSP)"/></designation><property><code value="dateValid"/><valueDateTime value="2023-03-31T12:00:00+01:00"/></property><property><code value="dateMaj"/><valueDateTime value="2023-03-31T12:00:00+01:00"/></property></concept><concept><code value="DIP366"/><display value="Attestation de connaissances de Psychomotricien"/><designation><use><code value="LibelleCourt"/></use><value value="Attestation Psychomotricien"/></designation><designation><use><code value="LibelleAdapte"/></use><value value="Attestation de vérification de connaissances de Psychomotricien"/></designation><designation><use><code value="DescriptionMetier"/></use><value value="Article L4332-5 du code de la santé publique (CSP)"/></designation><property><code value="dateValid"/><valueDateTime value="2023-03-31T12:00:00+01:00"/></property><property><code value="dateMaj"/><valueDateTime value="2023-03-31T12:00:00+01:00"/></property></concept><concept><code value="DIP370"/><display value="Attestation de connaissances de MER"/><designation><use><code value="LibelleCourt"/></use><value value="Attestation MER"/></designation><designation><use><code value="LibelleAdapte"/></use><value value="Attestation de vérification de connaissances de Manipulateur d'Electro-Radiologie"/></designation><designation><use><code value="DescriptionMetier"/></use><value value="Article L4351-6 2° du code de la santé publique (CSP)"/></designation><property><code value="dateValid"/><valueDateTime value="2023-03-31T12:00:00+01:00"/></property><property><code value="dateMaj"/><valueDateTime value="2023-03-31T12:00:00+01:00"/></property></concept></CodeSystem>