<?xml version="1.0" encoding="UTF-8"?><CodeSystem xmlns="http://hl7.org/fhir"><id value="TRE-R78-ProfilAccesReferentiel"/><text><status value="generated"/><div xmlns="http://www.w3.org/1999/xhtml"><p class="res-header-id"><b>Generated Narrative: CodeSystem TRE-R78-ProfilAccesReferentiel</b></p><a name="TRE-R78-ProfilAccesReferentiel"> </a><a name="hcTRE-R78-ProfilAccesReferentiel"> </a><a name="hcTRE-R78-ProfilAccesReferentiel-en-US"> </a><p><b>Properties</b></p><p><b>This code system defines the following properties for its concepts</b></p><table class="grid"><tr><td><b>Name</b></td><td><b>Code</b></td><td><b>Type</b></td><td><b>Description</b></td></tr><tr><td>dateValid</td><td>dateValid</td><td>dateTime</td><td>date de validité d'un code concept</td></tr><tr><td>dateMaj</td><td>dateMaj</td><td>dateTime</td><td>Date de mise à jour d'un code concept</td></tr><tr><td>dateFin</td><td>dateFin</td><td>dateTime</td><td>Date de fin d'exploitation d'un code concept</td></tr></table><p><b>Concepts</b></p><p>This  code system <code>https://mos.esante.gouv.fr/NOS/TRE_R78-ProfilAccesReferentiel/FHIR/TRE-R78-ProfilAccesReferentiel</code> defines the following codes:</p><table class="codes"><tr><td style="white-space:nowrap"><b>Code</b></td><td><b>Display</b></td><td><b>dateValid</b></td><td><b>dateMaj</b></td></tr><tr><td style="white-space:nowrap">CU01<a name="TRE-R78-ProfilAccesReferentiel-CU01"> </a></td><td>Services du ministère chargé de la santé</td><td>2016-09-01T00:00:00+01:00</td><td>2016-09-01T00:00:00+01:00</td></tr><tr><td style="white-space:nowrap">CU02<a name="TRE-R78-ProfilAccesReferentiel-CU02"> </a></td><td>Agences régionales de santé</td><td>2016-09-01T00:00:00+01:00</td><td>2016-09-01T00:00:00+01:00</td></tr><tr><td style="white-space:nowrap">CU03<a name="TRE-R78-ProfilAccesReferentiel-CU03"> </a></td><td>SSA et autres autorités employeurs</td><td>2016-09-01T00:00:00+01:00</td><td>2016-09-01T00:00:00+01:00</td></tr><tr><td style="white-space:nowrap">CU04<a name="TRE-R78-ProfilAccesReferentiel-CU04"> </a></td><td>Conseils des Ordres</td><td>2016-09-01T00:00:00+01:00</td><td>2016-09-01T00:00:00+01:00</td></tr><tr><td style="white-space:nowrap">CU05<a name="TRE-R78-ProfilAccesReferentiel-CU05"> </a></td><td>Autorités et représentants Etat dans COM</td><td>2016-09-01T00:00:00+01:00</td><td>2016-09-01T00:00:00+01:00</td></tr><tr><td style="white-space:nowrap">CU06<a name="TRE-R78-ProfilAccesReferentiel-CU06"> </a></td><td>CNAMTS</td><td>2016-09-01T00:00:00+01:00</td><td>2016-09-01T00:00:00+01:00</td></tr><tr><td style="white-space:nowrap">CU07<a name="TRE-R78-ProfilAccesReferentiel-CU07"> </a></td><td>Régimes d'AMO dans les COM</td><td>2016-09-01T00:00:00+01:00</td><td>2016-09-01T00:00:00+01:00</td></tr><tr><td style="white-space:nowrap">CU08<a name="TRE-R78-ProfilAccesReferentiel-CU08"> </a></td><td>ASIP Santé</td><td>2016-09-01T00:00:00+01:00</td><td>2016-09-01T00:00:00+01:00</td></tr><tr><td style="white-space:nowrap">CU09<a name="TRE-R78-ProfilAccesReferentiel-CU09"> </a></td><td>CPAM et CGSS</td><td>2016-09-01T00:00:00+01:00</td><td>2016-09-01T00:00:00+01:00</td></tr><tr><td style="white-space:nowrap">CU10<a name="TRE-R78-ProfilAccesReferentiel-CU10"> </a></td><td>Autres services de l'Etat</td><td>2016-09-01T00:00:00+01:00</td><td>2016-09-01T00:00:00+01:00</td></tr><tr><td style="white-space:nowrap">CU11<a name="TRE-R78-ProfilAccesReferentiel-CU11"> </a></td><td>Etabs, servs santé 6è partie CSP, Collecs territ, Assos gest service san ou soc</td><td>2016-09-01T00:00:00+01:00</td><td>2016-09-01T00:00:00+01:00</td></tr><tr><td style="white-space:nowrap">CU12<a name="TRE-R78-ProfilAccesReferentiel-CU12"> </a></td><td>Etablissements médico-sociaux ou sociaux</td><td>2016-09-01T00:00:00+01:00</td><td>2016-09-01T00:00:00+01:00</td></tr><tr><td style="white-space:nowrap">CU13<a name="TRE-R78-ProfilAccesReferentiel-CU13"> </a></td><td>Autres étab pub, groupmts, orgs créés par loi ou règlement ds dom san et soc</td><td>2016-09-01T00:00:00+01:00</td><td>2016-09-01T00:00:00+01:00</td></tr><tr><td style="white-space:nowrap">CU14<a name="TRE-R78-ProfilAccesReferentiel-CU14"> </a></td><td>Hébergeurs, éditeurs, imprimeurs d'ordonnances</td><td>2016-09-01T00:00:00+01:00</td><td>2016-09-01T00:00:00+01:00</td></tr><tr><td style="white-space:nowrap">CU15<a name="TRE-R78-ProfilAccesReferentiel-CU15"> </a></td><td>Orgs, étabs scient mission agir dévt, diffusion connaissances domaine san et soc</td><td>2016-09-01T00:00:00+01:00</td><td>2016-09-01T00:00:00+01:00</td></tr><tr><td style="white-space:nowrap">CU16<a name="TRE-R78-ProfilAccesReferentiel-CU16"> </a></td><td>Autres régimes d'AMO et organismes d'AMC</td><td>2016-09-01T00:00:00+01:00</td><td>2016-09-01T00:00:00+01:00</td></tr><tr><td style="white-space:nowrap">CU17<a name="TRE-R78-ProfilAccesReferentiel-CU17"> </a></td><td>Professionnel de santé</td><td>2016-09-01T00:00:00+01:00</td><td>2016-09-01T00:00:00+01:00</td></tr><tr><td style="white-space:nowrap">CU18<a name="TRE-R78-ProfilAccesReferentiel-CU18"> </a></td><td>Orientation sanitaire et médico-sociale</td><td>2019-03-29T12:00:00+01:00</td><td>2019-03-29T12:00:00+01:00</td></tr><tr><td style="white-space:nowrap">CU19<a name="TRE-R78-ProfilAccesReferentiel-CU19"> </a></td><td>Orientation médico-sociale</td><td>2019-03-29T12:00:00+01:00</td><td>2019-03-29T12:00:00+01:00</td></tr><tr><td style="white-space:nowrap">CU20<a name="TRE-R78-ProfilAccesReferentiel-CU20"> </a></td><td>Coordination sanitaire et médico-sociale</td><td>2019-03-29T12:00:00+01:00</td><td>2019-03-29T12:00:00+01:00</td></tr><tr><td style="white-space:nowrap">CU21<a name="TRE-R78-ProfilAccesReferentiel-CU21"> </a></td><td>Coordination médico-sociale</td><td>2019-03-29T12:00:00+01:00</td><td>2019-03-29T12:00:00+01:00</td></tr><tr><td style="white-space:nowrap">CU22<a name="TRE-R78-ProfilAccesReferentiel-CU22"> </a></td><td>Régulation de soins non programmés</td><td>2019-03-29T12:00:00+01:00</td><td>2019-03-29T12:00:00+01:00</td></tr><tr><td style="white-space:nowrap">CU23<a name="TRE-R78-ProfilAccesReferentiel-CU23"> </a></td><td>Accès public</td><td>2019-03-29T12:00:00+01:00</td><td>2019-03-29T12:00:00+01:00</td></tr><tr><td style="white-space:nowrap">CU24<a name="TRE-R78-ProfilAccesReferentiel-CU24"> </a></td><td>Gestionnaire de DAC (MAIA, …)</td><td>2023-01-27T12:00:00+01:00</td><td>2023-01-27T12:00:00+01:00</td></tr><tr><td style="white-space:nowrap">CU25<a name="TRE-R78-ProfilAccesReferentiel-CU25"> </a></td><td>Gestion de crise</td><td>2023-01-27T12:00:00+01:00</td><td>2023-01-27T12:00:00+01:00</td></tr><tr><td style="white-space:nowrap">CU26<a name="TRE-R78-ProfilAccesReferentiel-CU26"> </a></td><td>Gestion de l'offre sanitaire et médico-sociale</td><td>2023-01-27T12:00:00+01:00</td><td>2023-01-27T12:00:00+01:00</td></tr><tr><td style="white-space:nowrap">CU27<a name="TRE-R78-ProfilAccesReferentiel-CU27"> </a></td><td>Gestion de l'offre médico-sociale</td><td>2023-01-27T12:00:00+01:00</td><td>2023-01-27T12:00:00+01:00</td></tr></table></div></text><extension url="http://hl7.org/fhir/StructureDefinition/resource-effectivePeriod"><valuePeriod><start value="2016-09-01T00:00:00+01:00"/></valuePeriod></extension><url value="https://mos.esante.gouv.fr/NOS/TRE_R78-ProfilAccesReferentiel/FHIR/TRE-R78-ProfilAccesReferentiel"/><identifier><value value="urn:oid:1.2.250.1.213.1.6.1.66"/></identifier><version value="1.2.0"/><name value="TRE_R78-ProfilAccesReferentiel"/><status value="active"/><date value="2023-12-15T12:00:00+01:00"/><publisher value="ANS"/><contact><name value="ANS"/><telecom><system value="url"/><value value="https://esante.gouv.fr"/></telecom></contact><description value="Profil d'accès aux référentiels"/><content value="complete"/><property><code value="dateValid"/><description value="date de validité d'un code concept"/><type value="dateTime"/></property><property><code value="dateMaj"/><description value="Date de mise à jour d'un code concept"/><type value="dateTime"/></property><property><code value="dateFin"/><description value="Date de fin d'exploitation d'un code concept"/><type value="dateTime"/></property><concept><code value="CU01"/><display value="Services du ministère chargé de la santé"/><designation><use><code value="LibelleCourt"/></use><value value="CU01"/></designation><designation><use><code value="LibelleAdapte"/></use><value value="Services du ministère chargé de la santé"/></designation><property><code value="dateValid"/><valueDateTime value="2016-09-01T00:00:00+01:00"/></property><property><code value="dateMaj"/><valueDateTime value="2016-09-01T00:00:00+01:00"/></property></concept><concept><code value="CU02"/><display value="Agences régionales de santé"/><designation><use><code value="LibelleCourt"/></use><value value="CU02"/></designation><designation><use><code value="LibelleAdapte"/></use><value value="Agences régionales de santé"/></designation><property><code value="dateValid"/><valueDateTime value="2016-09-01T00:00:00+01:00"/></property><property><code value="dateMaj"/><valueDateTime value="2016-09-01T00:00:00+01:00"/></property></concept><concept><code value="CU03"/><display value="SSA et autres autorités employeurs"/><designation><use><code value="LibelleCourt"/></use><value value="CU03"/></designation><designation><use><code value="LibelleAdapte"/></use><value value="SSA et autres autorités employeurs"/></designation><property><code value="dateValid"/><valueDateTime value="2016-09-01T00:00:00+01:00"/></property><property><code value="dateMaj"/><valueDateTime value="2016-09-01T00:00:00+01:00"/></property></concept><concept><code value="CU04"/><display value="Conseils des Ordres"/><designation><use><code value="LibelleCourt"/></use><value value="CU04"/></designation><designation><use><code value="LibelleAdapte"/></use><value value="Conseils des Ordres"/></designation><property><code value="dateValid"/><valueDateTime value="2016-09-01T00:00:00+01:00"/></property><property><code value="dateMaj"/><valueDateTime value="2016-09-01T00:00:00+01:00"/></property></concept><concept><code value="CU05"/><display value="Autorités et représentants Etat dans COM"/><designation><use><code value="LibelleCourt"/></use><value value="CU05"/></designation><designation><use><code value="LibelleAdapte"/></use><value value="Autorités et représentants Etat dans COM"/></designation><property><code value="dateValid"/><valueDateTime value="2016-09-01T00:00:00+01:00"/></property><property><code value="dateMaj"/><valueDateTime value="2016-09-01T00:00:00+01:00"/></property></concept><concept><code value="CU06"/><display value="CNAMTS"/><designation><use><code value="LibelleCourt"/></use><value value="CU06"/></designation><designation><use><code value="LibelleAdapte"/></use><value value="CNAMTS"/></designation><property><code value="dateValid"/><valueDateTime value="2016-09-01T00:00:00+01:00"/></property><property><code value="dateMaj"/><valueDateTime value="2016-09-01T00:00:00+01:00"/></property></concept><concept><code value="CU07"/><display value="Régimes d'AMO dans les COM"/><designation><use><code value="LibelleCourt"/></use><value value="CU07"/></designation><designation><use><code value="LibelleAdapte"/></use><value value="Régimes d'AMO dans les COM"/></designation><property><code value="dateValid"/><valueDateTime value="2016-09-01T00:00:00+01:00"/></property><property><code value="dateMaj"/><valueDateTime value="2016-09-01T00:00:00+01:00"/></property></concept><concept><code value="CU08"/><display value="ASIP Santé"/><designation><use><code value="LibelleCourt"/></use><value value="CU08"/></designation><designation><use><code value="LibelleAdapte"/></use><value value="ASIP Santé"/></designation><property><code value="dateValid"/><valueDateTime value="2016-09-01T00:00:00+01:00"/></property><property><code value="dateMaj"/><valueDateTime value="2016-09-01T00:00:00+01:00"/></property></concept><concept><code value="CU09"/><display value="CPAM et CGSS"/><designation><use><code value="LibelleCourt"/></use><value value="CU09"/></designation><designation><use><code value="LibelleAdapte"/></use><value value="CPAM et CGSS"/></designation><property><code value="dateValid"/><valueDateTime value="2016-09-01T00:00:00+01:00"/></property><property><code value="dateMaj"/><valueDateTime value="2016-09-01T00:00:00+01:00"/></property></concept><concept><code value="CU10"/><display value="Autres services de l'Etat"/><designation><use><code value="LibelleCourt"/></use><value value="CU10"/></designation><designation><use><code value="LibelleAdapte"/></use><value value="Autres services de l'Etat"/></designation><property><code value="dateValid"/><valueDateTime value="2016-09-01T00:00:00+01:00"/></property><property><code value="dateMaj"/><valueDateTime value="2016-09-01T00:00:00+01:00"/></property></concept><concept><code value="CU11"/><display value="Etabs, servs santé 6è partie CSP, Collecs territ, Assos gest service san ou soc"/><designation><use><code value="LibelleCourt"/></use><value value="CU11"/></designation><designation><use><code value="LibelleAdapte"/></use><value value="Etablissements et services de santé 6ème partie CSP, Collectivités territoriales et Associations gestionnaires d'un service sanitaire ou social"/></designation><property><code value="dateValid"/><valueDateTime value="2016-09-01T00:00:00+01:00"/></property><property><code value="dateMaj"/><valueDateTime value="2016-09-01T00:00:00+01:00"/></property></concept><concept><code value="CU12"/><display value="Etablissements médico-sociaux ou sociaux"/><designation><use><code value="LibelleCourt"/></use><value value="CU12"/></designation><designation><use><code value="LibelleAdapte"/></use><value value="Etablissements médico-sociaux ou sociaux"/></designation><property><code value="dateValid"/><valueDateTime value="2016-09-01T00:00:00+01:00"/></property><property><code value="dateMaj"/><valueDateTime value="2016-09-01T00:00:00+01:00"/></property></concept><concept><code value="CU13"/><display value="Autres étab pub, groupmts, orgs créés par loi ou règlement ds dom san et soc"/><designation><use><code value="LibelleCourt"/></use><value value="CU13"/></designation><designation><use><code value="LibelleAdapte"/></use><value value="Autres établissements publics, groupements, organismes créés par la loi ou le règlement dans le domaine sanitaire et social"/></designation><property><code value="dateValid"/><valueDateTime value="2016-09-01T00:00:00+01:00"/></property><property><code value="dateMaj"/><valueDateTime value="2016-09-01T00:00:00+01:00"/></property></concept><concept><code value="CU14"/><display value="Hébergeurs, éditeurs, imprimeurs d'ordonnances"/><designation><use><code value="LibelleCourt"/></use><value value="CU14"/></designation><designation><use><code value="LibelleAdapte"/></use><value value="Hébergeurs, éditeurs, imprimeurs d'ordonnances"/></designation><property><code value="dateValid"/><valueDateTime value="2016-09-01T00:00:00+01:00"/></property><property><code value="dateMaj"/><valueDateTime value="2016-09-01T00:00:00+01:00"/></property></concept><concept><code value="CU15"/><display value="Orgs, étabs scient mission agir dévt, diffusion connaissances domaine san et soc"/><designation><use><code value="LibelleCourt"/></use><value value="CU15"/></designation><designation><use><code value="LibelleAdapte"/></use><value value="Organismes et établissements scientifiques avec mission d'agir pour développement et diffusion des connaissances dans le domaine sanitaire et social"/></designation><property><code value="dateValid"/><valueDateTime value="2016-09-01T00:00:00+01:00"/></property><property><code value="dateMaj"/><valueDateTime value="2016-09-01T00:00:00+01:00"/></property></concept><concept><code value="CU16"/><display value="Autres régimes d'AMO et organismes d'AMC"/><designation><use><code value="LibelleCourt"/></use><value value="CU16"/></designation><designation><use><code value="LibelleAdapte"/></use><value value="Autres régimes d'AMO et organismes d'AMC"/></designation><property><code value="dateValid"/><valueDateTime value="2016-09-01T00:00:00+01:00"/></property><property><code value="dateMaj"/><valueDateTime value="2016-09-01T00:00:00+01:00"/></property></concept><concept><code value="CU17"/><display value="Professionnel de santé"/><designation><use><code value="LibelleCourt"/></use><value value="CU17"/></designation><designation><use><code value="LibelleAdapte"/></use><value value="Professionnel de santé"/></designation><property><code value="dateValid"/><valueDateTime value="2016-09-01T00:00:00+01:00"/></property><property><code value="dateMaj"/><valueDateTime value="2016-09-01T00:00:00+01:00"/></property></concept><concept><code value="CU18"/><display value="Orientation sanitaire et médico-sociale"/><designation><use><code value="LibelleCourt"/></use><value value="CU18"/></designation><designation><use><code value="LibelleAdapte"/></use><value value="Orientation sanitaire et médico-sociale"/></designation><property><code value="dateValid"/><valueDateTime value="2019-03-29T12:00:00+01:00"/></property><property><code value="dateMaj"/><valueDateTime value="2019-03-29T12:00:00+01:00"/></property></concept><concept><code value="CU19"/><display value="Orientation médico-sociale"/><designation><use><code value="LibelleCourt"/></use><value value="CU19"/></designation><designation><use><code value="LibelleAdapte"/></use><value value="Orientation médico-sociale"/></designation><property><code value="dateValid"/><valueDateTime value="2019-03-29T12:00:00+01:00"/></property><property><code value="dateMaj"/><valueDateTime value="2019-03-29T12:00:00+01:00"/></property></concept><concept><code value="CU20"/><display value="Coordination sanitaire et médico-sociale"/><designation><use><code value="LibelleCourt"/></use><value value="CU20"/></designation><designation><use><code value="LibelleAdapte"/></use><value value="Coordination sanitaire et médico-sociale"/></designation><property><code value="dateValid"/><valueDateTime value="2019-03-29T12:00:00+01:00"/></property><property><code value="dateMaj"/><valueDateTime value="2019-03-29T12:00:00+01:00"/></property></concept><concept><code value="CU21"/><display value="Coordination médico-sociale"/><designation><use><code value="LibelleCourt"/></use><value value="CU21"/></designation><designation><use><code value="LibelleAdapte"/></use><value value="Coordination médico-sociale"/></designation><property><code value="dateValid"/><valueDateTime value="2019-03-29T12:00:00+01:00"/></property><property><code value="dateMaj"/><valueDateTime value="2019-03-29T12:00:00+01:00"/></property></concept><concept><code value="CU22"/><display value="Régulation de soins non programmés"/><designation><use><code value="LibelleCourt"/></use><value value="CU22"/></designation><designation><use><code value="LibelleAdapte"/></use><value value="Régulation de soins non programmés"/></designation><property><code value="dateValid"/><valueDateTime value="2019-03-29T12:00:00+01:00"/></property><property><code value="dateMaj"/><valueDateTime value="2019-03-29T12:00:00+01:00"/></property></concept><concept><code value="CU23"/><display value="Accès public"/><designation><use><code value="LibelleCourt"/></use><value value="CU23"/></designation><designation><use><code value="LibelleAdapte"/></use><value value="Accès public"/></designation><property><code value="dateValid"/><valueDateTime value="2019-03-29T12:00:00+01:00"/></property><property><code value="dateMaj"/><valueDateTime value="2019-03-29T12:00:00+01:00"/></property></concept><concept><code value="CU24"/><display value="Gestionnaire de DAC (MAIA, …)"/><designation><use><code value="LibelleCourt"/></use><value value="CU24"/></designation><designation><use><code value="LibelleAdapte"/></use><value value="Gestionnaire de DAC (MAIA, …)"/></designation><property><code value="dateValid"/><valueDateTime value="2023-01-27T12:00:00+01:00"/></property><property><code value="dateMaj"/><valueDateTime value="2023-01-27T12:00:00+01:00"/></property></concept><concept><code value="CU25"/><display value="Gestion de crise"/><designation><use><code value="LibelleCourt"/></use><value value="CU25"/></designation><designation><use><code value="LibelleAdapte"/></use><value value="Gestion de crise"/></designation><property><code value="dateValid"/><valueDateTime value="2023-01-27T12:00:00+01:00"/></property><property><code value="dateMaj"/><valueDateTime value="2023-01-27T12:00:00+01:00"/></property></concept><concept><code value="CU26"/><display value="Gestion de l'offre sanitaire et médico-sociale"/><designation><use><code value="LibelleCourt"/></use><value value="CU26"/></designation><designation><use><code value="LibelleAdapte"/></use><value value="Gestion de l'offre sanitaire et médico-sociale"/></designation><property><code value="dateValid"/><valueDateTime value="2023-01-27T12:00:00+01:00"/></property><property><code value="dateMaj"/><valueDateTime value="2023-01-27T12:00:00+01:00"/></property></concept><concept><code value="CU27"/><display value="Gestion de l'offre médico-sociale"/><designation><use><code value="LibelleCourt"/></use><value value="CU27"/></designation><designation><use><code value="LibelleAdapte"/></use><value value="Gestion de l'offre médico-sociale"/></designation><property><code value="dateValid"/><valueDateTime value="2023-01-27T12:00:00+01:00"/></property><property><code value="dateMaj"/><valueDateTime value="2023-01-27T12:00:00+01:00"/></property></concept></CodeSystem>