<?xml version="1.0" encoding="UTF-8"?><CodeSystem xmlns="http://hl7.org/fhir"><id value="TRE-R355-TypeIdentifiantOffre"/><text><status value="generated"/><div xmlns="http://www.w3.org/1999/xhtml"><p><b>Properties</b></p><p><b>This code system  defines the following properties for its concepts</b></p><table class="grid"><tr><td><b>Code</b></td><td><b>Type</b></td><td><b>Description</b></td></tr><tr><td>dateValid</td><td>dateTime</td><td>date de validité d'un code concept</td></tr><tr><td>dateMaj</td><td>dateTime</td><td>Date de mise à jour d'un code concept</td></tr><tr><td>dateFin</td><td>dateTime</td><td>Date de fin d'exploitation d'un code concept</td></tr></table><p><b>Concepts</b></p><p>This  code system <code>https://mos.esante.gouv.fr/NOS/TRE_R355-TypeIdentifiantOffre/FHIR/TRE-R355-TypeIdentifiantOffre</code> defines the following codes:</p><table class="codes"><tr><td style="white-space:nowrap"><b>Code</b></td><td><b>Display</b></td><td><b>dateValid</b></td><td><b>dateMaj</b></td></tr><tr><td style="white-space:nowrap">35<a name="TRE-R355-TypeIdentifiantOffre-35"> </a></td><td>Identifiant fonctionnel de l'offre connu par l'instance ROR</td><td>2023-03-31T12:00:00+01:00</td><td>2023-03-31T12:00:00+01:00</td></tr><tr><td style="white-space:nowrap">36<a name="TRE-R355-TypeIdentifiantOffre-36"> </a></td><td>Identifiant interne de l'offre connu par l'instance ROR</td><td>2023-03-31T12:00:00+01:00</td><td>2023-03-31T12:00:00+01:00</td></tr></table></div></text><extension url="http://hl7.org/fhir/StructureDefinition/resource-effectivePeriod"><valuePeriod><start value="2023-03-31T12:00:00+01:00"/></valuePeriod></extension><url value="https://mos.esante.gouv.fr/NOS/TRE_R355-TypeIdentifiantOffre/FHIR/TRE-R355-TypeIdentifiantOffre"/><identifier><value value="urn:oid:1.2.250.1.213.3.3.245"/></identifier><version value="1.1.0"/><name value="TRE_R355-TypeIdentifiantOffre"/><status value="active"/><date value="2023-12-15T12:00:00+01:00"/><publisher value="ANS"/><contact><name value="ANS"/><telecom><system value="url"/><value value="https://esante.gouv.fr"/></telecom></contact><description value="Type d'identifiant de l'offre"/><content value="complete"/><property><code value="dateValid"/><description value="date de validité d'un code concept"/><type value="dateTime"/></property><property><code value="dateMaj"/><description value="Date de mise à jour d'un code concept"/><type value="dateTime"/></property><property><code value="dateFin"/><description value="Date de fin d'exploitation d'un code concept"/><type value="dateTime"/></property><concept><code value="35"/><display value="Identifiant fonctionnel de l'offre connu par l'instance ROR"/><designation><use><code value="LibelleCourt"/></use><value value="RORR_offreID"/></designation><designation><use><code value="LibelleAdapte"/></use><value value="Identifiant fonctionnel de l'offre connu par l'instance ROR"/></designation><property><code value="dateValid"/><valueDateTime value="2023-03-31T12:00:00+01:00"/></property><property><code value="dateMaj"/><valueDateTime value="2023-03-31T12:00:00+01:00"/></property></concept><concept><code value="36"/><display value="Identifiant interne de l'offre connu par l'instance ROR"/><designation><use><code value="LibelleCourt"/></use><value value="RORR_T_OffreID"/></designation><designation><use><code value="LibelleAdapte"/></use><value value="Identifiant interne de l'offre connu par l'instance ROR"/></designation><property><code value="dateValid"/><valueDateTime value="2023-03-31T12:00:00+01:00"/></property><property><code value="dateMaj"/><valueDateTime value="2023-03-31T12:00:00+01:00"/></property></concept></CodeSystem>