<?xml version="1.0" encoding="UTF-8"?><CodeSystem xmlns="http://hl7.org/fhir"><id value="TRE-R55-CertificatEtudeSpeciale"/><text><status value="generated"/><div xmlns="http://www.w3.org/1999/xhtml"><p class="res-header-id"><b>Generated Narrative: CodeSystem TRE-R55-CertificatEtudeSpeciale</b></p><a name="TRE-R55-CertificatEtudeSpeciale"> </a><a name="hcTRE-R55-CertificatEtudeSpeciale"> </a><a name="TRE-R55-CertificatEtudeSpeciale-en-US"> </a><p><b>Properties</b></p><p><b>This code system defines the following properties for its concepts</b></p><table class="grid"><tr><td><b>Name</b></td><td><b>Code</b></td><td><b>Type</b></td><td><b>Description</b></td></tr><tr><td>dateValid</td><td>dateValid</td><td>dateTime</td><td>date de validité d'un code concept</td></tr><tr><td>dateMaj</td><td>dateMaj</td><td>dateTime</td><td>Date de mise à jour d'un code concept</td></tr><tr><td>dateFin</td><td>dateFin</td><td>dateTime</td><td>Date de fin d'exploitation d'un code concept</td></tr></table><p><b>Concepts</b></p><p>This  code system <code>https://mos.esante.gouv.fr/NOS/TRE_R55-CertificatEtudeSpeciale/FHIR/TRE-R55-CertificatEtudeSpeciale</code> defines the following codes:</p><table class="codes"><tr><td style="white-space:nowrap"><b>Code</b></td><td><b>Display</b></td><td><b>dateValid</b></td><td><b>dateMaj</b></td></tr><tr><td style="white-space:nowrap">CESC01<a name="TRE-R55-CertificatEtudeSpeciale-CESC01"> </a></td><td>CES Biologie de la bouche, option Histo-embryologique</td><td>2007-07-25T15:04:42+01:00</td><td>2016-09-01T00:00:00+01:00</td></tr><tr><td style="white-space:nowrap">CESC02<a name="TRE-R55-CertificatEtudeSpeciale-CESC02"> </a></td><td>CES Biologie de la bouche, option Anatomo-physiologue</td><td>2007-07-25T15:04:42+01:00</td><td>2016-09-01T00:00:00+01:00</td></tr><tr><td style="white-space:nowrap">CESC03<a name="TRE-R55-CertificatEtudeSpeciale-CESC03"> </a></td><td>CES Technologie des matériaux employés art dentaire</td><td>2007-07-25T15:04:42+01:00</td><td>2016-09-01T00:00:00+01:00</td></tr><tr><td style="white-space:nowrap">CESC04<a name="TRE-R55-CertificatEtudeSpeciale-CESC04"> </a></td><td>CES Odontologie chirurgicale</td><td>2007-07-25T15:04:42+01:00</td><td>2008-02-28T00:00:00+01:00</td></tr><tr><td style="white-space:nowrap">CESC05<a name="TRE-R55-CertificatEtudeSpeciale-CESC05"> </a></td><td>CES Odontologie conservatrice</td><td>2007-07-25T15:04:42+01:00</td><td>2008-02-28T00:00:00+01:00</td></tr><tr><td style="white-space:nowrap">CESC06<a name="TRE-R55-CertificatEtudeSpeciale-CESC06"> </a></td><td>CES Odontologie légale</td><td>2007-07-25T15:04:42+01:00</td><td>2008-02-28T00:00:00+01:00</td></tr><tr><td style="white-space:nowrap">CESC07<a name="TRE-R55-CertificatEtudeSpeciale-CESC07"> </a></td><td>CES Orthopédie dento-faciale</td><td>2007-07-25T15:04:42+01:00</td><td>2008-02-28T00:00:00+01:00</td></tr><tr><td style="white-space:nowrap">CESC08<a name="TRE-R55-CertificatEtudeSpeciale-CESC08"> </a></td><td>CES Pédodontie-prévention</td><td>2007-07-25T15:04:42+01:00</td><td>2008-02-28T00:00:00+01:00</td></tr><tr><td style="white-space:nowrap">CESC09<a name="TRE-R55-CertificatEtudeSpeciale-CESC09"> </a></td><td>CES Prothèse adjointe partielle</td><td>2007-07-25T15:04:42+01:00</td><td>2016-09-01T00:00:00+01:00</td></tr><tr><td style="white-space:nowrap">CESC10<a name="TRE-R55-CertificatEtudeSpeciale-CESC10"> </a></td><td>CES Prothèse adjointe complète</td><td>2007-07-25T15:04:42+01:00</td><td>2016-09-01T00:00:00+01:00</td></tr><tr><td style="white-space:nowrap">CESC11<a name="TRE-R55-CertificatEtudeSpeciale-CESC11"> </a></td><td>CES Prothèse adjointe maxillo-faciale</td><td>2007-07-25T15:04:42+01:00</td><td>2016-09-01T00:00:00+01:00</td></tr><tr><td style="white-space:nowrap">CESC12<a name="TRE-R55-CertificatEtudeSpeciale-CESC12"> </a></td><td>CES Prothèse scellée</td><td>2007-07-25T15:04:42+01:00</td><td>2008-02-28T00:00:00+01:00</td></tr><tr><td style="white-space:nowrap">CESM01<a name="TRE-R55-CertificatEtudeSpeciale-CESM01"> </a></td><td>CES Médecine aéronautique</td><td>2007-07-25T15:04:42+01:00</td><td>2008-02-28T00:00:00+01:00</td></tr><tr><td style="white-space:nowrap">CESM02<a name="TRE-R55-CertificatEtudeSpeciale-CESM02"> </a></td><td>CES Anatomie et Cytologie pathologiques</td><td>2007-07-25T15:04:42+01:00</td><td>2016-09-01T00:00:00+01:00</td></tr><tr><td style="white-space:nowrap">CESM03<a name="TRE-R55-CertificatEtudeSpeciale-CESM03"> </a></td><td>CES Anesthésie-réanimation</td><td>2007-07-25T15:04:42+01:00</td><td>2008-02-28T00:00:00+01:00</td></tr><tr><td style="white-space:nowrap">CESM04<a name="TRE-R55-CertificatEtudeSpeciale-CESM04"> </a></td><td>CES Cardiologie et Maladies vasculaires</td><td>2007-07-25T15:04:42+01:00</td><td>2016-09-01T00:00:00+01:00</td></tr><tr><td style="white-space:nowrap">CESM05<a name="TRE-R55-CertificatEtudeSpeciale-CESM05"> </a></td><td>CES Chirurgie générale</td><td>2007-07-25T15:04:42+01:00</td><td>2008-02-28T00:00:00+01:00</td></tr><tr><td style="white-space:nowrap">CESM06<a name="TRE-R55-CertificatEtudeSpeciale-CESM06"> </a></td><td>CES Dermato-vénéréologie</td><td>2007-07-25T15:04:42+01:00</td><td>2008-02-28T00:00:00+01:00</td></tr><tr><td style="white-space:nowrap">CESM07<a name="TRE-R55-CertificatEtudeSpeciale-CESM07"> </a></td><td>CES Electro-radiologie</td><td>2007-07-25T15:04:42+01:00</td><td>2008-02-28T00:00:00+01:00</td></tr><tr><td style="white-space:nowrap">CESM09<a name="TRE-R55-CertificatEtudeSpeciale-CESM09"> </a></td><td>CES Gynécologie médicale</td><td>2007-07-25T15:04:42+01:00</td><td>2008-02-28T00:00:00+01:00</td></tr><tr><td style="white-space:nowrap">CESM10<a name="TRE-R55-CertificatEtudeSpeciale-CESM10"> </a></td><td>CES Maladies de l'appareil digestif</td><td>2007-07-25T15:04:42+01:00</td><td>2016-09-01T00:00:00+01:00</td></tr><tr><td style="white-space:nowrap">CESM13<a name="TRE-R55-CertificatEtudeSpeciale-CESM13"> </a></td><td>CES Néphrologie</td><td>2007-07-25T15:04:42+01:00</td><td>2008-02-28T00:00:00+01:00</td></tr><tr><td style="white-space:nowrap">CESM14<a name="TRE-R55-CertificatEtudeSpeciale-CESM14"> </a></td><td>CES Neuro-chirurgie</td><td>2007-07-25T15:04:42+01:00</td><td>2008-02-28T00:00:00+01:00</td></tr><tr><td style="white-space:nowrap">CESM15<a name="TRE-R55-CertificatEtudeSpeciale-CESM15"> </a></td><td>CES Neurologie</td><td>2007-07-25T15:04:42+01:00</td><td>2008-02-28T00:00:00+01:00</td></tr><tr><td style="white-space:nowrap">CESM16<a name="TRE-R55-CertificatEtudeSpeciale-CESM16"> </a></td><td>CES Pédiatrie</td><td>2007-07-25T15:04:42+01:00</td><td>2011-01-17T11:47:08+01:00</td></tr><tr><td style="white-space:nowrap">CESM17<a name="TRE-R55-CertificatEtudeSpeciale-CESM17"> </a></td><td>CES Pneumologie</td><td>2007-07-25T15:04:42+01:00</td><td>2008-02-28T00:00:00+01:00</td></tr><tr><td style="white-space:nowrap">CESM18<a name="TRE-R55-CertificatEtudeSpeciale-CESM18"> </a></td><td>CES Psychiatrie</td><td>2007-07-25T15:04:42+01:00</td><td>2008-02-28T00:00:00+01:00</td></tr><tr><td style="white-space:nowrap">CESM19<a name="TRE-R55-CertificatEtudeSpeciale-CESM19"> </a></td><td>CES Psychiatrie, option enfant et adolescent</td><td>2007-07-25T15:04:42+01:00</td><td>2016-09-01T00:00:00+01:00</td></tr><tr><td style="white-space:nowrap">CESM20<a name="TRE-R55-CertificatEtudeSpeciale-CESM20"> </a></td><td>CES Radio-diagnostic</td><td>2007-07-25T15:04:42+01:00</td><td>2008-02-28T00:00:00+01:00</td></tr><tr><td style="white-space:nowrap">CESM21<a name="TRE-R55-CertificatEtudeSpeciale-CESM21"> </a></td><td>CES Radio-thérapie</td><td>2007-07-25T15:04:42+01:00</td><td>2008-02-28T00:00:00+01:00</td></tr><tr><td style="white-space:nowrap">CESM22<a name="TRE-R55-CertificatEtudeSpeciale-CESM22"> </a></td><td>CES Médecine physique et réadaptation fonctionnelle</td><td>2007-07-25T15:04:42+01:00</td><td>2016-09-01T00:00:00+01:00</td></tr><tr><td style="white-space:nowrap">CESM23<a name="TRE-R55-CertificatEtudeSpeciale-CESM23"> </a></td><td>CES Rhumatologie</td><td>2007-07-25T15:04:42+01:00</td><td>2008-02-28T00:00:00+01:00</td></tr><tr><td style="white-space:nowrap">CESM24<a name="TRE-R55-CertificatEtudeSpeciale-CESM24"> </a></td><td>CES Médecine Nucléaire</td><td>2007-07-25T15:04:42+01:00</td><td>2008-02-28T00:00:00+01:00</td></tr><tr><td style="white-space:nowrap">CESM25<a name="TRE-R55-CertificatEtudeSpeciale-CESM25"> </a></td><td>CES Endocrinologie, diabète, Maladies métaboliques</td><td>2007-07-25T15:04:42+01:00</td><td>2016-09-01T00:00:00+01:00</td></tr><tr><td style="white-space:nowrap">CESM26<a name="TRE-R55-CertificatEtudeSpeciale-CESM26"> </a></td><td>CES Gynécologie médicale et Obstétrique</td><td>2007-07-25T15:04:42+01:00</td><td>2016-09-01T00:00:00+01:00</td></tr><tr><td style="white-space:nowrap">CESM27<a name="TRE-R55-CertificatEtudeSpeciale-CESM27"> </a></td><td>CES Médecine appliquée aux sports</td><td>2007-07-25T15:04:42+01:00</td><td>2016-09-01T00:00:00+01:00</td></tr><tr><td style="white-space:nowrap">CESM28<a name="TRE-R55-CertificatEtudeSpeciale-CESM28"> </a></td><td>CES Médecine légale</td><td>2007-07-25T15:04:42+01:00</td><td>2008-02-28T00:00:00+01:00</td></tr><tr><td style="white-space:nowrap">CESM29<a name="TRE-R55-CertificatEtudeSpeciale-CESM29"> </a></td><td>CES Maladies du sang</td><td>2007-07-25T15:04:42+01:00</td><td>2008-02-28T00:00:00+01:00</td></tr><tr><td style="white-space:nowrap">CESM30<a name="TRE-R55-CertificatEtudeSpeciale-CESM30"> </a></td><td>CES Obstétrique</td><td>2007-07-25T15:04:42+01:00</td><td>2008-02-28T00:00:00+01:00</td></tr><tr><td style="white-space:nowrap">CESM31<a name="TRE-R55-CertificatEtudeSpeciale-CESM31"> </a></td><td>CES Ophtalmologie</td><td>2007-07-25T15:04:42+01:00</td><td>2008-02-28T00:00:00+01:00</td></tr><tr><td style="white-space:nowrap">CESM32<a name="TRE-R55-CertificatEtudeSpeciale-CESM32"> </a></td><td>CES Otho-rhino-laryngologie</td><td>2007-07-25T15:04:42+01:00</td><td>2016-09-01T00:00:00+01:00</td></tr><tr><td style="white-space:nowrap">CESM33<a name="TRE-R55-CertificatEtudeSpeciale-CESM33"> </a></td><td>CES Stomatologie</td><td>2007-07-25T00:00:00+01:00</td><td>2008-02-28T00:00:00+01:00</td></tr><tr><td style="white-space:nowrap">CESM34<a name="TRE-R55-CertificatEtudeSpeciale-CESM34"> </a></td><td>CES Médecine du travail</td><td>2007-07-25T00:00:00+01:00</td><td>2011-01-17T11:47:08+01:00</td></tr><tr><td style="white-space:nowrap">CESM35<a name="TRE-R55-CertificatEtudeSpeciale-CESM35"> </a></td><td>CES Orthopédie dento-maxillo-faciale</td><td>2007-07-25T00:00:00+01:00</td><td>2016-09-01T00:00:00+01:00</td></tr><tr><td style="white-space:nowrap">CESM36<a name="TRE-R55-CertificatEtudeSpeciale-CESM36"> </a></td><td>CES Neuro psychiatrie</td><td>2007-07-25T00:00:00+01:00</td><td>2008-02-28T00:00:00+01:00</td></tr><tr><td style="white-space:nowrap">CESM37<a name="TRE-R55-CertificatEtudeSpeciale-CESM37"> </a></td><td>CES Radio-diagnostic et thérapie</td><td>2007-07-25T00:00:00+01:00</td><td>2016-09-01T00:00:00+01:00</td></tr><tr><td style="white-space:nowrap">CESP01<a name="TRE-R55-CertificatEtudeSpeciale-CESP01"> </a></td><td>Bactérologie et Virologie clinique</td><td>2007-07-25T15:04:42+01:00</td><td>2016-09-01T00:00:00+01:00</td></tr><tr><td style="white-space:nowrap">CESP02<a name="TRE-R55-CertificatEtudeSpeciale-CESP02"> </a></td><td>Biochimie</td><td>2007-07-25T15:04:42+01:00</td><td>2008-02-28T00:00:00+01:00</td></tr><tr><td style="white-space:nowrap">CESP06<a name="TRE-R55-CertificatEtudeSpeciale-CESP06"> </a></td><td>Diagnostic biologiste parasitaire</td><td>2007-07-25T15:04:42+01:00</td><td>2016-09-01T00:00:00+01:00</td></tr><tr><td style="white-space:nowrap">CESP07<a name="TRE-R55-CertificatEtudeSpeciale-CESP07"> </a></td><td>Hématologie</td><td>2007-07-25T15:04:42+01:00</td><td>2008-02-28T00:00:00+01:00</td></tr><tr><td style="white-space:nowrap">CESP08<a name="TRE-R55-CertificatEtudeSpeciale-CESP08"> </a></td><td>Immunologie générale et appliquée</td><td>2007-07-25T15:04:42+01:00</td><td>2016-09-01T00:00:00+01:00</td></tr></table></div></text><extension url="http://hl7.org/fhir/StructureDefinition/resource-effectivePeriod"><valuePeriod><start value="2013-06-28T00:00:00+01:00"/></valuePeriod></extension><url value="https://mos.esante.gouv.fr/NOS/TRE_R55-CertificatEtudeSpeciale/FHIR/TRE-R55-CertificatEtudeSpeciale"/><identifier><value value="urn:oid:1.2.250.1.213.1.6.1.52"/></identifier><version value="1.5.0"/><name value="TRE_R55-CertificatEtudeSpeciale"/><status value="active"/><date value="2023-12-15T12:00:00+01:00"/><publisher value="ANS"/><contact><name value="ANS"/><telecom><system value="url"/><value value="https://esante.gouv.fr"/></telecom></contact><description value="Certificat d'Etude Spéciale"/><content value="complete"/><property><code value="dateValid"/><description value="date de validité d'un code concept"/><type value="dateTime"/></property><property><code value="dateMaj"/><description value="Date de mise à jour d'un code concept"/><type value="dateTime"/></property><property><code value="dateFin"/><description value="Date de fin d'exploitation d'un code concept"/><type value="dateTime"/></property><concept><code value="CESC01"/><display value="CES Biologie de la bouche, option Histo-embryologique"/><designation><use><code value="LibelleCourt"/></use><value value="CES Bio bouche, opt Histo-embr"/></designation><designation><use><code value="LibelleAdapte"/></use><value value="CES Biologie de la bouche, option Histo-embryologique"/></designation><property><code value="dateValid"/><valueDateTime value="2007-07-25T15:04:42+01:00"/></property><property><code value="dateMaj"/><valueDateTime value="2016-09-01T00:00:00+01:00"/></property></concept><concept><code value="CESC02"/><display value="CES Biologie de la bouche, option Anatomo-physiologue"/><designation><use><code value="LibelleCourt"/></use><value value="CES Bio bouche, opt Ana-physio"/></designation><designation><use><code value="LibelleAdapte"/></use><value value="CES Biologie de la bouche, option Anatomo-physiologue"/></designation><property><code value="dateValid"/><valueDateTime value="2007-07-25T15:04:42+01:00"/></property><property><code value="dateMaj"/><valueDateTime value="2016-09-01T00:00:00+01:00"/></property></concept><concept><code value="CESC03"/><display value="CES Technologie des matériaux employés art dentaire"/><designation><use><code value="LibelleCourt"/></use><value value="CES Techno matér art dentaire"/></designation><designation><use><code value="LibelleAdapte"/></use><value value="CES Technologie des matériaux employés art dentaire"/></designation><property><code value="dateValid"/><valueDateTime value="2007-07-25T15:04:42+01:00"/></property><property><code value="dateMaj"/><valueDateTime value="2016-09-01T00:00:00+01:00"/></property></concept><concept><code value="CESC04"/><display value="CES Odontologie chirurgicale"/><designation><use><code value="LibelleCourt"/></use><value value="CES Odontologie chirurgicale"/></designation><designation><use><code value="LibelleAdapte"/></use><value value="CES Odontologie chirurgicale"/></designation><property><code value="dateValid"/><valueDateTime value="2007-07-25T15:04:42+01:00"/></property><property><code value="dateMaj"/><valueDateTime value="2008-02-28T00:00:00+01:00"/></property></concept><concept><code value="CESC05"/><display value="CES Odontologie conservatrice"/><designation><use><code value="LibelleCourt"/></use><value value="CES Odontologie conservatrice"/></designation><designation><use><code value="LibelleAdapte"/></use><value value="CES Odontologie conservatrice"/></designation><property><code value="dateValid"/><valueDateTime value="2007-07-25T15:04:42+01:00"/></property><property><code value="dateMaj"/><valueDateTime value="2008-02-28T00:00:00+01:00"/></property></concept><concept><code value="CESC06"/><display value="CES Odontologie légale"/><designation><use><code value="LibelleCourt"/></use><value value="CES Odontologie légale"/></designation><designation><use><code value="LibelleAdapte"/></use><value value="CES Odontologie légale"/></designation><property><code value="dateValid"/><valueDateTime value="2007-07-25T15:04:42+01:00"/></property><property><code value="dateMaj"/><valueDateTime value="2008-02-28T00:00:00+01:00"/></property></concept><concept><code value="CESC07"/><display value="CES Orthopédie dento-faciale"/><designation><use><code value="LibelleCourt"/></use><value value="CES Orthopédie dento-faciale"/></designation><designation><use><code value="LibelleAdapte"/></use><value value="CES Orthopédie dento-faciale"/></designation><property><code value="dateValid"/><valueDateTime value="2007-07-25T15:04:42+01:00"/></property><property><code value="dateMaj"/><valueDateTime value="2008-02-28T00:00:00+01:00"/></property></concept><concept><code value="CESC08"/><display value="CES Pédodontie-prévention"/><designation><use><code value="LibelleCourt"/></use><value value="CES Pédodontie-prévention"/></designation><designation><use><code value="LibelleAdapte"/></use><value value="CES Pédodontie-prévention"/></designation><property><code value="dateValid"/><valueDateTime value="2007-07-25T15:04:42+01:00"/></property><property><code value="dateMaj"/><valueDateTime value="2008-02-28T00:00:00+01:00"/></property></concept><concept><code value="CESC09"/><display value="CES Prothèse adjointe partielle"/><designation><use><code value="LibelleCourt"/></use><value value="CES Prothèse adj partielle"/></designation><designation><use><code value="LibelleAdapte"/></use><value value="CES Prothèse adjointe partielle"/></designation><property><code value="dateValid"/><valueDateTime value="2007-07-25T15:04:42+01:00"/></property><property><code value="dateMaj"/><valueDateTime value="2016-09-01T00:00:00+01:00"/></property></concept><concept><code value="CESC10"/><display value="CES Prothèse adjointe complète"/><designation><use><code value="LibelleCourt"/></use><value value="CES Prothèse adj complète"/></designation><designation><use><code value="LibelleAdapte"/></use><value value="CES Prothèse adjointe complète"/></designation><property><code value="dateValid"/><valueDateTime value="2007-07-25T15:04:42+01:00"/></property><property><code value="dateMaj"/><valueDateTime value="2016-09-01T00:00:00+01:00"/></property></concept><concept><code value="CESC11"/><display value="CES Prothèse adjointe maxillo-faciale"/><designation><use><code value="LibelleCourt"/></use><value value="CES Prothèse adj maxillo-fac"/></designation><designation><use><code value="LibelleAdapte"/></use><value value="CES Prothèse adjointe maxillo-faciale"/></designation><property><code value="dateValid"/><valueDateTime value="2007-07-25T15:04:42+01:00"/></property><property><code value="dateMaj"/><valueDateTime value="2016-09-01T00:00:00+01:00"/></property></concept><concept><code value="CESC12"/><display value="CES Prothèse scellée"/><designation><use><code value="LibelleCourt"/></use><value value="CES Prothèse scellée"/></designation><designation><use><code value="LibelleAdapte"/></use><value value="CES Prothèse scellée"/></designation><property><code value="dateValid"/><valueDateTime value="2007-07-25T15:04:42+01:00"/></property><property><code value="dateMaj"/><valueDateTime value="2008-02-28T00:00:00+01:00"/></property></concept><concept><code value="CESM01"/><display value="CES Médecine aéronautique"/><designation><use><code value="LibelleCourt"/></use><value value="CES Médecine aéronautique"/></designation><designation><use><code value="LibelleAdapte"/></use><value value="CES Médecine aéronautique"/></designation><property><code value="dateValid"/><valueDateTime value="2007-07-25T15:04:42+01:00"/></property><property><code value="dateMaj"/><valueDateTime value="2008-02-28T00:00:00+01:00"/></property></concept><concept><code value="CESM02"/><display value="CES Anatomie et Cytologie pathologiques"/><designation><use><code value="LibelleCourt"/></use><value value="CES Anatomie, Cytologie patho"/></designation><designation><use><code value="LibelleAdapte"/></use><value value="CES Anatomie et Cytologie pathologiques"/></designation><property><code value="dateValid"/><valueDateTime value="2007-07-25T15:04:42+01:00"/></property><property><code value="dateMaj"/><valueDateTime value="2016-09-01T00:00:00+01:00"/></property></concept><concept><code value="CESM03"/><display value="CES Anesthésie-réanimation"/><designation><use><code value="LibelleCourt"/></use><value value="CES Anesthésie-réanimation"/></designation><designation><use><code value="LibelleAdapte"/></use><value value="CES Anesthésie-réanimation"/></designation><property><code value="dateValid"/><valueDateTime value="2007-07-25T15:04:42+01:00"/></property><property><code value="dateMaj"/><valueDateTime value="2008-02-28T00:00:00+01:00"/></property></concept><concept><code value="CESM04"/><display value="CES Cardiologie et Maladies vasculaires"/><designation><use><code value="LibelleCourt"/></use><value value="CES Cardiologie, Mal vascul"/></designation><designation><use><code value="LibelleAdapte"/></use><value value="CES Cardiologie et Maladies vasculaires"/></designation><property><code value="dateValid"/><valueDateTime value="2007-07-25T15:04:42+01:00"/></property><property><code value="dateMaj"/><valueDateTime value="2016-09-01T00:00:00+01:00"/></property></concept><concept><code value="CESM05"/><display value="CES Chirurgie générale"/><designation><use><code value="LibelleCourt"/></use><value value="CES Chirurgie générale"/></designation><designation><use><code value="LibelleAdapte"/></use><value value="CES Chirurgie générale"/></designation><property><code value="dateValid"/><valueDateTime value="2007-07-25T15:04:42+01:00"/></property><property><code value="dateMaj"/><valueDateTime value="2008-02-28T00:00:00+01:00"/></property></concept><concept><code value="CESM06"/><display value="CES Dermato-vénéréologie"/><designation><use><code value="LibelleCourt"/></use><value value="CES Dermato-vénéréologie"/></designation><designation><use><code value="LibelleAdapte"/></use><value value="CES Dermato-vénéréologie"/></designation><property><code value="dateValid"/><valueDateTime value="2007-07-25T15:04:42+01:00"/></property><property><code value="dateMaj"/><valueDateTime value="2008-02-28T00:00:00+01:00"/></property></concept><concept><code value="CESM07"/><display value="CES Electro-radiologie"/><designation><use><code value="LibelleCourt"/></use><value value="CES Electro-radiologie"/></designation><designation><use><code value="LibelleAdapte"/></use><value value="CES Electro-radiologie"/></designation><property><code value="dateValid"/><valueDateTime value="2007-07-25T15:04:42+01:00"/></property><property><code value="dateMaj"/><valueDateTime value="2008-02-28T00:00:00+01:00"/></property></concept><concept><code value="CESM09"/><display value="CES Gynécologie médicale"/><designation><use><code value="LibelleCourt"/></use><value value="CES Gynécologie médicale"/></designation><designation><use><code value="LibelleAdapte"/></use><value value="CES Gynécologie médicale"/></designation><property><code value="dateValid"/><valueDateTime value="2007-07-25T15:04:42+01:00"/></property><property><code value="dateMaj"/><valueDateTime value="2008-02-28T00:00:00+01:00"/></property></concept><concept><code value="CESM10"/><display value="CES Maladies de l'appareil digestif"/><designation><use><code value="LibelleCourt"/></use><value value="CES Maladies appareil digestif"/></designation><designation><use><code value="LibelleAdapte"/></use><value value="CES Maladies de l'appareil digestif"/></designation><property><code value="dateValid"/><valueDateTime value="2007-07-25T15:04:42+01:00"/></property><property><code value="dateMaj"/><valueDateTime value="2016-09-01T00:00:00+01:00"/></property></concept><concept><code value="CESM13"/><display value="CES Néphrologie"/><designation><use><code value="LibelleCourt"/></use><value value="CES Néphrologie"/></designation><designation><use><code value="LibelleAdapte"/></use><value value="CES Néphrologie"/></designation><property><code value="dateValid"/><valueDateTime value="2007-07-25T15:04:42+01:00"/></property><property><code value="dateMaj"/><valueDateTime value="2008-02-28T00:00:00+01:00"/></property></concept><concept><code value="CESM14"/><display value="CES Neuro-chirurgie"/><designation><use><code value="LibelleCourt"/></use><value value="CES Neuro-chirurgie"/></designation><designation><use><code value="LibelleAdapte"/></use><value value="CES Neuro-chirurgie"/></designation><property><code value="dateValid"/><valueDateTime value="2007-07-25T15:04:42+01:00"/></property><property><code value="dateMaj"/><valueDateTime value="2008-02-28T00:00:00+01:00"/></property></concept><concept><code value="CESM15"/><display value="CES Neurologie"/><designation><use><code value="LibelleCourt"/></use><value value="CES Neurologie"/></designation><designation><use><code value="LibelleAdapte"/></use><value value="CES Neurologie"/></designation><property><code value="dateValid"/><valueDateTime value="2007-07-25T15:04:42+01:00"/></property><property><code value="dateMaj"/><valueDateTime value="2008-02-28T00:00:00+01:00"/></property></concept><concept><code value="CESM16"/><display value="CES Pédiatrie"/><designation><use><code value="LibelleCourt"/></use><value value="CES Pédiatrie"/></designation><designation><use><code value="LibelleAdapte"/></use><value value="CES Pédiatrie"/></designation><property><code value="dateValid"/><valueDateTime value="2007-07-25T15:04:42+01:00"/></property><property><code value="dateMaj"/><valueDateTime value="2011-01-17T11:47:08+01:00"/></property></concept><concept><code value="CESM17"/><display value="CES Pneumologie"/><designation><use><code value="LibelleCourt"/></use><value value="CES Pneumologie"/></designation><designation><use><code value="LibelleAdapte"/></use><value value="CES Pneumologie"/></designation><property><code value="dateValid"/><valueDateTime value="2007-07-25T15:04:42+01:00"/></property><property><code value="dateMaj"/><valueDateTime value="2008-02-28T00:00:00+01:00"/></property></concept><concept><code value="CESM18"/><display value="CES Psychiatrie"/><designation><use><code value="LibelleCourt"/></use><value value="CES Psychiatrie"/></designation><designation><use><code value="LibelleAdapte"/></use><value value="CES Psychiatrie"/></designation><property><code value="dateValid"/><valueDateTime value="2007-07-25T15:04:42+01:00"/></property><property><code value="dateMaj"/><valueDateTime value="2008-02-28T00:00:00+01:00"/></property></concept><concept><code value="CESM19"/><display value="CES Psychiatrie, option enfant et adolescent"/><designation><use><code value="LibelleCourt"/></use><value value="CES Psychiatrie opt enfant ado"/></designation><designation><use><code value="LibelleAdapte"/></use><value value="CES Psychiatrie, option enfant et adolescent"/></designation><property><code value="dateValid"/><valueDateTime value="2007-07-25T15:04:42+01:00"/></property><property><code value="dateMaj"/><valueDateTime value="2016-09-01T00:00:00+01:00"/></property></concept><concept><code value="CESM20"/><display value="CES Radio-diagnostic"/><designation><use><code value="LibelleCourt"/></use><value value="CES Radio-diagnostic"/></designation><designation><use><code value="LibelleAdapte"/></use><value value="CES Radio-diagnostic"/></designation><property><code value="dateValid"/><valueDateTime value="2007-07-25T15:04:42+01:00"/></property><property><code value="dateMaj"/><valueDateTime value="2008-02-28T00:00:00+01:00"/></property></concept><concept><code value="CESM21"/><display value="CES Radio-thérapie"/><designation><use><code value="LibelleCourt"/></use><value value="CES Radio-thérapie"/></designation><designation><use><code value="LibelleAdapte"/></use><value value="CES Radio-thérapie"/></designation><property><code value="dateValid"/><valueDateTime value="2007-07-25T15:04:42+01:00"/></property><property><code value="dateMaj"/><valueDateTime value="2008-02-28T00:00:00+01:00"/></property></concept><concept><code value="CESM22"/><display value="CES Médecine physique et réadaptation fonctionnelle"/><designation><use><code value="LibelleCourt"/></use><value value="CES Médecine phys, réadap fonc"/></designation><designation><use><code value="LibelleAdapte"/></use><value value="CES Médecine physique et réadaptation fonctionnelle"/></designation><property><code value="dateValid"/><valueDateTime value="2007-07-25T15:04:42+01:00"/></property><property><code value="dateMaj"/><valueDateTime value="2016-09-01T00:00:00+01:00"/></property></concept><concept><code value="CESM23"/><display value="CES Rhumatologie"/><designation><use><code value="LibelleCourt"/></use><value value="CES Rhumatologie"/></designation><designation><use><code value="LibelleAdapte"/></use><value value="CES Rhumatologie"/></designation><property><code value="dateValid"/><valueDateTime value="2007-07-25T15:04:42+01:00"/></property><property><code value="dateMaj"/><valueDateTime value="2008-02-28T00:00:00+01:00"/></property></concept><concept><code value="CESM24"/><display value="CES Médecine Nucléaire"/><designation><use><code value="LibelleCourt"/></use><value value="CES Médecine Nucléaire"/></designation><designation><use><code value="LibelleAdapte"/></use><value value="CES Médecine Nucléaire"/></designation><property><code value="dateValid"/><valueDateTime value="2007-07-25T15:04:42+01:00"/></property><property><code value="dateMaj"/><valueDateTime value="2008-02-28T00:00:00+01:00"/></property></concept><concept><code value="CESM25"/><display value="CES Endocrinologie, diabète, Maladies métaboliques"/><designation><use><code value="LibelleCourt"/></use><value value="CES Endocrin, diab, Mal métab"/></designation><designation><use><code value="LibelleAdapte"/></use><value value="CES Endocrinologie, diabète, Maladies métaboliques"/></designation><property><code value="dateValid"/><valueDateTime value="2007-07-25T15:04:42+01:00"/></property><property><code value="dateMaj"/><valueDateTime value="2016-09-01T00:00:00+01:00"/></property></concept><concept><code value="CESM26"/><display value="CES Gynécologie médicale et Obstétrique"/><designation><use><code value="LibelleCourt"/></use><value value="CES Gynéco-méd, Obstétrique"/></designation><designation><use><code value="LibelleAdapte"/></use><value value="CES Gynécologie médicale et Obstétrique"/></designation><property><code value="dateValid"/><valueDateTime value="2007-07-25T15:04:42+01:00"/></property><property><code value="dateMaj"/><valueDateTime value="2016-09-01T00:00:00+01:00"/></property></concept><concept><code value="CESM27"/><display value="CES Médecine appliquée aux sports"/><designation><use><code value="LibelleCourt"/></use><value value="CES Médecine appliquée sports"/></designation><designation><use><code value="LibelleAdapte"/></use><value value="CES Médecine appliquée aux sports"/></designation><property><code value="dateValid"/><valueDateTime value="2007-07-25T15:04:42+01:00"/></property><property><code value="dateMaj"/><valueDateTime value="2016-09-01T00:00:00+01:00"/></property></concept><concept><code value="CESM28"/><display value="CES Médecine légale"/><designation><use><code value="LibelleCourt"/></use><value value="CES Médecine légale"/></designation><designation><use><code value="LibelleAdapte"/></use><value value="CES Médecine légale"/></designation><property><code value="dateValid"/><valueDateTime value="2007-07-25T15:04:42+01:00"/></property><property><code value="dateMaj"/><valueDateTime value="2008-02-28T00:00:00+01:00"/></property></concept><concept><code value="CESM29"/><display value="CES Maladies du sang"/><designation><use><code value="LibelleCourt"/></use><value value="CES Maladies du sang"/></designation><designation><use><code value="LibelleAdapte"/></use><value value="CES Maladies du sang"/></designation><property><code value="dateValid"/><valueDateTime value="2007-07-25T15:04:42+01:00"/></property><property><code value="dateMaj"/><valueDateTime value="2008-02-28T00:00:00+01:00"/></property></concept><concept><code value="CESM30"/><display value="CES Obstétrique"/><designation><use><code value="LibelleCourt"/></use><value value="CES Obstétrique"/></designation><designation><use><code value="LibelleAdapte"/></use><value value="CES Obstétrique"/></designation><property><code value="dateValid"/><valueDateTime value="2007-07-25T15:04:42+01:00"/></property><property><code value="dateMaj"/><valueDateTime value="2008-02-28T00:00:00+01:00"/></property></concept><concept><code value="CESM31"/><display value="CES Ophtalmologie"/><designation><use><code value="LibelleCourt"/></use><value value="CES Ophtalmologie"/></designation><designation><use><code value="LibelleAdapte"/></use><value value="CES Ophtalmologie"/></designation><property><code value="dateValid"/><valueDateTime value="2007-07-25T15:04:42+01:00"/></property><property><code value="dateMaj"/><valueDateTime value="2008-02-28T00:00:00+01:00"/></property></concept><concept><code value="CESM32"/><display value="CES Otho-rhino-laryngologie"/><designation><use><code value="LibelleCourt"/></use><value value="CES ORL"/></designation><designation><use><code value="LibelleAdapte"/></use><value value="CES Otho-rhino-laryngologie (ORL)"/></designation><property><code value="dateValid"/><valueDateTime value="2007-07-25T15:04:42+01:00"/></property><property><code value="dateMaj"/><valueDateTime value="2016-09-01T00:00:00+01:00"/></property></concept><concept><code value="CESM33"/><display value="CES Stomatologie"/><designation><use><code value="LibelleCourt"/></use><value value="CES Stomatologie"/></designation><designation><use><code value="LibelleAdapte"/></use><value value="CES Stomatologie"/></designation><property><code value="dateValid"/><valueDateTime value="2007-07-25T00:00:00+01:00"/></property><property><code value="dateMaj"/><valueDateTime value="2008-02-28T00:00:00+01:00"/></property></concept><concept><code value="CESM34"/><display value="CES Médecine du travail"/><designation><use><code value="LibelleCourt"/></use><value value="CES Médecine du travail"/></designation><designation><use><code value="LibelleAdapte"/></use><value value="CES Médecine du travail"/></designation><property><code value="dateValid"/><valueDateTime value="2007-07-25T00:00:00+01:00"/></property><property><code value="dateMaj"/><valueDateTime value="2011-01-17T11:47:08+01:00"/></property></concept><concept><code value="CESM35"/><display value="CES Orthopédie dento-maxillo-faciale"/><designation><use><code value="LibelleCourt"/></use><value value="CES Orthopédie dento-maxil-fac"/></designation><designation><use><code value="LibelleAdapte"/></use><value value="CES Orthopédie dento-maxillo-faciale"/></designation><property><code value="dateValid"/><valueDateTime value="2007-07-25T00:00:00+01:00"/></property><property><code value="dateMaj"/><valueDateTime value="2016-09-01T00:00:00+01:00"/></property></concept><concept><code value="CESM36"/><display value="CES Neuro psychiatrie"/><designation><use><code value="LibelleCourt"/></use><value value="CES Neuro psychiatrie"/></designation><designation><use><code value="LibelleAdapte"/></use><value value="CES Neuro psychiatrie"/></designation><property><code value="dateValid"/><valueDateTime value="2007-07-25T00:00:00+01:00"/></property><property><code value="dateMaj"/><valueDateTime value="2008-02-28T00:00:00+01:00"/></property></concept><concept><code value="CESM37"/><display value="CES Radio-diagnostic et thérapie"/><designation><use><code value="LibelleCourt"/></use><value value="CES Radio-diagnosti, thérapie"/></designation><designation><use><code value="LibelleAdapte"/></use><value value="CES Radio-diagnostic et thérapie"/></designation><property><code value="dateValid"/><valueDateTime value="2007-07-25T00:00:00+01:00"/></property><property><code value="dateMaj"/><valueDateTime value="2016-09-01T00:00:00+01:00"/></property></concept><concept><code value="CESP01"/><display value="Bactérologie et Virologie clinique"/><designation><use><code value="LibelleCourt"/></use><value value="Bactérologie, Virologie cliniq"/></designation><designation><use><code value="LibelleAdapte"/></use><value value="Bactérologie et Virologie clinique"/></designation><property><code value="dateValid"/><valueDateTime value="2007-07-25T15:04:42+01:00"/></property><property><code value="dateMaj"/><valueDateTime value="2016-09-01T00:00:00+01:00"/></property></concept><concept><code value="CESP02"/><display value="Biochimie"/><designation><use><code value="LibelleCourt"/></use><value value="Biochimie"/></designation><designation><use><code value="LibelleAdapte"/></use><value value="Biochimie"/></designation><property><code value="dateValid"/><valueDateTime value="2007-07-25T15:04:42+01:00"/></property><property><code value="dateMaj"/><valueDateTime value="2008-02-28T00:00:00+01:00"/></property></concept><concept><code value="CESP06"/><display value="Diagnostic biologiste parasitaire"/><designation><use><code value="LibelleCourt"/></use><value value="Diag biologiste parasitaire"/></designation><designation><use><code value="LibelleAdapte"/></use><value value="Diagnostic biologiste parasitaire"/></designation><property><code value="dateValid"/><valueDateTime value="2007-07-25T15:04:42+01:00"/></property><property><code value="dateMaj"/><valueDateTime value="2016-09-01T00:00:00+01:00"/></property></concept><concept><code value="CESP07"/><display value="Hématologie"/><designation><use><code value="LibelleCourt"/></use><value value="Hématologie"/></designation><designation><use><code value="LibelleAdapte"/></use><value value="Hématologie"/></designation><property><code value="dateValid"/><valueDateTime value="2007-07-25T15:04:42+01:00"/></property><property><code value="dateMaj"/><valueDateTime value="2008-02-28T00:00:00+01:00"/></property></concept><concept><code value="CESP08"/><display value="Immunologie générale et appliquée"/><designation><use><code value="LibelleCourt"/></use><value value="Immunologie géné, appliquée"/></designation><designation><use><code value="LibelleAdapte"/></use><value value="Immunologie générale et appliquée"/></designation><property><code value="dateValid"/><valueDateTime value="2007-07-25T15:04:42+01:00"/></property><property><code value="dateMaj"/><valueDateTime value="2016-09-01T00:00:00+01:00"/></property></concept></CodeSystem>