<?xml version="1.0" encoding="UTF-8"?><CodeSystem xmlns="http://hl7.org/fhir"><id value="TRE-A03-ClasseDocument"/><text><status value="generated"/><div xmlns="http://www.w3.org/1999/xhtml"><p><b>Properties</b></p><p><b>This code system  defines the following properties for its concepts</b></p><table class="grid"><tr><td><b>Code</b></td><td><b>Type</b></td><td><b>Description</b></td></tr><tr><td>dateValid</td><td>dateTime</td><td>date de validité d'un code concept</td></tr><tr><td>dateMaj</td><td>dateTime</td><td>Date de mise à jour d'un code concept</td></tr><tr><td>dateFin</td><td>dateTime</td><td>Date de fin d'exploitation d'un code concept</td></tr></table><p><b>Concepts</b></p><p>This  code system <code>https://mos.esante.gouv.fr/NOS/TRE_A03-ClasseDocument/FHIR/TRE-A03-ClasseDocument</code> defines the following codes:</p><table class="codes"><tr><td style="white-space:nowrap"><b>Code</b></td><td><b>Display</b></td><td><b>dateValid</b></td><td><b>dateMaj</b></td></tr><tr><td style="white-space:nowrap">10<a name="TRE-A03-ClasseDocument-10"> </a></td><td>Compte rendu</td><td>2016-09-01T00:00:00+01:00</td><td>2016-09-01T00:00:00+01:00</td></tr><tr><td style="white-space:nowrap">11<a name="TRE-A03-ClasseDocument-11"> </a></td><td>Synthèse</td><td>2016-09-01T00:00:00+01:00</td><td>2016-09-01T00:00:00+01:00</td></tr><tr><td style="white-space:nowrap">31<a name="TRE-A03-ClasseDocument-31"> </a></td><td>Imagerie médicale</td><td>2016-09-01T00:00:00+01:00</td><td>2016-09-01T00:00:00+01:00</td></tr><tr><td style="white-space:nowrap">42<a name="TRE-A03-ClasseDocument-42"> </a></td><td>Prescription</td><td>2016-09-01T00:00:00+01:00</td><td>2017-10-13T12:00:00+01:00</td></tr><tr><td style="white-space:nowrap">43<a name="TRE-A03-ClasseDocument-43"> </a></td><td>Dispensation</td><td>2016-09-01T00:00:00+01:00</td><td>2016-09-01T00:00:00+01:00</td></tr><tr><td style="white-space:nowrap">44<a name="TRE-A03-ClasseDocument-44"> </a></td><td>Plan de soins, protocole de soins</td><td>2016-09-01T00:00:00+01:00</td><td>2016-09-01T00:00:00+01:00</td></tr><tr><td style="white-space:nowrap">45<a name="TRE-A03-ClasseDocument-45"> </a></td><td>Traitement administré</td><td>2017-10-13T12:00:00+01:00</td><td>2017-10-13T12:00:00+01:00</td></tr><tr><td style="white-space:nowrap">52<a name="TRE-A03-ClasseDocument-52"> </a></td><td>Certificat, déclaration</td><td>2016-09-01T00:00:00+01:00</td><td>2016-09-01T00:00:00+01:00</td></tr><tr><td style="white-space:nowrap">60<a name="TRE-A03-ClasseDocument-60"> </a></td><td>Données de remboursement</td><td>2016-09-01T00:00:00+01:00</td><td>2016-09-01T00:00:00+01:00</td></tr><tr><td style="white-space:nowrap">90<a name="TRE-A03-ClasseDocument-90"> </a></td><td>Autres documents déposés par le patient</td><td>2016-09-01T00:00:00+01:00</td><td>2020-12-17T12:00:00+01:00</td></tr><tr><td style="white-space:nowrap">95<a name="TRE-A03-ClasseDocument-95"> </a></td><td>Document de gestion</td><td>2016-09-01T00:00:00+01:00</td><td>2019-05-29T12:00:00+01:00</td></tr><tr><td style="white-space:nowrap">99<a name="TRE-A03-ClasseDocument-99"> </a></td><td>Document technique</td><td>2023-07-28T09:00:00+01:00</td><td>2023-07-28T09:00:00+01:00</td></tr></table></div></text><extension url="http://hl7.org/fhir/StructureDefinition/resource-effectivePeriod"><valuePeriod><start value="2016-09-01T00:00:00+01:00"/></valuePeriod></extension><url value="https://mos.esante.gouv.fr/NOS/TRE_A03-ClasseDocument/FHIR/TRE-A03-ClasseDocument"/><identifier><value value="urn:oid:1.2.250.1.213.1.1.4.1"/></identifier><version value="1.1.0"/><name value="TRE_A03-ClasseDocument"/><status value="active"/><date value="2023-07-28T09:00:00+01:00"/><publisher value="ANS"/><contact><name value="ANS"/><telecom><system value="url"/><value value="https://esante.gouv.fr"/></telecom></contact><description value="Classe de document"/><content value="complete"/><property><code value="dateValid"/><description value="date de validité d'un code concept"/><type value="dateTime"/></property><property><code value="dateMaj"/><description value="Date de mise à jour d'un code concept"/><type value="dateTime"/></property><property><code value="dateFin"/><description value="Date de fin d'exploitation d'un code concept"/><type value="dateTime"/></property><concept><code value="10"/><display value="Compte rendu"/><designation><use><code value="LibelleCourt"/></use><value value="Compte rendu"/></designation><designation><use><code value="LibelleAdapte"/></use><value value="Compte rendu"/></designation><property><code value="dateValid"/><valueDateTime value="2016-09-01T00:00:00+01:00"/></property><property><code value="dateMaj"/><valueDateTime value="2016-09-01T00:00:00+01:00"/></property></concept><concept><code value="11"/><display value="Synthèse"/><designation><use><code value="LibelleCourt"/></use><value value="Synthèse"/></designation><designation><use><code value="LibelleAdapte"/></use><value value="Synthèse"/></designation><property><code value="dateValid"/><valueDateTime value="2016-09-01T00:00:00+01:00"/></property><property><code value="dateMaj"/><valueDateTime value="2016-09-01T00:00:00+01:00"/></property></concept><concept><code value="31"/><display value="Imagerie médicale"/><designation><use><code value="LibelleCourt"/></use><value value="Imagerie médicale"/></designation><designation><use><code value="LibelleAdapte"/></use><value value="Imagerie médicale"/></designation><property><code value="dateValid"/><valueDateTime value="2016-09-01T00:00:00+01:00"/></property><property><code value="dateMaj"/><valueDateTime value="2016-09-01T00:00:00+01:00"/></property></concept><concept><code value="42"/><display value="Prescription"/><designation><use><code value="LibelleCourt"/></use><value value="Prescription"/></designation><designation><use><code value="LibelleAdapte"/></use><value value="Prescription"/></designation><property><code value="dateValid"/><valueDateTime value="2016-09-01T00:00:00+01:00"/></property><property><code value="dateMaj"/><valueDateTime value="2017-10-13T12:00:00+01:00"/></property></concept><concept><code value="43"/><display value="Dispensation"/><designation><use><code value="LibelleCourt"/></use><value value="Dispensation"/></designation><designation><use><code value="LibelleAdapte"/></use><value value="Dispensation"/></designation><property><code value="dateValid"/><valueDateTime value="2016-09-01T00:00:00+01:00"/></property><property><code value="dateMaj"/><valueDateTime value="2016-09-01T00:00:00+01:00"/></property></concept><concept><code value="44"/><display value="Plan de soins, protocole de soins"/><designation><use><code value="LibelleCourt"/></use><value value="Plan, protocole de soins"/></designation><designation><use><code value="LibelleAdapte"/></use><value value="Plan de soins, protocole de soins"/></designation><property><code value="dateValid"/><valueDateTime value="2016-09-01T00:00:00+01:00"/></property><property><code value="dateMaj"/><valueDateTime value="2016-09-01T00:00:00+01:00"/></property></concept><concept><code value="45"/><display value="Traitement administré"/><designation><use><code value="LibelleCourt"/></use><value value="Traitement administré"/></designation><designation><use><code value="LibelleAdapte"/></use><value value="Traitement administré"/></designation><property><code value="dateValid"/><valueDateTime value="2017-10-13T12:00:00+01:00"/></property><property><code value="dateMaj"/><valueDateTime value="2017-10-13T12:00:00+01:00"/></property></concept><concept><code value="52"/><display value="Certificat, déclaration"/><designation><use><code value="LibelleCourt"/></use><value value="Certificat, déclaration"/></designation><designation><use><code value="LibelleAdapte"/></use><value value="Certificat, déclaration"/></designation><property><code value="dateValid"/><valueDateTime value="2016-09-01T00:00:00+01:00"/></property><property><code value="dateMaj"/><valueDateTime value="2016-09-01T00:00:00+01:00"/></property></concept><concept><code value="60"/><display value="Données de remboursement"/><designation><use><code value="LibelleCourt"/></use><value value="Données de remboursement"/></designation><designation><use><code value="LibelleAdapte"/></use><value value="Données de remboursement"/></designation><property><code value="dateValid"/><valueDateTime value="2016-09-01T00:00:00+01:00"/></property><property><code value="dateMaj"/><valueDateTime value="2016-09-01T00:00:00+01:00"/></property></concept><concept><code value="90"/><display value="Autres documents déposés par le patient"/><designation><use><code value="LibelleCourt"/></use><value value="Autres doc déposés par patient"/></designation><designation><use><code value="LibelleAdapte"/></use><value value="Autres documents déposés par le patient"/></designation><property><code value="dateValid"/><valueDateTime value="2016-09-01T00:00:00+01:00"/></property><property><code value="dateMaj"/><valueDateTime value="2020-12-17T12:00:00+01:00"/></property></concept><concept><code value="95"/><display value="Document de gestion"/><designation><use><code value="LibelleCourt"/></use><value value="Document de gestion"/></designation><designation><use><code value="LibelleAdapte"/></use><value value="Document de gestion"/></designation><property><code value="dateValid"/><valueDateTime value="2016-09-01T00:00:00+01:00"/></property><property><code value="dateMaj"/><valueDateTime value="2019-05-29T12:00:00+01:00"/></property></concept><concept><code value="99"/><display value="Document technique"/><designation><use><code value="LibelleCourt"/></use><value value="Document technique"/></designation><designation><use><code value="LibelleAdapte"/></use><value value="Document technique"/></designation><property><code value="dateValid"/><valueDateTime value="2023-07-28T09:00:00+01:00"/></property><property><code value="dateMaj"/><valueDateTime value="2023-07-28T09:00:00+01:00"/></property></concept></CodeSystem>