<?xml version="1.0" encoding="UTF-8"?><CodeSystem xmlns="http://hl7.org/fhir"><id value="TRE-R293-AgregatClienteleNiv2"/><text><status value="generated"/><div xmlns="http://www.w3.org/1999/xhtml"><p class="res-header-id"><b>Generated Narrative: CodeSystem TRE-R293-AgregatClienteleNiv2</b></p><a name="TRE-R293-AgregatClienteleNiv2"> </a><a name="hcTRE-R293-AgregatClienteleNiv2"> </a><a name="TRE-R293-AgregatClienteleNiv2-en-US"> </a><p><b>Properties</b></p><p><b>This code system defines the following properties for its concepts</b></p><table class="grid"><tr><td><b>Name</b></td><td><b>Code</b></td><td><b>Type</b></td><td><b>Description</b></td></tr><tr><td>dateValid</td><td>dateValid</td><td>dateTime</td><td>date de validité d'un code concept</td></tr><tr><td>dateMaj</td><td>dateMaj</td><td>dateTime</td><td>Date de mise à jour d'un code concept</td></tr><tr><td>dateFin</td><td>dateFin</td><td>dateTime</td><td>Date de fin d'exploitation d'un code concept</td></tr></table><p><b>Concepts</b></p><p>This  code system <code>https://mos.esante.gouv.fr/NOS/TRE_R293-AgregatClienteleNiv2/FHIR/TRE-R293-AgregatClienteleNiv2</code> defines the following codes:</p><table class="codes"><tr><td style="white-space:nowrap"><b>Code</b></td><td><b>Display</b></td><td><b>dateValid</b></td><td><b>dateMaj</b></td></tr><tr><td style="white-space:nowrap">1000<a name="TRE-R293-AgregatClienteleNiv2-1000"> </a></td><td>Personnes Handicapées</td><td>2020-06-26T12:00:00+01:00</td><td>2020-06-26T12:00:00+01:00</td></tr><tr><td style="white-space:nowrap">2000<a name="TRE-R293-AgregatClienteleNiv2-2000"> </a></td><td>Personnes Agées</td><td>2020-06-26T12:00:00+01:00</td><td>2020-06-26T12:00:00+01:00</td></tr><tr><td style="white-space:nowrap">3000<a name="TRE-R293-AgregatClienteleNiv2-3000"> </a></td><td>Enfants et Adolescents (Aide Soc Just)</td><td>2020-06-26T12:00:00+01:00</td><td>2020-06-26T12:00:00+01:00</td></tr><tr><td style="white-space:nowrap">4000<a name="TRE-R293-AgregatClienteleNiv2-4000"> </a></td><td>Autres Enfants</td><td>2020-06-26T12:00:00+01:00</td><td>2020-06-26T12:00:00+01:00</td></tr><tr><td style="white-space:nowrap">5000<a name="TRE-R293-AgregatClienteleNiv2-5000"> </a></td><td>Personnes et Familles en Difficulté</td><td>2020-06-26T12:00:00+01:00</td><td>2020-06-26T12:00:00+01:00</td></tr><tr><td style="white-space:nowrap">6000<a name="TRE-R293-AgregatClienteleNiv2-6000"> </a></td><td>Autres Catégories de Clientèles</td><td>2020-06-26T12:00:00+01:00</td><td>2020-06-26T12:00:00+01:00</td></tr><tr><td style="white-space:nowrap">7000<a name="TRE-R293-AgregatClienteleNiv2-7000"> </a></td><td>Toute Population</td><td>2020-06-26T12:00:00+01:00</td><td>2020-06-26T12:00:00+01:00</td></tr><tr><td style="white-space:nowrap">8000<a name="TRE-R293-AgregatClienteleNiv2-8000"> </a></td><td>Personnes ayant des pathologies ou difficultés spécifiques</td><td>2020-06-26T12:00:00+01:00</td><td>2020-06-26T12:00:00+01:00</td></tr></table></div></text><extension url="http://hl7.org/fhir/StructureDefinition/resource-effectivePeriod"><valuePeriod><start value="2020-06-26T12:00:00+01:00"/></valuePeriod></extension><url value="https://mos.esante.gouv.fr/NOS/TRE_R293-AgregatClienteleNiv2/FHIR/TRE-R293-AgregatClienteleNiv2"/><identifier><value value="urn:oid:1.2.250.1.213.1.6.1.192"/></identifier><version value="1.3.0"/><name value="TRE_R293-AgregatClienteleNiv2"/><status value="active"/><date value="2023-12-15T12:00:00+01:00"/><publisher value="ANS"/><contact><name value="ANS"/><telecom><system value="url"/><value value="https://esante.gouv.fr"/></telecom></contact><description value="Agrégats de clientèle niveau 2"/><content value="complete"/><property><code value="dateValid"/><description value="date de validité d'un code concept"/><type value="dateTime"/></property><property><code value="dateMaj"/><description value="Date de mise à jour d'un code concept"/><type value="dateTime"/></property><property><code value="dateFin"/><description value="Date de fin d'exploitation d'un code concept"/><type value="dateTime"/></property><concept><code value="1000"/><display value="Personnes Handicapées"/><designation><use><code value="LibelleCourt"/></use><value value="Personnes Handicapées"/></designation><designation><use><code value="LibelleAdapte"/></use><value value="Personnes Handicapées"/></designation><property><code value="dateValid"/><valueDateTime value="2020-06-26T12:00:00+01:00"/></property><property><code value="dateMaj"/><valueDateTime value="2020-06-26T12:00:00+01:00"/></property></concept><concept><code value="2000"/><display value="Personnes Agées"/><designation><use><code value="LibelleCourt"/></use><value value="Personnes Agées"/></designation><designation><use><code value="LibelleAdapte"/></use><value value="Personnes Agées"/></designation><property><code value="dateValid"/><valueDateTime value="2020-06-26T12:00:00+01:00"/></property><property><code value="dateMaj"/><valueDateTime value="2020-06-26T12:00:00+01:00"/></property></concept><concept><code value="3000"/><display value="Enfants et Adolescents (Aide Soc Just)"/><designation><use><code value="LibelleCourt"/></use><value value="Enfants et Adolescents"/></designation><designation><use><code value="LibelleAdapte"/></use><value value="Enfants et Adolescents (Aide Soc Just)"/></designation><property><code value="dateValid"/><valueDateTime value="2020-06-26T12:00:00+01:00"/></property><property><code value="dateMaj"/><valueDateTime value="2020-06-26T12:00:00+01:00"/></property></concept><concept><code value="4000"/><display value="Autres Enfants"/><designation><use><code value="LibelleCourt"/></use><value value="Autres Enfants"/></designation><designation><use><code value="LibelleAdapte"/></use><value value="Autres Enfants"/></designation><property><code value="dateValid"/><valueDateTime value="2020-06-26T12:00:00+01:00"/></property><property><code value="dateMaj"/><valueDateTime value="2020-06-26T12:00:00+01:00"/></property></concept><concept><code value="5000"/><display value="Personnes et Familles en Difficulté"/><designation><use><code value="LibelleCourt"/></use><value value="Personnes Fam.Difficulté"/></designation><designation><use><code value="LibelleAdapte"/></use><value value="Personnes et Familles en Difficulté"/></designation><property><code value="dateValid"/><valueDateTime value="2020-06-26T12:00:00+01:00"/></property><property><code value="dateMaj"/><valueDateTime value="2020-06-26T12:00:00+01:00"/></property></concept><concept><code value="6000"/><display value="Autres Catégories de Clientèles"/><designation><use><code value="LibelleCourt"/></use><value value="Autres Cat.Clientèles"/></designation><designation><use><code value="LibelleAdapte"/></use><value value="Autres Catégories de Clientèles"/></designation><property><code value="dateValid"/><valueDateTime value="2020-06-26T12:00:00+01:00"/></property><property><code value="dateMaj"/><valueDateTime value="2020-06-26T12:00:00+01:00"/></property></concept><concept><code value="7000"/><display value="Toute Population"/><designation><use><code value="LibelleCourt"/></use><value value="Toute Population"/></designation><designation><use><code value="LibelleAdapte"/></use><value value="Toute Population"/></designation><property><code value="dateValid"/><valueDateTime value="2020-06-26T12:00:00+01:00"/></property><property><code value="dateMaj"/><valueDateTime value="2020-06-26T12:00:00+01:00"/></property></concept><concept><code value="8000"/><display value="Personnes ayant des pathologies ou difficultés spécifiques"/><designation><use><code value="LibelleCourt"/></use><value value="Personnes Path.Dif.Spec."/></designation><designation><use><code value="LibelleAdapte"/></use><value value="Personnes ayant des pathologies ou difficultés spécifiques"/></designation><property><code value="dateValid"/><valueDateTime value="2020-06-26T12:00:00+01:00"/></property><property><code value="dateMaj"/><valueDateTime value="2020-06-26T12:00:00+01:00"/></property></concept></CodeSystem>