<?xml version="1.0" encoding="UTF-8"?><CodeSystem xmlns="http://hl7.org/fhir"><id value="TRE-R291-AutreProfession"/><text><status value="generated"/><div xmlns="http://www.w3.org/1999/xhtml"><p class="res-header-id"><b>Generated Narrative: CodeSystem TRE-R291-AutreProfession</b></p><a name="TRE-R291-AutreProfession"> </a><a name="hcTRE-R291-AutreProfession"> </a><a name="TRE-R291-AutreProfession-en-US"> </a><p><b>Properties</b></p><p><b>This code system defines the following properties for its concepts</b></p><table class="grid"><tr><td><b>Name</b></td><td><b>Code</b></td><td><b>Type</b></td><td><b>Description</b></td></tr><tr><td>dateValid</td><td>dateValid</td><td>dateTime</td><td>date de validité d'un code concept</td></tr><tr><td>dateMaj</td><td>dateMaj</td><td>dateTime</td><td>Date de mise à jour d'un code concept</td></tr><tr><td>dateFin</td><td>dateFin</td><td>dateTime</td><td>Date de fin d'exploitation d'un code concept</td></tr></table><p><b>Concepts</b></p><p>This  code system <code>https://mos.esante.gouv.fr/NOS/TRE_R291-AutreProfession/FHIR/TRE-R291-AutreProfession</code> defines the following codes:</p><table class="codes"><tr><td style="white-space:nowrap"><b>Code</b></td><td><b>Display</b></td><td><b>dateValid</b></td><td><b>dateMaj</b></td><td><b>dateFin</b></td></tr><tr><td style="white-space:nowrap">950<a name="TRE-R291-AutreProfession-950"> </a></td><td>Acteur caractérisé par son rôle</td><td>2019-07-05T12:00:00+01:00</td><td>2020-05-29T12:00:00+01:00</td><td>2020-05-29T12:00:00+01:00</td></tr><tr><td style="white-space:nowrap">99<a name="TRE-R291-AutreProfession-99"> </a></td><td>Acteur participant au système de santé caractérisé par rôle</td><td>2019-07-05T12:00:00+01:00</td><td>2023-11-24T12:00:00+01:00</td><td/></tr></table></div></text><extension url="http://hl7.org/fhir/StructureDefinition/resource-effectivePeriod"><valuePeriod><start value="2019-07-05T12:00:00+01:00"/></valuePeriod></extension><url value="https://mos.esante.gouv.fr/NOS/TRE_R291-AutreProfession/FHIR/TRE-R291-AutreProfession"/><identifier><value value="urn:oid:1.2.250.1.213.1.6.1.140"/></identifier><version value="1.3.0"/><name value="TRE_R291-AutreProfession"/><status value="active"/><date value="2023-12-15T12:00:00+01:00"/><publisher value="ANS"/><contact><name value="ANS"/><telecom><system value="url"/><value value="https://esante.gouv.fr"/></telecom></contact><description value="Liste de professionnels non membres d'une profession réglementée"/><content value="complete"/><property><code value="dateValid"/><description value="date de validité d'un code concept"/><type value="dateTime"/></property><property><code value="dateMaj"/><description value="Date de mise à jour d'un code concept"/><type value="dateTime"/></property><property><code value="dateFin"/><description value="Date de fin d'exploitation d'un code concept"/><type value="dateTime"/></property><concept><code value="950"/><display value="Acteur caractérisé par son rôle"/><designation><use><code value="LibelleCourt"/></use><value value="Acteur caractérisé par rôle"/></designation><designation><use><code value="LibelleAdapte"/></use><value value="Acteur caractérisé par son rôle"/></designation><property><code value="dateValid"/><valueDateTime value="2019-07-05T12:00:00+01:00"/></property><property><code value="dateFin"/><valueDateTime value="2020-05-29T12:00:00+01:00"/></property><property><code value="dateMaj"/><valueDateTime value="2020-05-29T12:00:00+01:00"/></property></concept><concept><code value="99"/><display value="Acteur participant au système de santé caractérisé par rôle"/><designation><use><code value="LibelleCourt"/></use><value value="Acteur caractérisé par rôle"/></designation><designation><use><code value="LibelleAdapte"/></use><value value="Acteur participant au système de santé caractérisé par rôle"/></designation><property><code value="dateValid"/><valueDateTime value="2019-07-05T12:00:00+01:00"/></property><property><code value="dateMaj"/><valueDateTime value="2023-11-24T12:00:00+01:00"/></property></concept></CodeSystem>