<?xml version="1.0" encoding="UTF-8"?><ValueSet xmlns="http://hl7.org/fhir"><id value="JDV-J217-ModeExercice-ROR"/><text><status value="generated"/><div xmlns="http://www.w3.org/1999/xhtml"><ul><li>Include these codes as defined in <a href="CodeSystem-TRE-R23-ModeExercice.html"><code>https://mos.esante.gouv.fr/NOS/TRE_R23-ModeExercice/FHIR/TRE-R23-ModeExercice</code></a><table class="none"><tr><td style="white-space:nowrap"><b>Code</b></td><td><b>Display</b></td></tr><tr><td><a href="CodeSystem-TRE-R23-ModeExercice.html#TRE-R23-ModeExercice-S">S</a></td><td>Salarié</td></tr><tr><td><a href="CodeSystem-TRE-R23-ModeExercice.html#TRE-R23-ModeExercice-L">L</a></td><td>Libéral, indépendant, artisan, commerçant</td></tr><tr><td><a href="CodeSystem-TRE-R23-ModeExercice.html#TRE-R23-ModeExercice-B">B</a></td><td>Bénévole</td></tr></table></li></ul></div></text><extension url="http://hl7.org/fhir/StructureDefinition/resource-effectivePeriod"><valuePeriod><start value="2022-08-26T12:00:00+01:00"/></valuePeriod></extension><url value="https://mos.esante.gouv.fr/NOS/JDV_J217-ModeExercice-ROR/FHIR/JDV-J217-ModeExercice-ROR"/><identifier><value value="urn:oid:1.2.250.1.213.3.4.49"/></identifier><version value="1.1.0"/><name value="JDV_J217-ModeExercice-ROR"/><status value="active"/><date value="2022-08-26T12:00:00+01:00"/><publisher value="ANS"/><contact><name value="ANS"/><telecom><system value="url"/><value value="https://esante.gouv.fr"/></telecom></contact><description value="Mode d'exercice"/><compose><include><system value="https://mos.esante.gouv.fr/NOS/TRE_R23-ModeExercice/FHIR/TRE-R23-ModeExercice"/><concept><code value="S"/><display value="Salarié"/><designation><use><code value="OID"/></use><value value="urn:oid:1.2.250.1.213.1.6.1.18"/></designation></concept><concept><code value="L"/><display value="Libéral, indépendant, artisan, commerçant"/><designation><use><code value="OID"/></use><value value="urn:oid:1.2.250.1.213.1.6.1.18"/></designation></concept><concept><code value="B"/><display value="Bénévole"/><designation><use><code value="OID"/></use><value value="urn:oid:1.2.250.1.213.1.6.1.18"/></designation></concept></include></compose></ValueSet>