<?xml version="1.0" encoding="UTF-8"?><ValueSet xmlns="http://hl7.org/fhir"><id value="JDV-J158-MethodStepsByDay-ENS"/><text><status value="generated"/><div xmlns="http://www.w3.org/1999/xhtml"><ul><li>Include these codes as defined in <a href="CodeSystem-TRE-R307-NCIT.html"><code>https://mos.esante.gouv.fr/NOS/TRE_R307-NCIT/FHIR/TRE-R307-NCIT</code></a><table class="none"><tr><td style="white-space:nowrap"><b>Code</b></td><td><b>Display</b></td></tr><tr><td><a href="CodeSystem-TRE-R307-NCIT.html#TRE-R307-NCIT-C88165">C88165</a></td><td>podomètre</td></tr><tr><td><a href="CodeSystem-TRE-R307-NCIT.html#TRE-R307-NCIT-C153216">C153216</a></td><td>objet connecté</td></tr><tr><td><a href="CodeSystem-TRE-R307-NCIT.html#TRE-R307-NCIT-C156877">C156877</a></td><td>application pour smartphone</td></tr></table></li></ul></div></text><extension url="http://hl7.org/fhir/StructureDefinition/resource-effectivePeriod"><valuePeriod><start value="2021-04-30T12:00:00+01:00"/></valuePeriod></extension><url value="https://mos.esante.gouv.fr/NOS/JDV_J158-MethodStepsByDay-ENS/FHIR/JDV-J158-MethodStepsByDay-ENS"/><identifier><value value="urn:oid:1.2.250.1.213.1.1.5.613"/></identifier><version value="1.1.0"/><name value="JDV_J158-MethodStepsByDay-ENS"/><status value="active"/><date value="2023-09-22T12:00:00+01:00"/><publisher value="ANS"/><contact><name value="ANS"/><telecom><system value="url"/><value value="https://esante.gouv.fr"/></telecom></contact><description value="JDV pour la méthode de la mesure de nombre de pas par jour"/><compose><include><system value="https://mos.esante.gouv.fr/NOS/TRE_R307-NCIT/FHIR/TRE-R307-NCIT"/><concept><code value="C88165"/><display value="podomètre"/><designation><use><code value="OID"/></use><value value="urn:oid:2.16.840.1.113883.3.26.1.1"/></designation></concept><concept><code value="C153216"/><display value="objet connecté"/><designation><use><code value="OID"/></use><value value="urn:oid:2.16.840.1.113883.3.26.1.1"/></designation></concept><concept><code value="C156877"/><display value="application pour smartphone"/><designation><use><code value="OID"/></use><value value="urn:oid:2.16.840.1.113883.3.26.1.1"/></designation></concept></include></compose></ValueSet>