<?xml version="1.0" encoding="UTF-8"?><ValueSet xmlns="http://hl7.org/fhir"><id value="JDV-J115-Langue-ENREG"/><text><status value="generated"/><div xmlns="http://www.w3.org/1999/xhtml"><p class="res-header-id"><b>Generated Narrative: ValueSet JDV-J115-Langue-ENREG</b></p><a name="JDV-J115-Langue-ENREG"> </a><a name="hcJDV-J115-Langue-ENREG"> </a><a name="JDV-J115-Langue-ENREG-en-US"> </a><ul><li>Include these codes as defined in <a href="CodeSystem-TRE-G00-Langue.html"><code>https://mos.esante.gouv.fr/NOS/TRE_G00-Langue/FHIR/TRE-G00-Langue</code></a><table class="none"><tr><td style="white-space:nowrap"><b>Code</b></td><td><b>Display</b></td></tr><tr><td><a href="CodeSystem-TRE-G00-Langue.html#TRE-G00-Langue-aa">aa</a></td><td>afar</td></tr><tr><td><a href="CodeSystem-TRE-G00-Langue.html#TRE-G00-Langue-ab">ab</a></td><td>abkhaze, abkhazien</td></tr><tr><td><a href="CodeSystem-TRE-G00-Langue.html#TRE-G00-Langue-ae">ae</a></td><td>avestique</td></tr><tr><td><a href="CodeSystem-TRE-G00-Langue.html#TRE-G00-Langue-af">af</a></td><td>afrikaans</td></tr><tr><td><a href="CodeSystem-TRE-G00-Langue.html#TRE-G00-Langue-ak">ak</a></td><td>akan</td></tr><tr><td><a href="CodeSystem-TRE-G00-Langue.html#TRE-G00-Langue-am">am</a></td><td>amharique</td></tr><tr><td><a href="CodeSystem-TRE-G00-Langue.html#TRE-G00-Langue-an">an</a></td><td>aragonais</td></tr><tr><td><a href="CodeSystem-TRE-G00-Langue.html#TRE-G00-Langue-ar">ar</a></td><td>arabe</td></tr><tr><td><a href="CodeSystem-TRE-G00-Langue.html#TRE-G00-Langue-as">as</a></td><td>assamais</td></tr><tr><td><a href="CodeSystem-TRE-G00-Langue.html#TRE-G00-Langue-av">av</a></td><td>avar</td></tr><tr><td><a href="CodeSystem-TRE-G00-Langue.html#TRE-G00-Langue-ay">ay</a></td><td>aymara</td></tr><tr><td><a href="CodeSystem-TRE-G00-Langue.html#TRE-G00-Langue-az">az</a></td><td>azéri, azerbaïdjanais</td></tr><tr><td><a href="CodeSystem-TRE-G00-Langue.html#TRE-G00-Langue-ba">ba</a></td><td>bachkir, bashkir</td></tr><tr><td><a href="CodeSystem-TRE-G00-Langue.html#TRE-G00-Langue-be">be</a></td><td>biélorusse</td></tr><tr><td><a href="CodeSystem-TRE-G00-Langue.html#TRE-G00-Langue-bg">bg</a></td><td>bulgare</td></tr><tr><td><a href="CodeSystem-TRE-G00-Langue.html#TRE-G00-Langue-bh">bh</a></td><td>bihari</td></tr><tr><td><a href="CodeSystem-TRE-G00-Langue.html#TRE-G00-Langue-bi">bi</a></td><td>bichlamar, bislama</td></tr><tr><td><a href="CodeSystem-TRE-G00-Langue.html#TRE-G00-Langue-bm">bm</a></td><td>bambara</td></tr><tr><td><a href="CodeSystem-TRE-G00-Langue.html#TRE-G00-Langue-bn">bn</a></td><td>bengali</td></tr><tr><td><a href="CodeSystem-TRE-G00-Langue.html#TRE-G00-Langue-bo">bo</a></td><td>tibétain</td></tr><tr><td><a href="CodeSystem-TRE-G00-Langue.html#TRE-G00-Langue-br">br</a></td><td>breton</td></tr><tr><td><a href="CodeSystem-TRE-G00-Langue.html#TRE-G00-Langue-bs">bs</a></td><td>bosniaque</td></tr><tr><td><a href="CodeSystem-TRE-G00-Langue.html#TRE-G00-Langue-ca">ca</a></td><td>catalan, valencien</td></tr><tr><td><a href="CodeSystem-TRE-G00-Langue.html#TRE-G00-Langue-ce">ce</a></td><td>tchétchène</td></tr><tr><td><a href="CodeSystem-TRE-G00-Langue.html#TRE-G00-Langue-ch">ch</a></td><td>chamorro</td></tr><tr><td><a href="CodeSystem-TRE-G00-Langue.html#TRE-G00-Langue-co">co</a></td><td>corse</td></tr><tr><td><a href="CodeSystem-TRE-G00-Langue.html#TRE-G00-Langue-cr">cr</a></td><td>cree</td></tr><tr><td><a href="CodeSystem-TRE-G00-Langue.html#TRE-G00-Langue-cs">cs</a></td><td>tchèque</td></tr><tr><td><a href="CodeSystem-TRE-G00-Langue.html#TRE-G00-Langue-cu">cu</a></td><td>slavon d'église, slavon liturgique, vieux slave, vieux bulgare</td></tr><tr><td><a href="CodeSystem-TRE-G00-Langue.html#TRE-G00-Langue-cv">cv</a></td><td>tchouvache</td></tr><tr><td><a href="CodeSystem-TRE-G00-Langue.html#TRE-G00-Langue-cy">cy</a></td><td>gallois</td></tr><tr><td><a href="CodeSystem-TRE-G00-Langue.html#TRE-G00-Langue-da">da</a></td><td>danois</td></tr><tr><td><a href="CodeSystem-TRE-G00-Langue.html#TRE-G00-Langue-de">de</a></td><td>allemand</td></tr><tr><td><a href="CodeSystem-TRE-G00-Langue.html#TRE-G00-Langue-dv">dv</a></td><td>maldivien</td></tr><tr><td><a href="CodeSystem-TRE-G00-Langue.html#TRE-G00-Langue-dz">dz</a></td><td>dzongkha, bhoutani</td></tr><tr><td><a href="CodeSystem-TRE-G00-Langue.html#TRE-G00-Langue-ee">ee</a></td><td>éwé</td></tr><tr><td><a href="CodeSystem-TRE-G00-Langue.html#TRE-G00-Langue-el">el</a></td><td>grec moderne (après 1453)</td></tr><tr><td><a href="CodeSystem-TRE-G00-Langue.html#TRE-G00-Langue-en">en</a></td><td>anglais</td></tr><tr><td><a href="CodeSystem-TRE-G00-Langue.html#TRE-G00-Langue-eo">eo</a></td><td>espéranto</td></tr><tr><td><a href="CodeSystem-TRE-G00-Langue.html#TRE-G00-Langue-es">es</a></td><td>espagnol, castillan</td></tr><tr><td><a href="CodeSystem-TRE-G00-Langue.html#TRE-G00-Langue-et">et</a></td><td>estonien</td></tr><tr><td><a href="CodeSystem-TRE-G00-Langue.html#TRE-G00-Langue-eu">eu</a></td><td>basque</td></tr><tr><td><a href="CodeSystem-TRE-G00-Langue.html#TRE-G00-Langue-fa">fa</a></td><td>farsi, persan</td></tr><tr><td><a href="CodeSystem-TRE-G00-Langue.html#TRE-G00-Langue-ff">ff</a></td><td>peul</td></tr><tr><td><a href="CodeSystem-TRE-G00-Langue.html#TRE-G00-Langue-fi">fi</a></td><td>finnois</td></tr><tr><td><a href="CodeSystem-TRE-G00-Langue.html#TRE-G00-Langue-fj">fj</a></td><td>fidjien</td></tr><tr><td><a href="CodeSystem-TRE-G00-Langue.html#TRE-G00-Langue-fo">fo</a></td><td>féroïen</td></tr><tr><td><a href="CodeSystem-TRE-G00-Langue.html#TRE-G00-Langue-fy">fy</a></td><td>frison</td></tr><tr><td><a href="CodeSystem-TRE-G00-Langue.html#TRE-G00-Langue-ga">ga</a></td><td>irlandais</td></tr><tr><td><a href="CodeSystem-TRE-G00-Langue.html#TRE-G00-Langue-gd">gd</a></td><td>gaélique, gaélique écossais</td></tr><tr><td><a href="CodeSystem-TRE-G00-Langue.html#TRE-G00-Langue-gl">gl</a></td><td>galicien</td></tr><tr><td><a href="CodeSystem-TRE-G00-Langue.html#TRE-G00-Langue-gn">gn</a></td><td>guarani</td></tr><tr><td><a href="CodeSystem-TRE-G00-Langue.html#TRE-G00-Langue-gu">gu</a></td><td>gujarati, goudjrati</td></tr><tr><td><a href="CodeSystem-TRE-G00-Langue.html#TRE-G00-Langue-gv">gv</a></td><td>mannois, manx</td></tr><tr><td><a href="CodeSystem-TRE-G00-Langue.html#TRE-G00-Langue-ha">ha</a></td><td>haoussa</td></tr><tr><td><a href="CodeSystem-TRE-G00-Langue.html#TRE-G00-Langue-he">he</a></td><td>hébreu</td></tr><tr><td><a href="CodeSystem-TRE-G00-Langue.html#TRE-G00-Langue-hi">hi</a></td><td>hindi</td></tr><tr><td><a href="CodeSystem-TRE-G00-Langue.html#TRE-G00-Langue-ho">ho</a></td><td>hiri motu</td></tr><tr><td><a href="CodeSystem-TRE-G00-Langue.html#TRE-G00-Langue-hr">hr</a></td><td>croate</td></tr><tr><td><a href="CodeSystem-TRE-G00-Langue.html#TRE-G00-Langue-ht">ht</a></td><td>créole haïtien</td></tr><tr><td><a href="CodeSystem-TRE-G00-Langue.html#TRE-G00-Langue-hu">hu</a></td><td>hongrois</td></tr><tr><td><a href="CodeSystem-TRE-G00-Langue.html#TRE-G00-Langue-hy">hy</a></td><td>arménien</td></tr><tr><td><a href="CodeSystem-TRE-G00-Langue.html#TRE-G00-Langue-hz">hz</a></td><td>herero</td></tr><tr><td><a href="CodeSystem-TRE-G00-Langue.html#TRE-G00-Langue-ia">ia</a></td><td>interlingua (langue auxiliaire internationale)</td></tr><tr><td><a href="CodeSystem-TRE-G00-Langue.html#TRE-G00-Langue-id">id</a></td><td>indonésien</td></tr><tr><td><a href="CodeSystem-TRE-G00-Langue.html#TRE-G00-Langue-ie">ie</a></td><td>interlingue</td></tr><tr><td><a href="CodeSystem-TRE-G00-Langue.html#TRE-G00-Langue-ig">ig</a></td><td>igbo</td></tr><tr><td><a href="CodeSystem-TRE-G00-Langue.html#TRE-G00-Langue-ii">ii</a></td><td>Sichuan Yi</td></tr><tr><td><a href="CodeSystem-TRE-G00-Langue.html#TRE-G00-Langue-ik">ik</a></td><td>inupiaq</td></tr><tr><td><a href="CodeSystem-TRE-G00-Langue.html#TRE-G00-Langue-io">io</a></td><td>ido</td></tr><tr><td><a href="CodeSystem-TRE-G00-Langue.html#TRE-G00-Langue-is">is</a></td><td>islandais</td></tr><tr><td><a href="CodeSystem-TRE-G00-Langue.html#TRE-G00-Langue-it">it</a></td><td>italien</td></tr><tr><td><a href="CodeSystem-TRE-G00-Langue.html#TRE-G00-Langue-iu">iu</a></td><td>inuktitut</td></tr><tr><td><a href="CodeSystem-TRE-G00-Langue.html#TRE-G00-Langue-ja">ja</a></td><td>japonais</td></tr><tr><td><a href="CodeSystem-TRE-G00-Langue.html#TRE-G00-Langue-jv">jv</a></td><td>javanais</td></tr><tr><td><a href="CodeSystem-TRE-G00-Langue.html#TRE-G00-Langue-ka">ka</a></td><td>géorgien</td></tr><tr><td><a href="CodeSystem-TRE-G00-Langue.html#TRE-G00-Langue-kg">kg</a></td><td>kongo</td></tr><tr><td><a href="CodeSystem-TRE-G00-Langue.html#TRE-G00-Langue-ki">ki</a></td><td>kikuyu</td></tr><tr><td><a href="CodeSystem-TRE-G00-Langue.html#TRE-G00-Langue-kj">kj</a></td><td>kwanyama, kuanyama</td></tr><tr><td><a href="CodeSystem-TRE-G00-Langue.html#TRE-G00-Langue-kk">kk</a></td><td>kazakh</td></tr><tr><td><a href="CodeSystem-TRE-G00-Langue.html#TRE-G00-Langue-kl">kl</a></td><td>groenlandais</td></tr><tr><td><a href="CodeSystem-TRE-G00-Langue.html#TRE-G00-Langue-km">km</a></td><td>khmer, cambodgien</td></tr><tr><td><a href="CodeSystem-TRE-G00-Langue.html#TRE-G00-Langue-kn">kn</a></td><td>kannada</td></tr><tr><td><a href="CodeSystem-TRE-G00-Langue.html#TRE-G00-Langue-ko">ko</a></td><td>coréen</td></tr><tr><td><a href="CodeSystem-TRE-G00-Langue.html#TRE-G00-Langue-kr">kr</a></td><td>kanouri</td></tr><tr><td><a href="CodeSystem-TRE-G00-Langue.html#TRE-G00-Langue-ks">ks</a></td><td>kashmiri</td></tr><tr><td><a href="CodeSystem-TRE-G00-Langue.html#TRE-G00-Langue-ku">ku</a></td><td>kurde</td></tr><tr><td><a href="CodeSystem-TRE-G00-Langue.html#TRE-G00-Langue-kv">kv</a></td><td>komi</td></tr><tr><td><a href="CodeSystem-TRE-G00-Langue.html#TRE-G00-Langue-kw">kw</a></td><td>cornique</td></tr><tr><td><a href="CodeSystem-TRE-G00-Langue.html#TRE-G00-Langue-ky">ky</a></td><td>kirghize</td></tr><tr><td><a href="CodeSystem-TRE-G00-Langue.html#TRE-G00-Langue-la">la</a></td><td>latin</td></tr><tr><td><a href="CodeSystem-TRE-G00-Langue.html#TRE-G00-Langue-lb">lb</a></td><td>luxembourgeois</td></tr><tr><td><a href="CodeSystem-TRE-G00-Langue.html#TRE-G00-Langue-lg">lg</a></td><td>louganda, ganda</td></tr><tr><td><a href="CodeSystem-TRE-G00-Langue.html#TRE-G00-Langue-li">li</a></td><td>limbourgeois</td></tr><tr><td><a href="CodeSystem-TRE-G00-Langue.html#TRE-G00-Langue-ln">ln</a></td><td>lingala</td></tr><tr><td><a href="CodeSystem-TRE-G00-Langue.html#TRE-G00-Langue-lo">lo</a></td><td>laotien, lao</td></tr><tr><td><a href="CodeSystem-TRE-G00-Langue.html#TRE-G00-Langue-ls">ls</a></td><td>langue des signes française</td></tr><tr><td><a href="CodeSystem-TRE-G00-Langue.html#TRE-G00-Langue-lt">lt</a></td><td>lituanien</td></tr><tr><td><a href="CodeSystem-TRE-G00-Langue.html#TRE-G00-Langue-lu">lu</a></td><td>luba-katanga</td></tr><tr><td><a href="CodeSystem-TRE-G00-Langue.html#TRE-G00-Langue-lv">lv</a></td><td>letton</td></tr><tr><td><a href="CodeSystem-TRE-G00-Langue.html#TRE-G00-Langue-mg">mg</a></td><td>malgache</td></tr><tr><td><a href="CodeSystem-TRE-G00-Langue.html#TRE-G00-Langue-mh">mh</a></td><td>marshall</td></tr><tr><td><a href="CodeSystem-TRE-G00-Langue.html#TRE-G00-Langue-mi">mi</a></td><td>maori</td></tr><tr><td><a href="CodeSystem-TRE-G00-Langue.html#TRE-G00-Langue-mk">mk</a></td><td>macédonien</td></tr><tr><td><a href="CodeSystem-TRE-G00-Langue.html#TRE-G00-Langue-ml">ml</a></td><td>malayalam</td></tr><tr><td><a href="CodeSystem-TRE-G00-Langue.html#TRE-G00-Langue-mn">mn</a></td><td>mongol</td></tr><tr><td><a href="CodeSystem-TRE-G00-Langue.html#TRE-G00-Langue-mo">mo</a></td><td>moldave</td></tr><tr><td><a href="CodeSystem-TRE-G00-Langue.html#TRE-G00-Langue-mr">mr</a></td><td>marathe</td></tr><tr><td><a href="CodeSystem-TRE-G00-Langue.html#TRE-G00-Langue-ms">ms</a></td><td>malais</td></tr><tr><td><a href="CodeSystem-TRE-G00-Langue.html#TRE-G00-Langue-mt">mt</a></td><td>maltais</td></tr><tr><td><a href="CodeSystem-TRE-G00-Langue.html#TRE-G00-Langue-my">my</a></td><td>birman</td></tr><tr><td><a href="CodeSystem-TRE-G00-Langue.html#TRE-G00-Langue-na">na</a></td><td>nauri</td></tr><tr><td><a href="CodeSystem-TRE-G00-Langue.html#TRE-G00-Langue-nb">nb</a></td><td>norvégien bokmål</td></tr><tr><td><a href="CodeSystem-TRE-G00-Langue.html#TRE-G00-Langue-nd">nd</a></td><td>ndébélé du Nord</td></tr><tr><td><a href="CodeSystem-TRE-G00-Langue.html#TRE-G00-Langue-ne">ne</a></td><td>népalais</td></tr><tr><td><a href="CodeSystem-TRE-G00-Langue.html#TRE-G00-Langue-ng">ng</a></td><td>ndonga</td></tr><tr><td><a href="CodeSystem-TRE-G00-Langue.html#TRE-G00-Langue-nl">nl</a></td><td>néerlandais</td></tr><tr><td><a href="CodeSystem-TRE-G00-Langue.html#TRE-G00-Langue-nn">nn</a></td><td>norvégien nynorsk</td></tr><tr><td><a href="CodeSystem-TRE-G00-Langue.html#TRE-G00-Langue-no">no</a></td><td>norvégien</td></tr><tr><td><a href="CodeSystem-TRE-G00-Langue.html#TRE-G00-Langue-nr">nr</a></td><td>ndébélé du Sud</td></tr><tr><td><a href="CodeSystem-TRE-G00-Langue.html#TRE-G00-Langue-nv">nv</a></td><td>navaho</td></tr><tr><td><a href="CodeSystem-TRE-G00-Langue.html#TRE-G00-Langue-ny">ny</a></td><td>chichewa, chewa, nyanja</td></tr><tr><td><a href="CodeSystem-TRE-G00-Langue.html#TRE-G00-Langue-oc">oc</a></td><td>occitan, provençal (après 1500)</td></tr><tr><td><a href="CodeSystem-TRE-G00-Langue.html#TRE-G00-Langue-oj">oj</a></td><td>ojibwa</td></tr><tr><td><a href="CodeSystem-TRE-G00-Langue.html#TRE-G00-Langue-om">om</a></td><td>oromo, afan oromo, galla</td></tr><tr><td><a href="CodeSystem-TRE-G00-Langue.html#TRE-G00-Langue-or">or</a></td><td>oriya</td></tr><tr><td><a href="CodeSystem-TRE-G00-Langue.html#TRE-G00-Langue-os">os</a></td><td>ossète</td></tr><tr><td><a href="CodeSystem-TRE-G00-Langue.html#TRE-G00-Langue-pa">pa</a></td><td>punjabi, panjabi, pendjabi</td></tr><tr><td><a href="CodeSystem-TRE-G00-Langue.html#TRE-G00-Langue-pi">pi</a></td><td>pali</td></tr><tr><td><a href="CodeSystem-TRE-G00-Langue.html#TRE-G00-Langue-pl">pl</a></td><td>polonais</td></tr><tr><td><a href="CodeSystem-TRE-G00-Langue.html#TRE-G00-Langue-ps">ps</a></td><td>pachto, pashto, pushto</td></tr><tr><td><a href="CodeSystem-TRE-G00-Langue.html#TRE-G00-Langue-pt">pt</a></td><td>portugais</td></tr><tr><td><a href="CodeSystem-TRE-G00-Langue.html#TRE-G00-Langue-qu">qu</a></td><td>quechua, quichua</td></tr><tr><td><a href="CodeSystem-TRE-G00-Langue.html#TRE-G00-Langue-rc">rc</a></td><td>créole réunionnais</td></tr><tr><td><a href="CodeSystem-TRE-G00-Langue.html#TRE-G00-Langue-rm">rm</a></td><td>rhéto-roman</td></tr><tr><td><a href="CodeSystem-TRE-G00-Langue.html#TRE-G00-Langue-rn">rn</a></td><td>kirundi, rundi</td></tr><tr><td><a href="CodeSystem-TRE-G00-Langue.html#TRE-G00-Langue-ro">ro</a></td><td>roumain</td></tr><tr><td><a href="CodeSystem-TRE-G00-Langue.html#TRE-G00-Langue-ru">ru</a></td><td>russe</td></tr><tr><td><a href="CodeSystem-TRE-G00-Langue.html#TRE-G00-Langue-rw">rw</a></td><td>kinyarwanda, rwanda</td></tr><tr><td><a href="CodeSystem-TRE-G00-Langue.html#TRE-G00-Langue-sa">sa</a></td><td>sanskrit</td></tr><tr><td><a href="CodeSystem-TRE-G00-Langue.html#TRE-G00-Langue-sc">sc</a></td><td>sarde</td></tr><tr><td><a href="CodeSystem-TRE-G00-Langue.html#TRE-G00-Langue-sd">sd</a></td><td>sindhi</td></tr><tr><td><a href="CodeSystem-TRE-G00-Langue.html#TRE-G00-Langue-se">se</a></td><td>sami du Nord</td></tr><tr><td><a href="CodeSystem-TRE-G00-Langue.html#TRE-G00-Langue-sg">sg</a></td><td>sango</td></tr><tr><td><a href="CodeSystem-TRE-G00-Langue.html#TRE-G00-Langue-sh">sh</a></td><td>serbo-croate</td></tr><tr><td><a href="CodeSystem-TRE-G00-Langue.html#TRE-G00-Langue-si">si</a></td><td>singhalais</td></tr><tr><td><a href="CodeSystem-TRE-G00-Langue.html#TRE-G00-Langue-sk">sk</a></td><td>slovaque</td></tr><tr><td><a href="CodeSystem-TRE-G00-Langue.html#TRE-G00-Langue-sl">sl</a></td><td>slovène</td></tr><tr><td><a href="CodeSystem-TRE-G00-Langue.html#TRE-G00-Langue-sm">sm</a></td><td>samoan</td></tr><tr><td><a href="CodeSystem-TRE-G00-Langue.html#TRE-G00-Langue-sn">sn</a></td><td>shona</td></tr><tr><td><a href="CodeSystem-TRE-G00-Langue.html#TRE-G00-Langue-so">so</a></td><td>somali</td></tr><tr><td><a href="CodeSystem-TRE-G00-Langue.html#TRE-G00-Langue-sq">sq</a></td><td>albanais</td></tr><tr><td><a href="CodeSystem-TRE-G00-Langue.html#TRE-G00-Langue-sr">sr</a></td><td>serbe</td></tr><tr><td><a href="CodeSystem-TRE-G00-Langue.html#TRE-G00-Langue-ss">ss</a></td><td>swazi, swati, siswati</td></tr><tr><td><a href="CodeSystem-TRE-G00-Langue.html#TRE-G00-Langue-st">st</a></td><td>sesotho, sotho du Sud</td></tr><tr><td><a href="CodeSystem-TRE-G00-Langue.html#TRE-G00-Langue-su">su</a></td><td>soundanais</td></tr><tr><td><a href="CodeSystem-TRE-G00-Langue.html#TRE-G00-Langue-sv">sv</a></td><td>suédois</td></tr><tr><td><a href="CodeSystem-TRE-G00-Langue.html#TRE-G00-Langue-sw">sw</a></td><td>swahili</td></tr><tr><td><a href="CodeSystem-TRE-G00-Langue.html#TRE-G00-Langue-ta">ta</a></td><td>tamoul, tamil</td></tr><tr><td><a href="CodeSystem-TRE-G00-Langue.html#TRE-G00-Langue-te">te</a></td><td>télougou</td></tr><tr><td><a href="CodeSystem-TRE-G00-Langue.html#TRE-G00-Langue-tg">tg</a></td><td>tadjik</td></tr><tr><td><a href="CodeSystem-TRE-G00-Langue.html#TRE-G00-Langue-th">th</a></td><td>thaï</td></tr><tr><td><a href="CodeSystem-TRE-G00-Langue.html#TRE-G00-Langue-ti">ti</a></td><td>tigrigna</td></tr><tr><td><a href="CodeSystem-TRE-G00-Langue.html#TRE-G00-Langue-tk">tk</a></td><td>turkmène</td></tr><tr><td><a href="CodeSystem-TRE-G00-Langue.html#TRE-G00-Langue-tl">tl</a></td><td>tagal, tagalog</td></tr><tr><td><a href="CodeSystem-TRE-G00-Langue.html#TRE-G00-Langue-tn">tn</a></td><td>setchwana, tswana</td></tr><tr><td><a href="CodeSystem-TRE-G00-Langue.html#TRE-G00-Langue-to">to</a></td><td>tonga (îles Tonga)</td></tr><tr><td><a href="CodeSystem-TRE-G00-Langue.html#TRE-G00-Langue-tr">tr</a></td><td>turc</td></tr><tr><td><a href="CodeSystem-TRE-G00-Langue.html#TRE-G00-Langue-ts">ts</a></td><td>tsonga</td></tr><tr><td><a href="CodeSystem-TRE-G00-Langue.html#TRE-G00-Langue-tt">tt</a></td><td>tatar</td></tr><tr><td><a href="CodeSystem-TRE-G00-Langue.html#TRE-G00-Langue-tw">tw</a></td><td>twi</td></tr><tr><td><a href="CodeSystem-TRE-G00-Langue.html#TRE-G00-Langue-ty">ty</a></td><td>tahitien</td></tr><tr><td><a href="CodeSystem-TRE-G00-Langue.html#TRE-G00-Langue-ug">ug</a></td><td>ouïgour</td></tr><tr><td><a href="CodeSystem-TRE-G00-Langue.html#TRE-G00-Langue-uk">uk</a></td><td>ukrainien</td></tr><tr><td><a href="CodeSystem-TRE-G00-Langue.html#TRE-G00-Langue-ur">ur</a></td><td>ourdou</td></tr><tr><td><a href="CodeSystem-TRE-G00-Langue.html#TRE-G00-Langue-uz">uz</a></td><td>ouszbek</td></tr><tr><td><a href="CodeSystem-TRE-G00-Langue.html#TRE-G00-Langue-ve">ve</a></td><td>venda</td></tr><tr><td><a href="CodeSystem-TRE-G00-Langue.html#TRE-G00-Langue-vi">vi</a></td><td>vietnamien</td></tr><tr><td><a href="CodeSystem-TRE-G00-Langue.html#TRE-G00-Langue-vo">vo</a></td><td>volapük</td></tr><tr><td><a href="CodeSystem-TRE-G00-Langue.html#TRE-G00-Langue-wa">wa</a></td><td>wallon</td></tr><tr><td><a href="CodeSystem-TRE-G00-Langue.html#TRE-G00-Langue-wo">wo</a></td><td>wolof</td></tr><tr><td><a href="CodeSystem-TRE-G00-Langue.html#TRE-G00-Langue-xh">xh</a></td><td>xhosa</td></tr><tr><td><a href="CodeSystem-TRE-G00-Langue.html#TRE-G00-Langue-yi">yi</a></td><td>yiddish</td></tr><tr><td><a href="CodeSystem-TRE-G00-Langue.html#TRE-G00-Langue-yo">yo</a></td><td>yorouba, yoruba</td></tr><tr><td><a href="CodeSystem-TRE-G00-Langue.html#TRE-G00-Langue-za">za</a></td><td>zhuang, chuang</td></tr><tr><td><a href="CodeSystem-TRE-G00-Langue.html#TRE-G00-Langue-zh">zh</a></td><td>chinois</td></tr><tr><td><a href="CodeSystem-TRE-G00-Langue.html#TRE-G00-Langue-zu">zu</a></td><td>zoulou</td></tr></table></li></ul></div></text><extension url="http://hl7.org/fhir/StructureDefinition/resource-effectivePeriod"><valuePeriod><start value="2020-05-29T12:00:00+01:00"/></valuePeriod></extension><url value="https://mos.esante.gouv.fr/NOS/JDV_J115-Langue-ENREG/FHIR/JDV-J115-Langue-ENREG"/><identifier><value value="urn:oid:1.2.250.1.213.1.6.1.186"/></identifier><version value="1.3.0"/><name value="JDV_J115-Langue-ENREG"/><status value="active"/><date value="2024-09-27T12:00:00+01:00"/><publisher value="ANS"/><contact><name value="ANS"/><telecom><system value="url"/><value value="https://esante.gouv.fr"/></telecom></contact><description value="Langue pour ENREG"/><compose><include><system value="https://mos.esante.gouv.fr/NOS/TRE_G00-Langue/FHIR/TRE-G00-Langue"/><concept><code value="aa"/><display value="afar"/><designation><use><code value="OID"/></use><value value="urn:oid:1.2.250.1.71.2.10"/></designation></concept><concept><code value="ab"/><display value="abkhaze, abkhazien"/><designation><use><code value="OID"/></use><value value="urn:oid:1.2.250.1.71.2.10"/></designation></concept><concept><code value="ae"/><display value="avestique"/><designation><use><code value="OID"/></use><value value="urn:oid:1.2.250.1.71.2.10"/></designation></concept><concept><code value="af"/><display value="afrikaans"/><designation><use><code value="OID"/></use><value value="urn:oid:1.2.250.1.71.2.10"/></designation></concept><concept><code value="ak"/><display value="akan"/><designation><use><code value="OID"/></use><value value="urn:oid:1.2.250.1.71.2.10"/></designation></concept><concept><code value="am"/><display value="amharique"/><designation><use><code value="OID"/></use><value value="urn:oid:1.2.250.1.71.2.10"/></designation></concept><concept><code value="an"/><display value="aragonais"/><designation><use><code value="OID"/></use><value value="urn:oid:1.2.250.1.71.2.10"/></designation></concept><concept><code value="ar"/><display value="arabe"/><designation><use><code value="OID"/></use><value value="urn:oid:1.2.250.1.71.2.10"/></designation></concept><concept><code value="as"/><display value="assamais"/><designation><use><code value="OID"/></use><value value="urn:oid:1.2.250.1.71.2.10"/></designation></concept><concept><code value="av"/><display value="avar"/><designation><use><code value="OID"/></use><value value="urn:oid:1.2.250.1.71.2.10"/></designation></concept><concept><code value="ay"/><display value="aymara"/><designation><use><code value="OID"/></use><value value="urn:oid:1.2.250.1.71.2.10"/></designation></concept><concept><code value="az"/><display value="azéri, azerbaïdjanais"/><designation><use><code value="OID"/></use><value value="urn:oid:1.2.250.1.71.2.10"/></designation></concept><concept><code value="ba"/><display value="bachkir, bashkir"/><designation><use><code value="OID"/></use><value value="urn:oid:1.2.250.1.71.2.10"/></designation></concept><concept><code value="be"/><display value="biélorusse"/><designation><use><code value="OID"/></use><value value="urn:oid:1.2.250.1.71.2.10"/></designation></concept><concept><code value="bg"/><display value="bulgare"/><designation><use><code value="OID"/></use><value value="urn:oid:1.2.250.1.71.2.10"/></designation></concept><concept><code value="bh"/><display value="bihari"/><designation><use><code value="OID"/></use><value value="urn:oid:1.2.250.1.71.2.10"/></designation></concept><concept><code value="bi"/><display value="bichlamar, bislama"/><designation><use><code value="OID"/></use><value value="urn:oid:1.2.250.1.71.2.10"/></designation></concept><concept><code value="bm"/><display value="bambara"/><designation><use><code value="OID"/></use><value value="urn:oid:1.2.250.1.71.2.10"/></designation></concept><concept><code value="bn"/><display value="bengali"/><designation><use><code value="OID"/></use><value value="urn:oid:1.2.250.1.71.2.10"/></designation></concept><concept><code value="bo"/><display value="tibétain"/><designation><use><code value="OID"/></use><value value="urn:oid:1.2.250.1.71.2.10"/></designation></concept><concept><code value="br"/><display value="breton"/><designation><use><code value="OID"/></use><value value="urn:oid:1.2.250.1.71.2.10"/></designation></concept><concept><code value="bs"/><display value="bosniaque"/><designation><use><code value="OID"/></use><value value="urn:oid:1.2.250.1.71.2.10"/></designation></concept><concept><code value="ca"/><display value="catalan, valencien"/><designation><use><code value="OID"/></use><value value="urn:oid:1.2.250.1.71.2.10"/></designation></concept><concept><code value="ce"/><display value="tchétchène"/><designation><use><code value="OID"/></use><value value="urn:oid:1.2.250.1.71.2.10"/></designation></concept><concept><code value="ch"/><display value="chamorro"/><designation><use><code value="OID"/></use><value value="urn:oid:1.2.250.1.71.2.10"/></designation></concept><concept><code value="co"/><display value="corse"/><designation><use><code value="OID"/></use><value value="urn:oid:1.2.250.1.71.2.10"/></designation></concept><concept><code value="cr"/><display value="cree"/><designation><use><code value="OID"/></use><value value="urn:oid:1.2.250.1.71.2.10"/></designation></concept><concept><code value="cs"/><display value="tchèque"/><designation><use><code value="OID"/></use><value value="urn:oid:1.2.250.1.71.2.10"/></designation></concept><concept><code value="cu"/><display value="slavon d'église, slavon liturgique, vieux slave, vieux bulgare"/><designation><use><code value="OID"/></use><value value="urn:oid:1.2.250.1.71.2.10"/></designation></concept><concept><code value="cv"/><display value="tchouvache"/><designation><use><code value="OID"/></use><value value="urn:oid:1.2.250.1.71.2.10"/></designation></concept><concept><code value="cy"/><display value="gallois"/><designation><use><code value="OID"/></use><value value="urn:oid:1.2.250.1.71.2.10"/></designation></concept><concept><code value="da"/><display value="danois"/><designation><use><code value="OID"/></use><value value="urn:oid:1.2.250.1.71.2.10"/></designation></concept><concept><code value="de"/><display value="allemand"/><designation><use><code value="OID"/></use><value value="urn:oid:1.2.250.1.71.2.10"/></designation></concept><concept><code value="dv"/><display value="maldivien"/><designation><use><code value="OID"/></use><value value="urn:oid:1.2.250.1.71.2.10"/></designation></concept><concept><code value="dz"/><display value="dzongkha, bhoutani"/><designation><use><code value="OID"/></use><value value="urn:oid:1.2.250.1.71.2.10"/></designation></concept><concept><code value="ee"/><display value="éwé"/><designation><use><code value="OID"/></use><value value="urn:oid:1.2.250.1.71.2.10"/></designation></concept><concept><code value="el"/><display value="grec moderne (après 1453)"/><designation><use><code value="OID"/></use><value value="urn:oid:1.2.250.1.71.2.10"/></designation></concept><concept><code value="en"/><display value="anglais"/><designation><use><code value="OID"/></use><value value="urn:oid:1.2.250.1.71.2.10"/></designation></concept><concept><code value="eo"/><display value="espéranto"/><designation><use><code value="OID"/></use><value value="urn:oid:1.2.250.1.71.2.10"/></designation></concept><concept><code value="es"/><display value="espagnol, castillan"/><designation><use><code value="OID"/></use><value value="urn:oid:1.2.250.1.71.2.10"/></designation></concept><concept><code value="et"/><display value="estonien"/><designation><use><code value="OID"/></use><value value="urn:oid:1.2.250.1.71.2.10"/></designation></concept><concept><code value="eu"/><display value="basque"/><designation><use><code value="OID"/></use><value value="urn:oid:1.2.250.1.71.2.10"/></designation></concept><concept><code value="fa"/><display value="farsi, persan"/><designation><use><code value="OID"/></use><value value="urn:oid:1.2.250.1.71.2.10"/></designation></concept><concept><code value="ff"/><display value="peul"/><designation><use><code value="OID"/></use><value value="urn:oid:1.2.250.1.71.2.10"/></designation></concept><concept><code value="fi"/><display value="finnois"/><designation><use><code value="OID"/></use><value value="urn:oid:1.2.250.1.71.2.10"/></designation></concept><concept><code value="fj"/><display value="fidjien"/><designation><use><code value="OID"/></use><value value="urn:oid:1.2.250.1.71.2.10"/></designation></concept><concept><code value="fo"/><display value="féroïen"/><designation><use><code value="OID"/></use><value value="urn:oid:1.2.250.1.71.2.10"/></designation></concept><concept><code value="fy"/><display value="frison"/><designation><use><code value="OID"/></use><value value="urn:oid:1.2.250.1.71.2.10"/></designation></concept><concept><code value="ga"/><display value="irlandais"/><designation><use><code value="OID"/></use><value value="urn:oid:1.2.250.1.71.2.10"/></designation></concept><concept><code value="gd"/><display value="gaélique, gaélique écossais"/><designation><use><code value="OID"/></use><value value="urn:oid:1.2.250.1.71.2.10"/></designation></concept><concept><code value="gl"/><display value="galicien"/><designation><use><code value="OID"/></use><value value="urn:oid:1.2.250.1.71.2.10"/></designation></concept><concept><code value="gn"/><display value="guarani"/><designation><use><code value="OID"/></use><value value="urn:oid:1.2.250.1.71.2.10"/></designation></concept><concept><code value="gu"/><display value="gujarati, goudjrati"/><designation><use><code value="OID"/></use><value value="urn:oid:1.2.250.1.71.2.10"/></designation></concept><concept><code value="gv"/><display value="mannois, manx"/><designation><use><code value="OID"/></use><value value="urn:oid:1.2.250.1.71.2.10"/></designation></concept><concept><code value="ha"/><display value="haoussa"/><designation><use><code value="OID"/></use><value value="urn:oid:1.2.250.1.71.2.10"/></designation></concept><concept><code value="he"/><display value="hébreu"/><designation><use><code value="OID"/></use><value value="urn:oid:1.2.250.1.71.2.10"/></designation></concept><concept><code value="hi"/><display value="hindi"/><designation><use><code value="OID"/></use><value value="urn:oid:1.2.250.1.71.2.10"/></designation></concept><concept><code value="ho"/><display value="hiri motu"/><designation><use><code value="OID"/></use><value value="urn:oid:1.2.250.1.71.2.10"/></designation></concept><concept><code value="hr"/><display value="croate"/><designation><use><code value="OID"/></use><value value="urn:oid:1.2.250.1.71.2.10"/></designation></concept><concept><code value="ht"/><display value="créole haïtien"/><designation><use><code value="OID"/></use><value value="urn:oid:1.2.250.1.71.2.10"/></designation></concept><concept><code value="hu"/><display value="hongrois"/><designation><use><code value="OID"/></use><value value="urn:oid:1.2.250.1.71.2.10"/></designation></concept><concept><code value="hy"/><display value="arménien"/><designation><use><code value="OID"/></use><value value="urn:oid:1.2.250.1.71.2.10"/></designation></concept><concept><code value="hz"/><display value="herero"/><designation><use><code value="OID"/></use><value value="urn:oid:1.2.250.1.71.2.10"/></designation></concept><concept><code value="ia"/><display value="interlingua (langue auxiliaire internationale)"/><designation><use><code value="OID"/></use><value value="urn:oid:1.2.250.1.71.2.10"/></designation></concept><concept><code value="id"/><display value="indonésien"/><designation><use><code value="OID"/></use><value value="urn:oid:1.2.250.1.71.2.10"/></designation></concept><concept><code value="ie"/><display value="interlingue"/><designation><use><code value="OID"/></use><value value="urn:oid:1.2.250.1.71.2.10"/></designation></concept><concept><code value="ig"/><display value="igbo"/><designation><use><code value="OID"/></use><value value="urn:oid:1.2.250.1.71.2.10"/></designation></concept><concept><code value="ii"/><display value="Sichuan Yi"/><designation><use><code value="OID"/></use><value value="urn:oid:1.2.250.1.71.2.10"/></designation></concept><concept><code value="ik"/><display value="inupiaq"/><designation><use><code value="OID"/></use><value value="urn:oid:1.2.250.1.71.2.10"/></designation></concept><concept><code value="io"/><display value="ido"/><designation><use><code value="OID"/></use><value value="urn:oid:1.2.250.1.71.2.10"/></designation></concept><concept><code value="is"/><display value="islandais"/><designation><use><code value="OID"/></use><value value="urn:oid:1.2.250.1.71.2.10"/></designation></concept><concept><code value="it"/><display value="italien"/><designation><use><code value="OID"/></use><value value="urn:oid:1.2.250.1.71.2.10"/></designation></concept><concept><code value="iu"/><display value="inuktitut"/><designation><use><code value="OID"/></use><value value="urn:oid:1.2.250.1.71.2.10"/></designation></concept><concept><code value="ja"/><display value="japonais"/><designation><use><code value="OID"/></use><value value="urn:oid:1.2.250.1.71.2.10"/></designation></concept><concept><code value="jv"/><display value="javanais"/><designation><use><code value="OID"/></use><value value="urn:oid:1.2.250.1.71.2.10"/></designation></concept><concept><code value="ka"/><display value="géorgien"/><designation><use><code value="OID"/></use><value value="urn:oid:1.2.250.1.71.2.10"/></designation></concept><concept><code value="kg"/><display value="kongo"/><designation><use><code value="OID"/></use><value value="urn:oid:1.2.250.1.71.2.10"/></designation></concept><concept><code value="ki"/><display value="kikuyu"/><designation><use><code value="OID"/></use><value value="urn:oid:1.2.250.1.71.2.10"/></designation></concept><concept><code value="kj"/><display value="kwanyama, kuanyama"/><designation><use><code value="OID"/></use><value value="urn:oid:1.2.250.1.71.2.10"/></designation></concept><concept><code value="kk"/><display value="kazakh"/><designation><use><code value="OID"/></use><value value="urn:oid:1.2.250.1.71.2.10"/></designation></concept><concept><code value="kl"/><display value="groenlandais"/><designation><use><code value="OID"/></use><value value="urn:oid:1.2.250.1.71.2.10"/></designation></concept><concept><code value="km"/><display value="khmer, cambodgien"/><designation><use><code value="OID"/></use><value value="urn:oid:1.2.250.1.71.2.10"/></designation></concept><concept><code value="kn"/><display value="kannada"/><designation><use><code value="OID"/></use><value value="urn:oid:1.2.250.1.71.2.10"/></designation></concept><concept><code value="ko"/><display value="coréen"/><designation><use><code value="OID"/></use><value value="urn:oid:1.2.250.1.71.2.10"/></designation></concept><concept><code value="kr"/><display value="kanouri"/><designation><use><code value="OID"/></use><value value="urn:oid:1.2.250.1.71.2.10"/></designation></concept><concept><code value="ks"/><display value="kashmiri"/><designation><use><code value="OID"/></use><value value="urn:oid:1.2.250.1.71.2.10"/></designation></concept><concept><code value="ku"/><display value="kurde"/><designation><use><code value="OID"/></use><value value="urn:oid:1.2.250.1.71.2.10"/></designation></concept><concept><code value="kv"/><display value="komi"/><designation><use><code value="OID"/></use><value value="urn:oid:1.2.250.1.71.2.10"/></designation></concept><concept><code value="kw"/><display value="cornique"/><designation><use><code value="OID"/></use><value value="urn:oid:1.2.250.1.71.2.10"/></designation></concept><concept><code value="ky"/><display value="kirghize"/><designation><use><code value="OID"/></use><value value="urn:oid:1.2.250.1.71.2.10"/></designation></concept><concept><code value="la"/><display value="latin"/><designation><use><code value="OID"/></use><value value="urn:oid:1.2.250.1.71.2.10"/></designation></concept><concept><code value="lb"/><display value="luxembourgeois"/><designation><use><code value="OID"/></use><value value="urn:oid:1.2.250.1.71.2.10"/></designation></concept><concept><code value="lg"/><display value="louganda, ganda"/><designation><use><code value="OID"/></use><value value="urn:oid:1.2.250.1.71.2.10"/></designation></concept><concept><code value="li"/><display value="limbourgeois"/><designation><use><code value="OID"/></use><value value="urn:oid:1.2.250.1.71.2.10"/></designation></concept><concept><code value="ln"/><display value="lingala"/><designation><use><code value="OID"/></use><value value="urn:oid:1.2.250.1.71.2.10"/></designation></concept><concept><code value="lo"/><display value="laotien, lao"/><designation><use><code value="OID"/></use><value value="urn:oid:1.2.250.1.71.2.10"/></designation></concept><concept><code value="ls"/><display value="langue des signes française"/><designation><use><code value="OID"/></use><value value="urn:oid:1.2.250.1.71.2.10"/></designation></concept><concept><code value="lt"/><display value="lituanien"/><designation><use><code value="OID"/></use><value value="urn:oid:1.2.250.1.71.2.10"/></designation></concept><concept><code value="lu"/><display value="luba-katanga"/><designation><use><code value="OID"/></use><value value="urn:oid:1.2.250.1.71.2.10"/></designation></concept><concept><code value="lv"/><display value="letton"/><designation><use><code value="OID"/></use><value value="urn:oid:1.2.250.1.71.2.10"/></designation></concept><concept><code value="mg"/><display value="malgache"/><designation><use><code value="OID"/></use><value value="urn:oid:1.2.250.1.71.2.10"/></designation></concept><concept><code value="mh"/><display value="marshall"/><designation><use><code value="OID"/></use><value value="urn:oid:1.2.250.1.71.2.10"/></designation></concept><concept><code value="mi"/><display value="maori"/><designation><use><code value="OID"/></use><value value="urn:oid:1.2.250.1.71.2.10"/></designation></concept><concept><code value="mk"/><display value="macédonien"/><designation><use><code value="OID"/></use><value value="urn:oid:1.2.250.1.71.2.10"/></designation></concept><concept><code value="ml"/><display value="malayalam"/><designation><use><code value="OID"/></use><value value="urn:oid:1.2.250.1.71.2.10"/></designation></concept><concept><code value="mn"/><display value="mongol"/><designation><use><code value="OID"/></use><value value="urn:oid:1.2.250.1.71.2.10"/></designation></concept><concept><code value="mo"/><display value="moldave"/><designation><use><code value="OID"/></use><value value="urn:oid:1.2.250.1.71.2.10"/></designation></concept><concept><code value="mr"/><display value="marathe"/><designation><use><code value="OID"/></use><value value="urn:oid:1.2.250.1.71.2.10"/></designation></concept><concept><code value="ms"/><display value="malais"/><designation><use><code value="OID"/></use><value value="urn:oid:1.2.250.1.71.2.10"/></designation></concept><concept><code value="mt"/><display value="maltais"/><designation><use><code value="OID"/></use><value value="urn:oid:1.2.250.1.71.2.10"/></designation></concept><concept><code value="my"/><display value="birman"/><designation><use><code value="OID"/></use><value value="urn:oid:1.2.250.1.71.2.10"/></designation></concept><concept><code value="na"/><display value="nauri"/><designation><use><code value="OID"/></use><value value="urn:oid:1.2.250.1.71.2.10"/></designation></concept><concept><code value="nb"/><display value="norvégien bokmål"/><designation><use><code value="OID"/></use><value value="urn:oid:1.2.250.1.71.2.10"/></designation></concept><concept><code value="nd"/><display value="ndébélé du Nord"/><designation><use><code value="OID"/></use><value value="urn:oid:1.2.250.1.71.2.10"/></designation></concept><concept><code value="ne"/><display value="népalais"/><designation><use><code value="OID"/></use><value value="urn:oid:1.2.250.1.71.2.10"/></designation></concept><concept><code value="ng"/><display value="ndonga"/><designation><use><code value="OID"/></use><value value="urn:oid:1.2.250.1.71.2.10"/></designation></concept><concept><code value="nl"/><display value="néerlandais"/><designation><use><code value="OID"/></use><value value="urn:oid:1.2.250.1.71.2.10"/></designation></concept><concept><code value="nn"/><display value="norvégien nynorsk"/><designation><use><code value="OID"/></use><value value="urn:oid:1.2.250.1.71.2.10"/></designation></concept><concept><code value="no"/><display value="norvégien"/><designation><use><code value="OID"/></use><value value="urn:oid:1.2.250.1.71.2.10"/></designation></concept><concept><code value="nr"/><display value="ndébélé du Sud"/><designation><use><code value="OID"/></use><value value="urn:oid:1.2.250.1.71.2.10"/></designation></concept><concept><code value="nv"/><display value="navaho"/><designation><use><code value="OID"/></use><value value="urn:oid:1.2.250.1.71.2.10"/></designation></concept><concept><code value="ny"/><display value="chichewa, chewa, nyanja"/><designation><use><code value="OID"/></use><value value="urn:oid:1.2.250.1.71.2.10"/></designation></concept><concept><code value="oc"/><display value="occitan, provençal (après 1500)"/><designation><use><code value="OID"/></use><value value="urn:oid:1.2.250.1.71.2.10"/></designation></concept><concept><code value="oj"/><display value="ojibwa"/><designation><use><code value="OID"/></use><value value="urn:oid:1.2.250.1.71.2.10"/></designation></concept><concept><code value="om"/><display value="oromo, afan oromo, galla"/><designation><use><code value="OID"/></use><value value="urn:oid:1.2.250.1.71.2.10"/></designation></concept><concept><code value="or"/><display value="oriya"/><designation><use><code value="OID"/></use><value value="urn:oid:1.2.250.1.71.2.10"/></designation></concept><concept><code value="os"/><display value="ossète"/><designation><use><code value="OID"/></use><value value="urn:oid:1.2.250.1.71.2.10"/></designation></concept><concept><code value="pa"/><display value="punjabi, panjabi, pendjabi"/><designation><use><code value="OID"/></use><value value="urn:oid:1.2.250.1.71.2.10"/></designation></concept><concept><code value="pi"/><display value="pali"/><designation><use><code value="OID"/></use><value value="urn:oid:1.2.250.1.71.2.10"/></designation></concept><concept><code value="pl"/><display value="polonais"/><designation><use><code value="OID"/></use><value value="urn:oid:1.2.250.1.71.2.10"/></designation></concept><concept><code value="ps"/><display value="pachto, pashto, pushto"/><designation><use><code value="OID"/></use><value value="urn:oid:1.2.250.1.71.2.10"/></designation></concept><concept><code value="pt"/><display value="portugais"/><designation><use><code value="OID"/></use><value value="urn:oid:1.2.250.1.71.2.10"/></designation></concept><concept><code value="qu"/><display value="quechua, quichua"/><designation><use><code value="OID"/></use><value value="urn:oid:1.2.250.1.71.2.10"/></designation></concept><concept><code value="rc"/><display value="créole réunionnais"/><designation><use><code value="OID"/></use><value value="urn:oid:1.2.250.1.71.2.10"/></designation></concept><concept><code value="rm"/><display value="rhéto-roman"/><designation><use><code value="OID"/></use><value value="urn:oid:1.2.250.1.71.2.10"/></designation></concept><concept><code value="rn"/><display value="kirundi, rundi"/><designation><use><code value="OID"/></use><value value="urn:oid:1.2.250.1.71.2.10"/></designation></concept><concept><code value="ro"/><display value="roumain"/><designation><use><code value="OID"/></use><value value="urn:oid:1.2.250.1.71.2.10"/></designation></concept><concept><code value="ru"/><display value="russe"/><designation><use><code value="OID"/></use><value value="urn:oid:1.2.250.1.71.2.10"/></designation></concept><concept><code value="rw"/><display value="kinyarwanda, rwanda"/><designation><use><code value="OID"/></use><value value="urn:oid:1.2.250.1.71.2.10"/></designation></concept><concept><code value="sa"/><display value="sanskrit"/><designation><use><code value="OID"/></use><value value="urn:oid:1.2.250.1.71.2.10"/></designation></concept><concept><code value="sc"/><display value="sarde"/><designation><use><code value="OID"/></use><value value="urn:oid:1.2.250.1.71.2.10"/></designation></concept><concept><code value="sd"/><display value="sindhi"/><designation><use><code value="OID"/></use><value value="urn:oid:1.2.250.1.71.2.10"/></designation></concept><concept><code value="se"/><display value="sami du Nord"/><designation><use><code value="OID"/></use><value value="urn:oid:1.2.250.1.71.2.10"/></designation></concept><concept><code value="sg"/><display value="sango"/><designation><use><code value="OID"/></use><value value="urn:oid:1.2.250.1.71.2.10"/></designation></concept><concept><code value="sh"/><display value="serbo-croate"/><designation><use><code value="OID"/></use><value value="urn:oid:1.2.250.1.71.2.10"/></designation></concept><concept><code value="si"/><display value="singhalais"/><designation><use><code value="OID"/></use><value value="urn:oid:1.2.250.1.71.2.10"/></designation></concept><concept><code value="sk"/><display value="slovaque"/><designation><use><code value="OID"/></use><value value="urn:oid:1.2.250.1.71.2.10"/></designation></concept><concept><code value="sl"/><display value="slovène"/><designation><use><code value="OID"/></use><value value="urn:oid:1.2.250.1.71.2.10"/></designation></concept><concept><code value="sm"/><display value="samoan"/><designation><use><code value="OID"/></use><value value="urn:oid:1.2.250.1.71.2.10"/></designation></concept><concept><code value="sn"/><display value="shona"/><designation><use><code value="OID"/></use><value value="urn:oid:1.2.250.1.71.2.10"/></designation></concept><concept><code value="so"/><display value="somali"/><designation><use><code value="OID"/></use><value value="urn:oid:1.2.250.1.71.2.10"/></designation></concept><concept><code value="sq"/><display value="albanais"/><designation><use><code value="OID"/></use><value value="urn:oid:1.2.250.1.71.2.10"/></designation></concept><concept><code value="sr"/><display value="serbe"/><designation><use><code value="OID"/></use><value value="urn:oid:1.2.250.1.71.2.10"/></designation></concept><concept><code value="ss"/><display value="swazi, swati, siswati"/><designation><use><code value="OID"/></use><value value="urn:oid:1.2.250.1.71.2.10"/></designation></concept><concept><code value="st"/><display value="sesotho, sotho du Sud"/><designation><use><code value="OID"/></use><value value="urn:oid:1.2.250.1.71.2.10"/></designation></concept><concept><code value="su"/><display value="soundanais"/><designation><use><code value="OID"/></use><value value="urn:oid:1.2.250.1.71.2.10"/></designation></concept><concept><code value="sv"/><display value="suédois"/><designation><use><code value="OID"/></use><value value="urn:oid:1.2.250.1.71.2.10"/></designation></concept><concept><code value="sw"/><display value="swahili"/><designation><use><code value="OID"/></use><value value="urn:oid:1.2.250.1.71.2.10"/></designation></concept><concept><code value="ta"/><display value="tamoul, tamil"/><designation><use><code value="OID"/></use><value value="urn:oid:1.2.250.1.71.2.10"/></designation></concept><concept><code value="te"/><display value="télougou"/><designation><use><code value="OID"/></use><value value="urn:oid:1.2.250.1.71.2.10"/></designation></concept><concept><code value="tg"/><display value="tadjik"/><designation><use><code value="OID"/></use><value value="urn:oid:1.2.250.1.71.2.10"/></designation></concept><concept><code value="th"/><display value="thaï"/><designation><use><code value="OID"/></use><value value="urn:oid:1.2.250.1.71.2.10"/></designation></concept><concept><code value="ti"/><display value="tigrigna"/><designation><use><code value="OID"/></use><value value="urn:oid:1.2.250.1.71.2.10"/></designation></concept><concept><code value="tk"/><display value="turkmène"/><designation><use><code value="OID"/></use><value value="urn:oid:1.2.250.1.71.2.10"/></designation></concept><concept><code value="tl"/><display value="tagal, tagalog"/><designation><use><code value="OID"/></use><value value="urn:oid:1.2.250.1.71.2.10"/></designation></concept><concept><code value="tn"/><display value="setchwana, tswana"/><designation><use><code value="OID"/></use><value value="urn:oid:1.2.250.1.71.2.10"/></designation></concept><concept><code value="to"/><display value="tonga (îles Tonga)"/><designation><use><code value="OID"/></use><value value="urn:oid:1.2.250.1.71.2.10"/></designation></concept><concept><code value="tr"/><display value="turc"/><designation><use><code value="OID"/></use><value value="urn:oid:1.2.250.1.71.2.10"/></designation></concept><concept><code value="ts"/><display value="tsonga"/><designation><use><code value="OID"/></use><value value="urn:oid:1.2.250.1.71.2.10"/></designation></concept><concept><code value="tt"/><display value="tatar"/><designation><use><code value="OID"/></use><value value="urn:oid:1.2.250.1.71.2.10"/></designation></concept><concept><code value="tw"/><display value="twi"/><designation><use><code value="OID"/></use><value value="urn:oid:1.2.250.1.71.2.10"/></designation></concept><concept><code value="ty"/><display value="tahitien"/><designation><use><code value="OID"/></use><value value="urn:oid:1.2.250.1.71.2.10"/></designation></concept><concept><code value="ug"/><display value="ouïgour"/><designation><use><code value="OID"/></use><value value="urn:oid:1.2.250.1.71.2.10"/></designation></concept><concept><code value="uk"/><display value="ukrainien"/><designation><use><code value="OID"/></use><value value="urn:oid:1.2.250.1.71.2.10"/></designation></concept><concept><code value="ur"/><display value="ourdou"/><designation><use><code value="OID"/></use><value value="urn:oid:1.2.250.1.71.2.10"/></designation></concept><concept><code value="uz"/><display value="ouszbek"/><designation><use><code value="OID"/></use><value value="urn:oid:1.2.250.1.71.2.10"/></designation></concept><concept><code value="ve"/><display value="venda"/><designation><use><code value="OID"/></use><value value="urn:oid:1.2.250.1.71.2.10"/></designation></concept><concept><code value="vi"/><display value="vietnamien"/><designation><use><code value="OID"/></use><value value="urn:oid:1.2.250.1.71.2.10"/></designation></concept><concept><code value="vo"/><display value="volapük"/><designation><use><code value="OID"/></use><value value="urn:oid:1.2.250.1.71.2.10"/></designation></concept><concept><code value="wa"/><display value="wallon"/><designation><use><code value="OID"/></use><value value="urn:oid:1.2.250.1.71.2.10"/></designation></concept><concept><code value="wo"/><display value="wolof"/><designation><use><code value="OID"/></use><value value="urn:oid:1.2.250.1.71.2.10"/></designation></concept><concept><code value="xh"/><display value="xhosa"/><designation><use><code value="OID"/></use><value value="urn:oid:1.2.250.1.71.2.10"/></designation></concept><concept><code value="yi"/><display value="yiddish"/><designation><use><code value="OID"/></use><value value="urn:oid:1.2.250.1.71.2.10"/></designation></concept><concept><code value="yo"/><display value="yorouba, yoruba"/><designation><use><code value="OID"/></use><value value="urn:oid:1.2.250.1.71.2.10"/></designation></concept><concept><code value="za"/><display value="zhuang, chuang"/><designation><use><code value="OID"/></use><value value="urn:oid:1.2.250.1.71.2.10"/></designation></concept><concept><code value="zh"/><display value="chinois"/><designation><use><code value="OID"/></use><value value="urn:oid:1.2.250.1.71.2.10"/></designation></concept><concept><code value="zu"/><display value="zoulou"/><designation><use><code value="OID"/></use><value value="urn:oid:1.2.250.1.71.2.10"/></designation></concept></include></compose></ValueSet>