<?xml version="1.0" encoding="UTF-8"?><ValueSet xmlns="http://hl7.org/fhir"><id value="JDV-J195-AffectationTemporaire-ROR"/><text><status value="generated"/><div xmlns="http://www.w3.org/1999/xhtml"><p class="res-header-id"><b>Generated Narrative: ValueSet JDV-J195-AffectationTemporaire-ROR</b></p><a name="JDV-J195-AffectationTemporaire-ROR"> </a><a name="hcJDV-J195-AffectationTemporaire-ROR"> </a><a name="hcJDV-J195-AffectationTemporaire-ROR-en-US"> </a><ul><li>Include these codes as defined in <a href="CodeSystem-TRE-R337-AffectationTemporaire.html"><code>https://mos.esante.gouv.fr/NOS/TRE_R337-AffectationTemporaire/FHIR/TRE-R337-AffectationTemporaire</code></a><table class="none"><tr><td style="white-space:nowrap"><b>Code</b></td><td><b>Display</b></td></tr><tr><td><a href="CodeSystem-TRE-R337-AffectationTemporaire.html#TRE-R337-AffectationTemporaire-01">01</a></td><td>Aucune</td></tr><tr><td><a href="CodeSystem-TRE-R337-AffectationTemporaire.html#TRE-R337-AffectationTemporaire-02">02</a></td><td>Covid+</td></tr><tr><td><a href="CodeSystem-TRE-R337-AffectationTemporaire.html#TRE-R337-AffectationTemporaire-03">03</a></td><td>Covid-</td></tr></table></li></ul></div></text><extension url="http://hl7.org/fhir/StructureDefinition/resource-effectivePeriod"><valuePeriod><start value="2022-05-27T12:00:00+01:00"/></valuePeriod></extension><url value="https://mos.esante.gouv.fr/NOS/JDV_J195-AffectationTemporaire-ROR/FHIR/JDV-J195-AffectationTemporaire-ROR"/><identifier><value value="urn:oid:1.2.250.1.213.3.4.28"/></identifier><version value="1.2.0"/><name value="JDV_J195-AffectationTemporaire-ROR"/><status value="active"/><date value="2022-05-27T12:00:00+01:00"/><publisher value="ANS"/><contact><name value="ANS"/><telecom><system value="url"/><value value="https://esante.gouv.fr"/></telecom></contact><description value="Permet d'indiquer dans le ROR la réservation de tout ou partie des lits d'une zone d'hébergement pour des patients selon qu'ils soient -ou non- concernés par une pathologie (Covid+, Covid-, …) ou un évènement (catastrophe naturelle, attentat, …)"/><compose><include><system value="https://mos.esante.gouv.fr/NOS/TRE_R337-AffectationTemporaire/FHIR/TRE-R337-AffectationTemporaire"/><concept><code value="01"/><display value="Aucune"/><designation><use><code value="OID"/></use><value value="urn:oid:1.2.250.1.213.3.3.220"/></designation></concept><concept><code value="02"/><display value="Covid+"/><designation><use><code value="OID"/></use><value value="urn:oid:1.2.250.1.213.3.3.220"/></designation></concept><concept><code value="03"/><display value="Covid-"/><designation><use><code value="OID"/></use><value value="urn:oid:1.2.250.1.213.3.3.220"/></designation></concept></include></compose></ValueSet>