<?xml version="1.0" encoding="UTF-8"?><ValueSet xmlns="http://hl7.org/fhir"><id value="JDV-J84-DepartementOM-RASS"/><text><status value="generated"/><div xmlns="http://www.w3.org/1999/xhtml"><p class="res-header-id"><b>Generated Narrative: ValueSet JDV-J84-DepartementOM-RASS</b></p><a name="JDV-J84-DepartementOM-RASS"> </a><a name="hcJDV-J84-DepartementOM-RASS"> </a><a name="JDV-J84-DepartementOM-RASS-en-US"> </a><ul><li>Include these codes as defined in <a href="CodeSystem-TRE-G09-DepartementOM.html"><code>https://mos.esante.gouv.fr/NOS/TRE_G09-DepartementOM/FHIR/TRE-G09-DepartementOM</code></a><table class="none"><tr><td style="white-space:nowrap"><b>Code</b></td><td><b>Display</b></td></tr><tr><td><a href="CodeSystem-TRE-G09-DepartementOM.html#TRE-G09-DepartementOM-01">01</a></td><td>Ain</td></tr><tr><td><a href="CodeSystem-TRE-G09-DepartementOM.html#TRE-G09-DepartementOM-02">02</a></td><td>Aisne</td></tr><tr><td><a href="CodeSystem-TRE-G09-DepartementOM.html#TRE-G09-DepartementOM-03">03</a></td><td>Allier</td></tr><tr><td><a href="CodeSystem-TRE-G09-DepartementOM.html#TRE-G09-DepartementOM-04">04</a></td><td>Alpes-de-Haute-Provence</td></tr><tr><td><a href="CodeSystem-TRE-G09-DepartementOM.html#TRE-G09-DepartementOM-05">05</a></td><td>Hautes-Alpes</td></tr><tr><td><a href="CodeSystem-TRE-G09-DepartementOM.html#TRE-G09-DepartementOM-06">06</a></td><td>Alpes-Maritimes</td></tr><tr><td><a href="CodeSystem-TRE-G09-DepartementOM.html#TRE-G09-DepartementOM-07">07</a></td><td>Ardèche</td></tr><tr><td><a href="CodeSystem-TRE-G09-DepartementOM.html#TRE-G09-DepartementOM-08">08</a></td><td>Ardennes</td></tr><tr><td><a href="CodeSystem-TRE-G09-DepartementOM.html#TRE-G09-DepartementOM-09">09</a></td><td>Ariège</td></tr><tr><td><a href="CodeSystem-TRE-G09-DepartementOM.html#TRE-G09-DepartementOM-10">10</a></td><td>Aube</td></tr><tr><td><a href="CodeSystem-TRE-G09-DepartementOM.html#TRE-G09-DepartementOM-11">11</a></td><td>Aude</td></tr><tr><td><a href="CodeSystem-TRE-G09-DepartementOM.html#TRE-G09-DepartementOM-12">12</a></td><td>Aveyron</td></tr><tr><td><a href="CodeSystem-TRE-G09-DepartementOM.html#TRE-G09-DepartementOM-13">13</a></td><td>Bouches-du-Rhône</td></tr><tr><td><a href="CodeSystem-TRE-G09-DepartementOM.html#TRE-G09-DepartementOM-14">14</a></td><td>Calvados</td></tr><tr><td><a href="CodeSystem-TRE-G09-DepartementOM.html#TRE-G09-DepartementOM-15">15</a></td><td>Cantal</td></tr><tr><td><a href="CodeSystem-TRE-G09-DepartementOM.html#TRE-G09-DepartementOM-16">16</a></td><td>Charente</td></tr><tr><td><a href="CodeSystem-TRE-G09-DepartementOM.html#TRE-G09-DepartementOM-17">17</a></td><td>Charente-Maritime</td></tr><tr><td><a href="CodeSystem-TRE-G09-DepartementOM.html#TRE-G09-DepartementOM-18">18</a></td><td>Cher</td></tr><tr><td><a href="CodeSystem-TRE-G09-DepartementOM.html#TRE-G09-DepartementOM-19">19</a></td><td>Corrèze</td></tr><tr><td><a href="CodeSystem-TRE-G09-DepartementOM.html#TRE-G09-DepartementOM-2A">2A</a></td><td>Corse-du-Sud</td></tr><tr><td><a href="CodeSystem-TRE-G09-DepartementOM.html#TRE-G09-DepartementOM-2B">2B</a></td><td>Haute-Corse</td></tr><tr><td><a href="CodeSystem-TRE-G09-DepartementOM.html#TRE-G09-DepartementOM-21">21</a></td><td>Côte-d'Or</td></tr><tr><td><a href="CodeSystem-TRE-G09-DepartementOM.html#TRE-G09-DepartementOM-22">22</a></td><td>Côtes-d'Armor</td></tr><tr><td><a href="CodeSystem-TRE-G09-DepartementOM.html#TRE-G09-DepartementOM-23">23</a></td><td>Creuse</td></tr><tr><td><a href="CodeSystem-TRE-G09-DepartementOM.html#TRE-G09-DepartementOM-24">24</a></td><td>Dordogne</td></tr><tr><td><a href="CodeSystem-TRE-G09-DepartementOM.html#TRE-G09-DepartementOM-25">25</a></td><td>Doubs</td></tr><tr><td><a href="CodeSystem-TRE-G09-DepartementOM.html#TRE-G09-DepartementOM-26">26</a></td><td>Drôme</td></tr><tr><td><a href="CodeSystem-TRE-G09-DepartementOM.html#TRE-G09-DepartementOM-27">27</a></td><td>Eure</td></tr><tr><td><a href="CodeSystem-TRE-G09-DepartementOM.html#TRE-G09-DepartementOM-28">28</a></td><td>Eure-et-Loir</td></tr><tr><td><a href="CodeSystem-TRE-G09-DepartementOM.html#TRE-G09-DepartementOM-29">29</a></td><td>Finistère</td></tr><tr><td><a href="CodeSystem-TRE-G09-DepartementOM.html#TRE-G09-DepartementOM-30">30</a></td><td>Gard</td></tr><tr><td><a href="CodeSystem-TRE-G09-DepartementOM.html#TRE-G09-DepartementOM-31">31</a></td><td>Haute-Garonne</td></tr><tr><td><a href="CodeSystem-TRE-G09-DepartementOM.html#TRE-G09-DepartementOM-32">32</a></td><td>Gers</td></tr><tr><td><a href="CodeSystem-TRE-G09-DepartementOM.html#TRE-G09-DepartementOM-33">33</a></td><td>Gironde</td></tr><tr><td><a href="CodeSystem-TRE-G09-DepartementOM.html#TRE-G09-DepartementOM-34">34</a></td><td>Hérault</td></tr><tr><td><a href="CodeSystem-TRE-G09-DepartementOM.html#TRE-G09-DepartementOM-35">35</a></td><td>Ille-et-Vilaine</td></tr><tr><td><a href="CodeSystem-TRE-G09-DepartementOM.html#TRE-G09-DepartementOM-36">36</a></td><td>Indre</td></tr><tr><td><a href="CodeSystem-TRE-G09-DepartementOM.html#TRE-G09-DepartementOM-37">37</a></td><td>Indre-et-Loire</td></tr><tr><td><a href="CodeSystem-TRE-G09-DepartementOM.html#TRE-G09-DepartementOM-38">38</a></td><td>Isère</td></tr><tr><td><a href="CodeSystem-TRE-G09-DepartementOM.html#TRE-G09-DepartementOM-39">39</a></td><td>Jura</td></tr><tr><td><a href="CodeSystem-TRE-G09-DepartementOM.html#TRE-G09-DepartementOM-40">40</a></td><td>Landes</td></tr><tr><td><a href="CodeSystem-TRE-G09-DepartementOM.html#TRE-G09-DepartementOM-41">41</a></td><td>Loir-et-Cher</td></tr><tr><td><a href="CodeSystem-TRE-G09-DepartementOM.html#TRE-G09-DepartementOM-42">42</a></td><td>Loire</td></tr><tr><td><a href="CodeSystem-TRE-G09-DepartementOM.html#TRE-G09-DepartementOM-43">43</a></td><td>Haute-Loire</td></tr><tr><td><a href="CodeSystem-TRE-G09-DepartementOM.html#TRE-G09-DepartementOM-44">44</a></td><td>Loire-Atlantique</td></tr><tr><td><a href="CodeSystem-TRE-G09-DepartementOM.html#TRE-G09-DepartementOM-45">45</a></td><td>Loiret</td></tr><tr><td><a href="CodeSystem-TRE-G09-DepartementOM.html#TRE-G09-DepartementOM-46">46</a></td><td>Lot</td></tr><tr><td><a href="CodeSystem-TRE-G09-DepartementOM.html#TRE-G09-DepartementOM-47">47</a></td><td>Lot-et-Garonne</td></tr><tr><td><a href="CodeSystem-TRE-G09-DepartementOM.html#TRE-G09-DepartementOM-48">48</a></td><td>Lozère</td></tr><tr><td><a href="CodeSystem-TRE-G09-DepartementOM.html#TRE-G09-DepartementOM-49">49</a></td><td>Maine-et-Loire</td></tr><tr><td><a href="CodeSystem-TRE-G09-DepartementOM.html#TRE-G09-DepartementOM-50">50</a></td><td>Manche</td></tr><tr><td><a href="CodeSystem-TRE-G09-DepartementOM.html#TRE-G09-DepartementOM-51">51</a></td><td>Marne</td></tr><tr><td><a href="CodeSystem-TRE-G09-DepartementOM.html#TRE-G09-DepartementOM-52">52</a></td><td>Haute-Marne</td></tr><tr><td><a href="CodeSystem-TRE-G09-DepartementOM.html#TRE-G09-DepartementOM-53">53</a></td><td>Mayenne</td></tr><tr><td><a href="CodeSystem-TRE-G09-DepartementOM.html#TRE-G09-DepartementOM-54">54</a></td><td>Meurthe-et-Moselle</td></tr><tr><td><a href="CodeSystem-TRE-G09-DepartementOM.html#TRE-G09-DepartementOM-55">55</a></td><td>Meuse</td></tr><tr><td><a href="CodeSystem-TRE-G09-DepartementOM.html#TRE-G09-DepartementOM-56">56</a></td><td>Morbihan</td></tr><tr><td><a href="CodeSystem-TRE-G09-DepartementOM.html#TRE-G09-DepartementOM-57">57</a></td><td>Moselle</td></tr><tr><td><a href="CodeSystem-TRE-G09-DepartementOM.html#TRE-G09-DepartementOM-58">58</a></td><td>Nièvre</td></tr><tr><td><a href="CodeSystem-TRE-G09-DepartementOM.html#TRE-G09-DepartementOM-59">59</a></td><td>Nord</td></tr><tr><td><a href="CodeSystem-TRE-G09-DepartementOM.html#TRE-G09-DepartementOM-60">60</a></td><td>Oise</td></tr><tr><td><a href="CodeSystem-TRE-G09-DepartementOM.html#TRE-G09-DepartementOM-61">61</a></td><td>Orne</td></tr><tr><td><a href="CodeSystem-TRE-G09-DepartementOM.html#TRE-G09-DepartementOM-62">62</a></td><td>Pas-de-Calais</td></tr><tr><td><a href="CodeSystem-TRE-G09-DepartementOM.html#TRE-G09-DepartementOM-63">63</a></td><td>Puy-de-Dôme</td></tr><tr><td><a href="CodeSystem-TRE-G09-DepartementOM.html#TRE-G09-DepartementOM-64">64</a></td><td>Pyrénées-Atlantiques</td></tr><tr><td><a href="CodeSystem-TRE-G09-DepartementOM.html#TRE-G09-DepartementOM-65">65</a></td><td>Hautes-Pyrénées</td></tr><tr><td><a href="CodeSystem-TRE-G09-DepartementOM.html#TRE-G09-DepartementOM-66">66</a></td><td>Pyrénées-Orientales</td></tr><tr><td><a href="CodeSystem-TRE-G09-DepartementOM.html#TRE-G09-DepartementOM-67">67</a></td><td>Bas-Rhin</td></tr><tr><td><a href="CodeSystem-TRE-G09-DepartementOM.html#TRE-G09-DepartementOM-68">68</a></td><td>Haut-Rhin</td></tr><tr><td><a href="CodeSystem-TRE-G09-DepartementOM.html#TRE-G09-DepartementOM-69">69</a></td><td>Rhône</td></tr><tr><td><a href="CodeSystem-TRE-G09-DepartementOM.html#TRE-G09-DepartementOM-70">70</a></td><td>Haute-Saône</td></tr><tr><td><a href="CodeSystem-TRE-G09-DepartementOM.html#TRE-G09-DepartementOM-71">71</a></td><td>Saône-et-Loire</td></tr><tr><td><a href="CodeSystem-TRE-G09-DepartementOM.html#TRE-G09-DepartementOM-72">72</a></td><td>Sarthe</td></tr><tr><td><a href="CodeSystem-TRE-G09-DepartementOM.html#TRE-G09-DepartementOM-73">73</a></td><td>Savoie</td></tr><tr><td><a href="CodeSystem-TRE-G09-DepartementOM.html#TRE-G09-DepartementOM-74">74</a></td><td>Haute-Savoie</td></tr><tr><td><a href="CodeSystem-TRE-G09-DepartementOM.html#TRE-G09-DepartementOM-75">75</a></td><td>Paris</td></tr><tr><td><a href="CodeSystem-TRE-G09-DepartementOM.html#TRE-G09-DepartementOM-76">76</a></td><td>Seine-Maritime</td></tr><tr><td><a href="CodeSystem-TRE-G09-DepartementOM.html#TRE-G09-DepartementOM-77">77</a></td><td>Seine-et-Marne</td></tr><tr><td><a href="CodeSystem-TRE-G09-DepartementOM.html#TRE-G09-DepartementOM-78">78</a></td><td>Yvelines</td></tr><tr><td><a href="CodeSystem-TRE-G09-DepartementOM.html#TRE-G09-DepartementOM-79">79</a></td><td>Deux-Sèvres</td></tr><tr><td><a href="CodeSystem-TRE-G09-DepartementOM.html#TRE-G09-DepartementOM-80">80</a></td><td>Somme</td></tr><tr><td><a href="CodeSystem-TRE-G09-DepartementOM.html#TRE-G09-DepartementOM-81">81</a></td><td>Tarn</td></tr><tr><td><a href="CodeSystem-TRE-G09-DepartementOM.html#TRE-G09-DepartementOM-82">82</a></td><td>Tarn-et-Garonne</td></tr><tr><td><a href="CodeSystem-TRE-G09-DepartementOM.html#TRE-G09-DepartementOM-83">83</a></td><td>Var</td></tr><tr><td><a href="CodeSystem-TRE-G09-DepartementOM.html#TRE-G09-DepartementOM-84">84</a></td><td>Vaucluse</td></tr><tr><td><a href="CodeSystem-TRE-G09-DepartementOM.html#TRE-G09-DepartementOM-85">85</a></td><td>Vendée</td></tr><tr><td><a href="CodeSystem-TRE-G09-DepartementOM.html#TRE-G09-DepartementOM-86">86</a></td><td>Vienne</td></tr><tr><td><a href="CodeSystem-TRE-G09-DepartementOM.html#TRE-G09-DepartementOM-87">87</a></td><td>Haute-Vienne</td></tr><tr><td><a href="CodeSystem-TRE-G09-DepartementOM.html#TRE-G09-DepartementOM-88">88</a></td><td>Vosges</td></tr><tr><td><a href="CodeSystem-TRE-G09-DepartementOM.html#TRE-G09-DepartementOM-89">89</a></td><td>Yonne</td></tr><tr><td><a href="CodeSystem-TRE-G09-DepartementOM.html#TRE-G09-DepartementOM-90">90</a></td><td>Territoire de Belfort</td></tr><tr><td><a href="CodeSystem-TRE-G09-DepartementOM.html#TRE-G09-DepartementOM-91">91</a></td><td>Essonne</td></tr><tr><td><a href="CodeSystem-TRE-G09-DepartementOM.html#TRE-G09-DepartementOM-92">92</a></td><td>Hauts-de-Seine</td></tr><tr><td><a href="CodeSystem-TRE-G09-DepartementOM.html#TRE-G09-DepartementOM-93">93</a></td><td>Seine-Saint-Denis</td></tr><tr><td><a href="CodeSystem-TRE-G09-DepartementOM.html#TRE-G09-DepartementOM-94">94</a></td><td>Val-de-Marne</td></tr><tr><td><a href="CodeSystem-TRE-G09-DepartementOM.html#TRE-G09-DepartementOM-95">95</a></td><td>Val d'Oise</td></tr><tr><td><a href="CodeSystem-TRE-G09-DepartementOM.html#TRE-G09-DepartementOM-971">971</a></td><td>Guadeloupe</td></tr><tr><td><a href="CodeSystem-TRE-G09-DepartementOM.html#TRE-G09-DepartementOM-972">972</a></td><td>Martinique</td></tr><tr><td><a href="CodeSystem-TRE-G09-DepartementOM.html#TRE-G09-DepartementOM-973">973</a></td><td>Guyane</td></tr><tr><td><a href="CodeSystem-TRE-G09-DepartementOM.html#TRE-G09-DepartementOM-974">974</a></td><td>Réunion</td></tr><tr><td><a href="CodeSystem-TRE-G09-DepartementOM.html#TRE-G09-DepartementOM-976">976</a></td><td>Mayotte</td></tr><tr><td><a href="CodeSystem-TRE-G09-DepartementOM.html#TRE-G09-DepartementOM-977">977</a></td><td>Saint-Barthélemy</td></tr><tr><td><a href="CodeSystem-TRE-G09-DepartementOM.html#TRE-G09-DepartementOM-978">978</a></td><td>Saint-Martin</td></tr><tr><td><a href="CodeSystem-TRE-G09-DepartementOM.html#TRE-G09-DepartementOM-99138">99138</a></td><td>Monaco</td></tr><tr><td><a href="CodeSystem-TRE-G09-DepartementOM.html#TRE-G09-DepartementOM-984">984</a></td><td>Terres australes françaises</td></tr><tr><td><a href="CodeSystem-TRE-G09-DepartementOM.html#TRE-G09-DepartementOM-986">986</a></td><td>Wallis-et-Futuna</td></tr><tr><td><a href="CodeSystem-TRE-G09-DepartementOM.html#TRE-G09-DepartementOM-987">987</a></td><td>Polynésie française</td></tr><tr><td><a href="CodeSystem-TRE-G09-DepartementOM.html#TRE-G09-DepartementOM-988">988</a></td><td>Nouvelle-Calédonie</td></tr><tr><td><a href="CodeSystem-TRE-G09-DepartementOM.html#TRE-G09-DepartementOM-989">989</a></td><td>Ile de Clipperton</td></tr></table></li></ul></div></text><extension url="http://hl7.org/fhir/StructureDefinition/resource-effectivePeriod"><valuePeriod><start value="2019-08-30T12:00:00+01:00"/><end value="2024-01-26T12:00:00+01:00"/></valuePeriod></extension><url value="https://mos.esante.gouv.fr/NOS/JDV_J84-DepartementOM-RASS/FHIR/JDV-J84-DepartementOM-RASS"/><identifier><value value="urn:oid:1.2.250.1.213.1.6.1.152"/></identifier><version value="1.5.0"/><name value="JDV_J84-DepartementOM-RASS"/><status value="retired"/><date value="2024-01-26T12:00:00+01:00"/><publisher value="ANS"/><contact><name value="ANS"/><telecom><system value="url"/><value value="https://esante.gouv.fr"/></telecom></contact><description value="Départements (outre-mer et Monaco inclus) pour le RASS"/><compose><include><system value="https://mos.esante.gouv.fr/NOS/TRE_G09-DepartementOM/FHIR/TRE-G09-DepartementOM"/><concept><code value="01"/><display value="Ain"/><designation><use><code value="OID"/></use><value value="urn:oid:1.2.250.1.71.1.2.16"/></designation></concept><concept><code value="02"/><display value="Aisne"/><designation><use><code value="OID"/></use><value value="urn:oid:1.2.250.1.71.1.2.16"/></designation></concept><concept><code value="03"/><display value="Allier"/><designation><use><code value="OID"/></use><value value="urn:oid:1.2.250.1.71.1.2.16"/></designation></concept><concept><code value="04"/><display value="Alpes-de-Haute-Provence"/><designation><use><code value="OID"/></use><value value="urn:oid:1.2.250.1.71.1.2.16"/></designation></concept><concept><code value="05"/><display value="Hautes-Alpes"/><designation><use><code value="OID"/></use><value value="urn:oid:1.2.250.1.71.1.2.16"/></designation></concept><concept><code value="06"/><display value="Alpes-Maritimes"/><designation><use><code value="OID"/></use><value value="urn:oid:1.2.250.1.71.1.2.16"/></designation></concept><concept><code value="07"/><display value="Ardèche"/><designation><use><code value="OID"/></use><value value="urn:oid:1.2.250.1.71.1.2.16"/></designation></concept><concept><code value="08"/><display value="Ardennes"/><designation><use><code value="OID"/></use><value value="urn:oid:1.2.250.1.71.1.2.16"/></designation></concept><concept><code value="09"/><display value="Ariège"/><designation><use><code value="OID"/></use><value value="urn:oid:1.2.250.1.71.1.2.16"/></designation></concept><concept><code value="10"/><display value="Aube"/><designation><use><code value="OID"/></use><value value="urn:oid:1.2.250.1.71.1.2.16"/></designation></concept><concept><code value="11"/><display value="Aude"/><designation><use><code value="OID"/></use><value value="urn:oid:1.2.250.1.71.1.2.16"/></designation></concept><concept><code value="12"/><display value="Aveyron"/><designation><use><code value="OID"/></use><value value="urn:oid:1.2.250.1.71.1.2.16"/></designation></concept><concept><code value="13"/><display value="Bouches-du-Rhône"/><designation><use><code value="OID"/></use><value value="urn:oid:1.2.250.1.71.1.2.16"/></designation></concept><concept><code value="14"/><display value="Calvados"/><designation><use><code value="OID"/></use><value value="urn:oid:1.2.250.1.71.1.2.16"/></designation></concept><concept><code value="15"/><display value="Cantal"/><designation><use><code value="OID"/></use><value value="urn:oid:1.2.250.1.71.1.2.16"/></designation></concept><concept><code value="16"/><display value="Charente"/><designation><use><code value="OID"/></use><value value="urn:oid:1.2.250.1.71.1.2.16"/></designation></concept><concept><code value="17"/><display value="Charente-Maritime"/><designation><use><code value="OID"/></use><value value="urn:oid:1.2.250.1.71.1.2.16"/></designation></concept><concept><code value="18"/><display value="Cher"/><designation><use><code value="OID"/></use><value value="urn:oid:1.2.250.1.71.1.2.16"/></designation></concept><concept><code value="19"/><display value="Corrèze"/><designation><use><code value="OID"/></use><value value="urn:oid:1.2.250.1.71.1.2.16"/></designation></concept><concept><code value="2A"/><display value="Corse-du-Sud"/><designation><use><code value="OID"/></use><value value="urn:oid:1.2.250.1.71.1.2.16"/></designation></concept><concept><code value="2B"/><display value="Haute-Corse"/><designation><use><code value="OID"/></use><value value="urn:oid:1.2.250.1.71.1.2.16"/></designation></concept><concept><code value="21"/><display value="Côte-d'Or"/><designation><use><code value="OID"/></use><value value="urn:oid:1.2.250.1.71.1.2.16"/></designation></concept><concept><code value="22"/><display value="Côtes-d'Armor"/><designation><use><code value="OID"/></use><value value="urn:oid:1.2.250.1.71.1.2.16"/></designation></concept><concept><code value="23"/><display value="Creuse"/><designation><use><code value="OID"/></use><value value="urn:oid:1.2.250.1.71.1.2.16"/></designation></concept><concept><code value="24"/><display value="Dordogne"/><designation><use><code value="OID"/></use><value value="urn:oid:1.2.250.1.71.1.2.16"/></designation></concept><concept><code value="25"/><display value="Doubs"/><designation><use><code value="OID"/></use><value value="urn:oid:1.2.250.1.71.1.2.16"/></designation></concept><concept><code value="26"/><display value="Drôme"/><designation><use><code value="OID"/></use><value value="urn:oid:1.2.250.1.71.1.2.16"/></designation></concept><concept><code value="27"/><display value="Eure"/><designation><use><code value="OID"/></use><value value="urn:oid:1.2.250.1.71.1.2.16"/></designation></concept><concept><code value="28"/><display value="Eure-et-Loir"/><designation><use><code value="OID"/></use><value value="urn:oid:1.2.250.1.71.1.2.16"/></designation></concept><concept><code value="29"/><display value="Finistère"/><designation><use><code value="OID"/></use><value value="urn:oid:1.2.250.1.71.1.2.16"/></designation></concept><concept><code value="30"/><display value="Gard"/><designation><use><code value="OID"/></use><value value="urn:oid:1.2.250.1.71.1.2.16"/></designation></concept><concept><code value="31"/><display value="Haute-Garonne"/><designation><use><code value="OID"/></use><value value="urn:oid:1.2.250.1.71.1.2.16"/></designation></concept><concept><code value="32"/><display value="Gers"/><designation><use><code value="OID"/></use><value value="urn:oid:1.2.250.1.71.1.2.16"/></designation></concept><concept><code value="33"/><display value="Gironde"/><designation><use><code value="OID"/></use><value value="urn:oid:1.2.250.1.71.1.2.16"/></designation></concept><concept><code value="34"/><display value="Hérault"/><designation><use><code value="OID"/></use><value value="urn:oid:1.2.250.1.71.1.2.16"/></designation></concept><concept><code value="35"/><display value="Ille-et-Vilaine"/><designation><use><code value="OID"/></use><value value="urn:oid:1.2.250.1.71.1.2.16"/></designation></concept><concept><code value="36"/><display value="Indre"/><designation><use><code value="OID"/></use><value value="urn:oid:1.2.250.1.71.1.2.16"/></designation></concept><concept><code value="37"/><display value="Indre-et-Loire"/><designation><use><code value="OID"/></use><value value="urn:oid:1.2.250.1.71.1.2.16"/></designation></concept><concept><code value="38"/><display value="Isère"/><designation><use><code value="OID"/></use><value value="urn:oid:1.2.250.1.71.1.2.16"/></designation></concept><concept><code value="39"/><display value="Jura"/><designation><use><code value="OID"/></use><value value="urn:oid:1.2.250.1.71.1.2.16"/></designation></concept><concept><code value="40"/><display value="Landes"/><designation><use><code value="OID"/></use><value value="urn:oid:1.2.250.1.71.1.2.16"/></designation></concept><concept><code value="41"/><display value="Loir-et-Cher"/><designation><use><code value="OID"/></use><value value="urn:oid:1.2.250.1.71.1.2.16"/></designation></concept><concept><code value="42"/><display value="Loire"/><designation><use><code value="OID"/></use><value value="urn:oid:1.2.250.1.71.1.2.16"/></designation></concept><concept><code value="43"/><display value="Haute-Loire"/><designation><use><code value="OID"/></use><value value="urn:oid:1.2.250.1.71.1.2.16"/></designation></concept><concept><code value="44"/><display value="Loire-Atlantique"/><designation><use><code value="OID"/></use><value value="urn:oid:1.2.250.1.71.1.2.16"/></designation></concept><concept><code value="45"/><display value="Loiret"/><designation><use><code value="OID"/></use><value value="urn:oid:1.2.250.1.71.1.2.16"/></designation></concept><concept><code value="46"/><display value="Lot"/><designation><use><code value="OID"/></use><value value="urn:oid:1.2.250.1.71.1.2.16"/></designation></concept><concept><code value="47"/><display value="Lot-et-Garonne"/><designation><use><code value="OID"/></use><value value="urn:oid:1.2.250.1.71.1.2.16"/></designation></concept><concept><code value="48"/><display value="Lozère"/><designation><use><code value="OID"/></use><value value="urn:oid:1.2.250.1.71.1.2.16"/></designation></concept><concept><code value="49"/><display value="Maine-et-Loire"/><designation><use><code value="OID"/></use><value value="urn:oid:1.2.250.1.71.1.2.16"/></designation></concept><concept><code value="50"/><display value="Manche"/><designation><use><code value="OID"/></use><value value="urn:oid:1.2.250.1.71.1.2.16"/></designation></concept><concept><code value="51"/><display value="Marne"/><designation><use><code value="OID"/></use><value value="urn:oid:1.2.250.1.71.1.2.16"/></designation></concept><concept><code value="52"/><display value="Haute-Marne"/><designation><use><code value="OID"/></use><value value="urn:oid:1.2.250.1.71.1.2.16"/></designation></concept><concept><code value="53"/><display value="Mayenne"/><designation><use><code value="OID"/></use><value value="urn:oid:1.2.250.1.71.1.2.16"/></designation></concept><concept><code value="54"/><display value="Meurthe-et-Moselle"/><designation><use><code value="OID"/></use><value value="urn:oid:1.2.250.1.71.1.2.16"/></designation></concept><concept><code value="55"/><display value="Meuse"/><designation><use><code value="OID"/></use><value value="urn:oid:1.2.250.1.71.1.2.16"/></designation></concept><concept><code value="56"/><display value="Morbihan"/><designation><use><code value="OID"/></use><value value="urn:oid:1.2.250.1.71.1.2.16"/></designation></concept><concept><code value="57"/><display value="Moselle"/><designation><use><code value="OID"/></use><value value="urn:oid:1.2.250.1.71.1.2.16"/></designation></concept><concept><code value="58"/><display value="Nièvre"/><designation><use><code value="OID"/></use><value value="urn:oid:1.2.250.1.71.1.2.16"/></designation></concept><concept><code value="59"/><display value="Nord"/><designation><use><code value="OID"/></use><value value="urn:oid:1.2.250.1.71.1.2.16"/></designation></concept><concept><code value="60"/><display value="Oise"/><designation><use><code value="OID"/></use><value value="urn:oid:1.2.250.1.71.1.2.16"/></designation></concept><concept><code value="61"/><display value="Orne"/><designation><use><code value="OID"/></use><value value="urn:oid:1.2.250.1.71.1.2.16"/></designation></concept><concept><code value="62"/><display value="Pas-de-Calais"/><designation><use><code value="OID"/></use><value value="urn:oid:1.2.250.1.71.1.2.16"/></designation></concept><concept><code value="63"/><display value="Puy-de-Dôme"/><designation><use><code value="OID"/></use><value value="urn:oid:1.2.250.1.71.1.2.16"/></designation></concept><concept><code value="64"/><display value="Pyrénées-Atlantiques"/><designation><use><code value="OID"/></use><value value="urn:oid:1.2.250.1.71.1.2.16"/></designation></concept><concept><code value="65"/><display value="Hautes-Pyrénées"/><designation><use><code value="OID"/></use><value value="urn:oid:1.2.250.1.71.1.2.16"/></designation></concept><concept><code value="66"/><display value="Pyrénées-Orientales"/><designation><use><code value="OID"/></use><value value="urn:oid:1.2.250.1.71.1.2.16"/></designation></concept><concept><code value="67"/><display value="Bas-Rhin"/><designation><use><code value="OID"/></use><value value="urn:oid:1.2.250.1.71.1.2.16"/></designation></concept><concept><code value="68"/><display value="Haut-Rhin"/><designation><use><code value="OID"/></use><value value="urn:oid:1.2.250.1.71.1.2.16"/></designation></concept><concept><code value="69"/><display value="Rhône"/><designation><use><code value="OID"/></use><value value="urn:oid:1.2.250.1.71.1.2.16"/></designation></concept><concept><code value="70"/><display value="Haute-Saône"/><designation><use><code value="OID"/></use><value value="urn:oid:1.2.250.1.71.1.2.16"/></designation></concept><concept><code value="71"/><display value="Saône-et-Loire"/><designation><use><code value="OID"/></use><value value="urn:oid:1.2.250.1.71.1.2.16"/></designation></concept><concept><code value="72"/><display value="Sarthe"/><designation><use><code value="OID"/></use><value value="urn:oid:1.2.250.1.71.1.2.16"/></designation></concept><concept><code value="73"/><display value="Savoie"/><designation><use><code value="OID"/></use><value value="urn:oid:1.2.250.1.71.1.2.16"/></designation></concept><concept><code value="74"/><display value="Haute-Savoie"/><designation><use><code value="OID"/></use><value value="urn:oid:1.2.250.1.71.1.2.16"/></designation></concept><concept><code value="75"/><display value="Paris"/><designation><use><code value="OID"/></use><value value="urn:oid:1.2.250.1.71.1.2.16"/></designation></concept><concept><code value="76"/><display value="Seine-Maritime"/><designation><use><code value="OID"/></use><value value="urn:oid:1.2.250.1.71.1.2.16"/></designation></concept><concept><code value="77"/><display value="Seine-et-Marne"/><designation><use><code value="OID"/></use><value value="urn:oid:1.2.250.1.71.1.2.16"/></designation></concept><concept><code value="78"/><display value="Yvelines"/><designation><use><code value="OID"/></use><value value="urn:oid:1.2.250.1.71.1.2.16"/></designation></concept><concept><code value="79"/><display value="Deux-Sèvres"/><designation><use><code value="OID"/></use><value value="urn:oid:1.2.250.1.71.1.2.16"/></designation></concept><concept><code value="80"/><display value="Somme"/><designation><use><code value="OID"/></use><value value="urn:oid:1.2.250.1.71.1.2.16"/></designation></concept><concept><code value="81"/><display value="Tarn"/><designation><use><code value="OID"/></use><value value="urn:oid:1.2.250.1.71.1.2.16"/></designation></concept><concept><code value="82"/><display value="Tarn-et-Garonne"/><designation><use><code value="OID"/></use><value value="urn:oid:1.2.250.1.71.1.2.16"/></designation></concept><concept><code value="83"/><display value="Var"/><designation><use><code value="OID"/></use><value value="urn:oid:1.2.250.1.71.1.2.16"/></designation></concept><concept><code value="84"/><display value="Vaucluse"/><designation><use><code value="OID"/></use><value value="urn:oid:1.2.250.1.71.1.2.16"/></designation></concept><concept><code value="85"/><display value="Vendée"/><designation><use><code value="OID"/></use><value value="urn:oid:1.2.250.1.71.1.2.16"/></designation></concept><concept><code value="86"/><display value="Vienne"/><designation><use><code value="OID"/></use><value value="urn:oid:1.2.250.1.71.1.2.16"/></designation></concept><concept><code value="87"/><display value="Haute-Vienne"/><designation><use><code value="OID"/></use><value value="urn:oid:1.2.250.1.71.1.2.16"/></designation></concept><concept><code value="88"/><display value="Vosges"/><designation><use><code value="OID"/></use><value value="urn:oid:1.2.250.1.71.1.2.16"/></designation></concept><concept><code value="89"/><display value="Yonne"/><designation><use><code value="OID"/></use><value value="urn:oid:1.2.250.1.71.1.2.16"/></designation></concept><concept><code value="90"/><display value="Territoire de Belfort"/><designation><use><code value="OID"/></use><value value="urn:oid:1.2.250.1.71.1.2.16"/></designation></concept><concept><code value="91"/><display value="Essonne"/><designation><use><code value="OID"/></use><value value="urn:oid:1.2.250.1.71.1.2.16"/></designation></concept><concept><code value="92"/><display value="Hauts-de-Seine"/><designation><use><code value="OID"/></use><value value="urn:oid:1.2.250.1.71.1.2.16"/></designation></concept><concept><code value="93"/><display value="Seine-Saint-Denis"/><designation><use><code value="OID"/></use><value value="urn:oid:1.2.250.1.71.1.2.16"/></designation></concept><concept><code value="94"/><display value="Val-de-Marne"/><designation><use><code value="OID"/></use><value value="urn:oid:1.2.250.1.71.1.2.16"/></designation></concept><concept><code value="95"/><display value="Val d'Oise"/><designation><use><code value="OID"/></use><value value="urn:oid:1.2.250.1.71.1.2.16"/></designation></concept><concept><code value="971"/><display value="Guadeloupe"/><designation><use><code value="OID"/></use><value value="urn:oid:1.2.250.1.71.1.2.16"/></designation></concept><concept><code value="972"/><display value="Martinique"/><designation><use><code value="OID"/></use><value value="urn:oid:1.2.250.1.71.1.2.16"/></designation></concept><concept><code value="973"/><display value="Guyane"/><designation><use><code value="OID"/></use><value value="urn:oid:1.2.250.1.71.1.2.16"/></designation></concept><concept><code value="974"/><display value="Réunion"/><designation><use><code value="OID"/></use><value value="urn:oid:1.2.250.1.71.1.2.16"/></designation></concept><concept><code value="976"/><display value="Mayotte"/><designation><use><code value="OID"/></use><value value="urn:oid:1.2.250.1.71.1.2.16"/></designation></concept><concept><code value="977"/><display value="Saint-Barthélemy"/><designation><use><code value="OID"/></use><value value="urn:oid:1.2.250.1.71.1.2.16"/></designation></concept><concept><code value="978"/><display value="Saint-Martin"/><designation><use><code value="OID"/></use><value value="urn:oid:1.2.250.1.71.1.2.16"/></designation></concept><concept><code value="99138"/><display value="Monaco"/><designation><use><code value="OID"/></use><value value="urn:oid:1.2.250.1.71.1.2.16"/></designation></concept><concept><code value="984"/><display value="Terres australes françaises"/><designation><use><code value="OID"/></use><value value="urn:oid:1.2.250.1.71.1.2.16"/></designation></concept><concept><code value="986"/><display value="Wallis-et-Futuna"/><designation><use><code value="OID"/></use><value value="urn:oid:1.2.250.1.71.1.2.16"/></designation></concept><concept><code value="987"/><display value="Polynésie française"/><designation><use><code value="OID"/></use><value value="urn:oid:1.2.250.1.71.1.2.16"/></designation></concept><concept><code value="988"/><display value="Nouvelle-Calédonie"/><designation><use><code value="OID"/></use><value value="urn:oid:1.2.250.1.71.1.2.16"/></designation></concept><concept><code value="989"/><display value="Ile de Clipperton"/><designation><use><code value="OID"/></use><value value="urn:oid:1.2.250.1.71.1.2.16"/></designation></concept></include></compose></ValueSet>