<?xml version="1.0" encoding="UTF-8"?><ValueSet xmlns="http://hl7.org/fhir"><id value="JDV-J60-FormatCode-DMP"/><text><status value="extensions"/><div xmlns="http://www.w3.org/1999/xhtml"><p class="res-header-id"><b>Generated Narrative: ValueSet JDV-J60-FormatCode-DMP</b></p><a name="JDV-J60-FormatCode-DMP"> </a><a name="hcJDV-J60-FormatCode-DMP"> </a><a name="JDV-J60-FormatCode-DMP-en-US"> </a><p>This value set includes codes based on the following rules:</p><ul><li>Include these codes as defined in <a href="CodeSystem-TRE-A06-FormatCodeComplementaire.html"><code>https://mos.esante.gouv.fr/NOS/TRE_A06-FormatCodeComplementaire/FHIR/TRE-A06-FormatCodeComplementaire</code></a><table class="none"><tr><td style="white-space:nowrap"><b>Code</b></td><td><b>Display</b></td><td><b>Definition</b></td></tr><tr><td><a href="CodeSystem-TRE-A06-FormatCodeComplementaire.html#TRE-A06-FormatCodeComplementaire-urn.58ans.58ci-sis.58bio-ep-bio.582022">urn:ans:ci-sis:bio-ep-bio:2022</a></td><td>Prescription d'actes de biologie médicale</td><td>Prescription d'actes de biologie médicale</td></tr><tr><td><a href="CodeSystem-TRE-A06-FormatCodeComplementaire.html#TRE-A06-FormatCodeComplementaire-urn.58ans.58ci-sis.58img-da.582022">urn:ans:ci-sis:img-da:2022</a></td><td>Demande d'actes d'imagerie</td><td>Demande d'actes d'imagerie</td></tr><tr><td><a href="CodeSystem-TRE-A06-FormatCodeComplementaire.html#TRE-A06-FormatCodeComplementaire-urn.58asip.58ci-sis.58aunv.582013">urn:asip:ci-sis:aunv:2013</a></td><td>Fiche d'admission en unité neuro-vasculaire</td><td/></tr><tr><td><a href="CodeSystem-TRE-A06-FormatCodeComplementaire.html#TRE-A06-FormatCodeComplementaire-urn.58asip.58ci-sis.58avk.582009">urn:asip:ci-sis:avk:2009</a></td><td>Fiche patient à risque en cardiologie - Traitement AVK</td><td/></tr><tr><td><a href="CodeSystem-TRE-A06-FormatCodeComplementaire.html#TRE-A06-FormatCodeComplementaire-urn.58asip.58ci-sis.58crgm.582018">urn:asip:ci-sis:crgm:2018</a></td><td>Compte rendu de génétique moléculaire</td><td/></tr><tr><td><a href="CodeSystem-TRE-A06-FormatCodeComplementaire.html#TRE-A06-FormatCodeComplementaire-urn.58asip.58ci-sis.58crrtn.582013">urn:asip:ci-sis:crrtn:2013</a></td><td>Compte-rendu de rétinographie</td><td/></tr><tr><td><a href="CodeSystem-TRE-A06-FormatCodeComplementaire.html#TRE-A06-FormatCodeComplementaire-urn.58asip.58ci-sis.58cse-cs24.582017">urn:asip:ci-sis:cse-cs24:2017</a></td><td>Certificat de santé du 24ème mois de l'enfant</td><td/></tr><tr><td><a href="CodeSystem-TRE-A06-FormatCodeComplementaire.html#TRE-A06-FormatCodeComplementaire-urn.58asip.58ci-sis.58cse-cs8.582017">urn:asip:ci-sis:cse-cs8:2017</a></td><td>Certificat de santé du 8ème jour de l'enfant</td><td/></tr><tr><td><a href="CodeSystem-TRE-A06-FormatCodeComplementaire.html#TRE-A06-FormatCodeComplementaire-urn.58asip.58ci-sis.58cse-cs9.582017">urn:asip:ci-sis:cse-cs9:2017</a></td><td>Certificat de santé du 9ème mois de l'enfant</td><td/></tr><tr><td><a href="CodeSystem-TRE-A06-FormatCodeComplementaire.html#TRE-A06-FormatCodeComplementaire-urn.58asip.58ci-sis.58d2lm-fidd.582017">urn:asip:ci-sis:d2lm-fidd:2017</a></td><td>Seconde lecture de mammographie - Fiche d'interprétation du bilan de diagnostic différé</td><td/></tr><tr><td><a href="CodeSystem-TRE-A06-FormatCodeComplementaire.html#TRE-A06-FormatCodeComplementaire-urn.58asip.58ci-sis.58d2lm-fin.582017">urn:asip:ci-sis:d2lm-fin:2017</a></td><td>Seconde lecture de mammographie - Fiche d'interprétation nationale</td><td/></tr><tr><td><a href="CodeSystem-TRE-A06-FormatCodeComplementaire.html#TRE-A06-FormatCodeComplementaire-urn.58asip.58ci-sis.58dci.582009">urn:asip:ci-sis:dci:2009</a></td><td>Fiche patient à risque en cardiologie - Défibrillateur cardiaque interne</td><td/></tr><tr><td><a href="CodeSystem-TRE-A06-FormatCodeComplementaire.html#TRE-A06-FormatCodeComplementaire-urn.58asip.58ci-sis.58dlu.582015">urn:asip:ci-sis:dlu:2015</a></td><td>Document de liaison d'urgence</td><td/></tr><tr><td><a href="CodeSystem-TRE-A06-FormatCodeComplementaire.html#TRE-A06-FormatCodeComplementaire-urn.58ans.58ci-sis.58cse-mde.582023">urn:ans:ci-sis:cse-mde:2023</a></td><td>Mesures de signes vitaux</td><td/></tr><tr><td><a href="CodeSystem-TRE-A06-FormatCodeComplementaire.html#TRE-A06-FormatCodeComplementaire-urn.58asip.58ci-sis.58eunv.582013">urn:asip:ci-sis:eunv:2013</a></td><td>Fiche d'épisode de soin en unité neuro-vasculaire</td><td/></tr><tr><td><a href="CodeSystem-TRE-A06-FormatCodeComplementaire.html#TRE-A06-FormatCodeComplementaire-urn.58asip.58ci-sis.58fludr.582017">urn:asip:ci-sis:fludr:2017</a></td><td>Fiche de liaison d'urgence - Retour des urgences vers l'EHPAD</td><td/></tr><tr><td><a href="CodeSystem-TRE-A06-FormatCodeComplementaire.html#TRE-A06-FormatCodeComplementaire-urn.58asip.58ci-sis.58fludt.582017">urn:asip:ci-sis:fludt:2017</a></td><td>Fiche de liaison d'urgence - Transfert de l'EHPAD vers les urgences</td><td/></tr><tr><td><a href="CodeSystem-TRE-A06-FormatCodeComplementaire.html#TRE-A06-FormatCodeComplementaire-urn.58asip.58ci-sis.58frcp.582011">urn:asip:ci-sis:frcp:2011</a></td><td>Fiche de réunion de concertation pluridisciplinaire</td><td/></tr><tr><td><a href="CodeSystem-TRE-A06-FormatCodeComplementaire.html#TRE-A06-FormatCodeComplementaire-urn.58asip.58ci-sis.58hr.582019">urn:asip:ci-sis:hr:2019</a></td><td>Données de remboursement</td><td/></tr><tr><td><a href="CodeSystem-TRE-A06-FormatCodeComplementaire.html#TRE-A06-FormatCodeComplementaire-urn.58asip.58ci-sis.58idap.582011">urn:asip:ci-sis:idap:2011</a></td><td>Information et directives anticipées du patient</td><td/></tr><tr><td><a href="CodeSystem-TRE-A06-FormatCodeComplementaire.html#TRE-A06-FormatCodeComplementaire-urn.58asip.58ci-sis.58ldl-ees.582017">urn:asip:ci-sis:ldl-ees:2017</a></td><td>Lettre de Liaison à l'entrée d'un établissement de santé</td><td/></tr><tr><td><a href="CodeSystem-TRE-A06-FormatCodeComplementaire.html#TRE-A06-FormatCodeComplementaire-urn.58asip.58ci-sis.58ldl-ses.582017">urn:asip:ci-sis:ldl-ses:2017</a></td><td>Lettre de Liaison à la sortie de l'établissement de santé</td><td/></tr><tr><td><a href="CodeSystem-TRE-A06-FormatCodeComplementaire.html#TRE-A06-FormatCodeComplementaire-urn.58asip.58ci-sis.58pavc.582016">urn:asip:ci-sis:pavc:2016</a></td><td>Compte-rendu de consultation d'évaluation pluri-professionnelle post AVC</td><td/></tr><tr><td><a href="CodeSystem-TRE-A06-FormatCodeComplementaire.html#TRE-A06-FormatCodeComplementaire-urn.58asip.58ci-sis.58pps-cancer.582017">urn:asip:ci-sis:pps-cancer:2017</a></td><td>Programme Personnalisé de Soins - Cancer</td><td/></tr><tr><td><a href="CodeSystem-TRE-A06-FormatCodeComplementaire.html#TRE-A06-FormatCodeComplementaire-urn.58asip.58ci-sis.58pps-paerpa.582017">urn:asip:ci-sis:pps-paerpa:2017</a></td><td>Plan Personnalisé de Santé - PAERPA</td><td/></tr><tr><td><a href="CodeSystem-TRE-A06-FormatCodeComplementaire.html#TRE-A06-FormatCodeComplementaire-urn.58asip.58ci-sis.58ppv.582009">urn:asip:ci-sis:ppv:2009</a></td><td>Fiche patient à risque en cardiologie - Porteur d'une prothèse valvulaire</td><td/></tr><tr><td><a href="CodeSystem-TRE-A06-FormatCodeComplementaire.html#TRE-A06-FormatCodeComplementaire-urn.58asip.58ci-sis.58psc.582009">urn:asip:ci-sis:psc:2009</a></td><td>Fiche patient à risque en cardiologie - Porteur d'un stimulateur cardiaque</td><td/></tr><tr><td><a href="CodeSystem-TRE-A06-FormatCodeComplementaire.html#TRE-A06-FormatCodeComplementaire-urn.58asip.58ci-sis.58sdm-mr.582017">urn:asip:ci-sis:sdm-mr:2017</a></td><td>Set de Données Minimum - Maladies Rares</td><td/></tr><tr><td><a href="CodeSystem-TRE-A06-FormatCodeComplementaire.html#TRE-A06-FormatCodeComplementaire-urn.58asip.58ci-sis.58sunv.582013">urn:asip:ci-sis:sunv:2013</a></td><td>Fiche de sortie d'unité neuro-vasculaire</td><td/></tr><tr><td><a href="CodeSystem-TRE-A06-FormatCodeComplementaire.html#TRE-A06-FormatCodeComplementaire-urn.58asip.58ci-sis.58tap.582009">urn:asip:ci-sis:tap:2009</a></td><td>Fiche patient à risque en cardiologie - Traitement antiagrégant plaquettaire, stent</td><td/></tr><tr><td><a href="CodeSystem-TRE-A06-FormatCodeComplementaire.html#TRE-A06-FormatCodeComplementaire-urn.58asip.58ci-sis.58vac.582019">urn:asip:ci-sis:vac:2019</a></td><td>Historique des vaccinations</td><td/></tr><tr><td><a href="CodeSystem-TRE-A06-FormatCodeComplementaire.html#TRE-A06-FormatCodeComplementaire-urn.58asip.58ci-sis.58vsm.582012">urn:asip:ci-sis:vsm:2012</a></td><td>Synthèse médicale</td><td/></tr><tr><td><a href="CodeSystem-TRE-A06-FormatCodeComplementaire.html#TRE-A06-FormatCodeComplementaire-urn.58asipSante.58modelesHorsProfils.582011">urn:asipSante:modelesHorsProfils:2011</a></td><td>Document non référencé IHE ou CI-SIS</td><td/></tr><tr><td><a href="CodeSystem-TRE-A06-FormatCodeComplementaire.html#TRE-A06-FormatCodeComplementaire-urn.58asip.58ci-sis.58cr-cpa.582020">urn:asip:ci-sis:cr-cpa:2020</a></td><td>Compte rendu de consultation pré-anesthésique</td><td/></tr><tr><td><a href="CodeSystem-TRE-A06-FormatCodeComplementaire.html#TRE-A06-FormatCodeComplementaire-urn.58asip.58ci-sis.58cr-anest.582020">urn:asip:ci-sis:cr-anest:2020</a></td><td>Compte rendu d'anesthésie</td><td/></tr><tr><td><a href="CodeSystem-TRE-A06-FormatCodeComplementaire.html#TRE-A06-FormatCodeComplementaire-urn.58asip.58ci-sis.58tlm-da.582020">urn:asip:ci-sis:tlm-da:2020</a></td><td>Demande d'acte de télémédecine</td><td/></tr><tr><td><a href="CodeSystem-TRE-A06-FormatCodeComplementaire.html#TRE-A06-FormatCodeComplementaire-urn.58asip.58ci-sis.58vac-note.582021">urn:asip:ci-sis:vac-note:2021</a></td><td>Note de vaccination</td><td/></tr><tr><td><a href="CodeSystem-TRE-A06-FormatCodeComplementaire.html#TRE-A06-FormatCodeComplementaire-urn.58asip.58ci-sis.58obp-sap.582023">urn:asip:ci-sis:obp-sap:2023</a></td><td>Synthèse antepartum</td><td/></tr><tr><td><a href="CodeSystem-TRE-A06-FormatCodeComplementaire.html#TRE-A06-FormatCodeComplementaire-urn.58asip.58ci-sis.58obp-snm.582023">urn:asip:ci-sis:obp-snm:2023</a></td><td>Synthèse Salle de Naissance Mère</td><td/></tr><tr><td><a href="CodeSystem-TRE-A06-FormatCodeComplementaire.html#TRE-A06-FormatCodeComplementaire-urn.58asip.58ci-sis.58obp-sne.582023">urn:asip:ci-sis:obp-sne:2023</a></td><td>Synthèse Salle de Naissance Enfant</td><td/></tr><tr><td><a href="CodeSystem-TRE-A06-FormatCodeComplementaire.html#TRE-A06-FormatCodeComplementaire-urn.58asip.58ci-sis.58obp-scm.582023">urn:asip:ci-sis:obp-scm:2023</a></td><td>Synthèse Suites de Couches Mère</td><td/></tr><tr><td><a href="CodeSystem-TRE-A06-FormatCodeComplementaire.html#TRE-A06-FormatCodeComplementaire-urn.58asip.58ci-sis.58obp-sem.582023">urn:asip:ci-sis:obp-sem:2023</a></td><td>Synthèse Enfant en Maternité</td><td/></tr><tr><td><a href="CodeSystem-TRE-A06-FormatCodeComplementaire.html#TRE-A06-FormatCodeComplementaire-urn.58asip.58ci-sis.58ppp.582023">urn:asip:ci-sis:ppp:2023</a></td><td>Plan personnalisé de prévention</td><td/></tr><tr><td><a href="CodeSystem-TRE-A06-FormatCodeComplementaire.html#TRE-A06-FormatCodeComplementaire-urn.58asip.58ci-sis.58dlu.582024">urn:asip:ci-sis:dlu:2024</a></td><td>Document de liaison d'urgence</td><td/></tr><tr><td><a href="CodeSystem-TRE-A06-FormatCodeComplementaire.html#TRE-A06-FormatCodeComplementaire-urn.58asip.58ci-sis.58ft-su.582024">urn:asip:ci-sis:ft-su:2024</a></td><td>Fiche de transfert vers le service des urgences</td><td/></tr><tr><td><a href="CodeSystem-TRE-A06-FormatCodeComplementaire.html#TRE-A06-FormatCodeComplementaire-urn.58asip.58ci-sis.58fr-su.582024">urn:asip:ci-sis:fr-su:2024</a></td><td>Fiche de retour du service des urgences</td><td/></tr><tr><td><a href="CodeSystem-TRE-A06-FormatCodeComplementaire.html#TRE-A06-FormatCodeComplementaire-urn.58ans.58ci-sis.58trod.582024">urn:ans:ci-sis:trod:2024</a></td><td>Test rapide d'orientation diagnostique</td><td/></tr></table></li><li>Include these codes as defined in <a href="CodeSystem-TRE-A11-IheFormatCode.html"><code>https://mos.esante.gouv.fr/NOS/TRE_A11-IheFormatCode/FHIR/TRE-A11-IheFormatCode</code></a><table class="none"><tr><td style="white-space:nowrap"><b>Code</b></td><td><b>Display</b></td><td><b>Definition</b></td></tr><tr><td><a href="CodeSystem-TRE-A11-IheFormatCode.html#TRE-A11-IheFormatCode-urn.58ihe.58iti.58dsg.58detached.582014">urn:ihe:iti:dsg:detached:2014</a></td><td>Signature détachée</td><td/></tr><tr><td><a href="CodeSystem-TRE-A11-IheFormatCode.html#TRE-A11-IheFormatCode-urn.58ihe.58iti.58xds-sd.58pdf.582008">urn:ihe:iti:xds-sd:pdf:2008</a></td><td>Document à corps non structuré en Pdf/A-1</td><td/></tr><tr><td><a href="CodeSystem-TRE-A11-IheFormatCode.html#TRE-A11-IheFormatCode-urn.58ihe.58iti.58xds-sd.58text.582008">urn:ihe:iti:xds-sd:text:2008</a></td><td>Document à corps non structuré en texte brut</td><td/></tr><tr><td><a href="CodeSystem-TRE-A11-IheFormatCode.html#TRE-A11-IheFormatCode-urn.58ihe.58pharm.58dis.582010">urn:ihe:pharm:dis:2010</a></td><td>Dispensation médicamenteuse</td><td/></tr><tr><td><a href="CodeSystem-TRE-A11-IheFormatCode.html#TRE-A11-IheFormatCode-urn.58ihe.58iti-fr.58xds-sd.58jpeg.582010">urn:ihe:iti-fr:xds-sd:jpeg:2010</a></td><td>Document à corps non structuré en format jpeg</td><td/></tr><tr><td><a href="CodeSystem-TRE-A11-IheFormatCode.html#TRE-A11-IheFormatCode-urn.58ihe.58iti-fr.58xds-sd.58rtf.582010">urn:ihe:iti-fr:xds-sd:rtf:2010</a></td><td>Document à corps non structuré en format rtf</td><td/></tr><tr><td><a href="CodeSystem-TRE-A11-IheFormatCode.html#TRE-A11-IheFormatCode-urn.58ihe.58iti-fr.58xds-sd.58tiff.582010">urn:ihe:iti-fr:xds-sd:tiff:2010</a></td><td>Document à corps non structuré en format tiff</td><td/></tr><tr><td><a href="CodeSystem-TRE-A11-IheFormatCode.html#TRE-A11-IheFormatCode-urn.58ihe.58lab.58xd-lab.582008">urn:ihe:lab:xd-lab:2008</a></td><td>Compte rendu structuré d'examens de biologie médicale</td><td/></tr><tr><td><a href="CodeSystem-TRE-A11-IheFormatCode.html#TRE-A11-IheFormatCode-urn.58ihe.58palm.58apsr.582016">urn:ihe:palm:apsr:2016</a></td><td>CR d'anatomie et de cytologie pathologiques</td><td/></tr><tr><td><a href="CodeSystem-TRE-A11-IheFormatCode.html#TRE-A11-IheFormatCode-urn.58ihe.58pcc.58ips.582020">urn:ihe:pcc:ips:2020</a></td><td>Synthèse médicale</td><td>Synthèse médicale</td></tr><tr><td><a href="CodeSystem-TRE-A11-IheFormatCode.html#TRE-A11-IheFormatCode-urn.58ihe.58pharm.58pre.582010">urn:ihe:pharm:pre:2010</a></td><td>Prescription de médicaments</td><td/></tr><tr><td><a href="CodeSystem-TRE-A11-IheFormatCode.html#TRE-A11-IheFormatCode-urn.58ihe.58eyecare.58geneyeevalcn.582014">urn:ihe:eyecare:geneyeevalcn:2014</a></td><td>CR de consultation en ophtalmologie</td><td/></tr><tr><td><a href="CodeSystem-TRE-A11-IheFormatCode.html#TRE-A11-IheFormatCode-urn.58ihe.58rad.58CDA.58ImagingReportStructuredHeadings.582013">urn:ihe:rad:CDA:ImagingReportStructuredHeadings:2013</a></td><td>Compte-rendu d'imagerie médicale</td><td/></tr></table></li><li>Include these codes as defined in <a href="CodeSystem-TRE-A09-DICOMuidRegistry.html"><code>https://mos.esante.gouv.fr/NOS/TRE_A09-DICOMuidRegistry/FHIR/TRE-A09-DICOMuidRegistry</code></a><table class="none"><tr><td style="white-space:nowrap"><b>Code</b></td><td><b>Display</b></td></tr><tr><td><a href="CodeSystem-TRE-A09-DICOMuidRegistry.html#TRE-A09-DICOMuidRegistry-1.462.46840.4610008.465.461.464.461.461.4688.4659">1.2.840.10008.5.1.4.1.1.88.59</a></td><td>Document Références d'objets d'un examen d'imagerie selon profil IHE RAD XDS-I</td></tr></table></li><li>Include these codes as defined in <a href="CodeSystem-TRE-A10-NomenclatureURN.html"><code>https://mos.esante.gouv.fr/NOS/TRE_A10-NomenclatureURN/FHIR/TRE-A10-NomenclatureURN</code></a><table class="none"><tr><td style="white-space:nowrap"><b>Code</b></td><td><b>Display</b></td></tr><tr><td><a href="CodeSystem-TRE-A10-NomenclatureURN.html#TRE-A10-NomenclatureURN-http.58.47.47www.46w3.46org.472000.4709.47xmldsig.35">http://www.w3.org/2000/09/xmldsig#</a></td><td>Default signature style</td></tr></table></li></ul></div></text><extension url="http://hl7.org/fhir/StructureDefinition/resource-effectivePeriod"><valuePeriod><start value="2019-01-18T12:00:00+01:00"/></valuePeriod></extension><url value="https://mos.esante.gouv.fr/NOS/JDV_J60-FormatCode-DMP/FHIR/JDV-J60-FormatCode-DMP"/><identifier><value value="urn:oid:1.2.250.1.213.1.1.5.8"/></identifier><version value="1.4.0"/><name value="JDV_J60-FormatCode-DMP"/><status value="active"/><date value="2024-09-27T12:00:00+01:00"/><publisher value="ANS"/><contact><name value="ANS"/><telecom><system value="url"/><value value="https://esante.gouv.fr"/></telecom></contact><description value="Jeu de valeurs pour métadonnée formatCode"/><compose><include><system value="https://mos.esante.gouv.fr/NOS/TRE_A06-FormatCodeComplementaire/FHIR/TRE-A06-FormatCodeComplementaire"/><concept><code value="urn:ans:ci-sis:bio-ep-bio:2022"/><display value="Prescription d'actes de biologie médicale"/><designation><use><code value="OID"/></use><value value="urn:oid:1.2.250.1.213.1.1.4.2.282"/></designation></concept><concept><code value="urn:ans:ci-sis:img-da:2022"/><display value="Demande d'actes d'imagerie"/><designation><use><code value="OID"/></use><value value="urn:oid:1.2.250.1.213.1.1.4.2.282"/></designation></concept><concept><code value="urn:asip:ci-sis:aunv:2013"/><display value="Fiche d'admission en unité neuro-vasculaire"/><designation><use><code value="OID"/></use><value value="urn:oid:1.2.250.1.213.1.1.4.2.282"/></designation></concept><concept><code value="urn:asip:ci-sis:avk:2009"/><display value="Fiche patient à risque en cardiologie - Traitement AVK"/><designation><use><code value="OID"/></use><value value="urn:oid:1.2.250.1.213.1.1.4.2.282"/></designation></concept><concept><code value="urn:asip:ci-sis:crgm:2018"/><display value="Compte rendu de génétique moléculaire"/><designation><use><code value="OID"/></use><value value="urn:oid:1.2.250.1.213.1.1.4.2.282"/></designation></concept><concept><code value="urn:asip:ci-sis:crrtn:2013"/><display value="Compte-rendu de rétinographie"/><designation><use><code value="OID"/></use><value value="urn:oid:1.2.250.1.213.1.1.4.2.282"/></designation></concept><concept><code value="urn:asip:ci-sis:cse-cs24:2017"/><display value="Certificat de santé du 24ème mois de l'enfant"/><designation><use><code value="OID"/></use><value value="urn:oid:1.2.250.1.213.1.1.4.2.282"/></designation></concept><concept><code value="urn:asip:ci-sis:cse-cs8:2017"/><display value="Certificat de santé du 8ème jour de l'enfant"/><designation><use><code value="OID"/></use><value value="urn:oid:1.2.250.1.213.1.1.4.2.282"/></designation></concept><concept><code value="urn:asip:ci-sis:cse-cs9:2017"/><display value="Certificat de santé du 9ème mois de l'enfant"/><designation><use><code value="OID"/></use><value value="urn:oid:1.2.250.1.213.1.1.4.2.282"/></designation></concept><concept><code value="urn:asip:ci-sis:d2lm-fidd:2017"/><display value="Seconde lecture de mammographie - Fiche d'interprétation du bilan de diagnostic différé"/><designation><use><code value="OID"/></use><value value="urn:oid:1.2.250.1.213.1.1.4.2.282"/></designation></concept><concept><code value="urn:asip:ci-sis:d2lm-fin:2017"/><display value="Seconde lecture de mammographie - Fiche d'interprétation nationale"/><designation><use><code value="OID"/></use><value value="urn:oid:1.2.250.1.213.1.1.4.2.282"/></designation></concept><concept><code value="urn:asip:ci-sis:dci:2009"/><display value="Fiche patient à risque en cardiologie - Défibrillateur cardiaque interne"/><designation><use><code value="OID"/></use><value value="urn:oid:1.2.250.1.213.1.1.4.2.282"/></designation></concept><concept><code value="urn:asip:ci-sis:dlu:2015"/><display value="Document de liaison d'urgence"/><designation><use><code value="OID"/></use><value value="urn:oid:1.2.250.1.213.1.1.4.2.282"/></designation></concept><concept><code value="urn:ans:ci-sis:cse-mde:2023"/><display value="Mesures de signes vitaux"/><designation><use><code value="OID"/></use><value value="urn:oid:1.2.250.1.213.1.1.4.2.282"/></designation></concept><concept><code value="urn:asip:ci-sis:eunv:2013"/><display value="Fiche d'épisode de soin en unité neuro-vasculaire"/><designation><use><code value="OID"/></use><value value="urn:oid:1.2.250.1.213.1.1.4.2.282"/></designation></concept><concept><code value="urn:asip:ci-sis:fludr:2017"/><display value="Fiche de liaison d'urgence - Retour des urgences vers l'EHPAD"/><designation><use><code value="OID"/></use><value value="urn:oid:1.2.250.1.213.1.1.4.2.282"/></designation></concept><concept><code value="urn:asip:ci-sis:fludt:2017"/><display value="Fiche de liaison d'urgence - Transfert de l'EHPAD vers les urgences"/><designation><use><code value="OID"/></use><value value="urn:oid:1.2.250.1.213.1.1.4.2.282"/></designation></concept><concept><code value="urn:asip:ci-sis:frcp:2011"/><display value="Fiche de réunion de concertation pluridisciplinaire"/><designation><use><code value="OID"/></use><value value="urn:oid:1.2.250.1.213.1.1.4.2.282"/></designation></concept><concept><code value="urn:asip:ci-sis:hr:2019"/><display value="Données de remboursement"/><designation><use><code value="OID"/></use><value value="urn:oid:1.2.250.1.213.1.1.4.2.282"/></designation></concept><concept><code value="urn:asip:ci-sis:idap:2011"/><display value="Information et directives anticipées du patient"/><designation><use><code value="OID"/></use><value value="urn:oid:1.2.250.1.213.1.1.4.2.282"/></designation></concept><concept><code value="urn:asip:ci-sis:ldl-ees:2017"/><display value="Lettre de Liaison à l'entrée d'un établissement de santé"/><designation><use><code value="OID"/></use><value value="urn:oid:1.2.250.1.213.1.1.4.2.282"/></designation></concept><concept><code value="urn:asip:ci-sis:ldl-ses:2017"/><display value="Lettre de Liaison à la sortie de l'établissement de santé"/><designation><use><code value="OID"/></use><value value="urn:oid:1.2.250.1.213.1.1.4.2.282"/></designation></concept><concept><code value="urn:asip:ci-sis:pavc:2016"/><display value="Compte-rendu de consultation d'évaluation pluri-professionnelle post AVC"/><designation><use><code value="OID"/></use><value value="urn:oid:1.2.250.1.213.1.1.4.2.282"/></designation></concept><concept><code value="urn:asip:ci-sis:pps-cancer:2017"/><display value="Programme Personnalisé de Soins - Cancer"/><designation><use><code value="OID"/></use><value value="urn:oid:1.2.250.1.213.1.1.4.2.282"/></designation></concept><concept><code value="urn:asip:ci-sis:pps-paerpa:2017"/><display value="Plan Personnalisé de Santé - PAERPA"/><designation><use><code value="OID"/></use><value value="urn:oid:1.2.250.1.213.1.1.4.2.282"/></designation></concept><concept><code value="urn:asip:ci-sis:ppv:2009"/><display value="Fiche patient à risque en cardiologie - Porteur d'une prothèse valvulaire"/><designation><use><code value="OID"/></use><value value="urn:oid:1.2.250.1.213.1.1.4.2.282"/></designation></concept><concept><code value="urn:asip:ci-sis:psc:2009"/><display value="Fiche patient à risque en cardiologie - Porteur d'un stimulateur cardiaque"/><designation><use><code value="OID"/></use><value value="urn:oid:1.2.250.1.213.1.1.4.2.282"/></designation></concept><concept><code value="urn:asip:ci-sis:sdm-mr:2017"/><display value="Set de Données Minimum - Maladies Rares"/><designation><use><code value="OID"/></use><value value="urn:oid:1.2.250.1.213.1.1.4.2.282"/></designation></concept><concept><code value="urn:asip:ci-sis:sunv:2013"/><display value="Fiche de sortie d'unité neuro-vasculaire"/><designation><use><code value="OID"/></use><value value="urn:oid:1.2.250.1.213.1.1.4.2.282"/></designation></concept><concept><code value="urn:asip:ci-sis:tap:2009"/><display value="Fiche patient à risque en cardiologie - Traitement antiagrégant plaquettaire, stent"/><designation><use><code value="OID"/></use><value value="urn:oid:1.2.250.1.213.1.1.4.2.282"/></designation></concept><concept><code value="urn:asip:ci-sis:vac:2019"/><display value="Historique des vaccinations"/><designation><use><code value="OID"/></use><value value="urn:oid:1.2.250.1.213.1.1.4.2.282"/></designation></concept><concept><code value="urn:asip:ci-sis:vsm:2012"/><display value="Synthèse médicale"/><designation><use><code value="OID"/></use><value value="urn:oid:1.2.250.1.213.1.1.4.2.282"/></designation></concept><concept><code value="urn:asipSante:modelesHorsProfils:2011"/><display value="Document non référencé IHE ou CI-SIS"/><designation><use><code value="OID"/></use><value value="urn:oid:1.2.250.1.213.1.1.4.2.282"/></designation></concept><concept><code value="urn:asip:ci-sis:cr-cpa:2020"/><display value="Compte rendu de consultation pré-anesthésique"/><designation><use><code value="OID"/></use><value value="urn:oid:1.2.250.1.213.1.1.4.2.282"/></designation></concept><concept><code value="urn:asip:ci-sis:cr-anest:2020"/><display value="Compte rendu d'anesthésie"/><designation><use><code value="OID"/></use><value value="urn:oid:1.2.250.1.213.1.1.4.2.282"/></designation></concept><concept><code value="urn:asip:ci-sis:tlm-da:2020"/><display value="Demande d'acte de télémédecine"/><designation><use><code value="OID"/></use><value value="urn:oid:1.2.250.1.213.1.1.4.2.282"/></designation></concept><concept><code value="urn:asip:ci-sis:vac-note:2021"/><display value="Note de vaccination"/><designation><use><code value="OID"/></use><value value="urn:oid:1.2.250.1.213.1.1.4.2.282"/></designation></concept><concept><code value="urn:asip:ci-sis:obp-sap:2023"/><display value="Synthèse antepartum"/><designation><use><code value="OID"/></use><value value="urn:oid:1.2.250.1.213.1.1.4.2.282"/></designation></concept><concept><code value="urn:asip:ci-sis:obp-snm:2023"/><display value="Synthèse Salle de Naissance Mère"/><designation><use><code value="OID"/></use><value value="urn:oid:1.2.250.1.213.1.1.4.2.282"/></designation></concept><concept><code value="urn:asip:ci-sis:obp-sne:2023"/><display value="Synthèse Salle de Naissance Enfant"/><designation><use><code value="OID"/></use><value value="urn:oid:1.2.250.1.213.1.1.4.2.282"/></designation></concept><concept><code value="urn:asip:ci-sis:obp-scm:2023"/><display value="Synthèse Suites de Couches Mère"/><designation><use><code value="OID"/></use><value value="urn:oid:1.2.250.1.213.1.1.4.2.282"/></designation></concept><concept><code value="urn:asip:ci-sis:obp-sem:2023"/><display value="Synthèse Enfant en Maternité"/><designation><use><code value="OID"/></use><value value="urn:oid:1.2.250.1.213.1.1.4.2.282"/></designation></concept><concept><code value="urn:asip:ci-sis:ppp:2023"/><display value="Plan personnalisé de prévention"/><designation><use><code value="OID"/></use><value value="urn:oid:1.2.250.1.213.1.1.4.2.282"/></designation></concept><concept><code value="urn:asip:ci-sis:dlu:2024"/><display value="Document de liaison d'urgence"/><designation><use><code value="OID"/></use><value value="urn:oid:1.2.250.1.213.1.1.4.2.282"/></designation></concept><concept><code value="urn:asip:ci-sis:ft-su:2024"/><display value="Fiche de transfert vers le service des urgences"/><designation><use><code value="OID"/></use><value value="urn:oid:1.2.250.1.213.1.1.4.2.282"/></designation></concept><concept><code value="urn:asip:ci-sis:fr-su:2024"/><display value="Fiche de retour du service des urgences"/><designation><use><code value="OID"/></use><value value="urn:oid:1.2.250.1.213.1.1.4.2.282"/></designation></concept><concept><code value="urn:ans:ci-sis:trod:2024"/><display value="Test rapide d'orientation diagnostique"/><designation><use><code value="OID"/></use><value value="urn:oid:1.2.250.1.213.1.1.4.2.282"/></designation></concept></include><include><system value="https://mos.esante.gouv.fr/NOS/TRE_A11-IheFormatCode/FHIR/TRE-A11-IheFormatCode"/><concept><code value="urn:ihe:iti:dsg:detached:2014"/><display value="Signature détachée"/><designation><use><code value="OID"/></use><value value="urn:oid:1.3.6.1.4.1.19376.1.2.3"/></designation></concept><concept><code value="urn:ihe:iti:xds-sd:pdf:2008"/><display value="Document à corps non structuré en Pdf/A-1"/><designation><use><code value="OID"/></use><value value="urn:oid:1.3.6.1.4.1.19376.1.2.3"/></designation></concept><concept><code value="urn:ihe:iti:xds-sd:text:2008"/><display value="Document à corps non structuré en texte brut"/><designation><use><code value="OID"/></use><value value="urn:oid:1.3.6.1.4.1.19376.1.2.3"/></designation></concept><concept><code value="urn:ihe:pharm:dis:2010"/><display value="Dispensation médicamenteuse"/><designation><use><code value="OID"/></use><value value="urn:oid:1.3.6.1.4.1.19376.1.2.3"/></designation></concept><concept><code value="urn:ihe:iti-fr:xds-sd:jpeg:2010"/><display value="Document à corps non structuré en format jpeg"/><designation><use><code value="OID"/></use><value value="urn:oid:1.3.6.1.4.1.19376.1.2.3"/></designation></concept><concept><code value="urn:ihe:iti-fr:xds-sd:rtf:2010"/><display value="Document à corps non structuré en format rtf"/><designation><use><code value="OID"/></use><value value="urn:oid:1.3.6.1.4.1.19376.1.2.3"/></designation></concept><concept><code value="urn:ihe:iti-fr:xds-sd:tiff:2010"/><display value="Document à corps non structuré en format tiff"/><designation><use><code value="OID"/></use><value value="urn:oid:1.3.6.1.4.1.19376.1.2.3"/></designation></concept><concept><code value="urn:ihe:lab:xd-lab:2008"/><display value="Compte rendu structuré d'examens de biologie médicale"/><designation><use><code value="OID"/></use><value value="urn:oid:1.3.6.1.4.1.19376.1.2.3"/></designation></concept><concept><code value="urn:ihe:palm:apsr:2016"/><display value="CR d'anatomie et de cytologie pathologiques"/><designation><use><code value="OID"/></use><value value="urn:oid:1.3.6.1.4.1.19376.1.2.3"/></designation></concept><concept><code value="urn:ihe:pcc:ips:2020"/><display value="Synthèse médicale"/><designation><use><code value="OID"/></use><value value="urn:oid:1.3.6.1.4.1.19376.1.2.3"/></designation></concept><concept><code value="urn:ihe:pharm:pre:2010"/><display value="Prescription de médicaments"/><designation><use><code value="OID"/></use><value value="urn:oid:1.3.6.1.4.1.19376.1.2.3"/></designation></concept><concept><code value="urn:ihe:eyecare:geneyeevalcn:2014"/><display value="CR de consultation en ophtalmologie"/><designation><use><code value="OID"/></use><value value="urn:oid:1.3.6.1.4.1.19376.1.2.3"/></designation></concept><concept><code value="urn:ihe:rad:CDA:ImagingReportStructuredHeadings:2013"/><display value="Compte-rendu d'imagerie médicale"/><designation><use><code value="OID"/></use><value value="urn:oid:1.3.6.1.4.1.19376.1.2.3"/></designation></concept></include><include><system value="https://mos.esante.gouv.fr/NOS/TRE_A09-DICOMuidRegistry/FHIR/TRE-A09-DICOMuidRegistry"/><concept><code value="1.2.840.10008.5.1.4.1.1.88.59"/><display value="Document Références d'objets d'un examen d'imagerie selon profil IHE RAD XDS-I"/><designation><use><code value="OID"/></use><value value="urn:oid:1.2.840.10008.2.6.1"/></designation></concept></include><include><system value="https://mos.esante.gouv.fr/NOS/TRE_A10-NomenclatureURN/FHIR/TRE-A10-NomenclatureURN"/><concept><code value="http://www.w3.org/2000/09/xmldsig#"/><display value="Default signature style"/><designation><use><code value="OID"/></use><value value="urn:oid:URN"/></designation></concept></include></compose></ValueSet>