<?xml version="1.0" encoding="UTF-8"?><ValueSet xmlns="http://hl7.org/fhir"><id value="JDV-J150-MethodBP-ENS"/><text><status value="generated"/><div xmlns="http://www.w3.org/1999/xhtml"><p class="res-header-id"><b>Generated Narrative: ValueSet JDV-J150-MethodBP-ENS</b></p><a name="JDV-J150-MethodBP-ENS"> </a><a name="hcJDV-J150-MethodBP-ENS"> </a><a name="JDV-J150-MethodBP-ENS-en-US"> </a><ul><li>Include these codes as defined in <code>https://smt.esante.gouv.fr/terminologie-emdn</code><table class="none"><tr><td style="white-space:nowrap"><b>Code</b></td><td><b>Display</b></td></tr><tr><td>Y210905</td><td>INTERFACES DE CAPTEURS EXTERNES</td></tr><tr><td>Z12050404</td><td>ENREGISTREURS HOLTER DE LA PRESSION ARTÉRIELLE</td></tr><tr><td>Z1203020501</td><td>TENSIOMÈTRES OSCILLOMÉTRIQUES NON INVASIFS</td></tr><tr><td>Z1203020599</td><td>TENSIOMÈTRES NON INVASIFS - AUTRES</td></tr></table></li></ul></div></text><extension url="http://hl7.org/fhir/StructureDefinition/resource-effectivePeriod"><valuePeriod><start value="2021-04-30T12:00:00+01:00"/></valuePeriod></extension><url value="https://mos.esante.gouv.fr/NOS/JDV_J150-MethodBP-ENS/FHIR/JDV-J150-MethodBP-ENS"/><identifier><value value="urn:oid:1.2.250.1.213.1.1.5.605"/></identifier><version value="1.2.0"/><name value="JDV_J150-MethodBP-ENS"/><status value="active"/><date value="2024-07-26T12:00:00+01:00"/><publisher value="ANS"/><contact><name value="ANS"/><telecom><system value="url"/><value value="https://esante.gouv.fr"/></telecom></contact><description value="JDV pour la méthode de mesure de la pression artérielle"/><compose><include><system value="https://smt.esante.gouv.fr/terminologie-emdn"/><concept><code value="Y210905"/><display value="INTERFACES DE CAPTEURS EXTERNES"/><designation><use><code value="OID"/></use><value value="urn:oid:1.2.250.1.213.2.68"/></designation></concept><concept><code value="Z12050404"/><display value="ENREGISTREURS HOLTER DE LA PRESSION ARTÉRIELLE"/><designation><use><code value="OID"/></use><value value="urn:oid:1.2.250.1.213.2.68"/></designation></concept><concept><code value="Z1203020501"/><display value="TENSIOMÈTRES OSCILLOMÉTRIQUES NON INVASIFS"/><designation><use><code value="OID"/></use><value value="urn:oid:1.2.250.1.213.2.68"/></designation></concept><concept><code value="Z1203020599"/><display value="TENSIOMÈTRES NON INVASIFS - AUTRES"/><designation><use><code value="OID"/></use><value value="urn:oid:1.2.250.1.213.2.68"/></designation></concept></include></compose></ValueSet>