<?xml version="1.0" encoding="UTF-8" standalone="no"?>
<CodeSystem xmlns="http://hl7.org/fhir">
  <id value="TRE-R86-ProfilVIHF"/>
  <extension url="http://hl7.org/fhir/StructureDefinition/resource-effectivePeriod">
    <valuePeriod>
      <start value="2016-04-14T00:00:00+01:00"/>
    </valuePeriod>
  </extension>
  <url value="https://mos.esante.gouv.fr/NOS/TRE_R86-ProfilVIHF/FHIR/TRE-R86-ProfilVIHF"/>
  <identifier>
    <value value="urn:oid:1.2.250.1.213.1.1.4.312"/>
  </identifier>
  <version value="20211217120000"/>
  <name value="TRE_R86-ProfilVIHF"/>
  <status value="active"/>
  <date value="2021-12-17T12:00:00+01:00"/>
  <description value="Profil VIHF d'accès"/>
  <content value="complete"/>
  <property>
    <code value="dateValid"/>
    <description value="Date de validité d'un code concept"/>
    <type value="dateTime"/>
  </property>
  <property>
    <code value="dateMaj"/>
    <description value="Date de mise à jour d'un code concept"/>
    <type value="dateTime"/>
  </property>
  <property>
    <code value="dateFin"/>
    <description value="Date de fin d'exploitation d'un code concept"/>
    <type value="dateTime"/>
  </property>
  <concept>
    <code value="profil_generique"/>
    <display value="Contexte non spécifié"/>
    <designation>
      <use>
        <code value="LibelleCourt"/>
      </use>
      <value value="Contexte non spécifié"/>
    </designation>
    <designation>
      <use>
          <code value="LibelleAdapte"/>
      </use>
      <value value="Contexte non spécifié"/>
    </designation>
    <property>
      <code value="dateValid"/>
      <valueDateTime value="2016-04-14T00:00:00+01:00"/>
    </property>
    <property>
      <code value="dateMaj"/>
      <valueDateTime value="2016-09-01T00:00:00+01:00"/>
    </property>
  </concept>
  <concept>
    <code value="profil_dossier_medical"/>
    <display value="Accès à un dossier médical"/>
    <designation>
      <use>
        <code value="LibelleCourt"/>
      </use>
      <value value="Accès à un dossier médical"/>
    </designation>
    <designation>
      <use>
          <code value="LibelleAdapte"/>
      </use>
      <value value="Accès à un dossier médical"/>
    </designation>
    <property>
      <code value="dateValid"/>
      <valueDateTime value="2016-04-14T00:00:00+01:00"/>
    </property>
    <property>
      <code value="dateMaj"/>
      <valueDateTime value="2016-09-01T00:00:00+01:00"/>
    </property>
  </concept>
  <concept>
    <code value="profil_annuaire_PS"/>
    <display value="Accès à un annuaire"/>
    <designation>
      <use>
        <code value="LibelleCourt"/>
      </use>
      <value value="Accès à un annuaire"/>
    </designation>
    <designation>
      <use>
          <code value="LibelleAdapte"/>
      </use>
      <value value="Accès à un annuaire"/>
    </designation>
    <property>
      <code value="dateValid"/>
      <valueDateTime value="2016-04-14T00:00:00+01:00"/>
    </property>
    <property>
      <code value="dateMaj"/>
      <valueDateTime value="2016-04-14T00:00:00+01:00"/>
    </property>
  </concept>
  <concept>
    <code value="profil_referentiel"/>
    <display value="Accès à un référentiel"/>
    <designation>
      <use>
        <code value="LibelleCourt"/>
      </use>
      <value value="Accès à un référentiel"/>
    </designation>
    <designation>
      <use>
          <code value="LibelleAdapte"/>
      </use>
      <value value="Accès à un référentiel"/>
    </designation>
    <property>
      <code value="dateValid"/>
      <valueDateTime value="2021-12-17T12:00:00+01:00"/>
    </property>
    <property>
      <code value="dateMaj"/>
      <valueDateTime value="2021-12-17T12:00:00+01:00"/>
    </property>
  </concept>
</CodeSystem>
