{
  "resourceType" : "CodeSystem",
  "id" : "TRE-R328-TypeScolarisation",
  "text" : {
    "status" : "generated",
    "div" : "<div xmlns=\"http://www.w3.org/1999/xhtml\"><p class=\"res-header-id\"><b>Generated Narrative: CodeSystem TRE-R328-TypeScolarisation</b></p><a name=\"TRE-R328-TypeScolarisation\"> </a><a name=\"hcTRE-R328-TypeScolarisation\"> </a><a name=\"TRE-R328-TypeScolarisation-en-US\"> </a><p><b>Properties</b></p><p><b>This code system defines the following properties for its concepts</b></p><table class=\"grid\"><tr><td><b>Name</b></td><td><b>Code</b></td><td><b>Type</b></td><td><b>Description</b></td></tr><tr><td>dateValid</td><td>dateValid</td><td>dateTime</td><td>date de validité d'un code concept</td></tr><tr><td>dateMaj</td><td>dateMaj</td><td>dateTime</td><td>Date de mise à jour d'un code concept</td></tr><tr><td>dateFin</td><td>dateFin</td><td>dateTime</td><td>Date de fin d'exploitation d'un code concept</td></tr></table><p><b>Concepts</b></p><p>This  code system <code>https://mos.esante.gouv.fr/NOS/TRE_R328-TypeScolarisation/FHIR/TRE-R328-TypeScolarisation</code> defines the following codes:</p><table class=\"codes\"><tr><td style=\"white-space:nowrap\"><b>Code</b></td><td><b>Display</b></td><td><b>Definition</b></td><td><b>dateValid</b></td><td><b>dateMaj</b></td></tr><tr><td style=\"white-space:nowrap\">01<a name=\"TRE-R328-TypeScolarisation-01\"> </a></td><td>Etudiant/Apprenti</td><td>La personne est étudiant(e) ou apprenti(e)</td><td>2021-09-24T12:00:00+01:00</td><td>2021-09-24T12:00:00+01:00</td></tr><tr><td style=\"white-space:nowrap\">02<a name=\"TRE-R328-TypeScolarisation-02\"> </a></td><td>Enfant scolarisé</td><td>La personne est un enfant scolarisé</td><td>2021-09-24T12:00:00+01:00</td><td>2021-09-24T12:00:00+01:00</td></tr><tr><td style=\"white-space:nowrap\">03<a name=\"TRE-R328-TypeScolarisation-03\"> </a></td><td>Enfant non scolarisé</td><td>La personne est un enfant non scolarisé</td><td>2021-09-24T12:00:00+01:00</td><td>2021-09-24T12:00:00+01:00</td></tr></table></div>"
  },
  "extension" : [{
    "url" : "http://hl7.org/fhir/StructureDefinition/resource-effectivePeriod",
    "valuePeriod" : {
      "start" : "2021-09-24T12:00:00+01:00"
    }
  }],
  "url" : "https://mos.esante.gouv.fr/NOS/TRE_R328-TypeScolarisation/FHIR/TRE-R328-TypeScolarisation",
  "identifier" : [{
    "value" : "urn:oid:1.2.250.1.213.3.3.83"
  }],
  "version" : "1.5.0",
  "name" : "TRE_R328-TypeScolarisation",
  "status" : "active",
  "date" : "2024-03-29T12:00:00+01:00",
  "publisher" : "ANS",
  "contact" : [{
    "name" : "ANS",
    "telecom" : [{
      "system" : "url",
      "value" : "https://esante.gouv.fr"
    }]
  }],
  "description" : "Caractérise la situation scolaire de la personne",
  "content" : "complete",
  "property" : [{
    "code" : "dateValid",
    "description" : "date de validité d'un code concept",
    "type" : "dateTime"
  },
  {
    "code" : "dateMaj",
    "description" : "Date de mise à jour d'un code concept",
    "type" : "dateTime"
  },
  {
    "code" : "dateFin",
    "description" : "Date de fin d'exploitation d'un code concept",
    "type" : "dateTime"
  }],
  "concept" : [{
    "code" : "01",
    "display" : "Etudiant/Apprenti",
    "definition" : "La personne est étudiant(e) ou apprenti(e)",
    "designation" : [{
      "use" : {
        "code" : "LibelleCourt"
      },
      "value" : "Etudiant/Apprenti"
    },
    {
      "use" : {
        "code" : "LibelleAdapte"
      },
      "value" : "Etudiant/Apprenti"
    }],
    "property" : [{
      "code" : "dateValid",
      "valueDateTime" : "2021-09-24T12:00:00+01:00"
    },
    {
      "code" : "dateMaj",
      "valueDateTime" : "2021-09-24T12:00:00+01:00"
    }]
  },
  {
    "code" : "02",
    "display" : "Enfant scolarisé",
    "definition" : "La personne est un enfant scolarisé",
    "designation" : [{
      "use" : {
        "code" : "LibelleCourt"
      },
      "value" : "Enfant scolarisé"
    },
    {
      "use" : {
        "code" : "LibelleAdapte"
      },
      "value" : "Enfant scolarisé"
    }],
    "property" : [{
      "code" : "dateValid",
      "valueDateTime" : "2021-09-24T12:00:00+01:00"
    },
    {
      "code" : "dateMaj",
      "valueDateTime" : "2021-09-24T12:00:00+01:00"
    }]
  },
  {
    "code" : "03",
    "display" : "Enfant non scolarisé",
    "definition" : "La personne est un enfant non scolarisé",
    "designation" : [{
      "use" : {
        "code" : "LibelleCourt"
      },
      "value" : "Enfant non scolarisé"
    },
    {
      "use" : {
        "code" : "LibelleAdapte"
      },
      "value" : "Enfant non scolarisé"
    }],
    "property" : [{
      "code" : "dateValid",
      "valueDateTime" : "2021-09-24T12:00:00+01:00"
    },
    {
      "code" : "dateMaj",
      "valueDateTime" : "2021-09-24T12:00:00+01:00"
    }]
  }]
}