<?xml version="1.0" encoding="UTF-8"?>

<CodeSystem xmlns="http://hl7.org/fhir">
  <id value="TRE-R202-AccessibiliteLieu"/>
  <text>
    <status value="generated"/><div xmlns="http://www.w3.org/1999/xhtml"><p class="res-header-id"><b>Generated Narrative: CodeSystem TRE-R202-AccessibiliteLieu</b></p><a name="TRE-R202-AccessibiliteLieu"> </a><a name="hcTRE-R202-AccessibiliteLieu"> </a><a name="TRE-R202-AccessibiliteLieu-en-US"> </a><p><b>Properties</b></p><p><b>This code system defines the following properties for its concepts</b></p><table class="grid"><tr><td><b>Name</b></td><td><b>Code</b></td><td><b>Type</b></td><td><b>Description</b></td></tr><tr><td>dateValid</td><td>dateValid</td><td>dateTime</td><td>date de validité d'un code concept</td></tr><tr><td>dateMaj</td><td>dateMaj</td><td>dateTime</td><td>Date de mise à jour d'un code concept</td></tr><tr><td>dateFin</td><td>dateFin</td><td>dateTime</td><td>Date de fin d'exploitation d'un code concept</td></tr></table><p><b>Concepts</b></p><p>This  code system <code>https://mos.esante.gouv.fr/NOS/TRE_R202-AccessibiliteLieu/FHIR/TRE-R202-AccessibiliteLieu</code> defines the following codes:</p><table class="codes"><tr><td style="white-space:nowrap"><b>Code</b></td><td><b>Display</b></td><td><b>dateValid</b></td><td><b>dateMaj</b></td></tr><tr><td style="white-space:nowrap">1<a name="TRE-R202-AccessibiliteLieu-1"> </a></td><td>Accessible</td><td>2015-03-25T00:00:00+01:00</td><td>2015-03-25T00:00:00+01:00</td></tr><tr><td style="white-space:nowrap">2<a name="TRE-R202-AccessibiliteLieu-2"> </a></td><td>Non accessible</td><td>2015-03-25T00:00:00+01:00</td><td>2015-03-25T00:00:00+01:00</td></tr><tr><td style="white-space:nowrap">3<a name="TRE-R202-AccessibiliteLieu-3"> </a></td><td>Sur demande</td><td>2015-03-25T00:00:00+01:00</td><td>2015-03-25T00:00:00+01:00</td></tr><tr><td style="white-space:nowrap">4<a name="TRE-R202-AccessibiliteLieu-4"> </a></td><td>Non communiqué</td><td>2015-03-25T00:00:00+01:00</td><td>2015-03-25T00:00:00+01:00</td></tr><tr><td style="white-space:nowrap">5<a name="TRE-R202-AccessibiliteLieu-5"> </a></td><td>Conforme</td><td>2018-05-31T12:00:00+01:00</td><td>2018-05-31T12:00:00+01:00</td></tr><tr><td style="white-space:nowrap">6<a name="TRE-R202-AccessibiliteLieu-6"> </a></td><td>Ad'AP</td><td>2018-05-31T12:00:00+01:00</td><td>2018-05-31T12:00:00+01:00</td></tr></table></div>
  </text>
  <extension url="http://hl7.org/fhir/StructureDefinition/resource-effectivePeriod">
    <valuePeriod>
      <start value="2015-06-03T00:00:00+01:00"/>
    </valuePeriod>
  </extension>
  <url value="https://mos.esante.gouv.fr/NOS/TRE_R202-AccessibiliteLieu/FHIR/TRE-R202-AccessibiliteLieu"/>
  <identifier>
    <value value="urn:oid:1.2.250.1.213.3.3.3"/>
  </identifier>
  <version value="1.4.0"/>
  <name value="TRE_R202-AccessibiliteLieu"/>
  <status value="active"/>
  <date value="2023-12-15T12:00:00+01:00"/>
  <publisher value="ANS"/>
  <contact>
    <name value="ANS"/>
    <telecom>
      <system value="url"/>
      <value value="https://esante.gouv.fr"/>
    </telecom>
  </contact>
  <description value="Niveaux d'accessibilité d'un établissement recevant du public (ERP)"/>
  <content value="complete"/>
  <property>
    <code value="dateValid"/>
    <description value="date de validité d'un code concept"/>
    <type value="dateTime"/>
  </property>
  <property>
    <code value="dateMaj"/>
    <description value="Date de mise à jour d'un code concept"/>
    <type value="dateTime"/>
  </property>
  <property>
    <code value="dateFin"/>
    <description value="Date de fin d'exploitation d'un code concept"/>
    <type value="dateTime"/>
  </property>
  <concept>
    <code value="1"/>
    <display value="Accessible"/>
    <designation>
      <use>
        <code value="LibelleCourt"/>
      </use>
      <value value="ACC"/>
    </designation>
    <designation>
      <use>
        <code value="LibelleAdapte"/>
      </use>
      <value value="Accessible"/>
    </designation>
    <property>
      <code value="dateValid"/>
      <valueDateTime value="2015-03-25T00:00:00+01:00"/>
    </property>
    <property>
      <code value="dateMaj"/>
      <valueDateTime value="2015-03-25T00:00:00+01:00"/>
    </property>
  </concept>
  <concept>
    <code value="2"/>
    <display value="Non accessible"/>
    <designation>
      <use>
        <code value="LibelleCourt"/>
      </use>
      <value value="NAC"/>
    </designation>
    <designation>
      <use>
        <code value="LibelleAdapte"/>
      </use>
      <value value="Non accessible"/>
    </designation>
    <property>
      <code value="dateValid"/>
      <valueDateTime value="2015-03-25T00:00:00+01:00"/>
    </property>
    <property>
      <code value="dateMaj"/>
      <valueDateTime value="2015-03-25T00:00:00+01:00"/>
    </property>
  </concept>
  <concept>
    <code value="3"/>
    <display value="Sur demande"/>
    <designation>
      <use>
        <code value="LibelleCourt"/>
      </use>
      <value value="DEM"/>
    </designation>
    <designation>
      <use>
        <code value="LibelleAdapte"/>
      </use>
      <value value="Sur demande"/>
    </designation>
    <property>
      <code value="dateValid"/>
      <valueDateTime value="2015-03-25T00:00:00+01:00"/>
    </property>
    <property>
      <code value="dateMaj"/>
      <valueDateTime value="2015-03-25T00:00:00+01:00"/>
    </property>
  </concept>
  <concept>
    <code value="4"/>
    <display value="Non communiqué"/>
    <designation>
      <use>
        <code value="LibelleCourt"/>
      </use>
      <value value="NC"/>
    </designation>
    <designation>
      <use>
        <code value="LibelleAdapte"/>
      </use>
      <value value="Non communiqué"/>
    </designation>
    <property>
      <code value="dateValid"/>
      <valueDateTime value="2015-03-25T00:00:00+01:00"/>
    </property>
    <property>
      <code value="dateMaj"/>
      <valueDateTime value="2015-03-25T00:00:00+01:00"/>
    </property>
  </concept>
  <concept>
    <code value="5"/>
    <display value="Conforme"/>
    <designation>
      <use>
        <code value="LibelleCourt"/>
      </use>
      <value value="Conforme"/>
    </designation>
    <designation>
      <use>
        <code value="LibelleAdapte"/>
      </use>
      <value value="Conforme"/>
    </designation>
    <property>
      <code value="dateValid"/>
      <valueDateTime value="2018-05-31T12:00:00+01:00"/>
    </property>
    <property>
      <code value="dateMaj"/>
      <valueDateTime value="2018-05-31T12:00:00+01:00"/>
    </property>
  </concept>
  <concept>
    <code value="6"/>
    <display value="Ad'AP"/>
    <designation>
      <use>
        <code value="LibelleCourt"/>
      </use>
      <value value="Ad'AP"/>
    </designation>
    <designation>
      <use>
        <code value="LibelleAdapte"/>
      </use>
      <value value="Ad'AP"/>
    </designation>
    <property>
      <code value="dateValid"/>
      <valueDateTime value="2018-05-31T12:00:00+01:00"/>
    </property>
    <property>
      <code value="dateMaj"/>
      <valueDateTime value="2018-05-31T12:00:00+01:00"/>
    </property>
  </concept>
</CodeSystem>