<?xml version="1.0" encoding="UTF-8"?>

<ValueSet xmlns="http://hl7.org/fhir">
  <id value="JDV-J121-RolePriseCharge-ENREG"/>
  <text>
    <status value="extensions"/><div xmlns="http://www.w3.org/1999/xhtml"><ul><li>Include these codes as defined in <a href="CodeSystem-TRE-R85-RolePriseCharge.html"><code>https://mos.esante.gouv.fr/NOS/TRE_R85-RolePriseCharge/FHIR/TRE-R85-RolePriseCharge</code></a><table class="none"><tr><td style="white-space:nowrap"><b>Code</b></td><td><b>Display</b></td><td><b>Definition</b></td></tr><tr><td><a href="CodeSystem-TRE-R85-RolePriseCharge.html#TRE-R85-RolePriseCharge-307">307</a></td><td>Mandataire judiciaire à la protection des majeurs (MJPM)</td><td/></tr><tr><td><a href="CodeSystem-TRE-R85-RolePriseCharge.html#TRE-R85-RolePriseCharge-312">312</a></td><td>Autre professionnel</td><td>Code destiné aux professionnels sans obligation d'enregistrement dans le RPPS et pour lesquels la situation métier ne correspond à aucun autre code de la TRE.</td></tr><tr><td><a href="CodeSystem-TRE-R85-RolePriseCharge.html#TRE-R85-RolePriseCharge-313">313</a></td><td>Aide-soignant</td><td>CSP Articles L4391-1 à L4391-6 https://www.insee.fr/fr/metadonnees/pcsese2017/rubriqueRegroupee/526a?champRecherche=true</td></tr><tr><td><a href="CodeSystem-TRE-R85-RolePriseCharge.html#TRE-R85-RolePriseCharge-314">314</a></td><td>Ambulancier</td><td>CSP Articles L4393-1 à L4393-7 https://www.insee.fr/fr/metadonnees/pcsese2017/rubriqueRegroupee/526e?champRecherche=true</td></tr><tr><td><a href="CodeSystem-TRE-R85-RolePriseCharge.html#TRE-R85-RolePriseCharge-315">315</a></td><td>Auxiliaire de puériculture</td><td>CSP Articles L4392-1 à L4392-6 https://www.insee.fr/fr/metadonnees/pcsese2017/rubriqueRegroupee/526c?champRecherche=true</td></tr><tr><td><a href="CodeSystem-TRE-R85-RolePriseCharge.html#TRE-R85-RolePriseCharge-316">316</a></td><td>Préparateur en pharmacie hospitalière</td><td>CSP Articles L4241-1 à L4241-18 https://www.insee.fr/fr/metadonnees/pcsese2017/rubriqueRegroupee/526b?champRecherche=true</td></tr><tr><td><a href="CodeSystem-TRE-R85-RolePriseCharge.html#TRE-R85-RolePriseCharge-317">317</a></td><td>Préparateur en pharmacie (officine)</td><td>CSP Articles L4241-1 à L4241-18 https://www.insee.fr/fr/metadonnees/pcsese2017/rubriqueRegroupee/433d?champRecherche=true</td></tr><tr><td><a href="CodeSystem-TRE-R85-RolePriseCharge.html#TRE-R85-RolePriseCharge-318">318</a></td><td>Auxiliaire de vie sociale</td><td>CASF Article D451-92 https://www.insee.fr/fr/metadonnees/pcsese2017/rubriqueRegroupee/563b?champRecherche=true</td></tr><tr><td><a href="CodeSystem-TRE-R85-RolePriseCharge.html#TRE-R85-RolePriseCharge-319">319</a></td><td>Technicien de l'intervention sociale et familiale</td><td>https://www.insee.fr/fr/metadonnees/pcsese2017/rubriqueRegroupee/526a?champRecherche=true</td></tr><tr><td><a href="CodeSystem-TRE-R85-RolePriseCharge.html#TRE-R85-RolePriseCharge-320">320</a></td><td>Conseiller en économie sociale et familiale</td><td>CASF Articles D451-81 à D451-87 https://www.insee.fr/fr/metadonnees/pcsese2017/rubriqueRegroupee/563b?champRecherche=true</td></tr><tr><td><a href="CodeSystem-TRE-R85-RolePriseCharge.html#TRE-R85-RolePriseCharge-321">321</a></td><td>Médiateur familial</td><td>CASF Articles D451-57-1 à D451-57-2 https://www.insee.fr/fr/metadonnees/pcsese2017/rubriqueRegroupee/434c?champRecherche=true</td></tr><tr><td><a href="CodeSystem-TRE-R85-RolePriseCharge.html#TRE-R85-RolePriseCharge-322">322</a></td><td>Assistant familial</td><td>CASF Articles R451-66 à R451-72 https://www.insee.fr/fr/metadonnees/pcsese2017/rubriqueRegroupee/434c?champRecherche=true</td></tr><tr><td><a href="CodeSystem-TRE-R85-RolePriseCharge.html#TRE-R85-RolePriseCharge-323">323</a></td><td>Aide médico-psychologique (AMP)</td><td>CASF Articles D451-100 à D451-104 https://www.insee.fr/fr/metadonnees/pcsese2017/rubriqueRegroupee/434c?champRecherche=true</td></tr><tr><td><a href="CodeSystem-TRE-R85-RolePriseCharge.html#TRE-R85-RolePriseCharge-324">324</a></td><td>Moniteur éducateur</td><td>CASF Article D451-92 https://www.insee.fr/fr/metadonnees/pcsese2017/rubriqueRegroupee/526d?champRecherche=true</td></tr><tr><td><a href="CodeSystem-TRE-R85-RolePriseCharge.html#TRE-R85-RolePriseCharge-325">325</a></td><td>Educateur de jeunes enfants</td><td>CASF Articles D451-73 à D451-78 https://www.insee.fr/fr/metadonnees/pcsese2017/rubriqueRegroupee/434e?champRecherche=true</td></tr><tr><td><a href="CodeSystem-TRE-R85-RolePriseCharge.html#TRE-R85-RolePriseCharge-326">326</a></td><td>Educateur spécialisé</td><td>CASF Articles D451-47 à D451-47-1 https://www.insee.fr/fr/metadonnees/pcsese2017/rubriqueRegroupee/434g?champRecherche=true</td></tr><tr><td><a href="CodeSystem-TRE-R85-RolePriseCharge.html#TRE-R85-RolePriseCharge-327">327</a></td><td>Educateur technique spécialisé</td><td>CASF Articles D451-41 à D451-41-1 https://www.insee.fr/fr/metadonnees/pcsese2017/rubriqueRegroupee/434f?champRecherche=true</td></tr><tr><td><a href="CodeSystem-TRE-R85-RolePriseCharge.html#TRE-R85-RolePriseCharge-328">328</a></td><td>Accompagnant éducatif et social</td><td>CASF Articles D451-52 à D451-52-1 https://www.insee.fr/fr/metadonnees/pcsese2017/rubriqueRegroupee/434f?champRecherche=true</td></tr><tr><td><a href="CodeSystem-TRE-R85-RolePriseCharge.html#TRE-R85-RolePriseCharge-329">329</a></td><td>Conseiller en génétique</td><td>CASF Articles D451-88 à D451-93 https://www.insee.fr/fr/metadonnees/pcsese2017/rubriqueRegroupee/422e?champRecherche=true</td></tr><tr><td><a href="CodeSystem-TRE-R85-RolePriseCharge.html#TRE-R85-RolePriseCharge-331">331</a></td><td>Secrétaire médicale</td><td/></tr><tr><td><a href="CodeSystem-TRE-R85-RolePriseCharge.html#TRE-R85-RolePriseCharge-332">332</a></td><td>Assistant médical</td><td/></tr><tr><td><a href="CodeSystem-TRE-R85-RolePriseCharge.html#TRE-R85-RolePriseCharge-333">333</a></td><td>Responsable de secteur</td><td/></tr><tr><td><a href="CodeSystem-TRE-R85-RolePriseCharge.html#TRE-R85-RolePriseCharge-334">334</a></td><td>Biologiste médical ni médecin ni pharmacien</td><td/></tr><tr><td><a href="CodeSystem-TRE-R85-RolePriseCharge.html#TRE-R85-RolePriseCharge-335">335</a></td><td>Gestionnaire alertes et urgences sanitaires</td><td/></tr></table></li></ul></div>
  </text>
  <extension url="http://hl7.org/fhir/StructureDefinition/resource-effectivePeriod">
    <valuePeriod>
      <start value="2020-06-26T12:00:00+01:00"/>
    </valuePeriod>
  </extension>
  <url value="https://mos.esante.gouv.fr/NOS/JDV_J121-RolePriseCharge-ENREG/FHIR/JDV-J121-RolePriseCharge-ENREG"/>
  <identifier>
    <value value="urn:oid:1.2.250.1.213.1.6.1.200"/>
  </identifier>
  <version value="1.2.0"/>
  <name value="JDV_J121-RolePriseCharge-ENREG"/>
  <status value="active"/>
  <date value="2024-03-29T12:00:00+01:00"/>
  <publisher value="ANS"/>
  <contact>
    <name value="ANS"/>
    <telecom>
      <system value="url"/>
      <value value="https://esante.gouv.fr"/>
    </telecom>
  </contact>
  <description value="Code des rôles et fonctions pour l'application ENREG"/>
  <compose>
    <include>
      <system value="https://mos.esante.gouv.fr/NOS/TRE_R85-RolePriseCharge/FHIR/TRE-R85-RolePriseCharge"/>
      <concept>
        <code value="307"/>
        <display value="Mandataire judiciaire à la protection des majeurs (MJPM)"/>
        <designation>
          <use>
            <code value="OID"/>
          </use>
          <value value="urn:oid:1.2.250.1.213.1.6.1.107"/>
        </designation>
      </concept>
      <concept>
        <code value="312"/>
        <display value="Autre professionnel"/>
        <designation>
          <use>
            <code value="OID"/>
          </use>
          <value value="urn:oid:1.2.250.1.213.1.6.1.107"/>
        </designation>
      </concept>
      <concept>
        <code value="313"/>
        <display value="Aide-soignant"/>
        <designation>
          <use>
            <code value="OID"/>
          </use>
          <value value="urn:oid:1.2.250.1.213.1.6.1.107"/>
        </designation>
      </concept>
      <concept>
        <code value="314"/>
        <display value="Ambulancier"/>
        <designation>
          <use>
            <code value="OID"/>
          </use>
          <value value="urn:oid:1.2.250.1.213.1.6.1.107"/>
        </designation>
      </concept>
      <concept>
        <code value="315"/>
        <display value="Auxiliaire de puériculture"/>
        <designation>
          <use>
            <code value="OID"/>
          </use>
          <value value="urn:oid:1.2.250.1.213.1.6.1.107"/>
        </designation>
      </concept>
      <concept>
        <code value="316"/>
        <display value="Préparateur en pharmacie hospitalière"/>
        <designation>
          <use>
            <code value="OID"/>
          </use>
          <value value="urn:oid:1.2.250.1.213.1.6.1.107"/>
        </designation>
      </concept>
      <concept>
        <code value="317"/>
        <display value="Préparateur en pharmacie (officine)"/>
        <designation>
          <use>
            <code value="OID"/>
          </use>
          <value value="urn:oid:1.2.250.1.213.1.6.1.107"/>
        </designation>
      </concept>
      <concept>
        <code value="318"/>
        <display value="Auxiliaire de vie sociale"/>
        <designation>
          <use>
            <code value="OID"/>
          </use>
          <value value="urn:oid:1.2.250.1.213.1.6.1.107"/>
        </designation>
      </concept>
      <concept>
        <code value="319"/>
        <display value="Technicien de l'intervention sociale et familiale"/>
        <designation>
          <use>
            <code value="OID"/>
          </use>
          <value value="urn:oid:1.2.250.1.213.1.6.1.107"/>
        </designation>
      </concept>
      <concept>
        <code value="320"/>
        <display value="Conseiller en économie sociale et familiale"/>
        <designation>
          <use>
            <code value="OID"/>
          </use>
          <value value="urn:oid:1.2.250.1.213.1.6.1.107"/>
        </designation>
      </concept>
      <concept>
        <code value="321"/>
        <display value="Médiateur familial"/>
        <designation>
          <use>
            <code value="OID"/>
          </use>
          <value value="urn:oid:1.2.250.1.213.1.6.1.107"/>
        </designation>
      </concept>
      <concept>
        <code value="322"/>
        <display value="Assistant familial"/>
        <designation>
          <use>
            <code value="OID"/>
          </use>
          <value value="urn:oid:1.2.250.1.213.1.6.1.107"/>
        </designation>
      </concept>
      <concept>
        <code value="323"/>
        <display value="Aide médico-psychologique (AMP)"/>
        <designation>
          <use>
            <code value="OID"/>
          </use>
          <value value="urn:oid:1.2.250.1.213.1.6.1.107"/>
        </designation>
      </concept>
      <concept>
        <code value="324"/>
        <display value="Moniteur éducateur"/>
        <designation>
          <use>
            <code value="OID"/>
          </use>
          <value value="urn:oid:1.2.250.1.213.1.6.1.107"/>
        </designation>
      </concept>
      <concept>
        <code value="325"/>
        <display value="Educateur de jeunes enfants"/>
        <designation>
          <use>
            <code value="OID"/>
          </use>
          <value value="urn:oid:1.2.250.1.213.1.6.1.107"/>
        </designation>
      </concept>
      <concept>
        <code value="326"/>
        <display value="Educateur spécialisé"/>
        <designation>
          <use>
            <code value="OID"/>
          </use>
          <value value="urn:oid:1.2.250.1.213.1.6.1.107"/>
        </designation>
      </concept>
      <concept>
        <code value="327"/>
        <display value="Educateur technique spécialisé"/>
        <designation>
          <use>
            <code value="OID"/>
          </use>
          <value value="urn:oid:1.2.250.1.213.1.6.1.107"/>
        </designation>
      </concept>
      <concept>
        <code value="328"/>
        <display value="Accompagnant éducatif et social"/>
        <designation>
          <use>
            <code value="OID"/>
          </use>
          <value value="urn:oid:1.2.250.1.213.1.6.1.107"/>
        </designation>
      </concept>
      <concept>
        <code value="329"/>
        <display value="Conseiller en génétique"/>
        <designation>
          <use>
            <code value="OID"/>
          </use>
          <value value="urn:oid:1.2.250.1.213.1.6.1.107"/>
        </designation>
      </concept>
      <concept>
        <code value="331"/>
        <display value="Secrétaire médicale"/>
        <designation>
          <use>
            <code value="OID"/>
          </use>
          <value value="urn:oid:1.2.250.1.213.1.6.1.107"/>
        </designation>
      </concept>
      <concept>
        <code value="332"/>
        <display value="Assistant médical"/>
        <designation>
          <use>
            <code value="OID"/>
          </use>
          <value value="urn:oid:1.2.250.1.213.1.6.1.107"/>
        </designation>
      </concept>
      <concept>
        <code value="333"/>
        <display value="Responsable de secteur"/>
        <designation>
          <use>
            <code value="OID"/>
          </use>
          <value value="urn:oid:1.2.250.1.213.1.6.1.107"/>
        </designation>
      </concept>
      <concept>
        <code value="334"/>
        <display value="Biologiste médical ni médecin ni pharmacien"/>
        <designation>
          <use>
            <code value="OID"/>
          </use>
          <value value="urn:oid:1.2.250.1.213.1.6.1.107"/>
        </designation>
      </concept>
      <concept>
        <code value="335"/>
        <display value="Gestionnaire alertes et urgences sanitaires"/>
        <designation>
          <use>
            <code value="OID"/>
          </use>
          <value value="urn:oid:1.2.250.1.213.1.6.1.107"/>
        </designation>
      </concept>
    </include>
  </compose>
</ValueSet>