{
  "resourceType" : "ValueSet",
  "id" : "JDV-J111-StatutEtatCivil-ENREG",
  "text" : {
    "status" : "extensions",
    "div" : "<div xmlns=\"http://www.w3.org/1999/xhtml\"><p class=\"res-header-id\"><b>Generated Narrative: ValueSet JDV-J111-StatutEtatCivil-ENREG</b></p><a name=\"JDV-J111-StatutEtatCivil-ENREG\"> </a><a name=\"hcJDV-J111-StatutEtatCivil-ENREG\"> </a><a name=\"JDV-J111-StatutEtatCivil-ENREG-en-US\"> </a><ul><li>Include these codes as defined in <a href=\"CodeSystem-TRE-R31-StatutEtatCivil.html\"><code>https://mos.esante.gouv.fr/NOS/TRE_R31-StatutEtatCivil/FHIR/TRE-R31-StatutEtatCivil</code></a><table class=\"none\"><tr><td style=\"white-space:nowrap\"><b>Code</b></td><td><b>Display</b></td><td><b>Definition</b></td></tr><tr><td><a href=\"CodeSystem-TRE-R31-StatutEtatCivil.html#TRE-R31-StatutEtatCivil-AC\">AC</a></td><td>Demande de certification forcée par le guichet</td><td/></tr><tr><td><a href=\"CodeSystem-TRE-R31-StatutEtatCivil.html#TRE-R31-StatutEtatCivil-AN\">AN</a></td><td>Demande annulée</td><td/></tr><tr><td><a href=\"CodeSystem-TRE-R31-StatutEtatCivil.html#TRE-R31-StatutEtatCivil-C\">C</a></td><td>Certifié INSEE</td><td/></tr><tr><td><a href=\"CodeSystem-TRE-R31-StatutEtatCivil.html#TRE-R31-StatutEtatCivil-DI\">DI</a></td><td>Demande de certification normale</td><td/></tr><tr><td><a href=\"CodeSystem-TRE-R31-StatutEtatCivil.html#TRE-R31-StatutEtatCivil-FC\">FC</a></td><td>Certifié par FranceConnect</td><td>FranceConnect est un dispositif qui permet aux internautes de s'identifier sur un service en ligne par l'intermédiaire d'un compte existant (impots.gouv.fr, ameli.fr…). Les données d'état civil récupérées depuis le Répertoire national d'identification des personnes physiques de l'Insee (RNIPP) lors de l'identification par FranceConnect sont certifiées par l'Insee.</td></tr><tr><td><a href=\"CodeSystem-TRE-R31-StatutEtatCivil.html#TRE-R31-StatutEtatCivil-NC\">NC</a></td><td>Non certifiable</td><td/></tr><tr><td><a href=\"CodeSystem-TRE-R31-StatutEtatCivil.html#TRE-R31-StatutEtatCivil-NCI\">NCI</a></td><td>Non certifié INSEE, Immatriculation en cours</td><td/></tr></table></li></ul></div>"
  },
  "extension" : [{
    "url" : "http://hl7.org/fhir/StructureDefinition/resource-effectivePeriod",
    "valuePeriod" : {
      "start" : "2020-05-29T12:00:00+01:00"
    }
  }],
  "url" : "https://mos.esante.gouv.fr/NOS/JDV_J111-StatutEtatCivil-ENREG/FHIR/JDV-J111-StatutEtatCivil-ENREG",
  "identifier" : [{
    "value" : "urn:oid:1.2.250.1.213.1.6.1.182"
  }],
  "version" : "1.4.0",
  "name" : "JDV_J111-StatutEtatCivil-ENREG",
  "status" : "active",
  "date" : "2021-11-26T12:00:00+01:00",
  "publisher" : "ANS",
  "contact" : [{
    "name" : "ANS",
    "telecom" : [{
      "system" : "url",
      "value" : "https://esante.gouv.fr"
    }]
  }],
  "description" : "Statut de l'état civil pour ENREG",
  "compose" : {
    "include" : [{
      "system" : "https://mos.esante.gouv.fr/NOS/TRE_R31-StatutEtatCivil/FHIR/TRE-R31-StatutEtatCivil",
      "concept" : [{
        "code" : "AC",
        "display" : "Demande de certification forcée par le guichet",
        "designation" : [{
          "use" : {
            "code" : "OID"
          },
          "value" : "urn:oid:1.2.250.1.213.1.6.1.9"
        }]
      },
      {
        "code" : "AN",
        "display" : "Demande annulée",
        "designation" : [{
          "use" : {
            "code" : "OID"
          },
          "value" : "urn:oid:1.2.250.1.213.1.6.1.9"
        }]
      },
      {
        "code" : "C",
        "display" : "Certifié INSEE",
        "designation" : [{
          "use" : {
            "code" : "OID"
          },
          "value" : "urn:oid:1.2.250.1.213.1.6.1.9"
        }]
      },
      {
        "code" : "DI",
        "display" : "Demande de certification normale",
        "designation" : [{
          "use" : {
            "code" : "OID"
          },
          "value" : "urn:oid:1.2.250.1.213.1.6.1.9"
        }]
      },
      {
        "code" : "FC",
        "display" : "Certifié par FranceConnect",
        "designation" : [{
          "use" : {
            "code" : "OID"
          },
          "value" : "urn:oid:1.2.250.1.213.1.6.1.9"
        }]
      },
      {
        "code" : "NC",
        "display" : "Non certifiable",
        "designation" : [{
          "use" : {
            "code" : "OID"
          },
          "value" : "urn:oid:1.2.250.1.213.1.6.1.9"
        }]
      },
      {
        "code" : "NCI",
        "display" : "Non certifié INSEE, Immatriculation en cours",
        "designation" : [{
          "use" : {
            "code" : "OID"
          },
          "value" : "urn:oid:1.2.250.1.213.1.6.1.9"
        }]
      }]
    }]
  }
}