{
  "resourceType": "CodeSystem",
  "id": "TRE-R330-TypeStatutCapacite",
  "extension": [
    {
      "url": "http://hl7.org/fhir/StructureDefinition/resource-effectivePeriod",
      "valuePeriod": {
        "start": "2022-05-27T12:00:00+01:00"
      }
    }
  ],
  "url": "https://mos.esante.gouv.fr/NOS/TRE_R330-TypeStatutCapacite/FHIR/TRE-R330-TypeStatutCapacite",
  "identifier": [
    {
      "value": "urn:oid:1.2.250.1.213.3.3.213"
    }
  ],
  "version": "20220527120000",
  "name": "TRE_R330-TypeStatutCapacite",
  "status": "active",
  "date": "2022-05-27T12:00:00+01:00",
  "description": "Permet de préciser le statut des lits décrits",
  "content": "complete",
  "property": [
    {
      "code": "dateValid",
      "description": "date de validité d'un code concept",
      "type": "dateTime"
    },
    {
      "code": "dateMaj",
      "description": "Date de mise à jour d'un code concept",
      "type": "dateTime"
    },
    {
      "code": "dateFin",
      "description": "Date de fin d'exploitation d'un code concept",
      "type": "dateTime"
    }
  ],
  "concept": [
    {
      "code": "01",
      "display": "Installé",
      "designation": [
        {
          "use": {
            "code": "LibelleCourt"
          },
          "value": "Installé"
        },
        {
          "use": {
            "code": "LibelleAdapte"
          },
          "value": "Installé"
        }
      ],
      "property": [
        {
          "code": "dateValid",
          "valueDateTime": "2022-05-27T12:00:00+01:00"
        },
        {
          "code": "dateMaj",
          "valueDateTime": "2022-05-27T12:00:00+01:00"
        }
      ]
    },
    {
      "code": "02",
      "display": "Disponible",
      "designation": [
        {
          "use": {
            "code": "LibelleCourt"
          },
          "value": "Disponible"
        },
        {
          "use": {
            "code": "LibelleAdapte"
          },
          "value": "Disponible"
        }
      ],
      "property": [
        {
          "code": "dateValid",
          "valueDateTime": "2022-05-27T12:00:00+01:00"
        },
        {
          "code": "dateMaj",
          "valueDateTime": "2022-05-27T12:00:00+01:00"
        }
      ]
    },
    {
      "code": "03",
      "display": "Occupé",
      "designation": [
        {
          "use": {
            "code": "LibelleCourt"
          },
          "value": "Occupé"
        },
        {
          "use": {
            "code": "LibelleAdapte"
          },
          "value": "Occupé"
        }
      ],
      "property": [
        {
          "code": "dateValid",
          "valueDateTime": "2022-05-27T12:00:00+01:00"
        },
        {
          "code": "dateMaj",
          "valueDateTime": "2022-05-27T12:00:00+01:00"
        }
      ]
    },
    {
      "code": "04",
      "display": "Réservé",
      "designation": [
        {
          "use": {
            "code": "LibelleCourt"
          },
          "value": "Réservé"
        },
        {
          "use": {
            "code": "LibelleAdapte"
          },
          "value": "Réservé"
        }
      ],
      "property": [
        {
          "code": "dateValid",
          "valueDateTime": "2022-05-27T12:00:00+01:00"
        },
        {
          "code": "dateMaj",
          "valueDateTime": "2022-05-27T12:00:00+01:00"
        }
      ]
    },
    {
      "code": "05",
      "display": "Fermé",
      "designation": [
        {
          "use": {
            "code": "LibelleCourt"
          },
          "value": "Fermé"
        },
        {
          "use": {
            "code": "LibelleAdapte"
          },
          "value": "Fermé"
        }
      ],
      "property": [
        {
          "code": "dateValid",
          "valueDateTime": "2022-05-27T12:00:00+01:00"
        },
        {
          "code": "dateMaj",
          "valueDateTime": "2022-05-27T12:00:00+01:00"
        }
      ]
    },
    {
      "code": "06",
      "display": "Supplémentaire",
      "designation": [
        {
          "use": {
            "code": "LibelleCourt"
          },
          "value": "Supplémentaire"
        },
        {
          "use": {
            "code": "LibelleAdapte"
          },
          "value": "Supplémentaire"
        }
      ],
      "property": [
        {
          "code": "dateValid",
          "valueDateTime": "2022-05-27T12:00:00+01:00"
        },
        {
          "code": "dateMaj",
          "valueDateTime": "2022-05-27T12:00:00+01:00"
        }
      ]
    }
  ]
}
